left,right,split_position,rating,left_first_valid_cycle,right_first_valid_cycle,left_selected_exact,right_selected_exact
original.repeat0,standalone_dynamic.repeat0,9181,4.900000095367432,-1,5,0,1
original.repeat0,standalone_dynamic.repeat0,59281,4.099999904632568,3,2,1,1
original.repeat0,standalone_dynamic.repeat0,82869,4.199999809265137,2,3,1,1
original.repeat0,standalone_dynamic.repeat0,175897,4.099999904632568,-1,5,0,1
original.repeat0,standalone_dynamic.repeat0,177058,4.400000095367432,4,3,1,1
original.repeat0,standalone_dynamic.repeat0,198341,4.400000095367432,2,3,1,1
original.repeat0,standalone_dynamic.repeat0,208065,4.300000190734863,2,3,1,1
original.repeat0,standalone_dynamic.repeat0,228149,4.099999904632568,3,4,1,1
original.repeat0,standalone_dynamic.repeat0,235059,4.699999809265137,5,4,1,1
original.repeat0,standalone_dynamic.repeat0,286994,4.099999904632568,2,3,1,1
original.repeat0,standalone_dynamic.repeat0,293322,5.699999809265137,-1,4,0,1
original.repeat0,standalone_dynamic.repeat0,300374,4.599999904632568,3,4,1,1
original.repeat0,shared_dynamic.repeat0,9181,4.900000095367432,-1,5,0,1
original.repeat0,shared_dynamic.repeat0,33371,4.199999809265137,1,2,1,1
original.repeat0,shared_dynamic.repeat0,59281,4.099999904632568,3,2,1,1
original.repeat0,shared_dynamic.repeat0,82869,4.199999809265137,2,3,1,1
original.repeat0,shared_dynamic.repeat0,151088,5.199999809265137,-1,5,0,1
original.repeat0,shared_dynamic.repeat0,196619,4.400000095367432,3,4,1,1
original.repeat0,shared_dynamic.repeat0,198341,4.400000095367432,2,3,1,1
original.repeat0,shared_dynamic.repeat0,208065,4.300000190734863,2,3,1,1
original.repeat0,shared_dynamic.repeat0,228149,4.099999904632568,3,4,1,1
original.repeat0,shared_dynamic.repeat0,235059,4.699999809265137,5,4,1,1
original.repeat0,shared_dynamic.repeat0,253030,4.199999809265137,1,2,1,1
original.repeat0,shared_dynamic.repeat0,286994,4.099999904632568,2,3,1,1
original.repeat0,shared_dynamic.repeat0,300374,4.599999904632568,3,4,1,1
original.repeat0,shared_recovery_frozen.repeat0,473,5.199999809265137,2,3,1,1
original.repeat0,shared_recovery_frozen.repeat0,483,4.800000190734863,4,-1,1,0
original.repeat0,shared_recovery_frozen.repeat0,1505,5.0,2,-1,1,0
original.repeat0,shared_recovery_frozen.repeat0,1702,4.199999809265137,4,-1,1,0
original.repeat0,shared_recovery_frozen.repeat0,1795,5.099999904632568,2,3,1,1
original.repeat0,shared_recovery_frozen.repeat0,2094,5.099999904632568,2,-1,1,0
original.repeat0,shared_recovery_frozen.repeat0,2113,5.699999809265137,4,-1,1,0
original.repeat0,shared_recovery_frozen.repeat0,2253,4.599999904632568,2,3,1,1
original.repeat0,shared_recovery_frozen.repeat0,2276,4.099999904632568,4,-1,1,0
original.repeat0,shared_recovery_frozen.repeat0,2510,4.199999809265137,2,-1,1,0
original.repeat0,shared_recovery_frozen.repeat0,2595,5.099999904632568,2,-1,1,0
original.repeat0,shared_recovery_frozen.repeat0,3239,4.599999904632568,3,-1,1,0
original.repeat0,shared_recovery_frozen.repeat0,3295,4.199999809265137,2,3,1,1
original.repeat0,shared_recovery_frozen.repeat0,3411,4.199999809265137,3,4,1,1
original.repeat0,shared_recovery_frozen.repeat0,3553,4.099999904632568,2,3,1,1
original.repeat0,shared_recovery_frozen.repeat0,3579,5.699999809265137,3,4,1,1
original.repeat0,shared_recovery_frozen.repeat0,3749,4.099999904632568,2,3,1,1
original.repeat0,shared_recovery_frozen.repeat0,4167,4.199999809265137,3,-1,1,0
original.repeat0,shared_recovery_frozen.repeat0,4296,4.199999809265137,2,-1,1,0
original.repeat0,shared_recovery_frozen.repeat0,4319,4.800000190734863,4,-1,1,0
original.repeat0,shared_recovery_frozen.repeat0,4523,4.300000190734863,3,-1,1,0
original.repeat0,shared_recovery_frozen.repeat0,5197,4.400000095367432,4,3,1,1
original.repeat0,shared_recovery_frozen.repeat0,5398,4.099999904632568,2,-1,1,0
original.repeat0,shared_recovery_frozen.repeat0,5681,4.199999809265137,2,-1,1,0
original.repeat0,shared_recovery_frozen.repeat0,5949,4.099999904632568,2,4,1,1
original.repeat0,shared_recovery_frozen.repeat0,5989,4.199999809265137,2,-1,1,0
original.repeat0,shared_recovery_frozen.repeat0,6306,4.599999904632568,4,-1,1,0
original.repeat0,shared_recovery_frozen.repeat0,6307,4.099999904632568,2,3,1,1
original.repeat0,shared_recovery_frozen.repeat0,6363,5.099999904632568,3,-1,1,0
original.repeat0,shared_recovery_frozen.repeat0,6644,4.5,4,3,1,1
original.repeat0,shared_recovery_frozen.repeat0,6908,4.599999904632568,1,-1,1,0
original.repeat0,shared_recovery_frozen.repeat0,7243,4.400000095367432,1,2,1,1
original.repeat0,shared_recovery_frozen.repeat0,7432,4.300000190734863,2,-1,1,0
original.repeat0,shared_recovery_frozen.repeat0,7522,4.300000190734863,3,-1,1,0
original.repeat0,shared_recovery_frozen.repeat0,7525,4.300000190734863,4,-1,1,0
original.repeat0,shared_recovery_frozen.repeat0,7722,4.900000095367432,2,-1,1,0
original.repeat0,shared_recovery_frozen.repeat0,7989,4.400000095367432,2,3,1,1
original.repeat0,shared_recovery_frozen.repeat0,7998,4.900000095367432,2,3,1,1
original.repeat0,shared_recovery_frozen.repeat0,8097,4.199999809265137,1,2,1,1
original.repeat0,shared_recovery_frozen.repeat0,8364,4.099999904632568,2,4,1,1
original.repeat0,shared_recovery_frozen.repeat0,8527,4.800000190734863,4,-1,1,0
original.repeat0,shared_recovery_frozen.repeat0,9036,4.699999809265137,2,4,1,1
original.repeat0,shared_recovery_frozen.repeat0,9045,4.699999809265137,-1,4,0,1
original.repeat0,shared_recovery_frozen.repeat0,9379,4.199999809265137,3,-1,1,0
original.repeat0,shared_recovery_frozen.repeat0,9502,5.400000095367432,1,5,1,1
original.repeat0,shared_recovery_frozen.repeat0,9573,5.300000190734863,2,-1,1,0
original.repeat0,shared_recovery_frozen.repeat0,9761,4.5,2,3,1,1
original.repeat0,shared_recovery_frozen.repeat0,10297,4.5,2,4,1,1
original.repeat0,shared_recovery_frozen.repeat0,10520,4.400000095367432,2,-1,1,0
original.repeat0,shared_recovery_frozen.repeat0,11131,5.099999904632568,2,-1,1,0
original.repeat0,shared_recovery_frozen.repeat0,11543,4.300000190734863,3,5,1,1
original.repeat0,shared_recovery_frozen.repeat0,11565,4.300000190734863,2,-1,1,0
original.repeat0,shared_recovery_frozen.repeat0,11761,4.800000190734863,3,-1,1,0
original.repeat0,shared_recovery_frozen.repeat0,12174,4.699999809265137,5,-1,1,0
original.repeat0,shared_recovery_frozen.repeat0,12484,4.199999809265137,4,5,1,1
original.repeat0,shared_recovery_frozen.repeat0,12794,4.099999904632568,2,-1,1,0
original.repeat0,shared_recovery_frozen.repeat0,13192,5.300000190734863,5,4,1,1
original.repeat0,shared_recovery_frozen.repeat0,13403,5.800000190734863,3,4,1,1
original.repeat0,shared_recovery_frozen.repeat0,13830,4.800000190734863,3,2,1,1
original.repeat0,shared_recovery_frozen.repeat0,14453,4.400000095367432,2,4,1,1
original.repeat0,shared_recovery_frozen.repeat0,14791,4.199999809265137,4,-1,1,0
original.repeat0,shared_recovery_frozen.repeat0,14930,5.0,1,2,1,1
original.repeat0,shared_recovery_frozen.repeat0,14962,4.099999904632568,2,-1,1,0
original.repeat0,shared_recovery_frozen.repeat0,15104,4.699999809265137,3,-1,1,0
original.repeat0,shared_recovery_frozen.repeat0,15277,4.099999904632568,2,3,1,1
original.repeat0,shared_recovery_frozen.repeat0,15417,4.400000095367432,2,-1,1,0
original.repeat0,shared_recovery_frozen.repeat0,15577,4.300000190734863,2,-1,1,0
original.repeat0,shared_recovery_frozen.repeat0,15908,5.400000095367432,4,-1,1,0
original.repeat0,shared_recovery_frozen.repeat0,15917,4.199999809265137,2,3,1,1
original.repeat0,shared_recovery_frozen.repeat0,16116,4.599999904632568,2,3,1,1
original.repeat0,shared_recovery_frozen.repeat0,16157,4.199999809265137,2,3,1,1
original.repeat0,shared_recovery_frozen.repeat0,16681,4.099999904632568,2,4,1,1
original.repeat0,shared_recovery_frozen.repeat0,16934,4.099999904632568,3,-1,1,0
original.repeat0,shared_recovery_frozen.repeat0,17249,4.099999904632568,2,4,1,1
original.repeat0,shared_recovery_frozen.repeat0,17438,4.400000095367432,3,-1,1,0
original.repeat0,shared_recovery_frozen.repeat0,17678,4.199999809265137,1,-1,1,0
original.repeat0,shared_recovery_frozen.repeat0,17917,4.599999904632568,2,-1,1,0
original.repeat0,shared_recovery_frozen.repeat0,18119,4.199999809265137,1,2,1,1
original.repeat0,shared_recovery_frozen.repeat0,18151,5.699999809265137,2,5,1,1
original.repeat0,shared_recovery_frozen.repeat0,18387,4.099999904632568,3,2,1,1
original.repeat0,shared_recovery_frozen.repeat0,18506,5.5,4,-1,1,0
original.repeat0,shared_recovery_frozen.repeat0,18620,4.199999809265137,2,-1,1,0
original.repeat0,shared_recovery_frozen.repeat0,18722,4.199999809265137,4,-1,1,0
original.repeat0,shared_recovery_frozen.repeat0,18942,4.199999809265137,1,3,1,1
original.repeat0,shared_recovery_frozen.repeat0,19012,4.800000190734863,3,-1,1,0
original.repeat0,shared_recovery_frozen.repeat0,19054,4.099999904632568,1,-1,1,0
original.repeat0,shared_recovery_frozen.repeat0,19345,4.199999809265137,3,2,1,1
original.repeat0,shared_recovery_frozen.repeat0,19439,4.800000190734863,3,-1,1,0
original.repeat0,shared_recovery_frozen.repeat0,19445,4.5,1,2,1,1
original.repeat0,shared_recovery_frozen.repeat0,19972,5.5,2,-1,1,0
original.repeat0,shared_recovery_frozen.repeat0,20010,4.300000190734863,3,-1,1,0
original.repeat0,shared_recovery_frozen.repeat0,20380,4.099999904632568,3,-1,1,0
original.repeat0,shared_recovery_frozen.repeat0,20445,4.099999904632568,1,2,1,1
original.repeat0,shared_recovery_frozen.repeat0,20648,4.800000190734863,4,-1,1,0
original.repeat0,shared_recovery_frozen.repeat0,20692,4.199999809265137,2,3,1,1
original.repeat0,shared_recovery_frozen.repeat0,20795,4.099999904632568,3,-1,1,0
original.repeat0,shared_recovery_frozen.repeat0,20809,4.900000095367432,2,4,1,1
original.repeat0,shared_recovery_frozen.repeat0,20920,5.300000190734863,3,-1,1,0
original.repeat0,shared_recovery_frozen.repeat0,21033,4.900000095367432,2,-1,1,0
original.repeat0,shared_recovery_frozen.repeat0,21891,4.099999904632568,2,-1,1,0
original.repeat0,shared_recovery_frozen.repeat0,22039,4.800000190734863,4,-1,1,0
original.repeat0,shared_recovery_frozen.repeat0,22582,5.800000190734863,2,-1,1,0
original.repeat0,shared_recovery_frozen.repeat0,22668,4.099999904632568,4,-1,1,0
original.repeat0,shared_recovery_frozen.repeat0,22710,4.699999809265137,4,-1,1,0
original.repeat0,shared_recovery_frozen.repeat0,22728,4.5,2,3,1,1
original.repeat0,shared_recovery_frozen.repeat0,23094,4.400000095367432,2,-1,1,0
original.repeat0,shared_recovery_frozen.repeat0,23129,4.099999904632568,-1,4,0,1
original.repeat0,shared_recovery_frozen.repeat0,23699,4.099999904632568,3,4,1,1
original.repeat0,shared_recovery_frozen.repeat0,23956,4.5,3,-1,1,0
original.repeat0,shared_recovery_frozen.repeat0,24271,4.5,2,3,1,1
original.repeat0,shared_recovery_frozen.repeat0,24369,5.699999809265137,2,-1,1,0
original.repeat0,shared_recovery_frozen.repeat0,24595,4.5,3,4,1,1
original.repeat0,shared_recovery_frozen.repeat0,24674,4.199999809265137,2,3,1,1
original.repeat0,shared_recovery_frozen.repeat0,24791,5.300000190734863,3,5,1,1
original.repeat0,shared_recovery_frozen.repeat0,25042,4.599999904632568,3,2,1,1
original.repeat0,shared_recovery_frozen.repeat0,25049,4.099999904632568,3,-1,1,0
original.repeat0,shared_recovery_frozen.repeat0,25157,4.099999904632568,1,2,1,1
original.repeat0,shared_recovery_frozen.repeat0,25281,4.900000095367432,5,-1,1,0
original.repeat0,shared_recovery_frozen.repeat0,25303,5.199999809265137,2,3,1,1
original.repeat0,shared_recovery_frozen.repeat0,25482,4.400000095367432,2,-1,1,0
original.repeat0,shared_recovery_frozen.repeat0,25565,5.900000095367432,3,2,1,1
original.repeat0,shared_recovery_frozen.repeat0,25676,4.599999904632568,2,-1,1,0
original.repeat0,shared_recovery_frozen.repeat0,25805,4.800000190734863,4,-1,1,0
original.repeat0,shared_recovery_frozen.repeat0,25817,4.599999904632568,2,-1,1,0
original.repeat0,shared_recovery_frozen.repeat0,25961,5.300000190734863,2,-1,1,0
original.repeat0,shared_recovery_frozen.repeat0,26024,4.599999904632568,2,3,1,1
original.repeat0,shared_recovery_frozen.repeat0,26144,4.099999904632568,3,-1,1,0
original.repeat0,shared_recovery_frozen.repeat0,26671,4.400000095367432,2,-1,1,0
original.repeat0,shared_recovery_frozen.repeat0,26674,4.199999809265137,4,3,1,1
original.repeat0,shared_recovery_frozen.repeat0,26686,4.400000095367432,2,3,1,1
original.repeat0,shared_recovery_frozen.repeat0,26821,5.199999809265137,4,-1,1,0
original.repeat0,shared_recovery_frozen.repeat0,27372,4.099999904632568,2,3,1,1
original.repeat0,shared_recovery_frozen.repeat0,27537,4.099999904632568,4,-1,1,0
original.repeat0,shared_recovery_frozen.repeat0,28159,4.300000190734863,4,-1,1,0
original.repeat0,shared_recovery_frozen.repeat0,28579,4.300000190734863,3,-1,1,0
original.repeat0,shared_recovery_frozen.repeat0,28696,4.099999904632568,2,3,1,1
original.repeat0,shared_recovery_frozen.repeat0,28872,4.300000190734863,2,3,1,1
original.repeat0,shared_recovery_frozen.repeat0,28883,4.300000190734863,3,4,1,1
original.repeat0,shared_recovery_frozen.repeat0,29134,4.5,2,3,1,1
original.repeat0,shared_recovery_frozen.repeat0,29457,4.900000095367432,1,2,1,1
original.repeat0,shared_recovery_frozen.repeat0,29580,6.0,3,-1,1,0
original.repeat0,shared_recovery_frozen.repeat0,30004,4.099999904632568,2,-1,1,0
original.repeat0,shared_recovery_frozen.repeat0,30167,4.099999904632568,2,3,1,1
original.repeat0,shared_recovery_frozen.repeat0,30181,4.300000190734863,3,-1,1,0
original.repeat0,shared_recovery_frozen.repeat0,30646,4.800000190734863,3,5,1,1
original.repeat0,shared_recovery_frozen.repeat0,30771,5.300000190734863,2,3,1,1
original.repeat0,shared_recovery_frozen.repeat0,30779,4.300000190734863,3,4,1,1
original.repeat0,shared_recovery_frozen.repeat0,30930,4.199999809265137,2,-1,1,0
original.repeat0,shared_recovery_frozen.repeat0,31551,6.400000095367432,5,-1,1,0
original.repeat0,shared_recovery_frozen.repeat0,32165,4.300000190734863,4,-1,1,0
original.repeat0,shared_recovery_frozen.repeat0,32305,4.400000095367432,2,-1,1,0
original.repeat0,shared_recovery_frozen.repeat0,32336,4.300000190734863,2,3,1,1
original.repeat0,shared_recovery_frozen.repeat0,32397,4.599999904632568,3,-1,1,0
original.repeat0,shared_recovery_frozen.repeat0,32723,4.199999809265137,2,3,1,1
original.repeat0,shared_recovery_frozen.repeat0,32908,4.199999809265137,2,3,1,1
original.repeat0,shared_recovery_frozen.repeat0,32941,5.300000190734863,2,4,1,1
original.repeat0,shared_recovery_frozen.repeat0,32971,4.099999904632568,2,3,1,1
original.repeat0,shared_recovery_frozen.repeat0,33020,4.400000095367432,2,4,1,1
original.repeat0,shared_recovery_frozen.repeat0,33195,4.400000095367432,2,3,1,1
original.repeat0,shared_recovery_frozen.repeat0,33371,4.199999809265137,1,2,1,1
original.repeat0,shared_recovery_frozen.repeat0,33606,4.5,3,4,1,1
original.repeat0,shared_recovery_frozen.repeat0,33643,4.599999904632568,4,-1,1,0
original.repeat0,shared_recovery_frozen.repeat0,33684,4.5,2,3,1,1
original.repeat0,shared_recovery_frozen.repeat0,33804,4.400000095367432,3,-1,1,0
original.repeat0,shared_recovery_frozen.repeat0,34179,4.599999904632568,5,-1,1,0
original.repeat0,shared_recovery_frozen.repeat0,34441,4.5,2,-1,1,0
original.repeat0,shared_recovery_frozen.repeat0,34636,5.099999904632568,1,2,1,1
original.repeat0,shared_recovery_frozen.repeat0,34701,4.300000190734863,3,4,1,1
original.repeat0,shared_recovery_frozen.repeat0,34841,4.099999904632568,4,-1,1,0
original.repeat0,shared_recovery_frozen.repeat0,35038,4.900000095367432,3,-1,1,0
original.repeat0,shared_recovery_frozen.repeat0,35209,4.5,1,3,1,1
original.repeat0,shared_recovery_frozen.repeat0,35497,6.800000190734863,2,4,1,1
original.repeat0,shared_recovery_frozen.repeat0,35503,4.099999904632568,5,3,1,1
original.repeat0,shared_recovery_frozen.repeat0,35572,4.199999809265137,3,-1,1,0
original.repeat0,shared_recovery_frozen.repeat0,35596,4.599999904632568,2,3,1,1
original.repeat0,shared_recovery_frozen.repeat0,35640,4.699999809265137,3,-1,1,0
original.repeat0,shared_recovery_frozen.repeat0,35876,4.099999904632568,3,-1,1,0
original.repeat0,shared_recovery_frozen.repeat0,35924,4.400000095367432,4,-1,1,0
original.repeat0,shared_recovery_frozen.repeat0,35933,4.699999809265137,2,1,1,1
original.repeat0,shared_recovery_frozen.repeat0,36247,4.300000190734863,3,-1,1,0
original.repeat0,shared_recovery_frozen.repeat0,36324,5.0,2,-1,1,0
original.repeat0,shared_recovery_frozen.repeat0,36606,4.699999809265137,2,-1,1,0
original.repeat0,shared_recovery_frozen.repeat0,36710,4.900000095367432,2,-1,1,0
original.repeat0,shared_recovery_frozen.repeat0,36878,4.099999904632568,3,5,1,1
original.repeat0,shared_recovery_frozen.repeat0,37541,5.0,3,5,1,1
original.repeat0,shared_recovery_frozen.repeat0,37582,5.199999809265137,3,-1,1,0
original.repeat0,shared_recovery_frozen.repeat0,37600,4.199999809265137,2,3,1,1
original.repeat0,shared_recovery_frozen.repeat0,37605,4.5,2,3,1,1
original.repeat0,shared_recovery_frozen.repeat0,38002,4.900000095367432,4,-1,1,0
original.repeat0,shared_recovery_frozen.repeat0,38368,4.900000095367432,1,2,1,1
original.repeat0,shared_recovery_frozen.repeat0,38476,4.400000095367432,3,4,1,1
original.repeat0,shared_recovery_frozen.repeat0,38612,4.099999904632568,3,-1,1,0
original.repeat0,shared_recovery_frozen.repeat0,38982,4.5,5,-1,1,0
original.repeat0,shared_recovery_frozen.repeat0,39060,6.699999809265137,1,-1,1,0
original.repeat0,shared_recovery_frozen.repeat0,39138,4.199999809265137,3,-1,1,0
original.repeat0,shared_recovery_frozen.repeat0,39664,4.5,3,4,1,1
original.repeat0,shared_recovery_frozen.repeat0,39744,5.300000190734863,2,3,1,1
original.repeat0,shared_recovery_frozen.repeat0,39797,4.099999904632568,2,-1,1,0
original.repeat0,shared_recovery_frozen.repeat0,39923,4.800000190734863,2,5,1,1
original.repeat0,shared_recovery_frozen.repeat0,39979,5.400000095367432,1,2,1,1
original.repeat0,shared_recovery_frozen.repeat0,40203,4.099999904632568,2,-1,1,0
original.repeat0,shared_recovery_frozen.repeat0,40593,5.400000095367432,4,-1,1,0
original.repeat0,shared_recovery_frozen.repeat0,40881,4.099999904632568,3,-1,1,0
original.repeat0,shared_recovery_frozen.repeat0,40926,4.099999904632568,4,-1,1,0
original.repeat0,shared_recovery_frozen.repeat0,41855,4.599999904632568,4,-1,1,0
original.repeat0,shared_recovery_frozen.repeat0,42079,4.199999809265137,3,-1,1,0
original.repeat0,shared_recovery_frozen.repeat0,42482,5.099999904632568,3,4,1,1
original.repeat0,shared_recovery_frozen.repeat0,42622,4.099999904632568,3,-1,1,0
original.repeat0,shared_recovery_frozen.repeat0,42881,4.099999904632568,3,-1,1,0
original.repeat0,shared_recovery_frozen.repeat0,43168,5.800000190734863,4,-1,1,0
original.repeat0,shared_recovery_frozen.repeat0,43329,4.400000095367432,1,2,1,1
original.repeat0,shared_recovery_frozen.repeat0,43452,4.099999904632568,2,4,1,1
original.repeat0,shared_recovery_frozen.repeat0,43587,4.300000190734863,2,3,1,1
original.repeat0,shared_recovery_frozen.repeat0,43914,4.199999809265137,5,-1,1,0
original.repeat0,shared_recovery_frozen.repeat0,43959,4.5,3,-1,1,0
original.repeat0,shared_recovery_frozen.repeat0,44493,5.699999809265137,1,2,1,1
original.repeat0,shared_recovery_frozen.repeat0,44602,5.099999904632568,3,-1,1,0
original.repeat0,shared_recovery_frozen.repeat0,44866,5.5,1,2,1,1
original.repeat0,shared_recovery_frozen.repeat0,45072,4.199999809265137,3,-1,1,0
original.repeat0,shared_recovery_frozen.repeat0,45216,4.599999904632568,2,-1,1,0
original.repeat0,shared_recovery_frozen.repeat0,45400,4.5,3,4,1,1
original.repeat0,shared_recovery_frozen.repeat0,45418,5.099999904632568,3,-1,1,0
original.repeat0,shared_recovery_frozen.repeat0,45626,5.900000095367432,2,4,1,1
original.repeat0,shared_recovery_frozen.repeat0,45679,5.199999809265137,3,5,1,1
original.repeat0,shared_recovery_frozen.repeat0,45712,4.300000190734863,3,4,1,1
original.repeat0,shared_recovery_frozen.repeat0,45958,4.900000095367432,3,-1,1,0
original.repeat0,shared_recovery_frozen.repeat0,46134,5.300000190734863,2,4,1,1
original.repeat0,shared_recovery_frozen.repeat0,46491,4.599999904632568,2,-1,1,0
original.repeat0,shared_recovery_frozen.repeat0,46498,5.099999904632568,4,-1,1,0
original.repeat0,shared_recovery_frozen.repeat0,46506,4.699999809265137,3,5,1,1
original.repeat0,shared_recovery_frozen.repeat0,47041,4.199999809265137,2,-1,1,0
original.repeat0,shared_recovery_frozen.repeat0,47096,4.400000095367432,5,-1,1,0
original.repeat0,shared_recovery_frozen.repeat0,47528,4.400000095367432,5,-1,1,0
original.repeat0,shared_recovery_frozen.repeat0,48877,4.400000095367432,2,-1,1,0
original.repeat0,shared_recovery_frozen.repeat0,49037,4.199999809265137,-1,3,0,1
original.repeat0,shared_recovery_frozen.repeat0,49173,4.099999904632568,3,-1,1,0
original.repeat0,shared_recovery_frozen.repeat0,49728,4.300000190734863,3,-1,1,0
original.repeat0,shared_recovery_frozen.repeat0,50058,4.5,2,4,1,1
original.repeat0,shared_recovery_frozen.repeat0,50120,4.699999809265137,2,3,1,1
original.repeat0,shared_recovery_frozen.repeat0,50180,5.199999809265137,3,4,1,1
original.repeat0,shared_recovery_frozen.repeat0,50317,4.099999904632568,1,2,1,1
original.repeat0,shared_recovery_frozen.repeat0,50455,4.099999904632568,4,-1,1,0
original.repeat0,shared_recovery_frozen.repeat0,50689,4.099999904632568,1,2,1,1
original.repeat0,shared_recovery_frozen.repeat0,50736,4.699999809265137,2,5,1,1
original.repeat0,shared_recovery_frozen.repeat0,50917,4.099999904632568,3,-1,1,0
original.repeat0,shared_recovery_frozen.repeat0,51461,4.199999809265137,1,2,1,1
original.repeat0,shared_recovery_frozen.repeat0,51766,4.599999904632568,3,-1,1,0
original.repeat0,shared_recovery_frozen.repeat0,51933,4.099999904632568,2,-1,1,0
original.repeat0,shared_recovery_frozen.repeat0,52189,4.300000190734863,5,-1,1,0
original.repeat0,shared_recovery_frozen.repeat0,52934,4.300000190734863,2,-1,1,0
original.repeat0,shared_recovery_frozen.repeat0,53142,4.599999904632568,2,3,1,1
original.repeat0,shared_recovery_frozen.repeat0,53398,4.5,2,3,1,1
original.repeat0,shared_recovery_frozen.repeat0,53510,4.199999809265137,2,4,1,1
original.repeat0,shared_recovery_frozen.repeat0,53512,4.699999809265137,2,-1,1,0
original.repeat0,shared_recovery_frozen.repeat0,53653,4.300000190734863,3,-1,1,0
original.repeat0,shared_recovery_frozen.repeat0,53671,4.5,2,4,1,1
original.repeat0,shared_recovery_frozen.repeat0,53728,4.800000190734863,3,-1,1,0
original.repeat0,shared_recovery_frozen.repeat0,53777,5.300000190734863,2,3,1,1
original.repeat0,shared_recovery_frozen.repeat0,54378,4.199999809265137,2,3,1,1
original.repeat0,shared_recovery_frozen.repeat0,54446,4.300000190734863,2,-1,1,0
original.repeat0,shared_recovery_frozen.repeat0,54793,4.699999809265137,4,-1,1,0
original.repeat0,shared_recovery_frozen.repeat0,54967,4.099999904632568,3,-1,1,0
original.repeat0,shared_recovery_frozen.repeat0,55236,4.5,3,-1,1,0
original.repeat0,shared_recovery_frozen.repeat0,55299,4.699999809265137,3,-1,1,0
original.repeat0,shared_recovery_frozen.repeat0,55493,4.800000190734863,1,2,1,1
original.repeat0,shared_recovery_frozen.repeat0,55598,4.5,2,3,1,1
original.repeat0,shared_recovery_frozen.repeat0,55671,4.099999904632568,3,-1,1,0
original.repeat0,shared_recovery_frozen.repeat0,56207,4.099999904632568,2,-1,1,0
original.repeat0,shared_recovery_frozen.repeat0,56784,4.300000190734863,4,-1,1,0
original.repeat0,shared_recovery_frozen.repeat0,56809,5.400000095367432,5,-1,1,0
original.repeat0,shared_recovery_frozen.repeat0,57106,5.400000095367432,5,-1,1,0
original.repeat0,shared_recovery_frozen.repeat0,57339,4.099999904632568,1,-1,1,0
original.repeat0,shared_recovery_frozen.repeat0,57464,5.300000190734863,1,2,1,1
original.repeat0,shared_recovery_frozen.repeat0,57849,4.099999904632568,4,-1,1,0
original.repeat0,shared_recovery_frozen.repeat0,57957,5.400000095367432,2,1,1,1
original.repeat0,shared_recovery_frozen.repeat0,57986,4.199999809265137,3,-1,1,0
original.repeat0,shared_recovery_frozen.repeat0,58106,4.800000190734863,5,-1,1,0
original.repeat0,shared_recovery_frozen.repeat0,58115,4.099999904632568,2,4,1,1
original.repeat0,shared_recovery_frozen.repeat0,58267,4.400000095367432,2,-1,1,0
original.repeat0,shared_recovery_frozen.repeat0,58272,4.599999904632568,3,5,1,1
original.repeat0,shared_recovery_frozen.repeat0,58443,5.300000190734863,3,-1,1,0
original.repeat0,shared_recovery_frozen.repeat0,58543,5.099999904632568,2,3,1,1
original.repeat0,shared_recovery_frozen.repeat0,58722,4.5,2,-1,1,0
original.repeat0,shared_recovery_frozen.repeat0,58738,4.099999904632568,3,-1,1,0
original.repeat0,shared_recovery_frozen.repeat0,58915,6.0,3,-1,1,0
original.repeat0,shared_recovery_frozen.repeat0,59281,4.099999904632568,3,-1,1,0
original.repeat0,shared_recovery_frozen.repeat0,59905,4.699999809265137,4,-1,1,0
original.repeat0,shared_recovery_frozen.repeat0,59949,4.099999904632568,3,2,1,1
original.repeat0,shared_recovery_frozen.repeat0,60084,4.099999904632568,1,2,1,1
original.repeat0,shared_recovery_frozen.repeat0,60360,5.099999904632568,2,3,1,1
original.repeat0,shared_recovery_frozen.repeat0,61005,4.099999904632568,5,-1,1,0
original.repeat0,shared_recovery_frozen.repeat0,61619,4.099999904632568,2,3,1,1
original.repeat0,shared_recovery_frozen.repeat0,61684,4.400000095367432,3,4,1,1
original.repeat0,shared_recovery_frozen.repeat0,62076,4.5,3,-1,1,0
original.repeat0,shared_recovery_frozen.repeat0,62141,4.300000190734863,2,-1,1,0
original.repeat0,shared_recovery_frozen.repeat0,62149,4.099999904632568,3,4,1,1
original.repeat0,shared_recovery_frozen.repeat0,62302,4.400000095367432,3,4,1,1
original.repeat0,shared_recovery_frozen.repeat0,62408,4.199999809265137,3,-1,1,0
original.repeat0,shared_recovery_frozen.repeat0,63181,5.699999809265137,3,-1,1,0
original.repeat0,shared_recovery_frozen.repeat0,63275,4.599999904632568,2,1,1,1
original.repeat0,shared_recovery_frozen.repeat0,63435,4.099999904632568,3,-1,1,0
original.repeat0,shared_recovery_frozen.repeat0,63485,4.300000190734863,2,-1,1,0
original.repeat0,shared_recovery_frozen.repeat0,63531,4.699999809265137,2,3,1,1
original.repeat0,shared_recovery_frozen.repeat0,64087,4.300000190734863,4,-1,1,0
original.repeat0,shared_recovery_frozen.repeat0,64290,4.900000095367432,5,-1,1,0
original.repeat0,shared_recovery_frozen.repeat0,64619,4.300000190734863,2,-1,1,0
original.repeat0,shared_recovery_frozen.repeat0,64867,4.599999904632568,2,3,1,1
original.repeat0,shared_recovery_frozen.repeat0,65613,4.300000190734863,3,-1,1,0
original.repeat0,shared_recovery_frozen.repeat0,65688,4.099999904632568,3,-1,1,0
original.repeat0,shared_recovery_frozen.repeat0,65703,4.199999809265137,3,4,1,1
original.repeat0,shared_recovery_frozen.repeat0,66001,5.5,3,4,1,1
original.repeat0,shared_recovery_frozen.repeat0,66020,4.400000095367432,3,-1,1,0
original.repeat0,shared_recovery_frozen.repeat0,66216,6.199999809265137,4,-1,1,0
original.repeat0,shared_recovery_frozen.repeat0,66324,5.5,2,-1,1,0
original.repeat0,shared_recovery_frozen.repeat0,66876,5.099999904632568,4,-1,1,0
original.repeat0,shared_recovery_frozen.repeat0,67644,5.0,2,3,1,1
original.repeat0,shared_recovery_frozen.repeat0,68020,4.599999904632568,3,-1,1,0
original.repeat0,shared_recovery_frozen.repeat0,68490,4.400000095367432,2,5,1,1
original.repeat0,shared_recovery_frozen.repeat0,68788,4.099999904632568,2,5,1,1
original.repeat0,shared_recovery_frozen.repeat0,68970,4.5,3,-1,1,0
original.repeat0,shared_recovery_frozen.repeat0,69153,5.0,2,3,1,1
original.repeat0,shared_recovery_frozen.repeat0,69269,4.599999904632568,2,3,1,1
original.repeat0,shared_recovery_frozen.repeat0,69304,4.599999904632568,5,-1,1,0
original.repeat0,shared_recovery_frozen.repeat0,69363,5.099999904632568,5,-1,1,0
original.repeat0,shared_recovery_frozen.repeat0,69517,4.699999809265137,4,-1,1,0
original.repeat0,shared_recovery_frozen.repeat0,69626,5.800000190734863,2,3,1,1
original.repeat0,shared_recovery_frozen.repeat0,70194,4.199999809265137,3,4,1,1
original.repeat0,shared_recovery_frozen.repeat0,70630,4.400000095367432,3,-1,1,0
original.repeat0,shared_recovery_frozen.repeat0,70695,4.900000095367432,2,-1,1,0
original.repeat0,shared_recovery_frozen.repeat0,70909,4.300000190734863,1,2,1,1
original.repeat0,shared_recovery_frozen.repeat0,70962,4.699999809265137,2,3,1,1
original.repeat0,shared_recovery_frozen.repeat0,70988,5.099999904632568,2,-1,1,0
original.repeat0,shared_recovery_frozen.repeat0,71047,5.300000190734863,2,-1,1,0
original.repeat0,shared_recovery_frozen.repeat0,71137,5.5,4,-1,1,0
original.repeat0,shared_recovery_frozen.repeat0,71167,4.800000190734863,2,-1,1,0
original.repeat0,shared_recovery_frozen.repeat0,71192,4.800000190734863,2,-1,1,0
original.repeat0,shared_recovery_frozen.repeat0,71350,4.400000095367432,3,-1,1,0
original.repeat0,shared_recovery_frozen.repeat0,71624,4.400000095367432,3,-1,1,0
original.repeat0,shared_recovery_frozen.repeat0,71768,5.0,5,3,1,1
original.repeat0,shared_recovery_frozen.repeat0,71812,4.5,2,4,1,1
original.repeat0,shared_recovery_frozen.repeat0,71992,4.199999809265137,4,3,1,1
original.repeat0,shared_recovery_frozen.repeat0,72073,4.800000190734863,3,5,1,1
original.repeat0,shared_recovery_frozen.repeat0,72287,5.699999809265137,2,-1,1,0
original.repeat0,shared_recovery_frozen.repeat0,72618,4.900000095367432,1,2,1,1
original.repeat0,shared_recovery_frozen.repeat0,72716,4.300000190734863,2,3,1,1
original.repeat0,shared_recovery_frozen.repeat0,72766,4.599999904632568,1,2,1,1
original.repeat0,shared_recovery_frozen.repeat0,72778,5.199999809265137,5,-1,1,0
original.repeat0,shared_recovery_frozen.repeat0,72909,4.300000190734863,4,-1,1,0
original.repeat0,shared_recovery_frozen.repeat0,73376,5.099999904632568,3,-1,1,0
original.repeat0,shared_recovery_frozen.repeat0,73451,4.5,2,-1,1,0
original.repeat0,shared_recovery_frozen.repeat0,73519,4.900000095367432,2,-1,1,0
original.repeat0,shared_recovery_frozen.repeat0,73654,4.400000095367432,4,-1,1,0
original.repeat0,shared_recovery_frozen.repeat0,73718,4.099999904632568,2,3,1,1
original.repeat0,shared_recovery_frozen.repeat0,74514,4.099999904632568,2,5,1,1
original.repeat0,shared_recovery_frozen.repeat0,74780,5.0,2,4,1,1
original.repeat0,shared_recovery_frozen.repeat0,74802,4.599999904632568,-1,5,0,1
original.repeat0,shared_recovery_frozen.repeat0,74861,5.300000190734863,2,-1,1,0
original.repeat0,shared_recovery_frozen.repeat0,75076,4.099999904632568,2,3,1,1
original.repeat0,shared_recovery_frozen.repeat0,75129,5.400000095367432,2,-1,1,0
original.repeat0,shared_recovery_frozen.repeat0,75174,6.300000190734863,5,-1,1,0
original.repeat0,shared_recovery_frozen.repeat0,75213,4.699999809265137,3,-1,1,0
original.repeat0,shared_recovery_frozen.repeat0,75333,4.199999809265137,2,3,1,1
original.repeat0,shared_recovery_frozen.repeat0,75979,4.599999904632568,5,3,1,1
original.repeat0,shared_recovery_frozen.repeat0,76251,4.400000095367432,4,-1,1,0
original.repeat0,shared_recovery_frozen.repeat0,76452,4.400000095367432,4,3,1,1
original.repeat0,shared_recovery_frozen.repeat0,76780,4.300000190734863,3,-1,1,0
original.repeat0,shared_recovery_frozen.repeat0,76980,4.900000095367432,3,-1,1,0
original.repeat0,shared_recovery_frozen.repeat0,77055,4.099999904632568,2,-1,1,0
original.repeat0,shared_recovery_frozen.repeat0,77175,4.099999904632568,1,2,1,1
original.repeat0,shared_recovery_frozen.repeat0,77224,4.599999904632568,3,-1,1,0
original.repeat0,shared_recovery_frozen.repeat0,77244,4.900000095367432,2,-1,1,0
original.repeat0,shared_recovery_frozen.repeat0,77940,4.300000190734863,3,-1,1,0
original.repeat0,shared_recovery_frozen.repeat0,78076,5.099999904632568,2,3,1,1
original.repeat0,shared_recovery_frozen.repeat0,78147,4.599999904632568,2,-1,1,0
original.repeat0,shared_recovery_frozen.repeat0,78223,6.099999904632568,2,-1,1,0
original.repeat0,shared_recovery_frozen.repeat0,78645,4.199999809265137,3,5,1,1
original.repeat0,shared_recovery_frozen.repeat0,78764,4.300000190734863,3,4,1,1
original.repeat0,shared_recovery_frozen.repeat0,79102,4.599999904632568,2,-1,1,0
original.repeat0,shared_recovery_frozen.repeat0,79405,4.599999904632568,3,4,1,1
original.repeat0,shared_recovery_frozen.repeat0,79714,4.199999809265137,3,-1,1,0
original.repeat0,shared_recovery_frozen.repeat0,80720,5.0,2,-1,1,0
original.repeat0,shared_recovery_frozen.repeat0,80739,4.099999904632568,2,-1,1,0
original.repeat0,shared_recovery_frozen.repeat0,80782,4.300000190734863,2,3,1,1
original.repeat0,shared_recovery_frozen.repeat0,80883,5.099999904632568,2,-1,1,0
original.repeat0,shared_recovery_frozen.repeat0,80941,4.900000095367432,2,4,1,1
original.repeat0,shared_recovery_frozen.repeat0,81060,4.400000095367432,3,2,1,1
original.repeat0,shared_recovery_frozen.repeat0,81210,4.699999809265137,3,-1,1,0
original.repeat0,shared_recovery_frozen.repeat0,81494,4.099999904632568,3,-1,1,0
original.repeat0,shared_recovery_frozen.repeat0,81560,4.599999904632568,2,-1,1,0
original.repeat0,shared_recovery_frozen.repeat0,81578,4.300000190734863,3,-1,1,0
original.repeat0,shared_recovery_frozen.repeat0,81596,4.599999904632568,1,3,1,1
original.repeat0,shared_recovery_frozen.repeat0,81714,4.599999904632568,5,4,1,1
original.repeat0,shared_recovery_frozen.repeat0,81901,4.199999809265137,2,-1,1,0
original.repeat0,shared_recovery_frozen.repeat0,81920,4.099999904632568,2,-1,1,0
original.repeat0,shared_recovery_frozen.repeat0,82003,4.199999809265137,2,3,1,1
original.repeat0,shared_recovery_frozen.repeat0,82525,4.900000095367432,1,2,1,1
original.repeat0,shared_recovery_frozen.repeat0,82616,5.099999904632568,2,3,1,1
original.repeat0,shared_recovery_frozen.repeat0,82869,4.199999809265137,2,-1,1,0
original.repeat0,shared_recovery_frozen.repeat0,82989,5.199999809265137,3,-1,1,0
original.repeat0,shared_recovery_frozen.repeat0,83524,4.900000095367432,3,-1,1,0
original.repeat0,shared_recovery_frozen.repeat0,83663,4.099999904632568,3,4,1,1
original.repeat0,shared_recovery_frozen.repeat0,83784,4.099999904632568,4,-1,1,0
original.repeat0,shared_recovery_frozen.repeat0,84386,4.699999809265137,4,-1,1,0
original.repeat0,shared_recovery_frozen.repeat0,84828,4.900000095367432,3,-1,1,0
original.repeat0,shared_recovery_frozen.repeat0,84912,4.300000190734863,3,-1,1,0
original.repeat0,shared_recovery_frozen.repeat0,85033,4.099999904632568,3,-1,1,0
original.repeat0,shared_recovery_frozen.repeat0,85071,4.300000190734863,2,3,1,1
original.repeat0,shared_recovery_frozen.repeat0,85397,5.900000095367432,5,-1,1,0
original.repeat0,shared_recovery_frozen.repeat0,85481,4.199999809265137,4,-1,1,0
original.repeat0,shared_recovery_frozen.repeat0,85975,5.5,3,-1,1,0
original.repeat0,shared_recovery_frozen.repeat0,85999,5.099999904632568,2,-1,1,0
original.repeat0,shared_recovery_frozen.repeat0,86241,5.800000190734863,2,4,1,1
original.repeat0,shared_recovery_frozen.repeat0,87043,4.900000095367432,2,-1,1,0
original.repeat0,shared_recovery_frozen.repeat0,87215,4.099999904632568,3,-1,1,0
original.repeat0,shared_recovery_frozen.repeat0,87347,4.199999809265137,3,-1,1,0
original.repeat0,shared_recovery_frozen.repeat0,87486,4.099999904632568,1,2,1,1
original.repeat0,shared_recovery_frozen.repeat0,87521,4.599999904632568,3,-1,1,0
original.repeat0,shared_recovery_frozen.repeat0,88055,4.699999809265137,1,2,1,1
original.repeat0,shared_recovery_frozen.repeat0,88257,4.800000190734863,3,-1,1,0
original.repeat0,shared_recovery_frozen.repeat0,88301,4.199999809265137,3,-1,1,0
original.repeat0,shared_recovery_frozen.repeat0,88624,4.300000190734863,5,-1,1,0
original.repeat0,shared_recovery_frozen.repeat0,88628,4.5,2,3,1,1
original.repeat0,shared_recovery_frozen.repeat0,88856,4.699999809265137,5,-1,1,0
original.repeat0,shared_recovery_frozen.repeat0,88932,4.199999809265137,2,4,1,1
original.repeat0,shared_recovery_frozen.repeat0,89193,4.699999809265137,4,-1,1,0
original.repeat0,shared_recovery_frozen.repeat0,89257,5.400000095367432,3,-1,1,0
original.repeat0,shared_recovery_frozen.repeat0,89451,4.099999904632568,1,4,1,1
original.repeat0,shared_recovery_frozen.repeat0,89561,5.199999809265137,2,-1,1,0
original.repeat0,shared_recovery_frozen.repeat0,89810,4.400000095367432,2,-1,1,0
original.repeat0,shared_recovery_frozen.repeat0,89958,4.199999809265137,2,3,1,1
original.repeat0,shared_recovery_frozen.repeat0,90306,4.699999809265137,2,3,1,1
original.repeat0,shared_recovery_frozen.repeat0,90551,4.099999904632568,2,-1,1,0
original.repeat0,shared_recovery_frozen.repeat0,90604,5.300000190734863,2,3,1,1
original.repeat0,shared_recovery_frozen.repeat0,90706,4.199999809265137,1,2,1,1
original.repeat0,shared_recovery_frozen.repeat0,91299,5.5,4,-1,1,0
original.repeat0,shared_recovery_frozen.repeat0,91317,4.400000095367432,2,5,1,1
original.repeat0,shared_recovery_frozen.repeat0,92313,4.699999809265137,2,-1,1,0
original.repeat0,shared_recovery_frozen.repeat0,92523,4.199999809265137,2,3,1,1
original.repeat0,shared_recovery_frozen.repeat0,92968,4.099999904632568,2,3,1,1
original.repeat0,shared_recovery_frozen.repeat0,93380,4.699999809265137,3,-1,1,0
original.repeat0,shared_recovery_frozen.repeat0,93789,4.199999809265137,3,-1,1,0
original.repeat0,shared_recovery_frozen.repeat0,94652,4.199999809265137,3,5,1,1
original.repeat0,shared_recovery_frozen.repeat0,94846,4.300000190734863,2,3,1,1
original.repeat0,shared_recovery_frozen.repeat0,94874,4.199999809265137,2,-1,1,0
original.repeat0,shared_recovery_frozen.repeat0,95126,4.900000095367432,2,-1,1,0
original.repeat0,shared_recovery_frozen.repeat0,95669,5.300000190734863,5,-1,1,0
original.repeat0,shared_recovery_frozen.repeat0,96004,4.699999809265137,5,-1,1,0
original.repeat0,shared_recovery_frozen.repeat0,96078,4.400000095367432,2,3,1,1
original.repeat0,shared_recovery_frozen.repeat0,96186,4.199999809265137,2,-1,1,0
original.repeat0,shared_recovery_frozen.repeat0,96286,4.300000190734863,2,-1,1,0
original.repeat0,shared_recovery_frozen.repeat0,96350,5.199999809265137,2,4,1,1
original.repeat0,shared_recovery_frozen.repeat0,96424,4.599999904632568,1,-1,1,0
original.repeat0,shared_recovery_frozen.repeat0,96550,4.199999809265137,2,-1,1,0
original.repeat0,shared_recovery_frozen.repeat0,96648,4.800000190734863,3,-1,1,0
original.repeat0,shared_recovery_frozen.repeat0,96743,4.800000190734863,2,-1,1,0
original.repeat0,shared_recovery_frozen.repeat0,96873,4.800000190734863,2,4,1,1
original.repeat0,shared_recovery_frozen.repeat0,97031,4.199999809265137,1,2,1,1
original.repeat0,shared_recovery_frozen.repeat0,97054,4.5,4,-1,1,0
original.repeat0,shared_recovery_frozen.repeat0,97055,4.199999809265137,3,2,1,1
original.repeat0,shared_recovery_frozen.repeat0,97091,4.599999904632568,2,-1,1,0
original.repeat0,shared_recovery_frozen.repeat0,97501,4.900000095367432,2,3,1,1
original.repeat0,shared_recovery_frozen.repeat0,97896,4.5,2,-1,1,0
original.repeat0,shared_recovery_frozen.repeat0,98667,4.699999809265137,1,2,1,1
original.repeat0,shared_recovery_frozen.repeat0,98781,5.099999904632568,2,5,1,1
original.repeat0,shared_recovery_frozen.repeat0,98795,4.199999809265137,4,-1,1,0
original.repeat0,shared_recovery_frozen.repeat0,98804,5.400000095367432,2,-1,1,0
original.repeat0,shared_recovery_frozen.repeat0,99095,4.900000095367432,2,3,1,1
original.repeat0,shared_recovery_frozen.repeat0,99204,5.800000190734863,2,-1,1,0
original.repeat0,shared_recovery_frozen.repeat0,99388,4.5,2,-1,1,0
original.repeat0,shared_recovery_frozen.repeat0,99415,5.099999904632568,4,-1,1,0
original.repeat0,shared_recovery_frozen.repeat0,99564,5.5,2,3,1,1
original.repeat0,shared_recovery_frozen.repeat0,99598,4.699999809265137,3,4,1,1
original.repeat0,shared_recovery_frozen.repeat0,99709,4.599999904632568,4,-1,1,0
original.repeat0,shared_recovery_frozen.repeat0,99880,4.300000190734863,2,3,1,1
original.repeat0,shared_recovery_frozen.repeat0,99973,4.099999904632568,3,-1,1,0
original.repeat0,shared_recovery_frozen.repeat0,100075,4.5,3,4,1,1
original.repeat0,shared_recovery_frozen.repeat0,100239,4.199999809265137,3,4,1,1
original.repeat0,shared_recovery_frozen.repeat0,100508,4.199999809265137,4,5,1,1
original.repeat0,shared_recovery_frozen.repeat0,100544,4.699999809265137,3,-1,1,0
original.repeat0,shared_recovery_frozen.repeat0,100614,4.900000095367432,2,-1,1,0
original.repeat0,shared_recovery_frozen.repeat0,101061,4.900000095367432,3,4,1,1
original.repeat0,shared_recovery_frozen.repeat0,101468,4.400000095367432,2,3,1,1
original.repeat0,shared_recovery_frozen.repeat0,102223,4.199999809265137,4,-1,1,0
original.repeat0,shared_recovery_frozen.repeat0,102409,5.900000095367432,2,3,1,1
original.repeat0,shared_recovery_frozen.repeat0,102933,4.400000095367432,2,3,1,1
original.repeat0,shared_recovery_frozen.repeat0,103563,4.099999904632568,3,-1,1,0
original.repeat0,shared_recovery_frozen.repeat0,103564,5.300000190734863,5,-1,1,0
original.repeat0,shared_recovery_frozen.repeat0,103682,4.099999904632568,2,-1,1,0
original.repeat0,shared_recovery_frozen.repeat0,103758,5.199999809265137,4,-1,1,0
original.repeat0,shared_recovery_frozen.repeat0,103780,4.400000095367432,3,-1,1,0
original.repeat0,shared_recovery_frozen.repeat0,103878,4.099999904632568,2,3,1,1
original.repeat0,shared_recovery_frozen.repeat0,103895,4.199999809265137,3,-1,1,0
original.repeat0,shared_recovery_frozen.repeat0,104000,4.099999904632568,2,5,1,1
original.repeat0,shared_recovery_frozen.repeat0,104030,4.5,2,3,1,1
original.repeat0,shared_recovery_frozen.repeat0,104150,4.5,5,-1,1,0
original.repeat0,shared_recovery_frozen.repeat0,104452,4.199999809265137,2,3,1,1
original.repeat0,shared_recovery_frozen.repeat0,104552,4.699999809265137,2,4,1,1
original.repeat0,shared_recovery_frozen.repeat0,104559,4.300000190734863,3,4,1,1
original.repeat0,shared_recovery_frozen.repeat0,104865,4.099999904632568,2,3,1,1
original.repeat0,shared_recovery_frozen.repeat0,105092,4.400000095367432,5,-1,1,0
original.repeat0,shared_recovery_frozen.repeat0,105272,6.0,3,2,1,1
original.repeat0,shared_recovery_frozen.repeat0,106524,6.300000190734863,4,-1,1,0
original.repeat0,shared_recovery_frozen.repeat0,106613,4.199999809265137,4,-1,1,0
original.repeat0,shared_recovery_frozen.repeat0,106766,4.199999809265137,4,-1,1,0
original.repeat0,shared_recovery_frozen.repeat0,106923,4.300000190734863,2,3,1,1
original.repeat0,shared_recovery_frozen.repeat0,107010,4.300000190734863,4,-1,1,0
original.repeat0,shared_recovery_frozen.repeat0,107059,4.400000095367432,2,-1,1,0
original.repeat0,shared_recovery_frozen.repeat0,107131,4.300000190734863,2,3,1,1
original.repeat0,shared_recovery_frozen.repeat0,107484,4.400000095367432,2,3,1,1
original.repeat0,shared_recovery_frozen.repeat0,107582,4.300000190734863,4,-1,1,0
original.repeat0,shared_recovery_frozen.repeat0,107894,4.199999809265137,3,-1,1,0
original.repeat0,shared_recovery_frozen.repeat0,107985,4.099999904632568,2,-1,1,0
original.repeat0,shared_recovery_frozen.repeat0,108068,4.099999904632568,3,-1,1,0
original.repeat0,shared_recovery_frozen.repeat0,108084,4.699999809265137,2,-1,1,0
original.repeat0,shared_recovery_frozen.repeat0,108149,4.400000095367432,3,-1,1,0
original.repeat0,shared_recovery_frozen.repeat0,108203,4.300000190734863,2,3,1,1
original.repeat0,shared_recovery_frozen.repeat0,108268,4.5,2,3,1,1
original.repeat0,shared_recovery_frozen.repeat0,108780,5.300000190734863,3,-1,1,0
original.repeat0,shared_recovery_frozen.repeat0,109253,4.099999904632568,2,4,1,1
original.repeat0,shared_recovery_frozen.repeat0,109323,4.400000095367432,3,-1,1,0
original.repeat0,shared_recovery_frozen.repeat0,109991,4.699999809265137,3,4,1,1
original.repeat0,shared_recovery_frozen.repeat0,110219,4.5,5,-1,1,0
original.repeat0,shared_recovery_frozen.repeat0,110602,4.400000095367432,2,5,1,1
original.repeat0,shared_recovery_frozen.repeat0,110724,4.199999809265137,3,-1,1,0
original.repeat0,shared_recovery_frozen.repeat0,110889,5.300000190734863,2,3,1,1
original.repeat0,shared_recovery_frozen.repeat0,111014,4.300000190734863,4,-1,1,0
original.repeat0,shared_recovery_frozen.repeat0,111148,4.400000095367432,2,3,1,1
original.repeat0,shared_recovery_frozen.repeat0,111405,4.5,2,-1,1,0
original.repeat0,shared_recovery_frozen.repeat0,111419,4.099999904632568,4,-1,1,0
original.repeat0,shared_recovery_frozen.repeat0,111999,4.099999904632568,1,2,1,1
original.repeat0,shared_recovery_frozen.repeat0,112185,4.099999904632568,2,-1,1,0
original.repeat0,shared_recovery_frozen.repeat0,112808,4.800000190734863,4,-1,1,0
original.repeat0,shared_recovery_frozen.repeat0,113043,4.599999904632568,3,2,1,1
original.repeat0,shared_recovery_frozen.repeat0,113264,4.599999904632568,5,-1,1,0
original.repeat0,shared_recovery_frozen.repeat0,113513,4.699999809265137,2,-1,1,0
original.repeat0,shared_recovery_frozen.repeat0,113578,4.599999904632568,3,5,1,1
original.repeat0,shared_recovery_frozen.repeat0,113663,5.300000190734863,2,-1,1,0
original.repeat0,shared_recovery_frozen.repeat0,114444,4.400000095367432,2,4,1,1
original.repeat0,shared_recovery_frozen.repeat0,114527,4.300000190734863,2,3,1,1
original.repeat0,shared_recovery_frozen.repeat0,114591,4.400000095367432,1,2,1,1
original.repeat0,shared_recovery_frozen.repeat0,114726,4.400000095367432,2,-1,1,0
original.repeat0,shared_recovery_frozen.repeat0,114967,6.400000095367432,3,-1,1,0
original.repeat0,shared_recovery_frozen.repeat0,115038,4.199999809265137,2,-1,1,0
original.repeat0,shared_recovery_frozen.repeat0,115232,4.599999904632568,3,-1,1,0
original.repeat0,shared_recovery_frozen.repeat0,115312,4.599999904632568,1,2,1,1
original.repeat0,shared_recovery_frozen.repeat0,115426,4.599999904632568,2,3,1,1
original.repeat0,shared_recovery_frozen.repeat0,115922,4.599999904632568,4,-1,1,0
original.repeat0,shared_recovery_frozen.repeat0,116036,5.400000095367432,2,-1,1,0
original.repeat0,shared_recovery_frozen.repeat0,116269,4.5,4,-1,1,0
original.repeat0,shared_recovery_frozen.repeat0,116326,4.699999809265137,2,4,1,1
original.repeat0,shared_recovery_frozen.repeat0,116402,4.400000095367432,1,2,1,1
original.repeat0,shared_recovery_frozen.repeat0,116565,4.099999904632568,3,4,1,1
original.repeat0,shared_recovery_frozen.repeat0,117416,7.099999904632568,2,-1,1,0
original.repeat0,shared_recovery_frozen.repeat0,117810,5.0,1,2,1,1
original.repeat0,shared_recovery_frozen.repeat0,118031,5.400000095367432,4,-1,1,0
original.repeat0,shared_recovery_frozen.repeat0,118157,5.599999904632568,-1,5,0,1
original.repeat0,shared_recovery_frozen.repeat0,118377,4.599999904632568,2,-1,1,0
original.repeat0,shared_recovery_frozen.repeat0,118550,5.099999904632568,3,4,1,1
original.repeat0,shared_recovery_frozen.repeat0,118685,5.099999904632568,2,3,1,1
original.repeat0,shared_recovery_frozen.repeat0,118716,4.099999904632568,3,-1,1,0
original.repeat0,shared_recovery_frozen.repeat0,118746,4.800000190734863,2,-1,1,0
original.repeat0,shared_recovery_frozen.repeat0,119325,4.800000190734863,3,-1,1,0
original.repeat0,shared_recovery_frozen.repeat0,119390,4.300000190734863,4,-1,1,0
original.repeat0,shared_recovery_frozen.repeat0,119405,4.099999904632568,2,-1,1,0
original.repeat0,shared_recovery_frozen.repeat0,119896,4.900000095367432,3,-1,1,0
original.repeat0,shared_recovery_frozen.repeat0,120096,4.099999904632568,5,-1,1,0
original.repeat0,shared_recovery_frozen.repeat0,120297,5.599999904632568,3,-1,1,0
original.repeat0,shared_recovery_frozen.repeat0,120380,4.099999904632568,3,5,1,1
original.repeat0,shared_recovery_frozen.repeat0,120459,4.099999904632568,3,4,1,1
original.repeat0,shared_recovery_frozen.repeat0,120829,4.400000095367432,1,2,1,1
original.repeat0,shared_recovery_frozen.repeat0,120848,4.5,2,-1,1,0
original.repeat0,shared_recovery_frozen.repeat0,120933,4.099999904632568,2,3,1,1
original.repeat0,shared_recovery_frozen.repeat0,121051,4.800000190734863,4,-1,1,0
original.repeat0,shared_recovery_frozen.repeat0,121221,5.199999809265137,3,-1,1,0
original.repeat0,shared_recovery_frozen.repeat0,121909,4.900000095367432,2,-1,1,0
original.repeat0,shared_recovery_frozen.repeat0,122004,4.699999809265137,2,-1,1,0
original.repeat0,shared_recovery_frozen.repeat0,122246,4.199999809265137,3,-1,1,0
original.repeat0,shared_recovery_frozen.repeat0,122549,4.400000095367432,5,-1,1,0
original.repeat0,shared_recovery_frozen.repeat0,122598,4.300000190734863,3,4,1,1
original.repeat0,shared_recovery_frozen.repeat0,123209,4.099999904632568,2,-1,1,0
original.repeat0,shared_recovery_frozen.repeat0,123262,4.099999904632568,3,5,1,1
original.repeat0,shared_recovery_frozen.repeat0,123417,4.699999809265137,4,3,1,1
original.repeat0,shared_recovery_frozen.repeat0,123495,4.699999809265137,2,4,1,1
original.repeat0,shared_recovery_frozen.repeat0,123689,4.099999904632568,2,-1,1,0
original.repeat0,shared_recovery_frozen.repeat0,123821,4.199999809265137,2,3,1,1
original.repeat0,shared_recovery_frozen.repeat0,124277,5.0,3,4,1,1
original.repeat0,shared_recovery_frozen.repeat0,124443,4.699999809265137,3,5,1,1
original.repeat0,shared_recovery_frozen.repeat0,124496,4.099999904632568,3,-1,1,0
original.repeat0,shared_recovery_frozen.repeat0,124623,4.099999904632568,2,3,1,1
original.repeat0,shared_recovery_frozen.repeat0,124771,4.300000190734863,3,4,1,1
original.repeat0,shared_recovery_frozen.repeat0,124958,4.300000190734863,3,2,1,1
original.repeat0,shared_recovery_frozen.repeat0,125121,4.599999904632568,-1,2,0,1
original.repeat0,shared_recovery_frozen.repeat0,125878,4.800000190734863,3,4,1,1
original.repeat0,shared_recovery_frozen.repeat0,126087,4.5,2,3,1,1
original.repeat0,shared_recovery_frozen.repeat0,126170,5.099999904632568,3,-1,1,0
original.repeat0,shared_recovery_frozen.repeat0,126840,4.199999809265137,3,4,1,1
original.repeat0,shared_recovery_frozen.repeat0,126928,4.400000095367432,5,-1,1,0
original.repeat0,shared_recovery_frozen.repeat0,127024,4.599999904632568,-1,4,0,1
original.repeat0,shared_recovery_frozen.repeat0,127113,5.199999809265137,3,2,1,1
original.repeat0,shared_recovery_frozen.repeat0,127303,4.599999904632568,1,2,1,1
original.repeat0,shared_recovery_frozen.repeat0,128619,4.699999809265137,2,-1,1,0
original.repeat0,shared_recovery_frozen.repeat0,128645,4.900000095367432,1,-1,1,0
original.repeat0,shared_recovery_frozen.repeat0,128708,5.300000190734863,3,-1,1,0
original.repeat0,shared_recovery_frozen.repeat0,128787,5.5,3,4,1,1
original.repeat0,shared_recovery_frozen.repeat0,129140,5.0,2,3,1,1
original.repeat0,shared_recovery_frozen.repeat0,129548,4.199999809265137,3,-1,1,0
original.repeat0,shared_recovery_frozen.repeat0,129609,5.599999904632568,2,3,1,1
original.repeat0,shared_recovery_frozen.repeat0,129676,4.199999809265137,1,2,1,1
original.repeat0,shared_recovery_frozen.repeat0,129814,5.199999809265137,4,2,1,1
original.repeat0,shared_recovery_frozen.repeat0,130160,4.900000095367432,3,5,1,1
original.repeat0,shared_recovery_frozen.repeat0,130295,4.5,2,-1,1,0
original.repeat0,shared_recovery_frozen.repeat0,130358,4.5,-1,2,0,1
original.repeat0,shared_recovery_frozen.repeat0,130475,4.300000190734863,3,-1,1,0
original.repeat0,shared_recovery_frozen.repeat0,130926,4.900000095367432,2,4,1,1
original.repeat0,shared_recovery_frozen.repeat0,130965,4.5,4,-1,1,0
original.repeat0,shared_recovery_frozen.repeat0,131038,4.300000190734863,3,4,1,1
original.repeat0,shared_recovery_frozen.repeat0,131043,5.199999809265137,3,4,1,1
original.repeat0,shared_recovery_frozen.repeat0,131106,4.099999904632568,2,1,1,1
original.repeat0,shared_recovery_frozen.repeat0,131657,4.800000190734863,3,-1,1,0
original.repeat0,shared_recovery_frozen.repeat0,131838,4.400000095367432,4,-1,1,0
original.repeat0,shared_recovery_frozen.repeat0,131864,5.199999809265137,4,3,1,1
original.repeat0,shared_recovery_frozen.repeat0,132493,5.099999904632568,2,5,1,1
original.repeat0,shared_recovery_frozen.repeat0,132949,4.199999809265137,3,2,1,1
original.repeat0,shared_recovery_frozen.repeat0,133116,4.199999809265137,2,3,1,1
original.repeat0,shared_recovery_frozen.repeat0,133284,4.800000190734863,3,-1,1,0
original.repeat0,shared_recovery_frozen.repeat0,133554,4.900000095367432,3,5,1,1
original.repeat0,shared_recovery_frozen.repeat0,133579,4.5,3,-1,1,0
original.repeat0,shared_recovery_frozen.repeat0,133658,4.800000190734863,2,-1,1,0
original.repeat0,shared_recovery_frozen.repeat0,134140,4.099999904632568,1,2,1,1
original.repeat0,shared_recovery_frozen.repeat0,134395,7.699999809265137,3,-1,1,0
original.repeat0,shared_recovery_frozen.repeat0,134665,4.199999809265137,1,3,1,1
original.repeat0,shared_recovery_frozen.repeat0,135094,4.400000095367432,1,2,1,1
original.repeat0,shared_recovery_frozen.repeat0,135108,5.400000095367432,3,-1,1,0
original.repeat0,shared_recovery_frozen.repeat0,135346,4.199999809265137,2,4,1,1
original.repeat0,shared_recovery_frozen.repeat0,135384,4.300000190734863,2,4,1,1
original.repeat0,shared_recovery_frozen.repeat0,135904,4.300000190734863,3,-1,1,0
original.repeat0,shared_recovery_frozen.repeat0,135920,5.300000190734863,2,5,1,1
original.repeat0,shared_recovery_frozen.repeat0,136062,5.099999904632568,4,5,1,1
original.repeat0,shared_recovery_frozen.repeat0,136386,4.5,5,-1,1,0
original.repeat0,shared_recovery_frozen.repeat0,136798,4.5,5,-1,1,0
original.repeat0,shared_recovery_frozen.repeat0,136822,5.400000095367432,3,5,1,1
original.repeat0,shared_recovery_frozen.repeat0,137738,4.099999904632568,3,-1,1,0
original.repeat0,shared_recovery_frozen.repeat0,137858,4.300000190734863,3,-1,1,0
original.repeat0,shared_recovery_frozen.repeat0,137914,5.199999809265137,3,-1,1,0
original.repeat0,shared_recovery_frozen.repeat0,137977,4.800000190734863,2,-1,1,0
original.repeat0,shared_recovery_frozen.repeat0,138731,4.5,3,-1,1,0
original.repeat0,shared_recovery_frozen.repeat0,138758,4.900000095367432,3,-1,1,0
original.repeat0,shared_recovery_frozen.repeat0,138878,7.099999904632568,3,-1,1,0
original.repeat0,shared_recovery_frozen.repeat0,138887,4.5,2,3,1,1
original.repeat0,shared_recovery_frozen.repeat0,139003,4.199999809265137,2,-1,1,0
original.repeat0,shared_recovery_frozen.repeat0,139102,4.300000190734863,2,3,1,1
original.repeat0,shared_recovery_frozen.repeat0,139153,4.300000190734863,3,-1,1,0
original.repeat0,shared_recovery_frozen.repeat0,139263,4.300000190734863,4,-1,1,0
original.repeat0,shared_recovery_frozen.repeat0,139373,4.199999809265137,3,4,1,1
original.repeat0,shared_recovery_frozen.repeat0,139381,4.199999809265137,2,-1,1,0
original.repeat0,shared_recovery_frozen.repeat0,140349,4.400000095367432,2,3,1,1
original.repeat0,shared_recovery_frozen.repeat0,140799,4.099999904632568,3,-1,1,0
original.repeat0,shared_recovery_frozen.repeat0,141144,4.800000190734863,3,-1,1,0
original.repeat0,shared_recovery_frozen.repeat0,141181,4.800000190734863,1,2,1,1
original.repeat0,shared_recovery_frozen.repeat0,141778,4.199999809265137,2,5,1,1
original.repeat0,shared_recovery_frozen.repeat0,142197,4.300000190734863,2,3,1,1
original.repeat0,shared_recovery_frozen.repeat0,142366,4.099999904632568,2,-1,1,0
original.repeat0,shared_recovery_frozen.repeat0,142697,4.599999904632568,4,-1,1,0
original.repeat0,shared_recovery_frozen.repeat0,142826,5.300000190734863,-1,4,0,1
original.repeat0,shared_recovery_frozen.repeat0,143067,4.699999809265137,2,-1,1,0
original.repeat0,shared_recovery_frozen.repeat0,143949,4.099999904632568,3,-1,1,0
original.repeat0,shared_recovery_frozen.repeat0,144694,5.300000190734863,1,3,1,1
original.repeat0,shared_recovery_frozen.repeat0,144710,4.300000190734863,2,3,1,1
original.repeat0,shared_recovery_frozen.repeat0,144987,4.800000190734863,-1,4,0,1
original.repeat0,shared_recovery_frozen.repeat0,145087,4.099999904632568,2,-1,1,0
original.repeat0,shared_recovery_frozen.repeat0,145314,4.300000190734863,3,-1,1,0
original.repeat0,shared_recovery_frozen.repeat0,145383,4.199999809265137,3,-1,1,0
original.repeat0,shared_recovery_frozen.repeat0,145768,4.300000190734863,4,-1,1,0
original.repeat0,shared_recovery_frozen.repeat0,146030,4.099999904632568,3,5,1,1
original.repeat0,shared_recovery_frozen.repeat0,146262,4.5,2,-1,1,0
original.repeat0,shared_recovery_frozen.repeat0,146355,4.099999904632568,2,5,1,1
original.repeat0,shared_recovery_frozen.repeat0,146509,4.400000095367432,2,-1,1,0
original.repeat0,shared_recovery_frozen.repeat0,146615,4.099999904632568,4,-1,1,0
original.repeat0,shared_recovery_frozen.repeat0,146797,4.400000095367432,3,4,1,1
original.repeat0,shared_recovery_frozen.repeat0,147052,5.599999904632568,1,2,1,1
original.repeat0,shared_recovery_frozen.repeat0,147119,4.300000190734863,2,3,1,1
original.repeat0,shared_recovery_frozen.repeat0,147449,4.699999809265137,2,-1,1,0
original.repeat0,shared_recovery_frozen.repeat0,147504,4.900000095367432,3,-1,1,0
original.repeat0,shared_recovery_frozen.repeat0,147610,4.300000190734863,3,-1,1,0
original.repeat0,shared_recovery_frozen.repeat0,147908,4.400000095367432,3,4,1,1
original.repeat0,shared_recovery_frozen.repeat0,147910,4.099999904632568,2,-1,1,0
original.repeat0,shared_recovery_frozen.repeat0,148253,6.0,3,4,1,1
original.repeat0,shared_recovery_frozen.repeat0,148832,4.400000095367432,2,3,1,1
original.repeat0,shared_recovery_frozen.repeat0,148877,6.0,2,3,1,1
original.repeat0,shared_recovery_frozen.repeat0,149097,4.400000095367432,3,-1,1,0
original.repeat0,shared_recovery_frozen.repeat0,149444,4.699999809265137,2,1,1,1
original.repeat0,shared_recovery_frozen.repeat0,149507,4.099999904632568,1,2,1,1
original.repeat0,shared_recovery_frozen.repeat0,149568,4.099999904632568,3,4,1,1
original.repeat0,shared_recovery_frozen.repeat0,149660,5.0,1,2,1,1
original.repeat0,shared_recovery_frozen.repeat0,149976,5.199999809265137,3,-1,1,0
original.repeat0,shared_recovery_frozen.repeat0,150375,4.300000190734863,3,-1,1,0
original.repeat0,shared_recovery_frozen.repeat0,150419,4.599999904632568,3,-1,1,0
original.repeat0,shared_recovery_frozen.repeat0,150849,5.099999904632568,3,5,1,1
original.repeat0,shared_recovery_frozen.repeat0,151132,5.199999809265137,4,-1,1,0
original.repeat0,shared_recovery_frozen.repeat0,151191,4.5,2,4,1,1
original.repeat0,shared_recovery_frozen.repeat0,151291,4.300000190734863,1,2,1,1
original.repeat0,shared_recovery_frozen.repeat0,151550,4.300000190734863,1,-1,1,0
original.repeat0,shared_recovery_frozen.repeat0,151987,4.599999904632568,2,-1,1,0
original.repeat0,shared_recovery_frozen.repeat0,152030,4.099999904632568,2,3,1,1
original.repeat0,shared_recovery_frozen.repeat0,152109,4.400000095367432,2,3,1,1
original.repeat0,shared_recovery_frozen.repeat0,153053,5.199999809265137,2,-1,1,0
original.repeat0,shared_recovery_frozen.repeat0,154026,4.099999904632568,2,3,1,1
original.repeat0,shared_recovery_frozen.repeat0,154499,4.900000095367432,2,-1,1,0
original.repeat0,shared_recovery_frozen.repeat0,154560,5.300000190734863,3,-1,1,0
original.repeat0,shared_recovery_frozen.repeat0,155043,5.0,3,-1,1,0
original.repeat0,shared_recovery_frozen.repeat0,155094,4.5,2,5,1,1
original.repeat0,shared_recovery_frozen.repeat0,155558,4.300000190734863,2,-1,1,0
original.repeat0,shared_recovery_frozen.repeat0,155650,4.699999809265137,3,-1,1,0
original.repeat0,shared_recovery_frozen.repeat0,155764,4.800000190734863,3,-1,1,0
original.repeat0,shared_recovery_frozen.repeat0,155832,4.099999904632568,2,5,1,1
original.repeat0,shared_recovery_frozen.repeat0,156117,4.300000190734863,2,-1,1,0
original.repeat0,shared_recovery_frozen.repeat0,156509,4.300000190734863,2,5,1,1
original.repeat0,shared_recovery_frozen.repeat0,156985,5.300000190734863,2,-1,1,0
original.repeat0,shared_recovery_frozen.repeat0,157145,4.400000095367432,3,-1,1,0
original.repeat0,shared_recovery_frozen.repeat0,157176,4.099999904632568,2,-1,1,0
original.repeat0,shared_recovery_frozen.repeat0,157233,5.0,2,4,1,1
original.repeat0,shared_recovery_frozen.repeat0,157607,4.099999904632568,2,4,1,1
original.repeat0,shared_recovery_frozen.repeat0,157777,4.199999809265137,4,-1,1,0
original.repeat0,shared_recovery_frozen.repeat0,158355,4.300000190734863,4,-1,1,0
original.repeat0,shared_recovery_frozen.repeat0,158609,4.400000095367432,2,-1,1,0
original.repeat0,shared_recovery_frozen.repeat0,158723,4.099999904632568,3,-1,1,0
original.repeat0,shared_recovery_frozen.repeat0,158733,4.199999809265137,2,-1,1,0
original.repeat0,shared_recovery_frozen.repeat0,158943,4.099999904632568,2,3,1,1
original.repeat0,shared_recovery_frozen.repeat0,159219,4.599999904632568,3,-1,1,0
original.repeat0,shared_recovery_frozen.repeat0,159270,5.199999809265137,3,-1,1,0
original.repeat0,shared_recovery_frozen.repeat0,159740,4.400000095367432,2,-1,1,0
original.repeat0,shared_recovery_frozen.repeat0,159862,4.300000190734863,3,-1,1,0
original.repeat0,shared_recovery_frozen.repeat0,159940,4.199999809265137,2,3,1,1
original.repeat0,shared_recovery_frozen.repeat0,160108,4.199999809265137,4,-1,1,0
original.repeat0,shared_recovery_frozen.repeat0,160882,4.599999904632568,2,-1,1,0
original.repeat0,shared_recovery_frozen.repeat0,161064,4.599999904632568,1,2,1,1
original.repeat0,shared_recovery_frozen.repeat0,161105,4.5,3,-1,1,0
original.repeat0,shared_recovery_frozen.repeat0,161170,4.5,3,-1,1,0
original.repeat0,shared_recovery_frozen.repeat0,161400,5.0,2,3,1,1
original.repeat0,shared_recovery_frozen.repeat0,161819,5.199999809265137,3,4,1,1
original.repeat0,shared_recovery_frozen.repeat0,161924,4.199999809265137,2,4,1,1
original.repeat0,shared_recovery_frozen.repeat0,162655,4.300000190734863,4,3,1,1
original.repeat0,shared_recovery_frozen.repeat0,162700,4.5,1,-1,1,0
original.repeat0,shared_recovery_frozen.repeat0,162729,5.199999809265137,3,-1,1,0
original.repeat0,shared_recovery_frozen.repeat0,162776,4.300000190734863,4,-1,1,0
original.repeat0,shared_recovery_frozen.repeat0,162844,4.099999904632568,4,-1,1,0
original.repeat0,shared_recovery_frozen.repeat0,162874,4.400000095367432,5,-1,1,0
original.repeat0,shared_recovery_frozen.repeat0,162895,4.300000190734863,3,-1,1,0
original.repeat0,shared_recovery_frozen.repeat0,163232,4.099999904632568,2,-1,1,0
original.repeat0,shared_recovery_frozen.repeat0,163311,4.199999809265137,4,-1,1,0
original.repeat0,shared_recovery_frozen.repeat0,163494,4.300000190734863,1,2,1,1
original.repeat0,shared_recovery_frozen.repeat0,163495,4.300000190734863,3,-1,1,0
original.repeat0,shared_recovery_frozen.repeat0,163659,4.099999904632568,1,2,1,1
original.repeat0,shared_recovery_frozen.repeat0,163984,4.400000095367432,2,4,1,1
original.repeat0,shared_recovery_frozen.repeat0,164104,4.699999809265137,2,-1,1,0
original.repeat0,shared_recovery_frozen.repeat0,164359,5.199999809265137,4,-1,1,0
original.repeat0,shared_recovery_frozen.repeat0,164577,4.300000190734863,4,-1,1,0
original.repeat0,shared_recovery_frozen.repeat0,164612,4.900000095367432,3,-1,1,0
original.repeat0,shared_recovery_frozen.repeat0,165111,4.400000095367432,1,3,1,1
original.repeat0,shared_recovery_frozen.repeat0,165664,5.0,3,-1,1,0
original.repeat0,shared_recovery_frozen.repeat0,165786,4.5,2,-1,1,0
original.repeat0,shared_recovery_frozen.repeat0,166272,5.099999904632568,3,-1,1,0
original.repeat0,shared_recovery_frozen.repeat0,166571,4.199999809265137,2,4,1,1
original.repeat0,shared_recovery_frozen.repeat0,167313,4.400000095367432,5,4,1,1
original.repeat0,shared_recovery_frozen.repeat0,168055,4.5,2,3,1,1
original.repeat0,shared_recovery_frozen.repeat0,168792,4.400000095367432,3,-1,1,0
original.repeat0,shared_recovery_frozen.repeat0,169033,4.699999809265137,1,-1,1,0
original.repeat0,shared_recovery_frozen.repeat0,169074,4.5,2,-1,1,0
original.repeat0,shared_recovery_frozen.repeat0,169411,4.5,2,-1,1,0
original.repeat0,shared_recovery_frozen.repeat0,169507,5.300000190734863,2,4,1,1
original.repeat0,shared_recovery_frozen.repeat0,169722,5.0,3,-1,1,0
original.repeat0,shared_recovery_frozen.repeat0,169801,4.400000095367432,2,3,1,1
original.repeat0,shared_recovery_frozen.repeat0,169883,4.5,3,2,1,1
original.repeat0,shared_recovery_frozen.repeat0,170310,5.699999809265137,2,-1,1,0
original.repeat0,shared_recovery_frozen.repeat0,170642,4.199999809265137,2,-1,1,0
original.repeat0,shared_recovery_frozen.repeat0,170774,5.0,4,-1,1,0
original.repeat0,shared_recovery_frozen.repeat0,171459,4.5,2,3,1,1
original.repeat0,shared_recovery_frozen.repeat0,171532,5.099999904632568,2,-1,1,0
original.repeat0,shared_recovery_frozen.repeat0,171725,4.099999904632568,2,-1,1,0
original.repeat0,shared_recovery_frozen.repeat0,172293,4.400000095367432,4,-1,1,0
original.repeat0,shared_recovery_frozen.repeat0,172354,4.199999809265137,2,3,1,1
original.repeat0,shared_recovery_frozen.repeat0,173534,4.400000095367432,4,-1,1,0
original.repeat0,shared_recovery_frozen.repeat0,173548,5.599999904632568,2,-1,1,0
original.repeat0,shared_recovery_frozen.repeat0,173549,4.900000095367432,-1,4,0,1
original.repeat0,shared_recovery_frozen.repeat0,173918,4.5,2,-1,1,0
original.repeat0,shared_recovery_frozen.repeat0,174606,4.300000190734863,3,5,1,1
original.repeat0,shared_recovery_frozen.repeat0,174658,4.800000190734863,3,-1,1,0
original.repeat0,shared_recovery_frozen.repeat0,174710,4.800000190734863,5,3,1,1
original.repeat0,shared_recovery_frozen.repeat0,174785,4.300000190734863,2,3,1,1
original.repeat0,shared_recovery_frozen.repeat0,175016,4.5,1,2,1,1
original.repeat0,shared_recovery_frozen.repeat0,175308,4.5,2,1,1,1
original.repeat0,shared_recovery_frozen.repeat0,175408,4.400000095367432,3,4,1,1
original.repeat0,shared_recovery_frozen.repeat0,175971,4.199999809265137,4,-1,1,0
original.repeat0,shared_recovery_frozen.repeat0,176092,5.099999904632568,2,-1,1,0
original.repeat0,shared_recovery_frozen.repeat0,176299,4.300000190734863,3,-1,1,0
original.repeat0,shared_recovery_frozen.repeat0,176605,4.099999904632568,2,-1,1,0
original.repeat0,shared_recovery_frozen.repeat0,176771,4.699999809265137,1,2,1,1
original.repeat0,shared_recovery_frozen.repeat0,176772,5.5,2,3,1,1
original.repeat0,shared_recovery_frozen.repeat0,176863,4.599999904632568,2,-1,1,0
original.repeat0,shared_recovery_frozen.repeat0,177020,5.400000095367432,2,-1,1,0
original.repeat0,shared_recovery_frozen.repeat0,177058,4.400000095367432,4,3,1,1
original.repeat0,shared_recovery_frozen.repeat0,177526,5.400000095367432,3,4,1,1
original.repeat0,shared_recovery_frozen.repeat0,177684,4.699999809265137,2,-1,1,0
original.repeat0,shared_recovery_frozen.repeat0,178185,5.699999809265137,3,-1,1,0
original.repeat0,shared_recovery_frozen.repeat0,178218,4.599999904632568,3,-1,1,0
original.repeat0,shared_recovery_frozen.repeat0,178269,5.0,3,-1,1,0
original.repeat0,shared_recovery_frozen.repeat0,178290,4.699999809265137,3,-1,1,0
original.repeat0,shared_recovery_frozen.repeat0,178314,4.400000095367432,2,4,1,1
original.repeat0,shared_recovery_frozen.repeat0,178621,4.300000190734863,2,-1,1,0
original.repeat0,shared_recovery_frozen.repeat0,178807,5.699999809265137,3,-1,1,0
original.repeat0,shared_recovery_frozen.repeat0,179271,4.099999904632568,3,-1,1,0
original.repeat0,shared_recovery_frozen.repeat0,179303,4.400000095367432,2,-1,1,0
original.repeat0,shared_recovery_frozen.repeat0,179659,4.699999809265137,3,-1,1,0
original.repeat0,shared_recovery_frozen.repeat0,179879,6.400000095367432,4,-1,1,0
original.repeat0,shared_recovery_frozen.repeat0,180557,4.400000095367432,1,2,1,1
original.repeat0,shared_recovery_frozen.repeat0,180766,6.400000095367432,4,-1,1,0
original.repeat0,shared_recovery_frozen.repeat0,180892,5.099999904632568,3,4,1,1
original.repeat0,shared_recovery_frozen.repeat0,181162,4.900000095367432,2,4,1,1
original.repeat0,shared_recovery_frozen.repeat0,181166,6.800000190734863,2,-1,1,0
original.repeat0,shared_recovery_frozen.repeat0,181423,5.800000190734863,2,-1,1,0
original.repeat0,shared_recovery_frozen.repeat0,181578,4.5,2,4,1,1
original.repeat0,shared_recovery_frozen.repeat0,182716,4.400000095367432,4,-1,1,0
original.repeat0,shared_recovery_frozen.repeat0,183032,5.199999809265137,2,-1,1,0
original.repeat0,shared_recovery_frozen.repeat0,183760,5.300000190734863,4,-1,1,0
original.repeat0,shared_recovery_frozen.repeat0,183912,4.300000190734863,2,3,1,1
original.repeat0,shared_recovery_frozen.repeat0,183959,4.900000095367432,3,4,1,1
original.repeat0,shared_recovery_frozen.repeat0,184073,4.900000095367432,3,-1,1,0
original.repeat0,shared_recovery_frozen.repeat0,184627,4.099999904632568,3,2,1,1
original.repeat0,shared_recovery_frozen.repeat0,184891,4.199999809265137,1,2,1,1
original.repeat0,shared_recovery_frozen.repeat0,185347,4.400000095367432,2,-1,1,0
original.repeat0,shared_recovery_frozen.repeat0,185642,4.099999904632568,3,-1,1,0
original.repeat0,shared_recovery_frozen.repeat0,185654,4.099999904632568,3,-1,1,0
original.repeat0,shared_recovery_frozen.repeat0,185674,4.300000190734863,2,-1,1,0
original.repeat0,shared_recovery_frozen.repeat0,185678,4.699999809265137,2,4,1,1
original.repeat0,shared_recovery_frozen.repeat0,185690,4.300000190734863,1,2,1,1
original.repeat0,shared_recovery_frozen.repeat0,186148,4.800000190734863,3,4,1,1
original.repeat0,shared_recovery_frozen.repeat0,186400,4.199999809265137,2,4,1,1
original.repeat0,shared_recovery_frozen.repeat0,186630,4.900000095367432,2,3,1,1
original.repeat0,shared_recovery_frozen.repeat0,186875,4.5,4,-1,1,0
original.repeat0,shared_recovery_frozen.repeat0,186930,5.099999904632568,2,-1,1,0
original.repeat0,shared_recovery_frozen.repeat0,187088,4.400000095367432,5,-1,1,0
original.repeat0,shared_recovery_frozen.repeat0,187399,4.300000190734863,2,3,1,1
original.repeat0,shared_recovery_frozen.repeat0,188039,4.199999809265137,-1,4,0,1
original.repeat0,shared_recovery_frozen.repeat0,188053,5.0,3,4,1,1
original.repeat0,shared_recovery_frozen.repeat0,188095,4.199999809265137,2,4,1,1
original.repeat0,shared_recovery_frozen.repeat0,188187,4.800000190734863,5,-1,1,0
original.repeat0,shared_recovery_frozen.repeat0,188191,4.800000190734863,3,-1,1,0
original.repeat0,shared_recovery_frozen.repeat0,188316,4.300000190734863,3,-1,1,0
original.repeat0,shared_recovery_frozen.repeat0,188355,4.099999904632568,2,-1,1,0
original.repeat0,shared_recovery_frozen.repeat0,188467,4.400000095367432,1,2,1,1
original.repeat0,shared_recovery_frozen.repeat0,188511,4.5,2,3,1,1
original.repeat0,shared_recovery_frozen.repeat0,188832,4.599999904632568,4,-1,1,0
original.repeat0,shared_recovery_frozen.repeat0,188865,4.199999809265137,3,-1,1,0
original.repeat0,shared_recovery_frozen.repeat0,189245,4.699999809265137,2,5,1,1
original.repeat0,shared_recovery_frozen.repeat0,189442,4.099999904632568,2,3,1,1
original.repeat0,shared_recovery_frozen.repeat0,189470,4.400000095367432,2,4,1,1
original.repeat0,shared_recovery_frozen.repeat0,189695,4.300000190734863,3,-1,1,0
original.repeat0,shared_recovery_frozen.repeat0,189921,4.699999809265137,1,2,1,1
original.repeat0,shared_recovery_frozen.repeat0,190016,4.900000095367432,3,-1,1,0
original.repeat0,shared_recovery_frozen.repeat0,190073,4.199999809265137,4,2,1,1
original.repeat0,shared_recovery_frozen.repeat0,190274,4.5,3,4,1,1
original.repeat0,shared_recovery_frozen.repeat0,190362,4.099999904632568,2,4,1,1
original.repeat0,shared_recovery_frozen.repeat0,190803,4.599999904632568,3,-1,1,0
original.repeat0,shared_recovery_frozen.repeat0,191043,4.5,4,-1,1,0
original.repeat0,shared_recovery_frozen.repeat0,191115,4.199999809265137,2,-1,1,0
original.repeat0,shared_recovery_frozen.repeat0,191245,4.300000190734863,1,2,1,1
original.repeat0,shared_recovery_frozen.repeat0,191403,4.699999809265137,2,4,1,1
original.repeat0,shared_recovery_frozen.repeat0,191869,4.099999904632568,2,-1,1,0
original.repeat0,shared_recovery_frozen.repeat0,192358,4.800000190734863,4,-1,1,0
original.repeat0,shared_recovery_frozen.repeat0,192400,4.400000095367432,3,4,1,1
original.repeat0,shared_recovery_frozen.repeat0,192587,5.400000095367432,4,-1,1,0
original.repeat0,shared_recovery_frozen.repeat0,192896,4.800000190734863,-1,3,0,1
original.repeat0,shared_recovery_frozen.repeat0,193113,4.099999904632568,4,-1,1,0
original.repeat0,shared_recovery_frozen.repeat0,193144,4.199999809265137,2,5,1,1
original.repeat0,shared_recovery_frozen.repeat0,193234,4.300000190734863,4,5,1,1
original.repeat0,shared_recovery_frozen.repeat0,193443,4.5,5,-1,1,0
original.repeat0,shared_recovery_frozen.repeat0,193797,4.300000190734863,2,4,1,1
original.repeat0,shared_recovery_frozen.repeat0,193804,4.699999809265137,2,4,1,1
original.repeat0,shared_recovery_frozen.repeat0,193964,5.099999904632568,2,3,1,1
original.repeat0,shared_recovery_frozen.repeat0,194028,6.099999904632568,3,-1,1,0
original.repeat0,shared_recovery_frozen.repeat0,194176,4.199999809265137,3,4,1,1
original.repeat0,shared_recovery_frozen.repeat0,194559,4.800000190734863,4,-1,1,0
original.repeat0,shared_recovery_frozen.repeat0,194794,5.099999904632568,4,-1,1,0
original.repeat0,shared_recovery_frozen.repeat0,196040,4.5,2,-1,1,0
original.repeat0,shared_recovery_frozen.repeat0,196179,4.400000095367432,2,-1,1,0
original.repeat0,shared_recovery_frozen.repeat0,196248,4.5,3,4,1,1
original.repeat0,shared_recovery_frozen.repeat0,196397,4.300000190734863,1,2,1,1
original.repeat0,shared_recovery_frozen.repeat0,196609,5.400000095367432,4,-1,1,0
original.repeat0,shared_recovery_frozen.repeat0,196619,4.400000095367432,3,-1,1,0
original.repeat0,shared_recovery_frozen.repeat0,196757,4.099999904632568,4,-1,1,0
original.repeat0,shared_recovery_frozen.repeat0,196916,4.5,5,-1,1,0
original.repeat0,shared_recovery_frozen.repeat0,196926,5.699999809265137,2,3,1,1
original.repeat0,shared_recovery_frozen.repeat0,196952,5.199999809265137,3,4,1,1
original.repeat0,shared_recovery_frozen.repeat0,197031,4.199999809265137,2,4,1,1
original.repeat0,shared_recovery_frozen.repeat0,197054,5.800000190734863,3,5,1,1
original.repeat0,shared_recovery_frozen.repeat0,197555,5.199999809265137,3,-1,1,0
original.repeat0,shared_recovery_frozen.repeat0,197637,4.5,2,3,1,1
original.repeat0,shared_recovery_frozen.repeat0,198248,4.099999904632568,4,-1,1,0
original.repeat0,shared_recovery_frozen.repeat0,198341,4.400000095367432,2,3,1,1
original.repeat0,shared_recovery_frozen.repeat0,198881,4.400000095367432,3,-1,1,0
original.repeat0,shared_recovery_frozen.repeat0,198921,4.099999904632568,2,-1,1,0
original.repeat0,shared_recovery_frozen.repeat0,199146,5.900000095367432,3,-1,1,0
original.repeat0,shared_recovery_frozen.repeat0,199339,4.599999904632568,2,3,1,1
original.repeat0,shared_recovery_frozen.repeat0,199427,4.5,3,-1,1,0
original.repeat0,shared_recovery_frozen.repeat0,199646,4.199999809265137,2,-1,1,0
original.repeat0,shared_recovery_frozen.repeat0,199742,4.800000190734863,-1,3,0,1
original.repeat0,shared_recovery_frozen.repeat0,199829,5.5,3,-1,1,0
original.repeat0,shared_recovery_frozen.repeat0,200010,4.099999904632568,4,-1,1,0
original.repeat0,shared_recovery_frozen.repeat0,200914,5.0,2,-1,1,0
original.repeat0,shared_recovery_frozen.repeat0,201135,5.199999809265137,4,3,1,1
original.repeat0,shared_recovery_frozen.repeat0,201248,4.800000190734863,1,2,1,1
original.repeat0,shared_recovery_frozen.repeat0,201772,4.5,4,-1,1,0
original.repeat0,shared_recovery_frozen.repeat0,201933,5.0,5,-1,1,0
original.repeat0,shared_recovery_frozen.repeat0,201966,4.400000095367432,3,-1,1,0
original.repeat0,shared_recovery_frozen.repeat0,202046,4.300000190734863,3,-1,1,0
original.repeat0,shared_recovery_frozen.repeat0,202467,4.300000190734863,2,3,1,1
original.repeat0,shared_recovery_frozen.repeat0,202513,4.300000190734863,5,-1,1,0
original.repeat0,shared_recovery_frozen.repeat0,203050,4.300000190734863,1,2,1,1
original.repeat0,shared_recovery_frozen.repeat0,203372,5.099999904632568,2,4,1,1
original.repeat0,shared_recovery_frozen.repeat0,203691,4.199999809265137,3,4,1,1
original.repeat0,shared_recovery_frozen.repeat0,203868,4.300000190734863,3,-1,1,0
original.repeat0,shared_recovery_frozen.repeat0,204113,4.400000095367432,2,3,1,1
original.repeat0,shared_recovery_frozen.repeat0,204183,5.5,2,4,1,1
original.repeat0,shared_recovery_frozen.repeat0,205207,4.099999904632568,2,-1,1,0
original.repeat0,shared_recovery_frozen.repeat0,205316,4.599999904632568,3,2,1,1
original.repeat0,shared_recovery_frozen.repeat0,205436,4.099999904632568,3,-1,1,0
original.repeat0,shared_recovery_frozen.repeat0,205642,4.699999809265137,3,5,1,1
original.repeat0,shared_recovery_frozen.repeat0,205764,4.199999809265137,2,-1,1,0
original.repeat0,shared_recovery_frozen.repeat0,206407,4.400000095367432,3,4,1,1
original.repeat0,shared_recovery_frozen.repeat0,206672,4.099999904632568,3,4,1,1
original.repeat0,shared_recovery_frozen.repeat0,206680,4.199999809265137,3,-1,1,0
original.repeat0,shared_recovery_frozen.repeat0,206741,4.5,2,-1,1,0
original.repeat0,shared_recovery_frozen.repeat0,207474,4.300000190734863,4,-1,1,0
original.repeat0,shared_recovery_frozen.repeat0,207636,5.199999809265137,3,-1,1,0
original.repeat0,shared_recovery_frozen.repeat0,208011,4.699999809265137,2,3,1,1
original.repeat0,shared_recovery_frozen.repeat0,208062,4.5,2,3,1,1
original.repeat0,shared_recovery_frozen.repeat0,208065,4.300000190734863,2,3,1,1
original.repeat0,shared_recovery_frozen.repeat0,208234,4.400000095367432,3,5,1,1
original.repeat0,shared_recovery_frozen.repeat0,208250,4.699999809265137,2,3,1,1
original.repeat0,shared_recovery_frozen.repeat0,208254,4.599999904632568,2,-1,1,0
original.repeat0,shared_recovery_frozen.repeat0,209032,5.0,3,-1,1,0
original.repeat0,shared_recovery_frozen.repeat0,209034,4.699999809265137,4,-1,1,0
original.repeat0,shared_recovery_frozen.repeat0,209110,5.300000190734863,2,-1,1,0
original.repeat0,shared_recovery_frozen.repeat0,209225,5.199999809265137,2,3,1,1
original.repeat0,shared_recovery_frozen.repeat0,209424,4.5,3,-1,1,0
original.repeat0,shared_recovery_frozen.repeat0,209615,5.599999904632568,2,-1,1,0
original.repeat0,shared_recovery_frozen.repeat0,209977,4.699999809265137,2,3,1,1
original.repeat0,shared_recovery_frozen.repeat0,210125,4.699999809265137,2,3,1,1
original.repeat0,shared_recovery_frozen.repeat0,210386,6.199999809265137,3,-1,1,0
original.repeat0,shared_recovery_frozen.repeat0,210525,4.199999809265137,1,3,1,1
original.repeat0,shared_recovery_frozen.repeat0,210644,4.199999809265137,3,-1,1,0
original.repeat0,shared_recovery_frozen.repeat0,210667,4.699999809265137,1,2,1,1
original.repeat0,shared_recovery_frozen.repeat0,210840,4.400000095367432,4,-1,1,0
original.repeat0,shared_recovery_frozen.repeat0,210871,4.5,4,-1,1,0
original.repeat0,shared_recovery_frozen.repeat0,210960,4.400000095367432,3,2,1,1
original.repeat0,shared_recovery_frozen.repeat0,211513,4.599999904632568,3,-1,1,0
original.repeat0,shared_recovery_frozen.repeat0,211750,6.199999809265137,-1,5,0,1
original.repeat0,shared_recovery_frozen.repeat0,211856,4.199999809265137,3,-1,1,0
original.repeat0,shared_recovery_frozen.repeat0,211914,4.400000095367432,4,3,1,1
original.repeat0,shared_recovery_frozen.repeat0,211939,4.5,2,-1,1,0
original.repeat0,shared_recovery_frozen.repeat0,212300,4.400000095367432,2,-1,1,0
original.repeat0,shared_recovery_frozen.repeat0,212347,5.199999809265137,2,-1,1,0
original.repeat0,shared_recovery_frozen.repeat0,212917,4.300000190734863,5,-1,1,0
original.repeat0,shared_recovery_frozen.repeat0,213351,4.800000190734863,4,-1,1,0
original.repeat0,shared_recovery_frozen.repeat0,213353,4.800000190734863,2,1,1,1
original.repeat0,shared_recovery_frozen.repeat0,213494,4.099999904632568,3,-1,1,0
original.repeat0,shared_recovery_frozen.repeat0,214322,4.300000190734863,2,4,1,1
original.repeat0,shared_recovery_frozen.repeat0,214641,5.0,3,-1,1,0
original.repeat0,shared_recovery_frozen.repeat0,214660,4.5,2,-1,1,0
original.repeat0,shared_recovery_frozen.repeat0,215170,5.400000095367432,2,3,1,1
original.repeat0,shared_recovery_frozen.repeat0,215376,5.0,3,-1,1,0
original.repeat0,shared_recovery_frozen.repeat0,215512,4.699999809265137,3,-1,1,0
original.repeat0,shared_recovery_frozen.repeat0,215658,4.199999809265137,2,-1,1,0
original.repeat0,shared_recovery_frozen.repeat0,215824,4.199999809265137,2,3,1,1
original.repeat0,shared_recovery_frozen.repeat0,216030,4.800000190734863,5,2,1,1
original.repeat0,shared_recovery_frozen.repeat0,216180,4.099999904632568,3,2,1,1
original.repeat0,shared_recovery_frozen.repeat0,216263,4.099999904632568,2,-1,1,0
original.repeat0,shared_recovery_frozen.repeat0,216347,4.199999809265137,2,3,1,1
original.repeat0,shared_recovery_frozen.repeat0,216371,4.699999809265137,3,-1,1,0
original.repeat0,shared_recovery_frozen.repeat0,216495,4.300000190734863,2,-1,1,0
original.repeat0,shared_recovery_frozen.repeat0,216839,4.5,3,-1,1,0
original.repeat0,shared_recovery_frozen.repeat0,216888,4.900000095367432,2,4,1,1
original.repeat0,shared_recovery_frozen.repeat0,216908,4.599999904632568,3,-1,1,0
original.repeat0,shared_recovery_frozen.repeat0,217086,4.5,4,-1,1,0
original.repeat0,shared_recovery_frozen.repeat0,217093,4.199999809265137,3,4,1,1
original.repeat0,shared_recovery_frozen.repeat0,217095,5.199999809265137,3,-1,1,0
original.repeat0,shared_recovery_frozen.repeat0,217098,4.300000190734863,5,-1,1,0
original.repeat0,shared_recovery_frozen.repeat0,217210,5.699999809265137,2,3,1,1
original.repeat0,shared_recovery_frozen.repeat0,217478,4.300000190734863,2,4,1,1
original.repeat0,shared_recovery_frozen.repeat0,217508,5.0,1,2,1,1
original.repeat0,shared_recovery_frozen.repeat0,217677,4.699999809265137,2,3,1,1
original.repeat0,shared_recovery_frozen.repeat0,217996,4.199999809265137,2,3,1,1
original.repeat0,shared_recovery_frozen.repeat0,218233,5.400000095367432,3,-1,1,0
original.repeat0,shared_recovery_frozen.repeat0,218309,4.099999904632568,2,3,1,1
original.repeat0,shared_recovery_frozen.repeat0,218388,4.099999904632568,4,-1,1,0
original.repeat0,shared_recovery_frozen.repeat0,218416,5.0,2,-1,1,0
original.repeat0,shared_recovery_frozen.repeat0,218462,4.300000190734863,2,-1,1,0
original.repeat0,shared_recovery_frozen.repeat0,218483,4.699999809265137,2,3,1,1
original.repeat0,shared_recovery_frozen.repeat0,218548,4.800000190734863,2,-1,1,0
original.repeat0,shared_recovery_frozen.repeat0,219044,4.599999904632568,3,-1,1,0
original.repeat0,shared_recovery_frozen.repeat0,219061,4.400000095367432,2,3,1,1
original.repeat0,shared_recovery_frozen.repeat0,219170,4.599999904632568,2,3,1,1
original.repeat0,shared_recovery_frozen.repeat0,219176,5.0,2,-1,1,0
original.repeat0,shared_recovery_frozen.repeat0,219251,4.599999904632568,1,4,1,1
original.repeat0,shared_recovery_frozen.repeat0,219258,4.199999809265137,2,-1,1,0
original.repeat0,shared_recovery_frozen.repeat0,219476,4.599999904632568,3,-1,1,0
original.repeat0,shared_recovery_frozen.repeat0,219528,5.300000190734863,2,3,1,1
original.repeat0,shared_recovery_frozen.repeat0,220144,4.900000095367432,1,2,1,1
original.repeat0,shared_recovery_frozen.repeat0,220366,4.300000190734863,2,3,1,1
original.repeat0,shared_recovery_frozen.repeat0,220765,5.0,3,-1,1,0
original.repeat0,shared_recovery_frozen.repeat0,220991,4.900000095367432,1,5,1,1
original.repeat0,shared_recovery_frozen.repeat0,221981,4.5,5,-1,1,0
original.repeat0,shared_recovery_frozen.repeat0,222215,4.599999904632568,4,-1,1,0
original.repeat0,shared_recovery_frozen.repeat0,222558,4.5,2,3,1,1
original.repeat0,shared_recovery_frozen.repeat0,222617,5.900000095367432,2,4,1,1
original.repeat0,shared_recovery_frozen.repeat0,222854,4.400000095367432,3,4,1,1
original.repeat0,shared_recovery_frozen.repeat0,223048,4.199999809265137,2,-1,1,0
original.repeat0,shared_recovery_frozen.repeat0,223215,4.699999809265137,4,-1,1,0
original.repeat0,shared_recovery_frozen.repeat0,223277,4.099999904632568,2,4,1,1
original.repeat0,shared_recovery_frozen.repeat0,223364,4.300000190734863,4,-1,1,0
original.repeat0,shared_recovery_frozen.repeat0,223611,4.300000190734863,4,5,1,1
original.repeat0,shared_recovery_frozen.repeat0,223858,5.599999904632568,3,4,1,1
original.repeat0,shared_recovery_frozen.repeat0,223896,4.099999904632568,2,-1,1,0
original.repeat0,shared_recovery_frozen.repeat0,224024,4.5,3,-1,1,0
original.repeat0,shared_recovery_frozen.repeat0,224281,4.599999904632568,2,-1,1,0
original.repeat0,shared_recovery_frozen.repeat0,224336,5.599999904632568,3,5,1,1
original.repeat0,shared_recovery_frozen.repeat0,224499,4.900000095367432,2,-1,1,0
original.repeat0,shared_recovery_frozen.repeat0,224687,4.199999809265137,4,3,1,1
original.repeat0,shared_recovery_frozen.repeat0,225278,4.099999904632568,3,-1,1,0
original.repeat0,shared_recovery_frozen.repeat0,225532,4.099999904632568,1,2,1,1
original.repeat0,shared_recovery_frozen.repeat0,225996,4.400000095367432,3,-1,1,0
original.repeat0,shared_recovery_frozen.repeat0,226402,4.400000095367432,2,4,1,1
original.repeat0,shared_recovery_frozen.repeat0,226434,4.5,4,-1,1,0
original.repeat0,shared_recovery_frozen.repeat0,226516,4.099999904632568,2,3,1,1
original.repeat0,shared_recovery_frozen.repeat0,226551,4.300000190734863,2,-1,1,0
original.repeat0,shared_recovery_frozen.repeat0,226986,4.199999809265137,2,3,1,1
original.repeat0,shared_recovery_frozen.repeat0,227112,5.699999809265137,2,-1,1,0
original.repeat0,shared_recovery_frozen.repeat0,227149,4.699999809265137,2,3,1,1
original.repeat0,shared_recovery_frozen.repeat0,227298,4.800000190734863,3,4,1,1
original.repeat0,shared_recovery_frozen.repeat0,227550,4.199999809265137,3,-1,1,0
original.repeat0,shared_recovery_frozen.repeat0,227901,4.5,2,4,1,1
original.repeat0,shared_recovery_frozen.repeat0,228348,4.5,4,-1,1,0
original.repeat0,shared_recovery_frozen.repeat0,228397,4.199999809265137,2,-1,1,0
original.repeat0,shared_recovery_frozen.repeat0,228952,4.699999809265137,3,5,1,1
original.repeat0,shared_recovery_frozen.repeat0,228956,4.199999809265137,3,-1,1,0
original.repeat0,shared_recovery_frozen.repeat0,229484,4.199999809265137,2,4,1,1
original.repeat0,shared_recovery_frozen.repeat0,229629,4.900000095367432,5,-1,1,0
original.repeat0,shared_recovery_frozen.repeat0,229781,4.800000190734863,2,-1,1,0
original.repeat0,shared_recovery_frozen.repeat0,230231,4.199999809265137,3,-1,1,0
original.repeat0,shared_recovery_frozen.repeat0,230245,4.800000190734863,-1,4,0,1
original.repeat0,shared_recovery_frozen.repeat0,230335,4.099999904632568,2,3,1,1
original.repeat0,shared_recovery_frozen.repeat0,230394,4.099999904632568,3,-1,1,0
original.repeat0,shared_recovery_frozen.repeat0,230660,4.800000190734863,5,-1,1,0
original.repeat0,shared_recovery_frozen.repeat0,231358,4.300000190734863,2,-1,1,0
original.repeat0,shared_recovery_frozen.repeat0,231523,4.099999904632568,2,1,1,1
original.repeat0,shared_recovery_frozen.repeat0,231527,4.199999809265137,2,-1,1,0
original.repeat0,shared_recovery_frozen.repeat0,232045,4.599999904632568,1,2,1,1
original.repeat0,shared_recovery_frozen.repeat0,232540,4.5,2,-1,1,0
original.repeat0,shared_recovery_frozen.repeat0,232622,4.099999904632568,1,2,1,1
original.repeat0,shared_recovery_frozen.repeat0,233270,4.599999904632568,4,3,1,1
original.repeat0,shared_recovery_frozen.repeat0,233363,4.099999904632568,4,-1,1,0
original.repeat0,shared_recovery_frozen.repeat0,233557,4.099999904632568,2,3,1,1
original.repeat0,shared_recovery_frozen.repeat0,233891,4.599999904632568,3,-1,1,0
original.repeat0,shared_recovery_frozen.repeat0,234460,4.199999809265137,1,2,1,1
original.repeat0,shared_recovery_frozen.repeat0,234703,4.599999904632568,2,1,1,1
original.repeat0,shared_recovery_frozen.repeat0,234818,4.300000190734863,3,-1,1,0
original.repeat0,shared_recovery_frozen.repeat0,234953,4.599999904632568,3,-1,1,0
original.repeat0,shared_recovery_frozen.repeat0,235059,4.699999809265137,5,-1,1,0
original.repeat0,shared_recovery_frozen.repeat0,235163,4.5,2,-1,1,0
original.repeat0,shared_recovery_frozen.repeat0,235208,4.400000095367432,4,-1,1,0
original.repeat0,shared_recovery_frozen.repeat0,235210,4.300000190734863,4,-1,1,0
original.repeat0,shared_recovery_frozen.repeat0,235326,5.699999809265137,3,-1,1,0
original.repeat0,shared_recovery_frozen.repeat0,235341,4.800000190734863,2,-1,1,0
original.repeat0,shared_recovery_frozen.repeat0,235438,5.199999809265137,1,2,1,1
original.repeat0,shared_recovery_frozen.repeat0,236011,4.099999904632568,4,-1,1,0
original.repeat0,shared_recovery_frozen.repeat0,236718,4.900000095367432,3,-1,1,0
original.repeat0,shared_recovery_frozen.repeat0,236777,4.199999809265137,4,-1,1,0
original.repeat0,shared_recovery_frozen.repeat0,236910,4.599999904632568,2,3,1,1
original.repeat0,shared_recovery_frozen.repeat0,237064,4.5,4,-1,1,0
original.repeat0,shared_recovery_frozen.repeat0,237167,4.400000095367432,2,-1,1,0
original.repeat0,shared_recovery_frozen.repeat0,237236,4.800000190734863,3,-1,1,0
original.repeat0,shared_recovery_frozen.repeat0,237690,5.199999809265137,3,-1,1,0
original.repeat0,shared_recovery_frozen.repeat0,237700,4.599999904632568,5,3,1,1
original.repeat0,shared_recovery_frozen.repeat0,237706,4.699999809265137,3,-1,1,0
original.repeat0,shared_recovery_frozen.repeat0,237711,4.400000095367432,3,-1,1,0
original.repeat0,shared_recovery_frozen.repeat0,237886,5.300000190734863,3,4,1,1
original.repeat0,shared_recovery_frozen.repeat0,237962,4.199999809265137,4,-1,1,0
original.repeat0,shared_recovery_frozen.repeat0,238428,4.099999904632568,3,-1,1,0
original.repeat0,shared_recovery_frozen.repeat0,238717,4.400000095367432,3,-1,1,0
original.repeat0,shared_recovery_frozen.repeat0,238800,5.199999809265137,4,-1,1,0
original.repeat0,shared_recovery_frozen.repeat0,238887,4.900000095367432,2,-1,1,0
original.repeat0,shared_recovery_frozen.repeat0,239037,5.0,2,3,1,1
original.repeat0,shared_recovery_frozen.repeat0,239117,4.099999904632568,3,4,1,1
original.repeat0,shared_recovery_frozen.repeat0,239159,4.300000190734863,2,-1,1,0
original.repeat0,shared_recovery_frozen.repeat0,239329,6.099999904632568,3,-1,1,0
original.repeat0,shared_recovery_frozen.repeat0,239534,4.900000095367432,2,-1,1,0
original.repeat0,shared_recovery_frozen.repeat0,239544,4.199999809265137,4,-1,1,0
original.repeat0,shared_recovery_frozen.repeat0,239560,4.400000095367432,3,-1,1,0
original.repeat0,shared_recovery_frozen.repeat0,239798,4.5,3,-1,1,0
original.repeat0,shared_recovery_frozen.repeat0,239843,4.300000190734863,3,-1,1,0
original.repeat0,shared_recovery_frozen.repeat0,239881,4.099999904632568,3,4,1,1
original.repeat0,shared_recovery_frozen.repeat0,239921,4.5,2,3,1,1
original.repeat0,shared_recovery_frozen.repeat0,240008,4.099999904632568,4,-1,1,0
original.repeat0,shared_recovery_frozen.repeat0,240277,6.0,4,-1,1,0
original.repeat0,shared_recovery_frozen.repeat0,240725,4.199999809265137,3,-1,1,0
original.repeat0,shared_recovery_frozen.repeat0,241015,4.199999809265137,2,-1,1,0
original.repeat0,shared_recovery_frozen.repeat0,241085,4.5,2,-1,1,0
original.repeat0,shared_recovery_frozen.repeat0,241226,4.300000190734863,2,-1,1,0
original.repeat0,shared_recovery_frozen.repeat0,241475,4.199999809265137,3,-1,1,0
original.repeat0,shared_recovery_frozen.repeat0,241625,4.599999904632568,2,4,1,1
original.repeat0,shared_recovery_frozen.repeat0,241755,4.5,4,-1,1,0
original.repeat0,shared_recovery_frozen.repeat0,241779,4.099999904632568,1,-1,1,0
original.repeat0,shared_recovery_frozen.repeat0,242293,4.199999809265137,3,-1,1,0
original.repeat0,shared_recovery_frozen.repeat0,243242,4.300000190734863,3,-1,1,0
original.repeat0,shared_recovery_frozen.repeat0,243522,4.5,2,-1,1,0
original.repeat0,shared_recovery_frozen.repeat0,243990,4.199999809265137,4,3,1,1
original.repeat0,shared_recovery_frozen.repeat0,244353,4.599999904632568,2,3,1,1
original.repeat0,shared_recovery_frozen.repeat0,244523,4.199999809265137,3,-1,1,0
original.repeat0,shared_recovery_frozen.repeat0,244620,4.599999904632568,2,-1,1,0
original.repeat0,shared_recovery_frozen.repeat0,245049,4.099999904632568,3,-1,1,0
original.repeat0,shared_recovery_frozen.repeat0,245563,4.400000095367432,3,-1,1,0
original.repeat0,shared_recovery_frozen.repeat0,245615,5.0,1,2,1,1
original.repeat0,shared_recovery_frozen.repeat0,246061,4.400000095367432,4,-1,1,0
original.repeat0,shared_recovery_frozen.repeat0,246206,4.400000095367432,4,5,1,1
original.repeat0,shared_recovery_frozen.repeat0,246625,4.199999809265137,3,-1,1,0
original.repeat0,shared_recovery_frozen.repeat0,246942,4.400000095367432,3,4,1,1
original.repeat0,shared_recovery_frozen.repeat0,247012,4.800000190734863,2,4,1,1
original.repeat0,shared_recovery_frozen.repeat0,247058,5.099999904632568,4,-1,1,0
original.repeat0,shared_recovery_frozen.repeat0,247198,4.099999904632568,3,-1,1,0
original.repeat0,shared_recovery_frozen.repeat0,247306,4.699999809265137,1,2,1,1
original.repeat0,shared_recovery_frozen.repeat0,247356,4.099999904632568,2,3,1,1
original.repeat0,shared_recovery_frozen.repeat0,247522,5.599999904632568,4,-1,1,0
original.repeat0,shared_recovery_frozen.repeat0,248047,4.099999904632568,1,-1,1,0
original.repeat0,shared_recovery_frozen.repeat0,248277,4.300000190734863,5,-1,1,0
original.repeat0,shared_recovery_frozen.repeat0,248469,4.099999904632568,3,-1,1,0
original.repeat0,shared_recovery_frozen.repeat0,249492,4.199999809265137,2,-1,1,0
original.repeat0,shared_recovery_frozen.repeat0,250152,5.599999904632568,2,3,1,1
original.repeat0,shared_recovery_frozen.repeat0,250159,4.300000190734863,4,-1,1,0
original.repeat0,shared_recovery_frozen.repeat0,250199,4.699999809265137,2,4,1,1
original.repeat0,shared_recovery_frozen.repeat0,251073,4.300000190734863,2,4,1,1
original.repeat0,shared_recovery_frozen.repeat0,251240,5.800000190734863,1,2,1,1
original.repeat0,shared_recovery_frozen.repeat0,251274,5.300000190734863,4,3,1,1
original.repeat0,shared_recovery_frozen.repeat0,251331,5.099999904632568,2,-1,1,0
original.repeat0,shared_recovery_frozen.repeat0,251972,4.099999904632568,5,-1,1,0
original.repeat0,shared_recovery_frozen.repeat0,251991,5.300000190734863,2,3,1,1
original.repeat0,shared_recovery_frozen.repeat0,252121,4.699999809265137,5,-1,1,0
original.repeat0,shared_recovery_frozen.repeat0,252669,4.099999904632568,2,-1,1,0
original.repeat0,shared_recovery_frozen.repeat0,252881,4.400000095367432,3,-1,1,0
original.repeat0,shared_recovery_frozen.repeat0,253030,4.199999809265137,1,2,1,1
original.repeat0,shared_recovery_frozen.repeat0,253164,4.099999904632568,2,-1,1,0
original.repeat0,shared_recovery_frozen.repeat0,253858,4.199999809265137,3,-1,1,0
original.repeat0,shared_recovery_frozen.repeat0,253862,4.300000190734863,2,4,1,1
original.repeat0,shared_recovery_frozen.repeat0,254755,4.199999809265137,4,-1,1,0
original.repeat0,shared_recovery_frozen.repeat0,255148,4.900000095367432,2,5,1,1
original.repeat0,shared_recovery_frozen.repeat0,255526,4.800000190734863,2,-1,1,0
original.repeat0,shared_recovery_frozen.repeat0,255670,4.699999809265137,3,-1,1,0
original.repeat0,shared_recovery_frozen.repeat0,256065,4.400000095367432,2,4,1,1
original.repeat0,shared_recovery_frozen.repeat0,256161,4.099999904632568,4,2,1,1
original.repeat0,shared_recovery_frozen.repeat0,256180,4.5,2,-1,1,0
original.repeat0,shared_recovery_frozen.repeat0,256591,4.199999809265137,3,2,1,1
original.repeat0,shared_recovery_frozen.repeat0,257399,4.800000190734863,4,-1,1,0
original.repeat0,shared_recovery_frozen.repeat0,257812,4.400000095367432,2,3,1,1
original.repeat0,shared_recovery_frozen.repeat0,257948,4.5,2,-1,1,0
original.repeat0,shared_recovery_frozen.repeat0,258014,5.0,3,2,1,1
original.repeat0,shared_recovery_frozen.repeat0,258025,4.199999809265137,5,-1,1,0
original.repeat0,shared_recovery_frozen.repeat0,258263,4.099999904632568,2,3,1,1
original.repeat0,shared_recovery_frozen.repeat0,258312,4.099999904632568,2,-1,1,0
original.repeat0,shared_recovery_frozen.repeat0,258648,4.199999809265137,2,4,1,1
original.repeat0,shared_recovery_frozen.repeat0,258908,5.099999904632568,3,-1,1,0
original.repeat0,shared_recovery_frozen.repeat0,258919,4.099999904632568,-1,4,0,1
original.repeat0,shared_recovery_frozen.repeat0,258962,5.199999809265137,3,4,1,1
original.repeat0,shared_recovery_frozen.repeat0,258979,4.800000190734863,5,-1,1,0
original.repeat0,shared_recovery_frozen.repeat0,259095,4.5,2,3,1,1
original.repeat0,shared_recovery_frozen.repeat0,259170,4.400000095367432,2,4,1,1
original.repeat0,shared_recovery_frozen.repeat0,259513,4.199999809265137,4,-1,1,0
original.repeat0,shared_recovery_frozen.repeat0,259607,4.300000190734863,3,-1,1,0
original.repeat0,shared_recovery_frozen.repeat0,259639,4.5,3,2,1,1
original.repeat0,shared_recovery_frozen.repeat0,259759,4.300000190734863,5,-1,1,0
original.repeat0,shared_recovery_frozen.repeat0,259782,4.199999809265137,1,2,1,1
original.repeat0,shared_recovery_frozen.repeat0,260189,4.099999904632568,2,3,1,1
original.repeat0,shared_recovery_frozen.repeat0,260191,4.099999904632568,2,3,1,1
original.repeat0,shared_recovery_frozen.repeat0,260291,4.800000190734863,4,-1,1,0
original.repeat0,shared_recovery_frozen.repeat0,260396,5.0,3,4,1,1
original.repeat0,shared_recovery_frozen.repeat0,260563,4.400000095367432,2,-1,1,0
original.repeat0,shared_recovery_frozen.repeat0,260707,4.400000095367432,2,-1,1,0
original.repeat0,shared_recovery_frozen.repeat0,261031,4.599999904632568,3,-1,1,0
original.repeat0,shared_recovery_frozen.repeat0,261658,4.5,3,-1,1,0
original.repeat0,shared_recovery_frozen.repeat0,261986,4.099999904632568,2,3,1,1
original.repeat0,shared_recovery_frozen.repeat0,262305,5.400000095367432,2,4,1,1
original.repeat0,shared_recovery_frozen.repeat0,262366,4.199999809265137,2,3,1,1
original.repeat0,shared_recovery_frozen.repeat0,262512,5.199999809265137,2,-1,1,0
original.repeat0,shared_recovery_frozen.repeat0,262595,4.599999904632568,3,-1,1,0
original.repeat0,shared_recovery_frozen.repeat0,262914,4.199999809265137,3,2,1,1
original.repeat0,shared_recovery_frozen.repeat0,262924,4.199999809265137,2,4,1,1
original.repeat0,shared_recovery_frozen.repeat0,263632,4.099999904632568,2,3,1,1
original.repeat0,shared_recovery_frozen.repeat0,263706,4.699999809265137,3,-1,1,0
original.repeat0,shared_recovery_frozen.repeat0,263849,4.800000190734863,4,-1,1,0
original.repeat0,shared_recovery_frozen.repeat0,264105,4.599999904632568,5,-1,1,0
original.repeat0,shared_recovery_frozen.repeat0,264197,4.400000095367432,2,3,1,1
original.repeat0,shared_recovery_frozen.repeat0,264256,4.300000190734863,3,4,1,1
original.repeat0,shared_recovery_frozen.repeat0,264300,4.199999809265137,1,2,1,1
original.repeat0,shared_recovery_frozen.repeat0,265066,5.199999809265137,2,-1,1,0
original.repeat0,shared_recovery_frozen.repeat0,265807,4.699999809265137,3,-1,1,0
original.repeat0,shared_recovery_frozen.repeat0,265852,4.5,2,-1,1,0
original.repeat0,shared_recovery_frozen.repeat0,266262,5.0,4,-1,1,0
original.repeat0,shared_recovery_frozen.repeat0,266369,4.699999809265137,2,3,1,1
original.repeat0,shared_recovery_frozen.repeat0,266661,4.699999809265137,3,4,1,1
original.repeat0,shared_recovery_frozen.repeat0,266741,5.599999904632568,3,4,1,1
original.repeat0,shared_recovery_frozen.repeat0,266788,4.5,2,-1,1,0
original.repeat0,shared_recovery_frozen.repeat0,267633,4.199999809265137,2,-1,1,0
original.repeat0,shared_recovery_frozen.repeat0,267852,5.400000095367432,2,-1,1,0
original.repeat0,shared_recovery_frozen.repeat0,268324,4.900000095367432,2,3,1,1
original.repeat0,shared_recovery_frozen.repeat0,268549,4.5,2,3,1,1
original.repeat0,shared_recovery_frozen.repeat0,268779,4.400000095367432,4,-1,1,0
original.repeat0,shared_recovery_frozen.repeat0,268869,4.300000190734863,4,-1,1,0
original.repeat0,shared_recovery_frozen.repeat0,269129,5.900000095367432,2,3,1,1
original.repeat0,shared_recovery_frozen.repeat0,269535,5.099999904632568,2,-1,1,0
original.repeat0,shared_recovery_frozen.repeat0,269579,4.199999809265137,2,3,1,1
original.repeat0,shared_recovery_frozen.repeat0,269692,4.5,2,-1,1,0
original.repeat0,shared_recovery_frozen.repeat0,269976,5.099999904632568,5,-1,1,0
original.repeat0,shared_recovery_frozen.repeat0,270292,4.099999904632568,1,2,1,1
original.repeat0,shared_recovery_frozen.repeat0,270320,4.099999904632568,5,-1,1,0
original.repeat0,shared_recovery_frozen.repeat0,270435,4.400000095367432,2,1,1,1
original.repeat0,shared_recovery_frozen.repeat0,270594,4.599999904632568,1,2,1,1
original.repeat0,shared_recovery_frozen.repeat0,271036,4.199999809265137,5,-1,1,0
original.repeat0,shared_recovery_frozen.repeat0,271074,4.800000190734863,1,2,1,1
original.repeat0,shared_recovery_frozen.repeat0,271097,4.199999809265137,3,-1,1,0
original.repeat0,shared_recovery_frozen.repeat0,271163,4.400000095367432,3,-1,1,0
original.repeat0,shared_recovery_frozen.repeat0,271354,4.300000190734863,3,-1,1,0
original.repeat0,shared_recovery_frozen.repeat0,271391,4.400000095367432,1,2,1,1
original.repeat0,shared_recovery_frozen.repeat0,271434,4.699999809265137,1,2,1,1
original.repeat0,shared_recovery_frozen.repeat0,271484,4.400000095367432,3,-1,1,0
original.repeat0,shared_recovery_frozen.repeat0,271786,5.400000095367432,2,3,1,1
original.repeat0,shared_recovery_frozen.repeat0,271861,4.400000095367432,3,-1,1,0
original.repeat0,shared_recovery_frozen.repeat0,271921,4.5,2,3,1,1
original.repeat0,shared_recovery_frozen.repeat0,271994,5.599999904632568,3,-1,1,0
original.repeat0,shared_recovery_frozen.repeat0,272655,4.199999809265137,2,3,1,1
original.repeat0,shared_recovery_frozen.repeat0,272744,5.5,3,-1,1,0
original.repeat0,shared_recovery_frozen.repeat0,272771,4.800000190734863,1,2,1,1
original.repeat0,shared_recovery_frozen.repeat0,272971,4.099999904632568,1,2,1,1
original.repeat0,shared_recovery_frozen.repeat0,273311,4.400000095367432,-1,4,0,1
original.repeat0,shared_recovery_frozen.repeat0,273357,4.300000190734863,1,2,1,1
original.repeat0,shared_recovery_frozen.repeat0,273469,4.5,4,-1,1,0
original.repeat0,shared_recovery_frozen.repeat0,273820,5.0,3,-1,1,0
original.repeat0,shared_recovery_frozen.repeat0,273895,4.300000190734863,2,3,1,1
original.repeat0,shared_recovery_frozen.repeat0,274228,4.5,2,-1,1,0
original.repeat0,shared_recovery_frozen.repeat0,274511,4.099999904632568,2,5,1,1
original.repeat0,shared_recovery_frozen.repeat0,274690,4.300000190734863,2,4,1,1
original.repeat0,shared_recovery_frozen.repeat0,274743,5.599999904632568,2,-1,1,0
original.repeat0,shared_recovery_frozen.repeat0,274859,4.300000190734863,2,5,1,1
original.repeat0,shared_recovery_frozen.repeat0,274890,4.400000095367432,2,-1,1,0
original.repeat0,shared_recovery_frozen.repeat0,275389,4.800000190734863,2,1,1,1
original.repeat0,shared_recovery_frozen.repeat0,275428,5.900000095367432,1,2,1,1
original.repeat0,shared_recovery_frozen.repeat0,276028,4.099999904632568,3,-1,1,0
original.repeat0,shared_recovery_frozen.repeat0,276161,4.199999809265137,2,5,1,1
original.repeat0,shared_recovery_frozen.repeat0,276258,4.5,2,-1,1,0
original.repeat0,shared_recovery_frozen.repeat0,276846,4.699999809265137,2,3,1,1
original.repeat0,shared_recovery_frozen.repeat0,277213,4.199999809265137,4,-1,1,0
original.repeat0,shared_recovery_frozen.repeat0,277567,4.199999809265137,1,2,1,1
original.repeat0,shared_recovery_frozen.repeat0,277723,4.199999809265137,5,-1,1,0
original.repeat0,shared_recovery_frozen.repeat0,277932,4.5,2,-1,1,0
original.repeat0,shared_recovery_frozen.repeat0,278000,4.900000095367432,3,-1,1,0
original.repeat0,shared_recovery_frozen.repeat0,278682,4.199999809265137,2,-1,1,0
original.repeat0,shared_recovery_frozen.repeat0,279317,4.599999904632568,2,5,1,1
original.repeat0,shared_recovery_frozen.repeat0,279521,7.400000095367432,4,5,1,1
original.repeat0,shared_recovery_frozen.repeat0,279785,4.800000190734863,2,4,1,1
original.repeat0,shared_recovery_frozen.repeat0,279952,4.400000095367432,2,4,1,1
original.repeat0,shared_recovery_frozen.repeat0,280808,5.900000095367432,3,-1,1,0
original.repeat0,shared_recovery_frozen.repeat0,281051,4.099999904632568,2,4,1,1
original.repeat0,shared_recovery_frozen.repeat0,281466,4.199999809265137,3,-1,1,0
original.repeat0,shared_recovery_frozen.repeat0,282016,5.699999809265137,1,2,1,1
original.repeat0,shared_recovery_frozen.repeat0,282291,4.199999809265137,4,-1,1,0
original.repeat0,shared_recovery_frozen.repeat0,282608,4.900000095367432,2,4,1,1
original.repeat0,shared_recovery_frozen.repeat0,282839,5.199999809265137,3,-1,1,0
original.repeat0,shared_recovery_frozen.repeat0,282905,4.099999904632568,3,-1,1,0
original.repeat0,shared_recovery_frozen.repeat0,283053,4.199999809265137,2,-1,1,0
original.repeat0,shared_recovery_frozen.repeat0,283163,4.199999809265137,2,-1,1,0
original.repeat0,shared_recovery_frozen.repeat0,283208,4.099999904632568,2,5,1,1
original.repeat0,shared_recovery_frozen.repeat0,283476,4.699999809265137,3,4,1,1
original.repeat0,shared_recovery_frozen.repeat0,283800,4.199999809265137,2,3,1,1
original.repeat0,shared_recovery_frozen.repeat0,283811,4.699999809265137,3,-1,1,0
original.repeat0,shared_recovery_frozen.repeat0,284190,4.800000190734863,2,-1,1,0
original.repeat0,shared_recovery_frozen.repeat0,284319,4.300000190734863,3,-1,1,0
original.repeat0,shared_recovery_frozen.repeat0,284587,5.300000190734863,2,4,1,1
original.repeat0,shared_recovery_frozen.repeat0,284648,5.300000190734863,4,-1,1,0
original.repeat0,shared_recovery_frozen.repeat0,284687,4.099999904632568,3,-1,1,0
original.repeat0,shared_recovery_frozen.repeat0,285236,5.400000095367432,3,-1,1,0
original.repeat0,shared_recovery_frozen.repeat0,285633,5.900000095367432,-1,3,0,1
original.repeat0,shared_recovery_frozen.repeat0,285766,4.800000190734863,4,-1,1,0
original.repeat0,shared_recovery_frozen.repeat0,286081,5.699999809265137,3,-1,1,0
original.repeat0,shared_recovery_frozen.repeat0,286207,4.5,1,2,1,1
original.repeat0,shared_recovery_frozen.repeat0,286359,4.199999809265137,3,4,1,1
original.repeat0,shared_recovery_frozen.repeat0,286753,4.800000190734863,2,3,1,1
original.repeat0,shared_recovery_frozen.repeat0,286945,5.0,3,-1,1,0
original.repeat0,shared_recovery_frozen.repeat0,286958,4.699999809265137,3,-1,1,0
original.repeat0,shared_recovery_frozen.repeat0,286994,4.099999904632568,2,4,1,1
original.repeat0,shared_recovery_frozen.repeat0,286999,4.599999904632568,2,-1,1,0
original.repeat0,shared_recovery_frozen.repeat0,287082,4.099999904632568,3,4,1,1
original.repeat0,shared_recovery_frozen.repeat0,287355,4.400000095367432,5,-1,1,0
original.repeat0,shared_recovery_frozen.repeat0,287654,4.199999809265137,2,-1,1,0
original.repeat0,shared_recovery_frozen.repeat0,288085,5.400000095367432,3,-1,1,0
original.repeat0,shared_recovery_frozen.repeat0,288684,4.199999809265137,2,3,1,1
original.repeat0,shared_recovery_frozen.repeat0,288989,4.400000095367432,2,-1,1,0
original.repeat0,shared_recovery_frozen.repeat0,289112,4.099999904632568,3,4,1,1
original.repeat0,shared_recovery_frozen.repeat0,289312,5.099999904632568,2,-1,1,0
original.repeat0,shared_recovery_frozen.repeat0,289689,4.300000190734863,3,2,1,1
original.repeat0,shared_recovery_frozen.repeat0,289697,4.699999809265137,1,2,1,1
original.repeat0,shared_recovery_frozen.repeat0,289991,5.5,2,3,1,1
original.repeat0,shared_recovery_frozen.repeat0,290416,4.599999904632568,1,3,1,1
original.repeat0,shared_recovery_frozen.repeat0,290466,4.5,5,-1,1,0
original.repeat0,shared_recovery_frozen.repeat0,290554,4.699999809265137,3,-1,1,0
original.repeat0,shared_recovery_frozen.repeat0,290573,4.099999904632568,2,-1,1,0
original.repeat0,shared_recovery_frozen.repeat0,290995,4.699999809265137,3,-1,1,0
original.repeat0,shared_recovery_frozen.repeat0,291415,4.099999904632568,2,-1,1,0
original.repeat0,shared_recovery_frozen.repeat0,291884,4.5,3,-1,1,0
original.repeat0,shared_recovery_frozen.repeat0,292060,4.5,3,-1,1,0
original.repeat0,shared_recovery_frozen.repeat0,292077,5.300000190734863,2,3,1,1
original.repeat0,shared_recovery_frozen.repeat0,292093,4.5,4,-1,1,0
original.repeat0,shared_recovery_frozen.repeat0,292328,4.300000190734863,2,-1,1,0
original.repeat0,shared_recovery_frozen.repeat0,292449,4.599999904632568,2,3,1,1
original.repeat0,shared_recovery_frozen.repeat0,292620,4.099999904632568,2,4,1,1
original.repeat0,shared_recovery_frozen.repeat0,292734,4.300000190734863,2,5,1,1
original.repeat0,shared_recovery_frozen.repeat0,292867,4.300000190734863,2,-1,1,0
original.repeat0,shared_recovery_frozen.repeat0,293284,4.099999904632568,1,-1,1,0
original.repeat0,shared_recovery_frozen.repeat0,293657,4.400000095367432,1,2,1,1
original.repeat0,shared_recovery_frozen.repeat0,293672,5.699999809265137,2,-1,1,0
original.repeat0,shared_recovery_frozen.repeat0,293703,4.199999809265137,3,2,1,1
original.repeat0,shared_recovery_frozen.repeat0,294208,4.199999809265137,2,3,1,1
original.repeat0,shared_recovery_frozen.repeat0,294317,5.199999809265137,2,-1,1,0
original.repeat0,shared_recovery_frozen.repeat0,294359,4.199999809265137,2,-1,1,0
original.repeat0,shared_recovery_frozen.repeat0,294643,6.0,1,2,1,1
original.repeat0,shared_recovery_frozen.repeat0,295008,4.099999904632568,4,-1,1,0
original.repeat0,shared_recovery_frozen.repeat0,295401,4.900000095367432,5,-1,1,0
original.repeat0,shared_recovery_frozen.repeat0,295438,5.699999809265137,2,3,1,1
original.repeat0,shared_recovery_frozen.repeat0,295460,4.199999809265137,1,3,1,1
original.repeat0,shared_recovery_frozen.repeat0,295656,5.199999809265137,2,-1,1,0
original.repeat0,shared_recovery_frozen.repeat0,295968,4.900000095367432,2,3,1,1
original.repeat0,shared_recovery_frozen.repeat0,296402,4.5,3,4,1,1
original.repeat0,shared_recovery_frozen.repeat0,296641,4.300000190734863,2,5,1,1
original.repeat0,shared_recovery_frozen.repeat0,296655,5.099999904632568,2,3,1,1
original.repeat0,shared_recovery_frozen.repeat0,296895,4.699999809265137,2,3,1,1
original.repeat0,shared_recovery_frozen.repeat0,297199,4.199999809265137,1,2,1,1
original.repeat0,shared_recovery_frozen.repeat0,297409,4.199999809265137,2,-1,1,0
original.repeat0,shared_recovery_frozen.repeat0,297433,4.199999809265137,-1,3,0,1
original.repeat0,shared_recovery_frozen.repeat0,297492,4.199999809265137,5,3,1,1
original.repeat0,shared_recovery_frozen.repeat0,297665,4.599999904632568,3,5,1,1
original.repeat0,shared_recovery_frozen.repeat0,298032,4.300000190734863,5,3,1,1
original.repeat0,shared_recovery_frozen.repeat0,298058,5.5,2,-1,1,0
original.repeat0,shared_recovery_frozen.repeat0,298242,4.800000190734863,4,-1,1,0
original.repeat0,shared_recovery_frozen.repeat0,298288,4.099999904632568,1,2,1,1
original.repeat0,shared_recovery_frozen.repeat0,298536,4.099999904632568,3,-1,1,0
original.repeat0,shared_recovery_frozen.repeat0,298596,5.5,5,-1,1,0
original.repeat0,shared_recovery_frozen.repeat0,298672,4.5,2,4,1,1
original.repeat0,shared_recovery_frozen.repeat0,299159,4.300000190734863,2,-1,1,0
original.repeat0,shared_recovery_frozen.repeat0,299305,4.800000190734863,3,-1,1,0
original.repeat0,shared_recovery_frozen.repeat0,299526,5.0,3,2,1,1
original.repeat0,shared_recovery_frozen.repeat0,299554,4.400000095367432,2,-1,1,0
original.repeat0,shared_recovery_frozen.repeat0,300084,4.300000190734863,3,-1,1,0
original.repeat0,shared_recovery_frozen.repeat0,300175,4.400000095367432,1,2,1,1
original.repeat0,shared_recovery_frozen.repeat0,300293,4.400000095367432,2,3,1,1
original.repeat0,shared_recovery_frozen.repeat0,300349,4.900000095367432,2,-1,1,0
original.repeat0,shared_recovery_frozen.repeat0,300374,4.599999904632568,3,4,1,1
original.repeat0,shared_recovery_frozen.repeat0,300449,4.300000190734863,3,5,1,1
original.repeat0,shared_recovery_frozen.repeat0,300689,4.800000190734863,3,-1,1,0
original.repeat1,shared_dynamic.repeat1,9181,4.900000095367432,5,-1,1,0
original.repeat1,shared_dynamic.repeat1,72778,5.199999809265137,4,5,1,1
original.repeat1,shared_dynamic.repeat1,82869,4.199999809265137,3,2,1,1
original.repeat1,shared_dynamic.repeat1,164359,5.199999809265137,3,4,1,1
original.repeat1,shared_dynamic.repeat1,202513,4.300000190734863,-1,5,0,1
original.repeat1,shared_dynamic.repeat1,216030,4.800000190734863,5,4,1,1
original.repeat1,shared_dynamic.repeat1,232565,4.900000095367432,3,4,1,1
original.repeat1,shared_dynamic.repeat1,293322,5.699999809265137,4,-1,1,0
shared_dynamic.repeat0,shared_dynamic.repeat1,9181,4.900000095367432,5,-1,1,0
shared_dynamic.repeat0,shared_dynamic.repeat1,82869,4.199999809265137,3,2,1,1
shared_dynamic.repeat0,shared_dynamic.repeat1,151088,5.199999809265137,5,-1,1,0
shared_dynamic.repeat0,shared_dynamic.repeat1,177058,4.400000095367432,4,3,1,1
shared_dynamic.repeat0,shared_dynamic.repeat1,216030,4.800000190734863,5,4,1,1
shared_dynamic.repeat0,shared_dynamic.repeat1,228149,4.099999904632568,4,3,1,1
shared_dynamic.repeat0,shared_dynamic.repeat1,232565,4.900000095367432,3,4,1,1
shared_dynamic.repeat0,shared_dynamic.repeat1,235059,4.699999809265137,4,5,1,1
shared_dynamic.repeat0,shared_dynamic.repeat1,253030,4.199999809265137,2,1,1,1
shared_dynamic.repeat0,shared_dynamic.repeat1,300374,4.599999904632568,4,3,1,1
original.repeat1,shared_recovery_frozen.repeat1,473,5.199999809265137,2,3,1,1
original.repeat1,shared_recovery_frozen.repeat1,483,4.800000190734863,4,-1,1,0
original.repeat1,shared_recovery_frozen.repeat1,1505,5.0,2,-1,1,0
original.repeat1,shared_recovery_frozen.repeat1,1702,4.199999809265137,4,-1,1,0
original.repeat1,shared_recovery_frozen.repeat1,1795,5.099999904632568,2,3,1,1
original.repeat1,shared_recovery_frozen.repeat1,2094,5.099999904632568,2,-1,1,0
original.repeat1,shared_recovery_frozen.repeat1,2113,5.699999809265137,4,-1,1,0
original.repeat1,shared_recovery_frozen.repeat1,2253,4.599999904632568,2,3,1,1
original.repeat1,shared_recovery_frozen.repeat1,2276,4.099999904632568,4,-1,1,0
original.repeat1,shared_recovery_frozen.repeat1,2510,4.199999809265137,2,-1,1,0
original.repeat1,shared_recovery_frozen.repeat1,2595,5.099999904632568,2,-1,1,0
original.repeat1,shared_recovery_frozen.repeat1,3239,4.599999904632568,3,-1,1,0
original.repeat1,shared_recovery_frozen.repeat1,3295,4.199999809265137,2,3,1,1
original.repeat1,shared_recovery_frozen.repeat1,3411,4.199999809265137,3,4,1,1
original.repeat1,shared_recovery_frozen.repeat1,3553,4.099999904632568,2,3,1,1
original.repeat1,shared_recovery_frozen.repeat1,3579,5.699999809265137,3,4,1,1
original.repeat1,shared_recovery_frozen.repeat1,3749,4.099999904632568,2,3,1,1
original.repeat1,shared_recovery_frozen.repeat1,4167,4.199999809265137,3,-1,1,0
original.repeat1,shared_recovery_frozen.repeat1,4296,4.199999809265137,2,-1,1,0
original.repeat1,shared_recovery_frozen.repeat1,4319,4.800000190734863,4,-1,1,0
original.repeat1,shared_recovery_frozen.repeat1,4523,4.300000190734863,3,-1,1,0
original.repeat1,shared_recovery_frozen.repeat1,5197,4.400000095367432,4,3,1,1
original.repeat1,shared_recovery_frozen.repeat1,5398,4.099999904632568,2,-1,1,0
original.repeat1,shared_recovery_frozen.repeat1,5681,4.199999809265137,2,-1,1,0
original.repeat1,shared_recovery_frozen.repeat1,5949,4.099999904632568,2,4,1,1
original.repeat1,shared_recovery_frozen.repeat1,5989,4.199999809265137,2,-1,1,0
original.repeat1,shared_recovery_frozen.repeat1,6306,4.599999904632568,4,-1,1,0
original.repeat1,shared_recovery_frozen.repeat1,6307,4.099999904632568,2,3,1,1
original.repeat1,shared_recovery_frozen.repeat1,6363,5.099999904632568,3,-1,1,0
original.repeat1,shared_recovery_frozen.repeat1,6644,4.5,4,3,1,1
original.repeat1,shared_recovery_frozen.repeat1,6908,4.599999904632568,1,-1,1,0
original.repeat1,shared_recovery_frozen.repeat1,7243,4.400000095367432,1,2,1,1
original.repeat1,shared_recovery_frozen.repeat1,7432,4.300000190734863,2,-1,1,0
original.repeat1,shared_recovery_frozen.repeat1,7522,4.300000190734863,3,-1,1,0
original.repeat1,shared_recovery_frozen.repeat1,7525,4.300000190734863,4,-1,1,0
original.repeat1,shared_recovery_frozen.repeat1,7722,4.900000095367432,2,-1,1,0
original.repeat1,shared_recovery_frozen.repeat1,7989,4.400000095367432,2,3,1,1
original.repeat1,shared_recovery_frozen.repeat1,7998,4.900000095367432,2,3,1,1
original.repeat1,shared_recovery_frozen.repeat1,8097,4.199999809265137,1,2,1,1
original.repeat1,shared_recovery_frozen.repeat1,8364,4.099999904632568,2,4,1,1
original.repeat1,shared_recovery_frozen.repeat1,8527,4.800000190734863,4,-1,1,0
original.repeat1,shared_recovery_frozen.repeat1,9036,4.699999809265137,2,4,1,1
original.repeat1,shared_recovery_frozen.repeat1,9045,4.699999809265137,-1,4,0,1
original.repeat1,shared_recovery_frozen.repeat1,9181,4.900000095367432,5,-1,1,0
original.repeat1,shared_recovery_frozen.repeat1,9379,4.199999809265137,3,-1,1,0
original.repeat1,shared_recovery_frozen.repeat1,9502,5.400000095367432,1,5,1,1
original.repeat1,shared_recovery_frozen.repeat1,9573,5.300000190734863,2,-1,1,0
original.repeat1,shared_recovery_frozen.repeat1,9761,4.5,2,3,1,1
original.repeat1,shared_recovery_frozen.repeat1,10297,4.5,2,4,1,1
original.repeat1,shared_recovery_frozen.repeat1,10520,4.400000095367432,2,-1,1,0
original.repeat1,shared_recovery_frozen.repeat1,11131,5.099999904632568,2,-1,1,0
original.repeat1,shared_recovery_frozen.repeat1,11543,4.300000190734863,3,5,1,1
original.repeat1,shared_recovery_frozen.repeat1,11565,4.300000190734863,2,-1,1,0
original.repeat1,shared_recovery_frozen.repeat1,11761,4.800000190734863,3,-1,1,0
original.repeat1,shared_recovery_frozen.repeat1,12174,4.699999809265137,5,-1,1,0
original.repeat1,shared_recovery_frozen.repeat1,12484,4.199999809265137,4,5,1,1
original.repeat1,shared_recovery_frozen.repeat1,12794,4.099999904632568,2,-1,1,0
original.repeat1,shared_recovery_frozen.repeat1,13192,5.300000190734863,5,4,1,1
original.repeat1,shared_recovery_frozen.repeat1,13403,5.800000190734863,3,4,1,1
original.repeat1,shared_recovery_frozen.repeat1,13830,4.800000190734863,3,2,1,1
original.repeat1,shared_recovery_frozen.repeat1,14453,4.400000095367432,2,4,1,1
original.repeat1,shared_recovery_frozen.repeat1,14791,4.199999809265137,4,-1,1,0
original.repeat1,shared_recovery_frozen.repeat1,14930,5.0,1,2,1,1
original.repeat1,shared_recovery_frozen.repeat1,14962,4.099999904632568,2,-1,1,0
original.repeat1,shared_recovery_frozen.repeat1,15104,4.699999809265137,3,-1,1,0
original.repeat1,shared_recovery_frozen.repeat1,15277,4.099999904632568,2,3,1,1
original.repeat1,shared_recovery_frozen.repeat1,15417,4.400000095367432,2,-1,1,0
original.repeat1,shared_recovery_frozen.repeat1,15577,4.300000190734863,2,-1,1,0
original.repeat1,shared_recovery_frozen.repeat1,15908,5.400000095367432,4,-1,1,0
original.repeat1,shared_recovery_frozen.repeat1,15917,4.199999809265137,2,3,1,1
original.repeat1,shared_recovery_frozen.repeat1,16116,4.599999904632568,2,3,1,1
original.repeat1,shared_recovery_frozen.repeat1,16157,4.199999809265137,2,3,1,1
original.repeat1,shared_recovery_frozen.repeat1,16681,4.099999904632568,2,4,1,1
original.repeat1,shared_recovery_frozen.repeat1,16934,4.099999904632568,3,-1,1,0
original.repeat1,shared_recovery_frozen.repeat1,17249,4.099999904632568,2,4,1,1
original.repeat1,shared_recovery_frozen.repeat1,17438,4.400000095367432,3,-1,1,0
original.repeat1,shared_recovery_frozen.repeat1,17678,4.199999809265137,1,-1,1,0
original.repeat1,shared_recovery_frozen.repeat1,17917,4.599999904632568,2,-1,1,0
original.repeat1,shared_recovery_frozen.repeat1,18119,4.199999809265137,1,2,1,1
original.repeat1,shared_recovery_frozen.repeat1,18151,5.699999809265137,2,5,1,1
original.repeat1,shared_recovery_frozen.repeat1,18387,4.099999904632568,3,2,1,1
original.repeat1,shared_recovery_frozen.repeat1,18506,5.5,4,-1,1,0
original.repeat1,shared_recovery_frozen.repeat1,18620,4.199999809265137,2,-1,1,0
original.repeat1,shared_recovery_frozen.repeat1,18722,4.199999809265137,4,-1,1,0
original.repeat1,shared_recovery_frozen.repeat1,18942,4.199999809265137,1,3,1,1
original.repeat1,shared_recovery_frozen.repeat1,19012,4.800000190734863,3,-1,1,0
original.repeat1,shared_recovery_frozen.repeat1,19054,4.099999904632568,1,-1,1,0
original.repeat1,shared_recovery_frozen.repeat1,19345,4.199999809265137,3,2,1,1
original.repeat1,shared_recovery_frozen.repeat1,19439,4.800000190734863,3,-1,1,0
original.repeat1,shared_recovery_frozen.repeat1,19445,4.5,1,2,1,1
original.repeat1,shared_recovery_frozen.repeat1,19972,5.5,2,-1,1,0
original.repeat1,shared_recovery_frozen.repeat1,20010,4.300000190734863,3,-1,1,0
original.repeat1,shared_recovery_frozen.repeat1,20380,4.099999904632568,3,-1,1,0
original.repeat1,shared_recovery_frozen.repeat1,20445,4.099999904632568,1,2,1,1
original.repeat1,shared_recovery_frozen.repeat1,20648,4.800000190734863,4,-1,1,0
original.repeat1,shared_recovery_frozen.repeat1,20692,4.199999809265137,2,3,1,1
original.repeat1,shared_recovery_frozen.repeat1,20795,4.099999904632568,3,-1,1,0
original.repeat1,shared_recovery_frozen.repeat1,20809,4.900000095367432,2,4,1,1
original.repeat1,shared_recovery_frozen.repeat1,20920,5.300000190734863,3,-1,1,0
original.repeat1,shared_recovery_frozen.repeat1,21033,4.900000095367432,2,-1,1,0
original.repeat1,shared_recovery_frozen.repeat1,21891,4.099999904632568,2,-1,1,0
original.repeat1,shared_recovery_frozen.repeat1,22039,4.800000190734863,4,-1,1,0
original.repeat1,shared_recovery_frozen.repeat1,22582,5.800000190734863,2,-1,1,0
original.repeat1,shared_recovery_frozen.repeat1,22668,4.099999904632568,4,-1,1,0
original.repeat1,shared_recovery_frozen.repeat1,22710,4.699999809265137,4,-1,1,0
original.repeat1,shared_recovery_frozen.repeat1,22728,4.5,2,3,1,1
original.repeat1,shared_recovery_frozen.repeat1,23094,4.400000095367432,2,-1,1,0
original.repeat1,shared_recovery_frozen.repeat1,23129,4.099999904632568,-1,4,0,1
original.repeat1,shared_recovery_frozen.repeat1,23699,4.099999904632568,3,4,1,1
original.repeat1,shared_recovery_frozen.repeat1,23956,4.5,3,-1,1,0
original.repeat1,shared_recovery_frozen.repeat1,24271,4.5,2,3,1,1
original.repeat1,shared_recovery_frozen.repeat1,24369,5.699999809265137,2,-1,1,0
original.repeat1,shared_recovery_frozen.repeat1,24595,4.5,3,4,1,1
original.repeat1,shared_recovery_frozen.repeat1,24674,4.199999809265137,2,3,1,1
original.repeat1,shared_recovery_frozen.repeat1,24791,5.300000190734863,3,5,1,1
original.repeat1,shared_recovery_frozen.repeat1,25042,4.599999904632568,3,2,1,1
original.repeat1,shared_recovery_frozen.repeat1,25049,4.099999904632568,3,-1,1,0
original.repeat1,shared_recovery_frozen.repeat1,25157,4.099999904632568,1,2,1,1
original.repeat1,shared_recovery_frozen.repeat1,25281,4.900000095367432,5,-1,1,0
original.repeat1,shared_recovery_frozen.repeat1,25303,5.199999809265137,2,3,1,1
original.repeat1,shared_recovery_frozen.repeat1,25482,4.400000095367432,2,-1,1,0
original.repeat1,shared_recovery_frozen.repeat1,25565,5.900000095367432,3,2,1,1
original.repeat1,shared_recovery_frozen.repeat1,25676,4.599999904632568,2,-1,1,0
original.repeat1,shared_recovery_frozen.repeat1,25805,4.800000190734863,4,-1,1,0
original.repeat1,shared_recovery_frozen.repeat1,25817,4.599999904632568,2,-1,1,0
original.repeat1,shared_recovery_frozen.repeat1,25961,5.300000190734863,2,-1,1,0
original.repeat1,shared_recovery_frozen.repeat1,26024,4.599999904632568,2,3,1,1
original.repeat1,shared_recovery_frozen.repeat1,26144,4.099999904632568,3,-1,1,0
original.repeat1,shared_recovery_frozen.repeat1,26671,4.400000095367432,2,-1,1,0
original.repeat1,shared_recovery_frozen.repeat1,26674,4.199999809265137,4,3,1,1
original.repeat1,shared_recovery_frozen.repeat1,26686,4.400000095367432,2,3,1,1
original.repeat1,shared_recovery_frozen.repeat1,26821,5.199999809265137,4,-1,1,0
original.repeat1,shared_recovery_frozen.repeat1,27372,4.099999904632568,2,3,1,1
original.repeat1,shared_recovery_frozen.repeat1,27537,4.099999904632568,4,-1,1,0
original.repeat1,shared_recovery_frozen.repeat1,28159,4.300000190734863,4,-1,1,0
original.repeat1,shared_recovery_frozen.repeat1,28579,4.300000190734863,3,-1,1,0
original.repeat1,shared_recovery_frozen.repeat1,28696,4.099999904632568,2,3,1,1
original.repeat1,shared_recovery_frozen.repeat1,28872,4.300000190734863,2,3,1,1
original.repeat1,shared_recovery_frozen.repeat1,28883,4.300000190734863,3,4,1,1
original.repeat1,shared_recovery_frozen.repeat1,29134,4.5,2,3,1,1
original.repeat1,shared_recovery_frozen.repeat1,29457,4.900000095367432,1,2,1,1
original.repeat1,shared_recovery_frozen.repeat1,29580,6.0,3,-1,1,0
original.repeat1,shared_recovery_frozen.repeat1,30004,4.099999904632568,2,-1,1,0
original.repeat1,shared_recovery_frozen.repeat1,30167,4.099999904632568,2,3,1,1
original.repeat1,shared_recovery_frozen.repeat1,30181,4.300000190734863,3,-1,1,0
original.repeat1,shared_recovery_frozen.repeat1,30646,4.800000190734863,3,5,1,1
original.repeat1,shared_recovery_frozen.repeat1,30771,5.300000190734863,2,3,1,1
original.repeat1,shared_recovery_frozen.repeat1,30779,4.300000190734863,3,4,1,1
original.repeat1,shared_recovery_frozen.repeat1,30930,4.199999809265137,2,-1,1,0
original.repeat1,shared_recovery_frozen.repeat1,31551,6.400000095367432,5,-1,1,0
original.repeat1,shared_recovery_frozen.repeat1,32165,4.300000190734863,4,-1,1,0
original.repeat1,shared_recovery_frozen.repeat1,32305,4.400000095367432,2,-1,1,0
original.repeat1,shared_recovery_frozen.repeat1,32336,4.300000190734863,2,3,1,1
original.repeat1,shared_recovery_frozen.repeat1,32397,4.599999904632568,3,-1,1,0
original.repeat1,shared_recovery_frozen.repeat1,32723,4.199999809265137,2,3,1,1
original.repeat1,shared_recovery_frozen.repeat1,32908,4.199999809265137,2,3,1,1
original.repeat1,shared_recovery_frozen.repeat1,32941,5.300000190734863,2,4,1,1
original.repeat1,shared_recovery_frozen.repeat1,32971,4.099999904632568,2,3,1,1
original.repeat1,shared_recovery_frozen.repeat1,33020,4.400000095367432,2,4,1,1
original.repeat1,shared_recovery_frozen.repeat1,33195,4.400000095367432,2,3,1,1
original.repeat1,shared_recovery_frozen.repeat1,33606,4.5,3,4,1,1
original.repeat1,shared_recovery_frozen.repeat1,33643,4.599999904632568,4,-1,1,0
original.repeat1,shared_recovery_frozen.repeat1,33684,4.5,2,3,1,1
original.repeat1,shared_recovery_frozen.repeat1,33804,4.400000095367432,3,-1,1,0
original.repeat1,shared_recovery_frozen.repeat1,34179,4.599999904632568,5,-1,1,0
original.repeat1,shared_recovery_frozen.repeat1,34441,4.5,2,-1,1,0
original.repeat1,shared_recovery_frozen.repeat1,34636,5.099999904632568,1,2,1,1
original.repeat1,shared_recovery_frozen.repeat1,34701,4.300000190734863,3,4,1,1
original.repeat1,shared_recovery_frozen.repeat1,34841,4.099999904632568,4,-1,1,0
original.repeat1,shared_recovery_frozen.repeat1,35038,4.900000095367432,3,-1,1,0
original.repeat1,shared_recovery_frozen.repeat1,35209,4.5,1,3,1,1
original.repeat1,shared_recovery_frozen.repeat1,35497,6.800000190734863,2,4,1,1
original.repeat1,shared_recovery_frozen.repeat1,35503,4.099999904632568,5,3,1,1
original.repeat1,shared_recovery_frozen.repeat1,35572,4.199999809265137,3,-1,1,0
original.repeat1,shared_recovery_frozen.repeat1,35596,4.599999904632568,2,3,1,1
original.repeat1,shared_recovery_frozen.repeat1,35640,4.699999809265137,3,-1,1,0
original.repeat1,shared_recovery_frozen.repeat1,35876,4.099999904632568,3,-1,1,0
original.repeat1,shared_recovery_frozen.repeat1,35924,4.400000095367432,4,-1,1,0
original.repeat1,shared_recovery_frozen.repeat1,35933,4.699999809265137,2,1,1,1
original.repeat1,shared_recovery_frozen.repeat1,36247,4.300000190734863,3,-1,1,0
original.repeat1,shared_recovery_frozen.repeat1,36324,5.0,2,-1,1,0
original.repeat1,shared_recovery_frozen.repeat1,36606,4.699999809265137,2,-1,1,0
original.repeat1,shared_recovery_frozen.repeat1,36710,4.900000095367432,2,-1,1,0
original.repeat1,shared_recovery_frozen.repeat1,36878,4.099999904632568,3,5,1,1
original.repeat1,shared_recovery_frozen.repeat1,37541,5.0,3,5,1,1
original.repeat1,shared_recovery_frozen.repeat1,37582,5.199999809265137,3,-1,1,0
original.repeat1,shared_recovery_frozen.repeat1,37600,4.199999809265137,2,3,1,1
original.repeat1,shared_recovery_frozen.repeat1,37605,4.5,2,3,1,1
original.repeat1,shared_recovery_frozen.repeat1,38002,4.900000095367432,4,-1,1,0
original.repeat1,shared_recovery_frozen.repeat1,38368,4.900000095367432,1,2,1,1
original.repeat1,shared_recovery_frozen.repeat1,38476,4.400000095367432,3,4,1,1
original.repeat1,shared_recovery_frozen.repeat1,38612,4.099999904632568,3,-1,1,0
original.repeat1,shared_recovery_frozen.repeat1,38982,4.5,5,-1,1,0
original.repeat1,shared_recovery_frozen.repeat1,39060,6.699999809265137,1,-1,1,0
original.repeat1,shared_recovery_frozen.repeat1,39138,4.199999809265137,3,-1,1,0
original.repeat1,shared_recovery_frozen.repeat1,39664,4.5,3,4,1,1
original.repeat1,shared_recovery_frozen.repeat1,39744,5.300000190734863,2,3,1,1
original.repeat1,shared_recovery_frozen.repeat1,39797,4.099999904632568,2,-1,1,0
original.repeat1,shared_recovery_frozen.repeat1,39923,4.800000190734863,2,5,1,1
original.repeat1,shared_recovery_frozen.repeat1,39979,5.400000095367432,1,2,1,1
original.repeat1,shared_recovery_frozen.repeat1,40203,4.099999904632568,2,-1,1,0
original.repeat1,shared_recovery_frozen.repeat1,40593,5.400000095367432,4,-1,1,0
original.repeat1,shared_recovery_frozen.repeat1,40881,4.099999904632568,3,-1,1,0
original.repeat1,shared_recovery_frozen.repeat1,40926,4.099999904632568,4,-1,1,0
original.repeat1,shared_recovery_frozen.repeat1,41855,4.599999904632568,4,-1,1,0
original.repeat1,shared_recovery_frozen.repeat1,42079,4.199999809265137,3,-1,1,0
original.repeat1,shared_recovery_frozen.repeat1,42482,5.099999904632568,3,4,1,1
original.repeat1,shared_recovery_frozen.repeat1,42622,4.099999904632568,3,-1,1,0
original.repeat1,shared_recovery_frozen.repeat1,42881,4.099999904632568,3,-1,1,0
original.repeat1,shared_recovery_frozen.repeat1,43168,5.800000190734863,4,-1,1,0
original.repeat1,shared_recovery_frozen.repeat1,43329,4.400000095367432,1,2,1,1
original.repeat1,shared_recovery_frozen.repeat1,43452,4.099999904632568,2,4,1,1
original.repeat1,shared_recovery_frozen.repeat1,43587,4.300000190734863,2,3,1,1
original.repeat1,shared_recovery_frozen.repeat1,43914,4.199999809265137,5,-1,1,0
original.repeat1,shared_recovery_frozen.repeat1,43959,4.5,3,-1,1,0
original.repeat1,shared_recovery_frozen.repeat1,44493,5.699999809265137,1,2,1,1
original.repeat1,shared_recovery_frozen.repeat1,44602,5.099999904632568,3,-1,1,0
original.repeat1,shared_recovery_frozen.repeat1,44866,5.5,1,2,1,1
original.repeat1,shared_recovery_frozen.repeat1,45072,4.199999809265137,3,-1,1,0
original.repeat1,shared_recovery_frozen.repeat1,45216,4.599999904632568,2,-1,1,0
original.repeat1,shared_recovery_frozen.repeat1,45400,4.5,3,4,1,1
original.repeat1,shared_recovery_frozen.repeat1,45418,5.099999904632568,3,-1,1,0
original.repeat1,shared_recovery_frozen.repeat1,45626,5.900000095367432,2,4,1,1
original.repeat1,shared_recovery_frozen.repeat1,45679,5.199999809265137,3,5,1,1
original.repeat1,shared_recovery_frozen.repeat1,45712,4.300000190734863,3,4,1,1
original.repeat1,shared_recovery_frozen.repeat1,45958,4.900000095367432,3,-1,1,0
original.repeat1,shared_recovery_frozen.repeat1,46134,5.300000190734863,2,4,1,1
original.repeat1,shared_recovery_frozen.repeat1,46491,4.599999904632568,2,-1,1,0
original.repeat1,shared_recovery_frozen.repeat1,46498,5.099999904632568,4,-1,1,0
original.repeat1,shared_recovery_frozen.repeat1,46506,4.699999809265137,3,5,1,1
original.repeat1,shared_recovery_frozen.repeat1,47041,4.199999809265137,2,-1,1,0
original.repeat1,shared_recovery_frozen.repeat1,47096,4.400000095367432,5,-1,1,0
original.repeat1,shared_recovery_frozen.repeat1,47528,4.400000095367432,5,-1,1,0
original.repeat1,shared_recovery_frozen.repeat1,48877,4.400000095367432,2,-1,1,0
original.repeat1,shared_recovery_frozen.repeat1,49037,4.199999809265137,-1,3,0,1
original.repeat1,shared_recovery_frozen.repeat1,49173,4.099999904632568,3,-1,1,0
original.repeat1,shared_recovery_frozen.repeat1,49728,4.300000190734863,3,-1,1,0
original.repeat1,shared_recovery_frozen.repeat1,50058,4.5,2,4,1,1
original.repeat1,shared_recovery_frozen.repeat1,50120,4.699999809265137,2,3,1,1
original.repeat1,shared_recovery_frozen.repeat1,50180,5.199999809265137,3,4,1,1
original.repeat1,shared_recovery_frozen.repeat1,50317,4.099999904632568,1,2,1,1
original.repeat1,shared_recovery_frozen.repeat1,50455,4.099999904632568,4,-1,1,0
original.repeat1,shared_recovery_frozen.repeat1,50689,4.099999904632568,1,2,1,1
original.repeat1,shared_recovery_frozen.repeat1,50736,4.699999809265137,2,5,1,1
original.repeat1,shared_recovery_frozen.repeat1,50917,4.099999904632568,3,-1,1,0
original.repeat1,shared_recovery_frozen.repeat1,51461,4.199999809265137,1,2,1,1
original.repeat1,shared_recovery_frozen.repeat1,51766,4.599999904632568,3,-1,1,0
original.repeat1,shared_recovery_frozen.repeat1,51933,4.099999904632568,2,-1,1,0
original.repeat1,shared_recovery_frozen.repeat1,52189,4.300000190734863,5,-1,1,0
original.repeat1,shared_recovery_frozen.repeat1,52934,4.300000190734863,2,-1,1,0
original.repeat1,shared_recovery_frozen.repeat1,53142,4.599999904632568,2,3,1,1
original.repeat1,shared_recovery_frozen.repeat1,53398,4.5,2,3,1,1
original.repeat1,shared_recovery_frozen.repeat1,53510,4.199999809265137,2,4,1,1
original.repeat1,shared_recovery_frozen.repeat1,53512,4.699999809265137,2,-1,1,0
original.repeat1,shared_recovery_frozen.repeat1,53653,4.300000190734863,3,-1,1,0
original.repeat1,shared_recovery_frozen.repeat1,53671,4.5,2,4,1,1
original.repeat1,shared_recovery_frozen.repeat1,53728,4.800000190734863,3,-1,1,0
original.repeat1,shared_recovery_frozen.repeat1,53777,5.300000190734863,2,3,1,1
original.repeat1,shared_recovery_frozen.repeat1,54378,4.199999809265137,2,3,1,1
original.repeat1,shared_recovery_frozen.repeat1,54446,4.300000190734863,2,-1,1,0
original.repeat1,shared_recovery_frozen.repeat1,54793,4.699999809265137,4,-1,1,0
original.repeat1,shared_recovery_frozen.repeat1,54967,4.099999904632568,3,-1,1,0
original.repeat1,shared_recovery_frozen.repeat1,55236,4.5,3,-1,1,0
original.repeat1,shared_recovery_frozen.repeat1,55299,4.699999809265137,3,-1,1,0
original.repeat1,shared_recovery_frozen.repeat1,55493,4.800000190734863,1,2,1,1
original.repeat1,shared_recovery_frozen.repeat1,55598,4.5,2,3,1,1
original.repeat1,shared_recovery_frozen.repeat1,55671,4.099999904632568,3,-1,1,0
original.repeat1,shared_recovery_frozen.repeat1,56207,4.099999904632568,2,-1,1,0
original.repeat1,shared_recovery_frozen.repeat1,56784,4.300000190734863,4,-1,1,0
original.repeat1,shared_recovery_frozen.repeat1,56809,5.400000095367432,5,-1,1,0
original.repeat1,shared_recovery_frozen.repeat1,57106,5.400000095367432,5,-1,1,0
original.repeat1,shared_recovery_frozen.repeat1,57339,4.099999904632568,1,-1,1,0
original.repeat1,shared_recovery_frozen.repeat1,57464,5.300000190734863,1,2,1,1
original.repeat1,shared_recovery_frozen.repeat1,57849,4.099999904632568,4,-1,1,0
original.repeat1,shared_recovery_frozen.repeat1,57957,5.400000095367432,2,1,1,1
original.repeat1,shared_recovery_frozen.repeat1,57986,4.199999809265137,3,-1,1,0
original.repeat1,shared_recovery_frozen.repeat1,58106,4.800000190734863,5,-1,1,0
original.repeat1,shared_recovery_frozen.repeat1,58115,4.099999904632568,2,4,1,1
original.repeat1,shared_recovery_frozen.repeat1,58267,4.400000095367432,2,-1,1,0
original.repeat1,shared_recovery_frozen.repeat1,58272,4.599999904632568,3,5,1,1
original.repeat1,shared_recovery_frozen.repeat1,58443,5.300000190734863,3,-1,1,0
original.repeat1,shared_recovery_frozen.repeat1,58543,5.099999904632568,2,3,1,1
original.repeat1,shared_recovery_frozen.repeat1,58722,4.5,2,-1,1,0
original.repeat1,shared_recovery_frozen.repeat1,58738,4.099999904632568,3,-1,1,0
original.repeat1,shared_recovery_frozen.repeat1,58915,6.0,3,-1,1,0
original.repeat1,shared_recovery_frozen.repeat1,59281,4.099999904632568,2,-1,1,0
original.repeat1,shared_recovery_frozen.repeat1,59905,4.699999809265137,4,-1,1,0
original.repeat1,shared_recovery_frozen.repeat1,59949,4.099999904632568,3,2,1,1
original.repeat1,shared_recovery_frozen.repeat1,60084,4.099999904632568,1,2,1,1
original.repeat1,shared_recovery_frozen.repeat1,60360,5.099999904632568,2,3,1,1
original.repeat1,shared_recovery_frozen.repeat1,61005,4.099999904632568,5,-1,1,0
original.repeat1,shared_recovery_frozen.repeat1,61619,4.099999904632568,2,3,1,1
original.repeat1,shared_recovery_frozen.repeat1,61684,4.400000095367432,3,4,1,1
original.repeat1,shared_recovery_frozen.repeat1,62076,4.5,3,-1,1,0
original.repeat1,shared_recovery_frozen.repeat1,62141,4.300000190734863,2,-1,1,0
original.repeat1,shared_recovery_frozen.repeat1,62149,4.099999904632568,3,4,1,1
original.repeat1,shared_recovery_frozen.repeat1,62302,4.400000095367432,3,4,1,1
original.repeat1,shared_recovery_frozen.repeat1,62408,4.199999809265137,3,-1,1,0
original.repeat1,shared_recovery_frozen.repeat1,63181,5.699999809265137,3,-1,1,0
original.repeat1,shared_recovery_frozen.repeat1,63275,4.599999904632568,2,1,1,1
original.repeat1,shared_recovery_frozen.repeat1,63435,4.099999904632568,3,-1,1,0
original.repeat1,shared_recovery_frozen.repeat1,63485,4.300000190734863,2,-1,1,0
original.repeat1,shared_recovery_frozen.repeat1,63531,4.699999809265137,2,3,1,1
original.repeat1,shared_recovery_frozen.repeat1,64087,4.300000190734863,4,-1,1,0
original.repeat1,shared_recovery_frozen.repeat1,64290,4.900000095367432,5,-1,1,0
original.repeat1,shared_recovery_frozen.repeat1,64619,4.300000190734863,2,-1,1,0
original.repeat1,shared_recovery_frozen.repeat1,64867,4.599999904632568,2,3,1,1
original.repeat1,shared_recovery_frozen.repeat1,65613,4.300000190734863,3,-1,1,0
original.repeat1,shared_recovery_frozen.repeat1,65688,4.099999904632568,3,-1,1,0
original.repeat1,shared_recovery_frozen.repeat1,65703,4.199999809265137,3,4,1,1
original.repeat1,shared_recovery_frozen.repeat1,66001,5.5,3,4,1,1
original.repeat1,shared_recovery_frozen.repeat1,66020,4.400000095367432,3,-1,1,0
original.repeat1,shared_recovery_frozen.repeat1,66216,6.199999809265137,4,-1,1,0
original.repeat1,shared_recovery_frozen.repeat1,66324,5.5,2,-1,1,0
original.repeat1,shared_recovery_frozen.repeat1,66876,5.099999904632568,4,-1,1,0
original.repeat1,shared_recovery_frozen.repeat1,67644,5.0,2,3,1,1
original.repeat1,shared_recovery_frozen.repeat1,68020,4.599999904632568,3,-1,1,0
original.repeat1,shared_recovery_frozen.repeat1,68490,4.400000095367432,2,5,1,1
original.repeat1,shared_recovery_frozen.repeat1,68788,4.099999904632568,2,5,1,1
original.repeat1,shared_recovery_frozen.repeat1,68970,4.5,3,-1,1,0
original.repeat1,shared_recovery_frozen.repeat1,69153,5.0,2,3,1,1
original.repeat1,shared_recovery_frozen.repeat1,69269,4.599999904632568,2,3,1,1
original.repeat1,shared_recovery_frozen.repeat1,69304,4.599999904632568,5,-1,1,0
original.repeat1,shared_recovery_frozen.repeat1,69363,5.099999904632568,5,-1,1,0
original.repeat1,shared_recovery_frozen.repeat1,69517,4.699999809265137,4,-1,1,0
original.repeat1,shared_recovery_frozen.repeat1,69626,5.800000190734863,2,3,1,1
original.repeat1,shared_recovery_frozen.repeat1,70194,4.199999809265137,3,4,1,1
original.repeat1,shared_recovery_frozen.repeat1,70630,4.400000095367432,3,-1,1,0
original.repeat1,shared_recovery_frozen.repeat1,70695,4.900000095367432,2,-1,1,0
original.repeat1,shared_recovery_frozen.repeat1,70909,4.300000190734863,1,2,1,1
original.repeat1,shared_recovery_frozen.repeat1,70962,4.699999809265137,2,3,1,1
original.repeat1,shared_recovery_frozen.repeat1,70988,5.099999904632568,2,-1,1,0
original.repeat1,shared_recovery_frozen.repeat1,71047,5.300000190734863,2,-1,1,0
original.repeat1,shared_recovery_frozen.repeat1,71137,5.5,4,-1,1,0
original.repeat1,shared_recovery_frozen.repeat1,71167,4.800000190734863,2,-1,1,0
original.repeat1,shared_recovery_frozen.repeat1,71192,4.800000190734863,2,-1,1,0
original.repeat1,shared_recovery_frozen.repeat1,71350,4.400000095367432,3,-1,1,0
original.repeat1,shared_recovery_frozen.repeat1,71624,4.400000095367432,3,-1,1,0
original.repeat1,shared_recovery_frozen.repeat1,71768,5.0,5,3,1,1
original.repeat1,shared_recovery_frozen.repeat1,71812,4.5,2,4,1,1
original.repeat1,shared_recovery_frozen.repeat1,71992,4.199999809265137,4,3,1,1
original.repeat1,shared_recovery_frozen.repeat1,72073,4.800000190734863,3,5,1,1
original.repeat1,shared_recovery_frozen.repeat1,72287,5.699999809265137,2,-1,1,0
original.repeat1,shared_recovery_frozen.repeat1,72618,4.900000095367432,1,2,1,1
original.repeat1,shared_recovery_frozen.repeat1,72716,4.300000190734863,2,3,1,1
original.repeat1,shared_recovery_frozen.repeat1,72766,4.599999904632568,1,2,1,1
original.repeat1,shared_recovery_frozen.repeat1,72778,5.199999809265137,4,-1,1,0
original.repeat1,shared_recovery_frozen.repeat1,72909,4.300000190734863,4,-1,1,0
original.repeat1,shared_recovery_frozen.repeat1,73376,5.099999904632568,3,-1,1,0
original.repeat1,shared_recovery_frozen.repeat1,73451,4.5,2,-1,1,0
original.repeat1,shared_recovery_frozen.repeat1,73519,4.900000095367432,2,-1,1,0
original.repeat1,shared_recovery_frozen.repeat1,73654,4.400000095367432,4,-1,1,0
original.repeat1,shared_recovery_frozen.repeat1,73718,4.099999904632568,2,3,1,1
original.repeat1,shared_recovery_frozen.repeat1,74514,4.099999904632568,2,5,1,1
original.repeat1,shared_recovery_frozen.repeat1,74780,5.0,2,4,1,1
original.repeat1,shared_recovery_frozen.repeat1,74802,4.599999904632568,-1,5,0,1
original.repeat1,shared_recovery_frozen.repeat1,74861,5.300000190734863,2,-1,1,0
original.repeat1,shared_recovery_frozen.repeat1,75076,4.099999904632568,2,3,1,1
original.repeat1,shared_recovery_frozen.repeat1,75129,5.400000095367432,2,-1,1,0
original.repeat1,shared_recovery_frozen.repeat1,75174,6.300000190734863,5,-1,1,0
original.repeat1,shared_recovery_frozen.repeat1,75213,4.699999809265137,3,-1,1,0
original.repeat1,shared_recovery_frozen.repeat1,75333,4.199999809265137,2,3,1,1
original.repeat1,shared_recovery_frozen.repeat1,75979,4.599999904632568,5,3,1,1
original.repeat1,shared_recovery_frozen.repeat1,76251,4.400000095367432,4,-1,1,0
original.repeat1,shared_recovery_frozen.repeat1,76452,4.400000095367432,4,3,1,1
original.repeat1,shared_recovery_frozen.repeat1,76780,4.300000190734863,3,-1,1,0
original.repeat1,shared_recovery_frozen.repeat1,76980,4.900000095367432,3,-1,1,0
original.repeat1,shared_recovery_frozen.repeat1,77055,4.099999904632568,2,-1,1,0
original.repeat1,shared_recovery_frozen.repeat1,77175,4.099999904632568,1,2,1,1
original.repeat1,shared_recovery_frozen.repeat1,77224,4.599999904632568,3,-1,1,0
original.repeat1,shared_recovery_frozen.repeat1,77244,4.900000095367432,2,-1,1,0
original.repeat1,shared_recovery_frozen.repeat1,77940,4.300000190734863,3,-1,1,0
original.repeat1,shared_recovery_frozen.repeat1,78076,5.099999904632568,2,3,1,1
original.repeat1,shared_recovery_frozen.repeat1,78147,4.599999904632568,2,-1,1,0
original.repeat1,shared_recovery_frozen.repeat1,78223,6.099999904632568,2,-1,1,0
original.repeat1,shared_recovery_frozen.repeat1,78645,4.199999809265137,3,5,1,1
original.repeat1,shared_recovery_frozen.repeat1,78764,4.300000190734863,3,4,1,1
original.repeat1,shared_recovery_frozen.repeat1,79102,4.599999904632568,2,-1,1,0
original.repeat1,shared_recovery_frozen.repeat1,79405,4.599999904632568,3,4,1,1
original.repeat1,shared_recovery_frozen.repeat1,79714,4.199999809265137,3,-1,1,0
original.repeat1,shared_recovery_frozen.repeat1,80720,5.0,2,-1,1,0
original.repeat1,shared_recovery_frozen.repeat1,80739,4.099999904632568,2,-1,1,0
original.repeat1,shared_recovery_frozen.repeat1,80782,4.300000190734863,2,3,1,1
original.repeat1,shared_recovery_frozen.repeat1,80883,5.099999904632568,2,-1,1,0
original.repeat1,shared_recovery_frozen.repeat1,80941,4.900000095367432,2,4,1,1
original.repeat1,shared_recovery_frozen.repeat1,81060,4.400000095367432,3,2,1,1
original.repeat1,shared_recovery_frozen.repeat1,81210,4.699999809265137,3,-1,1,0
original.repeat1,shared_recovery_frozen.repeat1,81494,4.099999904632568,3,-1,1,0
original.repeat1,shared_recovery_frozen.repeat1,81560,4.599999904632568,2,-1,1,0
original.repeat1,shared_recovery_frozen.repeat1,81578,4.300000190734863,3,-1,1,0
original.repeat1,shared_recovery_frozen.repeat1,81596,4.599999904632568,1,3,1,1
original.repeat1,shared_recovery_frozen.repeat1,81714,4.599999904632568,5,4,1,1
original.repeat1,shared_recovery_frozen.repeat1,81901,4.199999809265137,2,-1,1,0
original.repeat1,shared_recovery_frozen.repeat1,81920,4.099999904632568,2,-1,1,0
original.repeat1,shared_recovery_frozen.repeat1,82003,4.199999809265137,2,3,1,1
original.repeat1,shared_recovery_frozen.repeat1,82525,4.900000095367432,1,2,1,1
original.repeat1,shared_recovery_frozen.repeat1,82616,5.099999904632568,2,3,1,1
original.repeat1,shared_recovery_frozen.repeat1,82869,4.199999809265137,3,-1,1,0
original.repeat1,shared_recovery_frozen.repeat1,82989,5.199999809265137,3,-1,1,0
original.repeat1,shared_recovery_frozen.repeat1,83524,4.900000095367432,3,-1,1,0
original.repeat1,shared_recovery_frozen.repeat1,83663,4.099999904632568,3,4,1,1
original.repeat1,shared_recovery_frozen.repeat1,83784,4.099999904632568,4,-1,1,0
original.repeat1,shared_recovery_frozen.repeat1,84386,4.699999809265137,4,-1,1,0
original.repeat1,shared_recovery_frozen.repeat1,84828,4.900000095367432,3,-1,1,0
original.repeat1,shared_recovery_frozen.repeat1,84912,4.300000190734863,3,-1,1,0
original.repeat1,shared_recovery_frozen.repeat1,85033,4.099999904632568,3,-1,1,0
original.repeat1,shared_recovery_frozen.repeat1,85071,4.300000190734863,2,3,1,1
original.repeat1,shared_recovery_frozen.repeat1,85397,5.900000095367432,5,-1,1,0
original.repeat1,shared_recovery_frozen.repeat1,85481,4.199999809265137,4,-1,1,0
original.repeat1,shared_recovery_frozen.repeat1,85975,5.5,3,-1,1,0
original.repeat1,shared_recovery_frozen.repeat1,85999,5.099999904632568,2,-1,1,0
original.repeat1,shared_recovery_frozen.repeat1,86241,5.800000190734863,2,4,1,1
original.repeat1,shared_recovery_frozen.repeat1,87043,4.900000095367432,2,-1,1,0
original.repeat1,shared_recovery_frozen.repeat1,87215,4.099999904632568,3,-1,1,0
original.repeat1,shared_recovery_frozen.repeat1,87347,4.199999809265137,3,-1,1,0
original.repeat1,shared_recovery_frozen.repeat1,87486,4.099999904632568,1,2,1,1
original.repeat1,shared_recovery_frozen.repeat1,87521,4.599999904632568,3,-1,1,0
original.repeat1,shared_recovery_frozen.repeat1,88055,4.699999809265137,1,2,1,1
original.repeat1,shared_recovery_frozen.repeat1,88257,4.800000190734863,3,-1,1,0
original.repeat1,shared_recovery_frozen.repeat1,88301,4.199999809265137,3,-1,1,0
original.repeat1,shared_recovery_frozen.repeat1,88624,4.300000190734863,5,-1,1,0
original.repeat1,shared_recovery_frozen.repeat1,88628,4.5,2,3,1,1
original.repeat1,shared_recovery_frozen.repeat1,88856,4.699999809265137,5,-1,1,0
original.repeat1,shared_recovery_frozen.repeat1,88932,4.199999809265137,2,4,1,1
original.repeat1,shared_recovery_frozen.repeat1,89193,4.699999809265137,4,-1,1,0
original.repeat1,shared_recovery_frozen.repeat1,89257,5.400000095367432,3,-1,1,0
original.repeat1,shared_recovery_frozen.repeat1,89451,4.099999904632568,1,4,1,1
original.repeat1,shared_recovery_frozen.repeat1,89561,5.199999809265137,2,-1,1,0
original.repeat1,shared_recovery_frozen.repeat1,89810,4.400000095367432,2,-1,1,0
original.repeat1,shared_recovery_frozen.repeat1,89958,4.199999809265137,2,3,1,1
original.repeat1,shared_recovery_frozen.repeat1,90306,4.699999809265137,2,3,1,1
original.repeat1,shared_recovery_frozen.repeat1,90551,4.099999904632568,2,-1,1,0
original.repeat1,shared_recovery_frozen.repeat1,90604,5.300000190734863,2,3,1,1
original.repeat1,shared_recovery_frozen.repeat1,90706,4.199999809265137,1,2,1,1
original.repeat1,shared_recovery_frozen.repeat1,91299,5.5,4,-1,1,0
original.repeat1,shared_recovery_frozen.repeat1,91317,4.400000095367432,2,5,1,1
original.repeat1,shared_recovery_frozen.repeat1,92313,4.699999809265137,2,-1,1,0
original.repeat1,shared_recovery_frozen.repeat1,92523,4.199999809265137,2,3,1,1
original.repeat1,shared_recovery_frozen.repeat1,92968,4.099999904632568,2,3,1,1
original.repeat1,shared_recovery_frozen.repeat1,93380,4.699999809265137,3,-1,1,0
original.repeat1,shared_recovery_frozen.repeat1,93789,4.199999809265137,3,-1,1,0
original.repeat1,shared_recovery_frozen.repeat1,94652,4.199999809265137,3,5,1,1
original.repeat1,shared_recovery_frozen.repeat1,94846,4.300000190734863,2,3,1,1
original.repeat1,shared_recovery_frozen.repeat1,94874,4.199999809265137,2,-1,1,0
original.repeat1,shared_recovery_frozen.repeat1,95126,4.900000095367432,2,-1,1,0
original.repeat1,shared_recovery_frozen.repeat1,95669,5.300000190734863,5,-1,1,0
original.repeat1,shared_recovery_frozen.repeat1,96004,4.699999809265137,5,-1,1,0
original.repeat1,shared_recovery_frozen.repeat1,96078,4.400000095367432,2,3,1,1
original.repeat1,shared_recovery_frozen.repeat1,96186,4.199999809265137,2,-1,1,0
original.repeat1,shared_recovery_frozen.repeat1,96286,4.300000190734863,2,-1,1,0
original.repeat1,shared_recovery_frozen.repeat1,96350,5.199999809265137,2,4,1,1
original.repeat1,shared_recovery_frozen.repeat1,96424,4.599999904632568,1,-1,1,0
original.repeat1,shared_recovery_frozen.repeat1,96550,4.199999809265137,2,-1,1,0
original.repeat1,shared_recovery_frozen.repeat1,96648,4.800000190734863,3,-1,1,0
original.repeat1,shared_recovery_frozen.repeat1,96743,4.800000190734863,2,-1,1,0
original.repeat1,shared_recovery_frozen.repeat1,96873,4.800000190734863,2,4,1,1
original.repeat1,shared_recovery_frozen.repeat1,97031,4.199999809265137,1,2,1,1
original.repeat1,shared_recovery_frozen.repeat1,97054,4.5,4,-1,1,0
original.repeat1,shared_recovery_frozen.repeat1,97055,4.199999809265137,3,2,1,1
original.repeat1,shared_recovery_frozen.repeat1,97091,4.599999904632568,2,-1,1,0
original.repeat1,shared_recovery_frozen.repeat1,97501,4.900000095367432,2,3,1,1
original.repeat1,shared_recovery_frozen.repeat1,97896,4.5,2,-1,1,0
original.repeat1,shared_recovery_frozen.repeat1,98667,4.699999809265137,1,2,1,1
original.repeat1,shared_recovery_frozen.repeat1,98781,5.099999904632568,2,5,1,1
original.repeat1,shared_recovery_frozen.repeat1,98795,4.199999809265137,4,-1,1,0
original.repeat1,shared_recovery_frozen.repeat1,98804,5.400000095367432,2,-1,1,0
original.repeat1,shared_recovery_frozen.repeat1,99095,4.900000095367432,2,3,1,1
original.repeat1,shared_recovery_frozen.repeat1,99204,5.800000190734863,2,-1,1,0
original.repeat1,shared_recovery_frozen.repeat1,99388,4.5,2,-1,1,0
original.repeat1,shared_recovery_frozen.repeat1,99415,5.099999904632568,4,-1,1,0
original.repeat1,shared_recovery_frozen.repeat1,99564,5.5,2,3,1,1
original.repeat1,shared_recovery_frozen.repeat1,99598,4.699999809265137,3,4,1,1
original.repeat1,shared_recovery_frozen.repeat1,99709,4.599999904632568,4,-1,1,0
original.repeat1,shared_recovery_frozen.repeat1,99880,4.300000190734863,2,3,1,1
original.repeat1,shared_recovery_frozen.repeat1,99973,4.099999904632568,3,-1,1,0
original.repeat1,shared_recovery_frozen.repeat1,100075,4.5,3,4,1,1
original.repeat1,shared_recovery_frozen.repeat1,100239,4.199999809265137,3,4,1,1
original.repeat1,shared_recovery_frozen.repeat1,100508,4.199999809265137,4,5,1,1
original.repeat1,shared_recovery_frozen.repeat1,100544,4.699999809265137,3,-1,1,0
original.repeat1,shared_recovery_frozen.repeat1,100614,4.900000095367432,2,-1,1,0
original.repeat1,shared_recovery_frozen.repeat1,101061,4.900000095367432,3,4,1,1
original.repeat1,shared_recovery_frozen.repeat1,101468,4.400000095367432,2,3,1,1
original.repeat1,shared_recovery_frozen.repeat1,102223,4.199999809265137,4,-1,1,0
original.repeat1,shared_recovery_frozen.repeat1,102409,5.900000095367432,2,3,1,1
original.repeat1,shared_recovery_frozen.repeat1,102933,4.400000095367432,2,3,1,1
original.repeat1,shared_recovery_frozen.repeat1,103563,4.099999904632568,3,-1,1,0
original.repeat1,shared_recovery_frozen.repeat1,103564,5.300000190734863,5,-1,1,0
original.repeat1,shared_recovery_frozen.repeat1,103682,4.099999904632568,2,-1,1,0
original.repeat1,shared_recovery_frozen.repeat1,103758,5.199999809265137,4,-1,1,0
original.repeat1,shared_recovery_frozen.repeat1,103780,4.400000095367432,3,-1,1,0
original.repeat1,shared_recovery_frozen.repeat1,103878,4.099999904632568,2,3,1,1
original.repeat1,shared_recovery_frozen.repeat1,103895,4.199999809265137,3,-1,1,0
original.repeat1,shared_recovery_frozen.repeat1,104000,4.099999904632568,2,5,1,1
original.repeat1,shared_recovery_frozen.repeat1,104030,4.5,2,3,1,1
original.repeat1,shared_recovery_frozen.repeat1,104150,4.5,5,-1,1,0
original.repeat1,shared_recovery_frozen.repeat1,104452,4.199999809265137,2,3,1,1
original.repeat1,shared_recovery_frozen.repeat1,104552,4.699999809265137,2,4,1,1
original.repeat1,shared_recovery_frozen.repeat1,104559,4.300000190734863,3,4,1,1
original.repeat1,shared_recovery_frozen.repeat1,104865,4.099999904632568,2,3,1,1
original.repeat1,shared_recovery_frozen.repeat1,105092,4.400000095367432,5,-1,1,0
original.repeat1,shared_recovery_frozen.repeat1,105272,6.0,3,2,1,1
original.repeat1,shared_recovery_frozen.repeat1,106524,6.300000190734863,4,-1,1,0
original.repeat1,shared_recovery_frozen.repeat1,106613,4.199999809265137,4,-1,1,0
original.repeat1,shared_recovery_frozen.repeat1,106766,4.199999809265137,4,-1,1,0
original.repeat1,shared_recovery_frozen.repeat1,106923,4.300000190734863,2,3,1,1
original.repeat1,shared_recovery_frozen.repeat1,107010,4.300000190734863,4,-1,1,0
original.repeat1,shared_recovery_frozen.repeat1,107059,4.400000095367432,2,-1,1,0
original.repeat1,shared_recovery_frozen.repeat1,107131,4.300000190734863,2,3,1,1
original.repeat1,shared_recovery_frozen.repeat1,107484,4.400000095367432,2,3,1,1
original.repeat1,shared_recovery_frozen.repeat1,107582,4.300000190734863,4,-1,1,0
original.repeat1,shared_recovery_frozen.repeat1,107894,4.199999809265137,3,-1,1,0
original.repeat1,shared_recovery_frozen.repeat1,107985,4.099999904632568,2,-1,1,0
original.repeat1,shared_recovery_frozen.repeat1,108068,4.099999904632568,3,-1,1,0
original.repeat1,shared_recovery_frozen.repeat1,108084,4.699999809265137,2,-1,1,0
original.repeat1,shared_recovery_frozen.repeat1,108149,4.400000095367432,3,-1,1,0
original.repeat1,shared_recovery_frozen.repeat1,108203,4.300000190734863,2,3,1,1
original.repeat1,shared_recovery_frozen.repeat1,108268,4.5,2,3,1,1
original.repeat1,shared_recovery_frozen.repeat1,108780,5.300000190734863,3,-1,1,0
original.repeat1,shared_recovery_frozen.repeat1,109253,4.099999904632568,2,4,1,1
original.repeat1,shared_recovery_frozen.repeat1,109323,4.400000095367432,3,-1,1,0
original.repeat1,shared_recovery_frozen.repeat1,109991,4.699999809265137,3,4,1,1
original.repeat1,shared_recovery_frozen.repeat1,110219,4.5,5,-1,1,0
original.repeat1,shared_recovery_frozen.repeat1,110602,4.400000095367432,2,5,1,1
original.repeat1,shared_recovery_frozen.repeat1,110724,4.199999809265137,3,-1,1,0
original.repeat1,shared_recovery_frozen.repeat1,110889,5.300000190734863,2,3,1,1
original.repeat1,shared_recovery_frozen.repeat1,111014,4.300000190734863,4,-1,1,0
original.repeat1,shared_recovery_frozen.repeat1,111148,4.400000095367432,2,3,1,1
original.repeat1,shared_recovery_frozen.repeat1,111405,4.5,2,-1,1,0
original.repeat1,shared_recovery_frozen.repeat1,111419,4.099999904632568,4,-1,1,0
original.repeat1,shared_recovery_frozen.repeat1,111999,4.099999904632568,1,2,1,1
original.repeat1,shared_recovery_frozen.repeat1,112185,4.099999904632568,2,-1,1,0
original.repeat1,shared_recovery_frozen.repeat1,112808,4.800000190734863,4,-1,1,0
original.repeat1,shared_recovery_frozen.repeat1,113043,4.599999904632568,3,2,1,1
original.repeat1,shared_recovery_frozen.repeat1,113264,4.599999904632568,5,-1,1,0
original.repeat1,shared_recovery_frozen.repeat1,113513,4.699999809265137,2,-1,1,0
original.repeat1,shared_recovery_frozen.repeat1,113578,4.599999904632568,3,5,1,1
original.repeat1,shared_recovery_frozen.repeat1,113663,5.300000190734863,2,-1,1,0
original.repeat1,shared_recovery_frozen.repeat1,114444,4.400000095367432,2,4,1,1
original.repeat1,shared_recovery_frozen.repeat1,114527,4.300000190734863,2,3,1,1
original.repeat1,shared_recovery_frozen.repeat1,114591,4.400000095367432,1,2,1,1
original.repeat1,shared_recovery_frozen.repeat1,114726,4.400000095367432,2,-1,1,0
original.repeat1,shared_recovery_frozen.repeat1,114967,6.400000095367432,3,-1,1,0
original.repeat1,shared_recovery_frozen.repeat1,115038,4.199999809265137,2,-1,1,0
original.repeat1,shared_recovery_frozen.repeat1,115232,4.599999904632568,3,-1,1,0
original.repeat1,shared_recovery_frozen.repeat1,115312,4.599999904632568,1,2,1,1
original.repeat1,shared_recovery_frozen.repeat1,115426,4.599999904632568,2,3,1,1
original.repeat1,shared_recovery_frozen.repeat1,115922,4.599999904632568,4,-1,1,0
original.repeat1,shared_recovery_frozen.repeat1,116036,5.400000095367432,2,-1,1,0
original.repeat1,shared_recovery_frozen.repeat1,116269,4.5,4,-1,1,0
original.repeat1,shared_recovery_frozen.repeat1,116326,4.699999809265137,2,4,1,1
original.repeat1,shared_recovery_frozen.repeat1,116402,4.400000095367432,1,2,1,1
original.repeat1,shared_recovery_frozen.repeat1,116565,4.099999904632568,3,4,1,1
original.repeat1,shared_recovery_frozen.repeat1,117416,7.099999904632568,2,-1,1,0
original.repeat1,shared_recovery_frozen.repeat1,117810,5.0,1,2,1,1
original.repeat1,shared_recovery_frozen.repeat1,118031,5.400000095367432,4,-1,1,0
original.repeat1,shared_recovery_frozen.repeat1,118157,5.599999904632568,-1,5,0,1
original.repeat1,shared_recovery_frozen.repeat1,118377,4.599999904632568,2,-1,1,0
original.repeat1,shared_recovery_frozen.repeat1,118550,5.099999904632568,3,4,1,1
original.repeat1,shared_recovery_frozen.repeat1,118685,5.099999904632568,2,3,1,1
original.repeat1,shared_recovery_frozen.repeat1,118716,4.099999904632568,3,-1,1,0
original.repeat1,shared_recovery_frozen.repeat1,118746,4.800000190734863,2,5,1,1
original.repeat1,shared_recovery_frozen.repeat1,119325,4.800000190734863,3,-1,1,0
original.repeat1,shared_recovery_frozen.repeat1,119390,4.300000190734863,4,-1,1,0
original.repeat1,shared_recovery_frozen.repeat1,119405,4.099999904632568,2,-1,1,0
original.repeat1,shared_recovery_frozen.repeat1,119896,4.900000095367432,3,-1,1,0
original.repeat1,shared_recovery_frozen.repeat1,120096,4.099999904632568,5,-1,1,0
original.repeat1,shared_recovery_frozen.repeat1,120297,5.599999904632568,3,-1,1,0
original.repeat1,shared_recovery_frozen.repeat1,120380,4.099999904632568,3,5,1,1
original.repeat1,shared_recovery_frozen.repeat1,120459,4.099999904632568,3,4,1,1
original.repeat1,shared_recovery_frozen.repeat1,120829,4.400000095367432,1,2,1,1
original.repeat1,shared_recovery_frozen.repeat1,120848,4.5,2,-1,1,0
original.repeat1,shared_recovery_frozen.repeat1,120933,4.099999904632568,2,3,1,1
original.repeat1,shared_recovery_frozen.repeat1,121051,4.800000190734863,4,-1,1,0
original.repeat1,shared_recovery_frozen.repeat1,121221,5.199999809265137,3,-1,1,0
original.repeat1,shared_recovery_frozen.repeat1,121909,4.900000095367432,2,-1,1,0
original.repeat1,shared_recovery_frozen.repeat1,122004,4.699999809265137,2,-1,1,0
original.repeat1,shared_recovery_frozen.repeat1,122246,4.199999809265137,3,-1,1,0
original.repeat1,shared_recovery_frozen.repeat1,122549,4.400000095367432,5,-1,1,0
original.repeat1,shared_recovery_frozen.repeat1,122598,4.300000190734863,3,4,1,1
original.repeat1,shared_recovery_frozen.repeat1,123209,4.099999904632568,2,-1,1,0
original.repeat1,shared_recovery_frozen.repeat1,123262,4.099999904632568,3,5,1,1
original.repeat1,shared_recovery_frozen.repeat1,123417,4.699999809265137,4,3,1,1
original.repeat1,shared_recovery_frozen.repeat1,123495,4.699999809265137,2,4,1,1
original.repeat1,shared_recovery_frozen.repeat1,123689,4.099999904632568,2,-1,1,0
original.repeat1,shared_recovery_frozen.repeat1,123821,4.199999809265137,2,3,1,1
original.repeat1,shared_recovery_frozen.repeat1,124277,5.0,3,4,1,1
original.repeat1,shared_recovery_frozen.repeat1,124443,4.699999809265137,3,5,1,1
original.repeat1,shared_recovery_frozen.repeat1,124496,4.099999904632568,3,-1,1,0
original.repeat1,shared_recovery_frozen.repeat1,124623,4.099999904632568,2,3,1,1
original.repeat1,shared_recovery_frozen.repeat1,124771,4.300000190734863,3,4,1,1
original.repeat1,shared_recovery_frozen.repeat1,124958,4.300000190734863,3,2,1,1
original.repeat1,shared_recovery_frozen.repeat1,125121,4.599999904632568,-1,2,0,1
original.repeat1,shared_recovery_frozen.repeat1,125878,4.800000190734863,3,4,1,1
original.repeat1,shared_recovery_frozen.repeat1,126087,4.5,2,3,1,1
original.repeat1,shared_recovery_frozen.repeat1,126170,5.099999904632568,3,-1,1,0
original.repeat1,shared_recovery_frozen.repeat1,126840,4.199999809265137,3,4,1,1
original.repeat1,shared_recovery_frozen.repeat1,126928,4.400000095367432,5,-1,1,0
original.repeat1,shared_recovery_frozen.repeat1,127024,4.599999904632568,-1,4,0,1
original.repeat1,shared_recovery_frozen.repeat1,127113,5.199999809265137,3,2,1,1
original.repeat1,shared_recovery_frozen.repeat1,127303,4.599999904632568,1,2,1,1
original.repeat1,shared_recovery_frozen.repeat1,128619,4.699999809265137,2,-1,1,0
original.repeat1,shared_recovery_frozen.repeat1,128645,4.900000095367432,1,-1,1,0
original.repeat1,shared_recovery_frozen.repeat1,128708,5.300000190734863,3,-1,1,0
original.repeat1,shared_recovery_frozen.repeat1,128787,5.5,3,4,1,1
original.repeat1,shared_recovery_frozen.repeat1,129140,5.0,2,3,1,1
original.repeat1,shared_recovery_frozen.repeat1,129548,4.199999809265137,3,-1,1,0
original.repeat1,shared_recovery_frozen.repeat1,129609,5.599999904632568,2,3,1,1
original.repeat1,shared_recovery_frozen.repeat1,129676,4.199999809265137,1,2,1,1
original.repeat1,shared_recovery_frozen.repeat1,129814,5.199999809265137,4,2,1,1
original.repeat1,shared_recovery_frozen.repeat1,130160,4.900000095367432,3,5,1,1
original.repeat1,shared_recovery_frozen.repeat1,130295,4.5,2,-1,1,0
original.repeat1,shared_recovery_frozen.repeat1,130358,4.5,-1,2,0,1
original.repeat1,shared_recovery_frozen.repeat1,130475,4.300000190734863,3,-1,1,0
original.repeat1,shared_recovery_frozen.repeat1,130926,4.900000095367432,2,4,1,1
original.repeat1,shared_recovery_frozen.repeat1,130965,4.5,4,-1,1,0
original.repeat1,shared_recovery_frozen.repeat1,131038,4.300000190734863,3,4,1,1
original.repeat1,shared_recovery_frozen.repeat1,131043,5.199999809265137,3,4,1,1
original.repeat1,shared_recovery_frozen.repeat1,131106,4.099999904632568,2,1,1,1
original.repeat1,shared_recovery_frozen.repeat1,131657,4.800000190734863,3,-1,1,0
original.repeat1,shared_recovery_frozen.repeat1,131838,4.400000095367432,4,-1,1,0
original.repeat1,shared_recovery_frozen.repeat1,131864,5.199999809265137,4,3,1,1
original.repeat1,shared_recovery_frozen.repeat1,132493,5.099999904632568,2,5,1,1
original.repeat1,shared_recovery_frozen.repeat1,132949,4.199999809265137,3,2,1,1
original.repeat1,shared_recovery_frozen.repeat1,133116,4.199999809265137,2,3,1,1
original.repeat1,shared_recovery_frozen.repeat1,133284,4.800000190734863,3,-1,1,0
original.repeat1,shared_recovery_frozen.repeat1,133554,4.900000095367432,3,5,1,1
original.repeat1,shared_recovery_frozen.repeat1,133579,4.5,3,-1,1,0
original.repeat1,shared_recovery_frozen.repeat1,133658,4.800000190734863,2,-1,1,0
original.repeat1,shared_recovery_frozen.repeat1,134140,4.099999904632568,1,2,1,1
original.repeat1,shared_recovery_frozen.repeat1,134395,7.699999809265137,3,-1,1,0
original.repeat1,shared_recovery_frozen.repeat1,134665,4.199999809265137,1,3,1,1
original.repeat1,shared_recovery_frozen.repeat1,135094,4.400000095367432,1,2,1,1
original.repeat1,shared_recovery_frozen.repeat1,135108,5.400000095367432,3,-1,1,0
original.repeat1,shared_recovery_frozen.repeat1,135346,4.199999809265137,2,4,1,1
original.repeat1,shared_recovery_frozen.repeat1,135384,4.300000190734863,2,4,1,1
original.repeat1,shared_recovery_frozen.repeat1,135904,4.300000190734863,3,-1,1,0
original.repeat1,shared_recovery_frozen.repeat1,135920,5.300000190734863,2,5,1,1
original.repeat1,shared_recovery_frozen.repeat1,136062,5.099999904632568,4,5,1,1
original.repeat1,shared_recovery_frozen.repeat1,136386,4.5,5,-1,1,0
original.repeat1,shared_recovery_frozen.repeat1,136798,4.5,5,-1,1,0
original.repeat1,shared_recovery_frozen.repeat1,136822,5.400000095367432,3,5,1,1
original.repeat1,shared_recovery_frozen.repeat1,137738,4.099999904632568,3,-1,1,0
original.repeat1,shared_recovery_frozen.repeat1,137858,4.300000190734863,3,-1,1,0
original.repeat1,shared_recovery_frozen.repeat1,137914,5.199999809265137,3,-1,1,0
original.repeat1,shared_recovery_frozen.repeat1,137977,4.800000190734863,2,-1,1,0
original.repeat1,shared_recovery_frozen.repeat1,138731,4.5,3,-1,1,0
original.repeat1,shared_recovery_frozen.repeat1,138758,4.900000095367432,3,-1,1,0
original.repeat1,shared_recovery_frozen.repeat1,138878,7.099999904632568,3,-1,1,0
original.repeat1,shared_recovery_frozen.repeat1,138887,4.5,2,3,1,1
original.repeat1,shared_recovery_frozen.repeat1,139003,4.199999809265137,2,-1,1,0
original.repeat1,shared_recovery_frozen.repeat1,139102,4.300000190734863,2,3,1,1
original.repeat1,shared_recovery_frozen.repeat1,139153,4.300000190734863,3,-1,1,0
original.repeat1,shared_recovery_frozen.repeat1,139263,4.300000190734863,4,-1,1,0
original.repeat1,shared_recovery_frozen.repeat1,139293,4.5,4,3,1,1
original.repeat1,shared_recovery_frozen.repeat1,139373,4.199999809265137,3,4,1,1
original.repeat1,shared_recovery_frozen.repeat1,139381,4.199999809265137,2,-1,1,0
original.repeat1,shared_recovery_frozen.repeat1,140349,4.400000095367432,2,3,1,1
original.repeat1,shared_recovery_frozen.repeat1,140799,4.099999904632568,3,-1,1,0
original.repeat1,shared_recovery_frozen.repeat1,141144,4.800000190734863,3,-1,1,0
original.repeat1,shared_recovery_frozen.repeat1,141181,4.800000190734863,1,2,1,1
original.repeat1,shared_recovery_frozen.repeat1,141778,4.199999809265137,2,5,1,1
original.repeat1,shared_recovery_frozen.repeat1,142197,4.300000190734863,2,3,1,1
original.repeat1,shared_recovery_frozen.repeat1,142366,4.099999904632568,2,-1,1,0
original.repeat1,shared_recovery_frozen.repeat1,142697,4.599999904632568,4,-1,1,0
original.repeat1,shared_recovery_frozen.repeat1,142826,5.300000190734863,-1,4,0,1
original.repeat1,shared_recovery_frozen.repeat1,143067,4.699999809265137,2,-1,1,0
original.repeat1,shared_recovery_frozen.repeat1,143949,4.099999904632568,3,-1,1,0
original.repeat1,shared_recovery_frozen.repeat1,144694,5.300000190734863,1,3,1,1
original.repeat1,shared_recovery_frozen.repeat1,144710,4.300000190734863,2,3,1,1
original.repeat1,shared_recovery_frozen.repeat1,144987,4.800000190734863,-1,4,0,1
original.repeat1,shared_recovery_frozen.repeat1,145087,4.099999904632568,2,-1,1,0
original.repeat1,shared_recovery_frozen.repeat1,145314,4.300000190734863,3,-1,1,0
original.repeat1,shared_recovery_frozen.repeat1,145383,4.199999809265137,3,-1,1,0
original.repeat1,shared_recovery_frozen.repeat1,145768,4.300000190734863,4,-1,1,0
original.repeat1,shared_recovery_frozen.repeat1,146030,4.099999904632568,3,5,1,1
original.repeat1,shared_recovery_frozen.repeat1,146262,4.5,2,-1,1,0
original.repeat1,shared_recovery_frozen.repeat1,146355,4.099999904632568,2,5,1,1
original.repeat1,shared_recovery_frozen.repeat1,146509,4.400000095367432,2,-1,1,0
original.repeat1,shared_recovery_frozen.repeat1,146615,4.099999904632568,4,-1,1,0
original.repeat1,shared_recovery_frozen.repeat1,146797,4.400000095367432,3,4,1,1
original.repeat1,shared_recovery_frozen.repeat1,147052,5.599999904632568,1,2,1,1
original.repeat1,shared_recovery_frozen.repeat1,147119,4.300000190734863,2,3,1,1
original.repeat1,shared_recovery_frozen.repeat1,147449,4.699999809265137,2,-1,1,0
original.repeat1,shared_recovery_frozen.repeat1,147504,4.900000095367432,3,-1,1,0
original.repeat1,shared_recovery_frozen.repeat1,147610,4.300000190734863,3,-1,1,0
original.repeat1,shared_recovery_frozen.repeat1,147908,4.400000095367432,3,4,1,1
original.repeat1,shared_recovery_frozen.repeat1,147910,4.099999904632568,2,-1,1,0
original.repeat1,shared_recovery_frozen.repeat1,148253,6.0,3,4,1,1
original.repeat1,shared_recovery_frozen.repeat1,148832,4.400000095367432,2,3,1,1
original.repeat1,shared_recovery_frozen.repeat1,148877,6.0,2,3,1,1
original.repeat1,shared_recovery_frozen.repeat1,149097,4.400000095367432,3,-1,1,0
original.repeat1,shared_recovery_frozen.repeat1,149444,4.699999809265137,2,1,1,1
original.repeat1,shared_recovery_frozen.repeat1,149507,4.099999904632568,1,2,1,1
original.repeat1,shared_recovery_frozen.repeat1,149568,4.099999904632568,3,4,1,1
original.repeat1,shared_recovery_frozen.repeat1,149660,5.0,1,2,1,1
original.repeat1,shared_recovery_frozen.repeat1,149976,5.199999809265137,3,-1,1,0
original.repeat1,shared_recovery_frozen.repeat1,150375,4.300000190734863,3,4,1,1
original.repeat1,shared_recovery_frozen.repeat1,150419,4.599999904632568,3,-1,1,0
original.repeat1,shared_recovery_frozen.repeat1,150849,5.099999904632568,3,5,1,1
original.repeat1,shared_recovery_frozen.repeat1,151132,5.199999809265137,4,-1,1,0
original.repeat1,shared_recovery_frozen.repeat1,151191,4.5,2,4,1,1
original.repeat1,shared_recovery_frozen.repeat1,151291,4.300000190734863,1,2,1,1
original.repeat1,shared_recovery_frozen.repeat1,151550,4.300000190734863,1,-1,1,0
original.repeat1,shared_recovery_frozen.repeat1,151987,4.599999904632568,2,-1,1,0
original.repeat1,shared_recovery_frozen.repeat1,152030,4.099999904632568,2,3,1,1
original.repeat1,shared_recovery_frozen.repeat1,152109,4.400000095367432,2,3,1,1
original.repeat1,shared_recovery_frozen.repeat1,153053,5.199999809265137,2,-1,1,0
original.repeat1,shared_recovery_frozen.repeat1,154026,4.099999904632568,2,3,1,1
original.repeat1,shared_recovery_frozen.repeat1,154499,4.900000095367432,2,-1,1,0
original.repeat1,shared_recovery_frozen.repeat1,154560,5.300000190734863,3,-1,1,0
original.repeat1,shared_recovery_frozen.repeat1,155043,5.0,3,-1,1,0
original.repeat1,shared_recovery_frozen.repeat1,155094,4.5,2,5,1,1
original.repeat1,shared_recovery_frozen.repeat1,155558,4.300000190734863,2,-1,1,0
original.repeat1,shared_recovery_frozen.repeat1,155650,4.699999809265137,3,-1,1,0
original.repeat1,shared_recovery_frozen.repeat1,155764,4.800000190734863,3,-1,1,0
original.repeat1,shared_recovery_frozen.repeat1,155832,4.099999904632568,2,5,1,1
original.repeat1,shared_recovery_frozen.repeat1,156117,4.300000190734863,2,-1,1,0
original.repeat1,shared_recovery_frozen.repeat1,156509,4.300000190734863,2,5,1,1
original.repeat1,shared_recovery_frozen.repeat1,156985,5.300000190734863,2,-1,1,0
original.repeat1,shared_recovery_frozen.repeat1,157145,4.400000095367432,3,-1,1,0
original.repeat1,shared_recovery_frozen.repeat1,157176,4.099999904632568,2,-1,1,0
original.repeat1,shared_recovery_frozen.repeat1,157233,5.0,2,4,1,1
original.repeat1,shared_recovery_frozen.repeat1,157607,4.099999904632568,2,4,1,1
original.repeat1,shared_recovery_frozen.repeat1,157777,4.199999809265137,4,-1,1,0
original.repeat1,shared_recovery_frozen.repeat1,158355,4.300000190734863,4,-1,1,0
original.repeat1,shared_recovery_frozen.repeat1,158609,4.400000095367432,2,-1,1,0
original.repeat1,shared_recovery_frozen.repeat1,158723,4.099999904632568,3,-1,1,0
original.repeat1,shared_recovery_frozen.repeat1,158733,4.199999809265137,2,-1,1,0
original.repeat1,shared_recovery_frozen.repeat1,158943,4.099999904632568,2,3,1,1
original.repeat1,shared_recovery_frozen.repeat1,159219,4.599999904632568,3,-1,1,0
original.repeat1,shared_recovery_frozen.repeat1,159270,5.199999809265137,3,-1,1,0
original.repeat1,shared_recovery_frozen.repeat1,159740,4.400000095367432,2,-1,1,0
original.repeat1,shared_recovery_frozen.repeat1,159862,4.300000190734863,3,-1,1,0
original.repeat1,shared_recovery_frozen.repeat1,159940,4.199999809265137,2,3,1,1
original.repeat1,shared_recovery_frozen.repeat1,160108,4.199999809265137,4,-1,1,0
original.repeat1,shared_recovery_frozen.repeat1,160882,4.599999904632568,2,-1,1,0
original.repeat1,shared_recovery_frozen.repeat1,161064,4.599999904632568,1,2,1,1
original.repeat1,shared_recovery_frozen.repeat1,161105,4.5,3,-1,1,0
original.repeat1,shared_recovery_frozen.repeat1,161170,4.5,3,-1,1,0
original.repeat1,shared_recovery_frozen.repeat1,161400,5.0,2,3,1,1
original.repeat1,shared_recovery_frozen.repeat1,161819,5.199999809265137,3,4,1,1
original.repeat1,shared_recovery_frozen.repeat1,161924,4.199999809265137,2,4,1,1
original.repeat1,shared_recovery_frozen.repeat1,162655,4.300000190734863,4,3,1,1
original.repeat1,shared_recovery_frozen.repeat1,162700,4.5,1,-1,1,0
original.repeat1,shared_recovery_frozen.repeat1,162729,5.199999809265137,3,-1,1,0
original.repeat1,shared_recovery_frozen.repeat1,162776,4.300000190734863,4,-1,1,0
original.repeat1,shared_recovery_frozen.repeat1,162844,4.099999904632568,4,-1,1,0
original.repeat1,shared_recovery_frozen.repeat1,162874,4.400000095367432,5,-1,1,0
original.repeat1,shared_recovery_frozen.repeat1,162895,4.300000190734863,3,-1,1,0
original.repeat1,shared_recovery_frozen.repeat1,163232,4.099999904632568,2,-1,1,0
original.repeat1,shared_recovery_frozen.repeat1,163311,4.199999809265137,4,-1,1,0
original.repeat1,shared_recovery_frozen.repeat1,163494,4.300000190734863,1,2,1,1
original.repeat1,shared_recovery_frozen.repeat1,163495,4.300000190734863,3,-1,1,0
original.repeat1,shared_recovery_frozen.repeat1,163659,4.099999904632568,1,2,1,1
original.repeat1,shared_recovery_frozen.repeat1,163984,4.400000095367432,2,4,1,1
original.repeat1,shared_recovery_frozen.repeat1,164104,4.699999809265137,2,-1,1,0
original.repeat1,shared_recovery_frozen.repeat1,164359,5.199999809265137,3,-1,1,0
original.repeat1,shared_recovery_frozen.repeat1,164577,4.300000190734863,4,-1,1,0
original.repeat1,shared_recovery_frozen.repeat1,164612,4.900000095367432,3,-1,1,0
original.repeat1,shared_recovery_frozen.repeat1,165111,4.400000095367432,1,3,1,1
original.repeat1,shared_recovery_frozen.repeat1,165664,5.0,3,-1,1,0
original.repeat1,shared_recovery_frozen.repeat1,165786,4.5,2,-1,1,0
original.repeat1,shared_recovery_frozen.repeat1,166272,5.099999904632568,3,-1,1,0
original.repeat1,shared_recovery_frozen.repeat1,166571,4.199999809265137,2,4,1,1
original.repeat1,shared_recovery_frozen.repeat1,167313,4.400000095367432,5,4,1,1
original.repeat1,shared_recovery_frozen.repeat1,168055,4.5,2,3,1,1
original.repeat1,shared_recovery_frozen.repeat1,168792,4.400000095367432,3,-1,1,0
original.repeat1,shared_recovery_frozen.repeat1,169033,4.699999809265137,1,-1,1,0
original.repeat1,shared_recovery_frozen.repeat1,169074,4.5,2,-1,1,0
original.repeat1,shared_recovery_frozen.repeat1,169411,4.5,2,-1,1,0
original.repeat1,shared_recovery_frozen.repeat1,169507,5.300000190734863,2,4,1,1
original.repeat1,shared_recovery_frozen.repeat1,169722,5.0,3,-1,1,0
original.repeat1,shared_recovery_frozen.repeat1,169801,4.400000095367432,2,3,1,1
original.repeat1,shared_recovery_frozen.repeat1,169883,4.5,3,2,1,1
original.repeat1,shared_recovery_frozen.repeat1,170310,5.699999809265137,2,-1,1,0
original.repeat1,shared_recovery_frozen.repeat1,170642,4.199999809265137,2,-1,1,0
original.repeat1,shared_recovery_frozen.repeat1,170774,5.0,4,-1,1,0
original.repeat1,shared_recovery_frozen.repeat1,171459,4.5,2,3,1,1
original.repeat1,shared_recovery_frozen.repeat1,171532,5.099999904632568,2,-1,1,0
original.repeat1,shared_recovery_frozen.repeat1,171725,4.099999904632568,2,-1,1,0
original.repeat1,shared_recovery_frozen.repeat1,172293,4.400000095367432,4,-1,1,0
original.repeat1,shared_recovery_frozen.repeat1,172354,4.199999809265137,2,3,1,1
original.repeat1,shared_recovery_frozen.repeat1,173534,4.400000095367432,4,-1,1,0
original.repeat1,shared_recovery_frozen.repeat1,173548,5.599999904632568,2,-1,1,0
original.repeat1,shared_recovery_frozen.repeat1,173549,4.900000095367432,-1,4,0,1
original.repeat1,shared_recovery_frozen.repeat1,173918,4.5,2,-1,1,0
original.repeat1,shared_recovery_frozen.repeat1,174606,4.300000190734863,3,5,1,1
original.repeat1,shared_recovery_frozen.repeat1,174658,4.800000190734863,3,-1,1,0
original.repeat1,shared_recovery_frozen.repeat1,174710,4.800000190734863,5,3,1,1
original.repeat1,shared_recovery_frozen.repeat1,174785,4.300000190734863,2,3,1,1
original.repeat1,shared_recovery_frozen.repeat1,175016,4.5,1,2,1,1
original.repeat1,shared_recovery_frozen.repeat1,175308,4.5,2,1,1,1
original.repeat1,shared_recovery_frozen.repeat1,175408,4.400000095367432,3,4,1,1
original.repeat1,shared_recovery_frozen.repeat1,175971,4.199999809265137,4,-1,1,0
original.repeat1,shared_recovery_frozen.repeat1,176092,5.099999904632568,2,-1,1,0
original.repeat1,shared_recovery_frozen.repeat1,176299,4.300000190734863,3,-1,1,0
original.repeat1,shared_recovery_frozen.repeat1,176605,4.099999904632568,2,-1,1,0
original.repeat1,shared_recovery_frozen.repeat1,176771,4.699999809265137,1,2,1,1
original.repeat1,shared_recovery_frozen.repeat1,176772,5.5,2,3,1,1
original.repeat1,shared_recovery_frozen.repeat1,176863,4.599999904632568,2,-1,1,0
original.repeat1,shared_recovery_frozen.repeat1,177020,5.400000095367432,2,-1,1,0
original.repeat1,shared_recovery_frozen.repeat1,177526,5.400000095367432,3,4,1,1
original.repeat1,shared_recovery_frozen.repeat1,177684,4.699999809265137,2,-1,1,0
original.repeat1,shared_recovery_frozen.repeat1,178185,5.699999809265137,3,-1,1,0
original.repeat1,shared_recovery_frozen.repeat1,178218,4.599999904632568,3,-1,1,0
original.repeat1,shared_recovery_frozen.repeat1,178269,5.0,3,-1,1,0
original.repeat1,shared_recovery_frozen.repeat1,178290,4.699999809265137,3,-1,1,0
original.repeat1,shared_recovery_frozen.repeat1,178314,4.400000095367432,2,4,1,1
original.repeat1,shared_recovery_frozen.repeat1,178621,4.300000190734863,2,-1,1,0
original.repeat1,shared_recovery_frozen.repeat1,178807,5.699999809265137,3,-1,1,0
original.repeat1,shared_recovery_frozen.repeat1,179271,4.099999904632568,3,-1,1,0
original.repeat1,shared_recovery_frozen.repeat1,179303,4.400000095367432,2,-1,1,0
original.repeat1,shared_recovery_frozen.repeat1,179659,4.699999809265137,3,-1,1,0
original.repeat1,shared_recovery_frozen.repeat1,179879,6.400000095367432,4,-1,1,0
original.repeat1,shared_recovery_frozen.repeat1,180557,4.400000095367432,1,2,1,1
original.repeat1,shared_recovery_frozen.repeat1,180766,6.400000095367432,4,-1,1,0
original.repeat1,shared_recovery_frozen.repeat1,180892,5.099999904632568,3,4,1,1
original.repeat1,shared_recovery_frozen.repeat1,181162,4.900000095367432,2,4,1,1
original.repeat1,shared_recovery_frozen.repeat1,181166,6.800000190734863,2,-1,1,0
original.repeat1,shared_recovery_frozen.repeat1,181423,5.800000190734863,2,-1,1,0
original.repeat1,shared_recovery_frozen.repeat1,181578,4.5,2,4,1,1
original.repeat1,shared_recovery_frozen.repeat1,182716,4.400000095367432,4,-1,1,0
original.repeat1,shared_recovery_frozen.repeat1,183032,5.199999809265137,2,-1,1,0
original.repeat1,shared_recovery_frozen.repeat1,183760,5.300000190734863,4,-1,1,0
original.repeat1,shared_recovery_frozen.repeat1,183912,4.300000190734863,2,3,1,1
original.repeat1,shared_recovery_frozen.repeat1,183959,4.900000095367432,3,4,1,1
original.repeat1,shared_recovery_frozen.repeat1,184073,4.900000095367432,3,-1,1,0
original.repeat1,shared_recovery_frozen.repeat1,184627,4.099999904632568,3,2,1,1
original.repeat1,shared_recovery_frozen.repeat1,184891,4.199999809265137,1,2,1,1
original.repeat1,shared_recovery_frozen.repeat1,185347,4.400000095367432,2,-1,1,0
original.repeat1,shared_recovery_frozen.repeat1,185642,4.099999904632568,3,-1,1,0
original.repeat1,shared_recovery_frozen.repeat1,185654,4.099999904632568,3,-1,1,0
original.repeat1,shared_recovery_frozen.repeat1,185674,4.300000190734863,2,-1,1,0
original.repeat1,shared_recovery_frozen.repeat1,185678,4.699999809265137,2,4,1,1
original.repeat1,shared_recovery_frozen.repeat1,185690,4.300000190734863,1,2,1,1
original.repeat1,shared_recovery_frozen.repeat1,186148,4.800000190734863,3,4,1,1
original.repeat1,shared_recovery_frozen.repeat1,186400,4.199999809265137,2,4,1,1
original.repeat1,shared_recovery_frozen.repeat1,186630,4.900000095367432,2,3,1,1
original.repeat1,shared_recovery_frozen.repeat1,186875,4.5,4,-1,1,0
original.repeat1,shared_recovery_frozen.repeat1,186930,5.099999904632568,2,-1,1,0
original.repeat1,shared_recovery_frozen.repeat1,187088,4.400000095367432,5,-1,1,0
original.repeat1,shared_recovery_frozen.repeat1,187399,4.300000190734863,2,3,1,1
original.repeat1,shared_recovery_frozen.repeat1,188039,4.199999809265137,-1,4,0,1
original.repeat1,shared_recovery_frozen.repeat1,188053,5.0,3,4,1,1
original.repeat1,shared_recovery_frozen.repeat1,188095,4.199999809265137,2,4,1,1
original.repeat1,shared_recovery_frozen.repeat1,188187,4.800000190734863,5,-1,1,0
original.repeat1,shared_recovery_frozen.repeat1,188191,4.800000190734863,3,-1,1,0
original.repeat1,shared_recovery_frozen.repeat1,188316,4.300000190734863,3,-1,1,0
original.repeat1,shared_recovery_frozen.repeat1,188355,4.099999904632568,2,-1,1,0
original.repeat1,shared_recovery_frozen.repeat1,188467,4.400000095367432,1,2,1,1
original.repeat1,shared_recovery_frozen.repeat1,188511,4.5,2,3,1,1
original.repeat1,shared_recovery_frozen.repeat1,188832,4.599999904632568,4,-1,1,0
original.repeat1,shared_recovery_frozen.repeat1,188865,4.199999809265137,3,-1,1,0
original.repeat1,shared_recovery_frozen.repeat1,189245,4.699999809265137,2,5,1,1
original.repeat1,shared_recovery_frozen.repeat1,189442,4.099999904632568,2,3,1,1
original.repeat1,shared_recovery_frozen.repeat1,189470,4.400000095367432,2,4,1,1
original.repeat1,shared_recovery_frozen.repeat1,189695,4.300000190734863,3,-1,1,0
original.repeat1,shared_recovery_frozen.repeat1,189921,4.699999809265137,1,2,1,1
original.repeat1,shared_recovery_frozen.repeat1,190016,4.900000095367432,3,-1,1,0
original.repeat1,shared_recovery_frozen.repeat1,190073,4.199999809265137,4,2,1,1
original.repeat1,shared_recovery_frozen.repeat1,190274,4.5,3,4,1,1
original.repeat1,shared_recovery_frozen.repeat1,190362,4.099999904632568,2,4,1,1
original.repeat1,shared_recovery_frozen.repeat1,190803,4.599999904632568,3,-1,1,0
original.repeat1,shared_recovery_frozen.repeat1,191043,4.5,4,-1,1,0
original.repeat1,shared_recovery_frozen.repeat1,191115,4.199999809265137,2,-1,1,0
original.repeat1,shared_recovery_frozen.repeat1,191245,4.300000190734863,1,2,1,1
original.repeat1,shared_recovery_frozen.repeat1,191403,4.699999809265137,2,4,1,1
original.repeat1,shared_recovery_frozen.repeat1,191869,4.099999904632568,2,-1,1,0
original.repeat1,shared_recovery_frozen.repeat1,192358,4.800000190734863,4,-1,1,0
original.repeat1,shared_recovery_frozen.repeat1,192400,4.400000095367432,3,4,1,1
original.repeat1,shared_recovery_frozen.repeat1,192587,5.400000095367432,4,-1,1,0
original.repeat1,shared_recovery_frozen.repeat1,192896,4.800000190734863,-1,3,0,1
original.repeat1,shared_recovery_frozen.repeat1,193113,4.099999904632568,4,-1,1,0
original.repeat1,shared_recovery_frozen.repeat1,193144,4.199999809265137,2,5,1,1
original.repeat1,shared_recovery_frozen.repeat1,193234,4.300000190734863,4,5,1,1
original.repeat1,shared_recovery_frozen.repeat1,193443,4.5,5,-1,1,0
original.repeat1,shared_recovery_frozen.repeat1,193797,4.300000190734863,2,4,1,1
original.repeat1,shared_recovery_frozen.repeat1,193804,4.699999809265137,2,4,1,1
original.repeat1,shared_recovery_frozen.repeat1,193964,5.099999904632568,2,3,1,1
original.repeat1,shared_recovery_frozen.repeat1,194028,6.099999904632568,3,-1,1,0
original.repeat1,shared_recovery_frozen.repeat1,194176,4.199999809265137,3,4,1,1
original.repeat1,shared_recovery_frozen.repeat1,194559,4.800000190734863,4,-1,1,0
original.repeat1,shared_recovery_frozen.repeat1,194794,5.099999904632568,4,-1,1,0
original.repeat1,shared_recovery_frozen.repeat1,196040,4.5,2,-1,1,0
original.repeat1,shared_recovery_frozen.repeat1,196179,4.400000095367432,2,-1,1,0
original.repeat1,shared_recovery_frozen.repeat1,196248,4.5,3,4,1,1
original.repeat1,shared_recovery_frozen.repeat1,196397,4.300000190734863,1,2,1,1
original.repeat1,shared_recovery_frozen.repeat1,196609,5.400000095367432,4,-1,1,0
original.repeat1,shared_recovery_frozen.repeat1,196619,4.400000095367432,4,-1,1,0
original.repeat1,shared_recovery_frozen.repeat1,196757,4.099999904632568,4,-1,1,0
original.repeat1,shared_recovery_frozen.repeat1,196916,4.5,5,-1,1,0
original.repeat1,shared_recovery_frozen.repeat1,196926,5.699999809265137,2,3,1,1
original.repeat1,shared_recovery_frozen.repeat1,196952,5.199999809265137,3,4,1,1
original.repeat1,shared_recovery_frozen.repeat1,197031,4.199999809265137,2,4,1,1
original.repeat1,shared_recovery_frozen.repeat1,197054,5.800000190734863,3,5,1,1
original.repeat1,shared_recovery_frozen.repeat1,197555,5.199999809265137,3,-1,1,0
original.repeat1,shared_recovery_frozen.repeat1,197637,4.5,2,3,1,1
original.repeat1,shared_recovery_frozen.repeat1,198248,4.099999904632568,4,-1,1,0
original.repeat1,shared_recovery_frozen.repeat1,198881,4.400000095367432,3,-1,1,0
original.repeat1,shared_recovery_frozen.repeat1,198921,4.099999904632568,2,-1,1,0
original.repeat1,shared_recovery_frozen.repeat1,199146,5.900000095367432,3,-1,1,0
original.repeat1,shared_recovery_frozen.repeat1,199339,4.599999904632568,2,3,1,1
original.repeat1,shared_recovery_frozen.repeat1,199427,4.5,3,-1,1,0
original.repeat1,shared_recovery_frozen.repeat1,199646,4.199999809265137,2,-1,1,0
original.repeat1,shared_recovery_frozen.repeat1,199742,4.800000190734863,-1,3,0,1
original.repeat1,shared_recovery_frozen.repeat1,199829,5.5,3,-1,1,0
original.repeat1,shared_recovery_frozen.repeat1,200010,4.099999904632568,4,-1,1,0
original.repeat1,shared_recovery_frozen.repeat1,200914,5.0,2,-1,1,0
original.repeat1,shared_recovery_frozen.repeat1,201135,5.199999809265137,4,3,1,1
original.repeat1,shared_recovery_frozen.repeat1,201248,4.800000190734863,1,2,1,1
original.repeat1,shared_recovery_frozen.repeat1,201772,4.5,4,-1,1,0
original.repeat1,shared_recovery_frozen.repeat1,201933,5.0,5,-1,1,0
original.repeat1,shared_recovery_frozen.repeat1,201966,4.400000095367432,3,-1,1,0
original.repeat1,shared_recovery_frozen.repeat1,202046,4.300000190734863,3,-1,1,0
original.repeat1,shared_recovery_frozen.repeat1,202467,4.300000190734863,2,3,1,1
original.repeat1,shared_recovery_frozen.repeat1,203050,4.300000190734863,1,2,1,1
original.repeat1,shared_recovery_frozen.repeat1,203372,5.099999904632568,2,4,1,1
original.repeat1,shared_recovery_frozen.repeat1,203691,4.199999809265137,3,4,1,1
original.repeat1,shared_recovery_frozen.repeat1,203868,4.300000190734863,3,-1,1,0
original.repeat1,shared_recovery_frozen.repeat1,204113,4.400000095367432,2,3,1,1
original.repeat1,shared_recovery_frozen.repeat1,204183,5.5,2,4,1,1
original.repeat1,shared_recovery_frozen.repeat1,205207,4.099999904632568,2,-1,1,0
original.repeat1,shared_recovery_frozen.repeat1,205316,4.599999904632568,3,2,1,1
original.repeat1,shared_recovery_frozen.repeat1,205436,4.099999904632568,3,-1,1,0
original.repeat1,shared_recovery_frozen.repeat1,205642,4.699999809265137,3,5,1,1
original.repeat1,shared_recovery_frozen.repeat1,205764,4.199999809265137,2,-1,1,0
original.repeat1,shared_recovery_frozen.repeat1,206407,4.400000095367432,3,4,1,1
original.repeat1,shared_recovery_frozen.repeat1,206672,4.099999904632568,3,4,1,1
original.repeat1,shared_recovery_frozen.repeat1,206680,4.199999809265137,3,-1,1,0
original.repeat1,shared_recovery_frozen.repeat1,206741,4.5,2,-1,1,0
original.repeat1,shared_recovery_frozen.repeat1,207474,4.300000190734863,4,-1,1,0
original.repeat1,shared_recovery_frozen.repeat1,207636,5.199999809265137,3,-1,1,0
original.repeat1,shared_recovery_frozen.repeat1,208011,4.699999809265137,2,3,1,1
original.repeat1,shared_recovery_frozen.repeat1,208062,4.5,2,3,1,1
original.repeat1,shared_recovery_frozen.repeat1,208234,4.400000095367432,3,5,1,1
original.repeat1,shared_recovery_frozen.repeat1,208250,4.699999809265137,2,3,1,1
original.repeat1,shared_recovery_frozen.repeat1,208254,4.599999904632568,2,-1,1,0
original.repeat1,shared_recovery_frozen.repeat1,209032,5.0,3,-1,1,0
original.repeat1,shared_recovery_frozen.repeat1,209034,4.699999809265137,4,-1,1,0
original.repeat1,shared_recovery_frozen.repeat1,209110,5.300000190734863,2,-1,1,0
original.repeat1,shared_recovery_frozen.repeat1,209225,5.199999809265137,2,3,1,1
original.repeat1,shared_recovery_frozen.repeat1,209424,4.5,3,-1,1,0
original.repeat1,shared_recovery_frozen.repeat1,209615,5.599999904632568,2,-1,1,0
original.repeat1,shared_recovery_frozen.repeat1,209977,4.699999809265137,2,3,1,1
original.repeat1,shared_recovery_frozen.repeat1,210125,4.699999809265137,2,3,1,1
original.repeat1,shared_recovery_frozen.repeat1,210386,6.199999809265137,3,-1,1,0
original.repeat1,shared_recovery_frozen.repeat1,210525,4.199999809265137,1,3,1,1
original.repeat1,shared_recovery_frozen.repeat1,210644,4.199999809265137,3,-1,1,0
original.repeat1,shared_recovery_frozen.repeat1,210667,4.699999809265137,1,2,1,1
original.repeat1,shared_recovery_frozen.repeat1,210840,4.400000095367432,4,-1,1,0
original.repeat1,shared_recovery_frozen.repeat1,210871,4.5,4,-1,1,0
original.repeat1,shared_recovery_frozen.repeat1,210960,4.400000095367432,3,2,1,1
original.repeat1,shared_recovery_frozen.repeat1,211513,4.599999904632568,3,-1,1,0
original.repeat1,shared_recovery_frozen.repeat1,211750,6.199999809265137,-1,5,0,1
original.repeat1,shared_recovery_frozen.repeat1,211856,4.199999809265137,3,-1,1,0
original.repeat1,shared_recovery_frozen.repeat1,211914,4.400000095367432,4,3,1,1
original.repeat1,shared_recovery_frozen.repeat1,211939,4.5,2,-1,1,0
original.repeat1,shared_recovery_frozen.repeat1,212300,4.400000095367432,2,-1,1,0
original.repeat1,shared_recovery_frozen.repeat1,212347,5.199999809265137,2,-1,1,0
original.repeat1,shared_recovery_frozen.repeat1,212917,4.300000190734863,5,-1,1,0
original.repeat1,shared_recovery_frozen.repeat1,213351,4.800000190734863,4,-1,1,0
original.repeat1,shared_recovery_frozen.repeat1,213353,4.800000190734863,2,1,1,1
original.repeat1,shared_recovery_frozen.repeat1,213494,4.099999904632568,3,-1,1,0
original.repeat1,shared_recovery_frozen.repeat1,214322,4.300000190734863,2,4,1,1
original.repeat1,shared_recovery_frozen.repeat1,214641,5.0,3,-1,1,0
original.repeat1,shared_recovery_frozen.repeat1,214660,4.5,2,-1,1,0
original.repeat1,shared_recovery_frozen.repeat1,215170,5.400000095367432,2,3,1,1
original.repeat1,shared_recovery_frozen.repeat1,215376,5.0,3,-1,1,0
original.repeat1,shared_recovery_frozen.repeat1,215512,4.699999809265137,3,-1,1,0
original.repeat1,shared_recovery_frozen.repeat1,215658,4.199999809265137,2,-1,1,0
original.repeat1,shared_recovery_frozen.repeat1,215824,4.199999809265137,2,3,1,1
original.repeat1,shared_recovery_frozen.repeat1,216030,4.800000190734863,5,2,1,1
original.repeat1,shared_recovery_frozen.repeat1,216180,4.099999904632568,3,2,1,1
original.repeat1,shared_recovery_frozen.repeat1,216263,4.099999904632568,2,5,1,1
original.repeat1,shared_recovery_frozen.repeat1,216347,4.199999809265137,2,3,1,1
original.repeat1,shared_recovery_frozen.repeat1,216371,4.699999809265137,3,-1,1,0
original.repeat1,shared_recovery_frozen.repeat1,216495,4.300000190734863,2,-1,1,0
original.repeat1,shared_recovery_frozen.repeat1,216839,4.5,3,-1,1,0
original.repeat1,shared_recovery_frozen.repeat1,216888,4.900000095367432,2,4,1,1
original.repeat1,shared_recovery_frozen.repeat1,216908,4.599999904632568,3,-1,1,0
original.repeat1,shared_recovery_frozen.repeat1,217086,4.5,4,-1,1,0
original.repeat1,shared_recovery_frozen.repeat1,217093,4.199999809265137,3,4,1,1
original.repeat1,shared_recovery_frozen.repeat1,217095,5.199999809265137,3,-1,1,0
original.repeat1,shared_recovery_frozen.repeat1,217098,4.300000190734863,5,-1,1,0
original.repeat1,shared_recovery_frozen.repeat1,217210,5.699999809265137,2,3,1,1
original.repeat1,shared_recovery_frozen.repeat1,217478,4.300000190734863,2,4,1,1
original.repeat1,shared_recovery_frozen.repeat1,217508,5.0,1,2,1,1
original.repeat1,shared_recovery_frozen.repeat1,217677,4.699999809265137,2,3,1,1
original.repeat1,shared_recovery_frozen.repeat1,217996,4.199999809265137,2,3,1,1
original.repeat1,shared_recovery_frozen.repeat1,218233,5.400000095367432,3,-1,1,0
original.repeat1,shared_recovery_frozen.repeat1,218309,4.099999904632568,2,3,1,1
original.repeat1,shared_recovery_frozen.repeat1,218388,4.099999904632568,4,-1,1,0
original.repeat1,shared_recovery_frozen.repeat1,218416,5.0,2,-1,1,0
original.repeat1,shared_recovery_frozen.repeat1,218462,4.300000190734863,2,-1,1,0
original.repeat1,shared_recovery_frozen.repeat1,218483,4.699999809265137,2,3,1,1
original.repeat1,shared_recovery_frozen.repeat1,218548,4.800000190734863,2,-1,1,0
original.repeat1,shared_recovery_frozen.repeat1,219044,4.599999904632568,3,-1,1,0
original.repeat1,shared_recovery_frozen.repeat1,219061,4.400000095367432,2,3,1,1
original.repeat1,shared_recovery_frozen.repeat1,219170,4.599999904632568,2,3,1,1
original.repeat1,shared_recovery_frozen.repeat1,219176,5.0,2,-1,1,0
original.repeat1,shared_recovery_frozen.repeat1,219251,4.599999904632568,1,4,1,1
original.repeat1,shared_recovery_frozen.repeat1,219258,4.199999809265137,2,-1,1,0
original.repeat1,shared_recovery_frozen.repeat1,219476,4.599999904632568,3,-1,1,0
original.repeat1,shared_recovery_frozen.repeat1,219528,5.300000190734863,2,3,1,1
original.repeat1,shared_recovery_frozen.repeat1,220144,4.900000095367432,1,2,1,1
original.repeat1,shared_recovery_frozen.repeat1,220366,4.300000190734863,2,3,1,1
original.repeat1,shared_recovery_frozen.repeat1,220765,5.0,3,-1,1,0
original.repeat1,shared_recovery_frozen.repeat1,220991,4.900000095367432,1,5,1,1
original.repeat1,shared_recovery_frozen.repeat1,221981,4.5,5,-1,1,0
original.repeat1,shared_recovery_frozen.repeat1,222215,4.599999904632568,4,-1,1,0
original.repeat1,shared_recovery_frozen.repeat1,222558,4.5,2,3,1,1
original.repeat1,shared_recovery_frozen.repeat1,222617,5.900000095367432,2,4,1,1
original.repeat1,shared_recovery_frozen.repeat1,222854,4.400000095367432,3,4,1,1
original.repeat1,shared_recovery_frozen.repeat1,223048,4.199999809265137,2,-1,1,0
original.repeat1,shared_recovery_frozen.repeat1,223215,4.699999809265137,4,-1,1,0
original.repeat1,shared_recovery_frozen.repeat1,223277,4.099999904632568,2,4,1,1
original.repeat1,shared_recovery_frozen.repeat1,223364,4.300000190734863,4,-1,1,0
original.repeat1,shared_recovery_frozen.repeat1,223611,4.300000190734863,4,5,1,1
original.repeat1,shared_recovery_frozen.repeat1,223858,5.599999904632568,3,4,1,1
original.repeat1,shared_recovery_frozen.repeat1,223896,4.099999904632568,2,-1,1,0
original.repeat1,shared_recovery_frozen.repeat1,224024,4.5,3,-1,1,0
original.repeat1,shared_recovery_frozen.repeat1,224281,4.599999904632568,2,-1,1,0
original.repeat1,shared_recovery_frozen.repeat1,224336,5.599999904632568,3,5,1,1
original.repeat1,shared_recovery_frozen.repeat1,224499,4.900000095367432,2,-1,1,0
original.repeat1,shared_recovery_frozen.repeat1,224687,4.199999809265137,4,3,1,1
original.repeat1,shared_recovery_frozen.repeat1,225278,4.099999904632568,3,-1,1,0
original.repeat1,shared_recovery_frozen.repeat1,225532,4.099999904632568,1,2,1,1
original.repeat1,shared_recovery_frozen.repeat1,225996,4.400000095367432,3,5,1,1
original.repeat1,shared_recovery_frozen.repeat1,226402,4.400000095367432,2,4,1,1
original.repeat1,shared_recovery_frozen.repeat1,226434,4.5,4,-1,1,0
original.repeat1,shared_recovery_frozen.repeat1,226516,4.099999904632568,2,3,1,1
original.repeat1,shared_recovery_frozen.repeat1,226551,4.300000190734863,2,-1,1,0
original.repeat1,shared_recovery_frozen.repeat1,226986,4.199999809265137,2,3,1,1
original.repeat1,shared_recovery_frozen.repeat1,227112,5.699999809265137,2,-1,1,0
original.repeat1,shared_recovery_frozen.repeat1,227149,4.699999809265137,2,3,1,1
original.repeat1,shared_recovery_frozen.repeat1,227298,4.800000190734863,3,4,1,1
original.repeat1,shared_recovery_frozen.repeat1,227550,4.199999809265137,3,-1,1,0
original.repeat1,shared_recovery_frozen.repeat1,227901,4.5,2,4,1,1
original.repeat1,shared_recovery_frozen.repeat1,228348,4.5,4,-1,1,0
original.repeat1,shared_recovery_frozen.repeat1,228397,4.199999809265137,2,-1,1,0
original.repeat1,shared_recovery_frozen.repeat1,228952,4.699999809265137,3,5,1,1
original.repeat1,shared_recovery_frozen.repeat1,228956,4.199999809265137,3,-1,1,0
original.repeat1,shared_recovery_frozen.repeat1,229484,4.199999809265137,2,4,1,1
original.repeat1,shared_recovery_frozen.repeat1,229629,4.900000095367432,5,-1,1,0
original.repeat1,shared_recovery_frozen.repeat1,229781,4.800000190734863,2,-1,1,0
original.repeat1,shared_recovery_frozen.repeat1,230231,4.199999809265137,3,-1,1,0
original.repeat1,shared_recovery_frozen.repeat1,230245,4.800000190734863,-1,4,0,1
original.repeat1,shared_recovery_frozen.repeat1,230335,4.099999904632568,2,3,1,1
original.repeat1,shared_recovery_frozen.repeat1,230394,4.099999904632568,3,-1,1,0
original.repeat1,shared_recovery_frozen.repeat1,230660,4.800000190734863,5,-1,1,0
original.repeat1,shared_recovery_frozen.repeat1,231358,4.300000190734863,2,-1,1,0
original.repeat1,shared_recovery_frozen.repeat1,231523,4.099999904632568,2,1,1,1
original.repeat1,shared_recovery_frozen.repeat1,231527,4.199999809265137,2,-1,1,0
original.repeat1,shared_recovery_frozen.repeat1,232045,4.599999904632568,1,2,1,1
original.repeat1,shared_recovery_frozen.repeat1,232540,4.5,2,-1,1,0
original.repeat1,shared_recovery_frozen.repeat1,232622,4.099999904632568,1,2,1,1
original.repeat1,shared_recovery_frozen.repeat1,233270,4.599999904632568,4,3,1,1
original.repeat1,shared_recovery_frozen.repeat1,233363,4.099999904632568,4,-1,1,0
original.repeat1,shared_recovery_frozen.repeat1,233557,4.099999904632568,2,3,1,1
original.repeat1,shared_recovery_frozen.repeat1,233891,4.599999904632568,3,-1,1,0
original.repeat1,shared_recovery_frozen.repeat1,234460,4.199999809265137,1,2,1,1
original.repeat1,shared_recovery_frozen.repeat1,234818,4.300000190734863,3,-1,1,0
original.repeat1,shared_recovery_frozen.repeat1,234953,4.599999904632568,3,-1,1,0
original.repeat1,shared_recovery_frozen.repeat1,235059,4.699999809265137,5,-1,1,0
original.repeat1,shared_recovery_frozen.repeat1,235163,4.5,2,-1,1,0
original.repeat1,shared_recovery_frozen.repeat1,235208,4.400000095367432,4,-1,1,0
original.repeat1,shared_recovery_frozen.repeat1,235210,4.300000190734863,4,-1,1,0
original.repeat1,shared_recovery_frozen.repeat1,235326,5.699999809265137,3,-1,1,0
original.repeat1,shared_recovery_frozen.repeat1,235341,4.800000190734863,2,-1,1,0
original.repeat1,shared_recovery_frozen.repeat1,235438,5.199999809265137,1,2,1,1
original.repeat1,shared_recovery_frozen.repeat1,236011,4.099999904632568,4,-1,1,0
original.repeat1,shared_recovery_frozen.repeat1,236718,4.900000095367432,3,-1,1,0
original.repeat1,shared_recovery_frozen.repeat1,236777,4.199999809265137,4,-1,1,0
original.repeat1,shared_recovery_frozen.repeat1,236910,4.599999904632568,2,3,1,1
original.repeat1,shared_recovery_frozen.repeat1,237064,4.5,4,-1,1,0
original.repeat1,shared_recovery_frozen.repeat1,237167,4.400000095367432,2,-1,1,0
original.repeat1,shared_recovery_frozen.repeat1,237236,4.800000190734863,3,-1,1,0
original.repeat1,shared_recovery_frozen.repeat1,237690,5.199999809265137,3,-1,1,0
original.repeat1,shared_recovery_frozen.repeat1,237700,4.599999904632568,5,3,1,1
original.repeat1,shared_recovery_frozen.repeat1,237706,4.699999809265137,3,-1,1,0
original.repeat1,shared_recovery_frozen.repeat1,237711,4.400000095367432,3,-1,1,0
original.repeat1,shared_recovery_frozen.repeat1,237886,5.300000190734863,3,4,1,1
original.repeat1,shared_recovery_frozen.repeat1,237962,4.199999809265137,4,-1,1,0
original.repeat1,shared_recovery_frozen.repeat1,238428,4.099999904632568,3,-1,1,0
original.repeat1,shared_recovery_frozen.repeat1,238717,4.400000095367432,3,-1,1,0
original.repeat1,shared_recovery_frozen.repeat1,238800,5.199999809265137,4,-1,1,0
original.repeat1,shared_recovery_frozen.repeat1,238887,4.900000095367432,2,-1,1,0
original.repeat1,shared_recovery_frozen.repeat1,239037,5.0,2,3,1,1
original.repeat1,shared_recovery_frozen.repeat1,239117,4.099999904632568,3,4,1,1
original.repeat1,shared_recovery_frozen.repeat1,239159,4.300000190734863,2,-1,1,0
original.repeat1,shared_recovery_frozen.repeat1,239329,6.099999904632568,3,-1,1,0
original.repeat1,shared_recovery_frozen.repeat1,239534,4.900000095367432,2,-1,1,0
original.repeat1,shared_recovery_frozen.repeat1,239544,4.199999809265137,4,-1,1,0
original.repeat1,shared_recovery_frozen.repeat1,239560,4.400000095367432,3,-1,1,0
original.repeat1,shared_recovery_frozen.repeat1,239798,4.5,3,-1,1,0
original.repeat1,shared_recovery_frozen.repeat1,239843,4.300000190734863,3,-1,1,0
original.repeat1,shared_recovery_frozen.repeat1,239881,4.099999904632568,3,4,1,1
original.repeat1,shared_recovery_frozen.repeat1,239921,4.5,2,3,1,1
original.repeat1,shared_recovery_frozen.repeat1,240008,4.099999904632568,4,-1,1,0
original.repeat1,shared_recovery_frozen.repeat1,240277,6.0,4,-1,1,0
original.repeat1,shared_recovery_frozen.repeat1,240725,4.199999809265137,3,-1,1,0
original.repeat1,shared_recovery_frozen.repeat1,241015,4.199999809265137,2,-1,1,0
original.repeat1,shared_recovery_frozen.repeat1,241085,4.5,2,-1,1,0
original.repeat1,shared_recovery_frozen.repeat1,241226,4.300000190734863,2,-1,1,0
original.repeat1,shared_recovery_frozen.repeat1,241475,4.199999809265137,3,-1,1,0
original.repeat1,shared_recovery_frozen.repeat1,241625,4.599999904632568,2,4,1,1
original.repeat1,shared_recovery_frozen.repeat1,241755,4.5,4,-1,1,0
original.repeat1,shared_recovery_frozen.repeat1,241779,4.099999904632568,1,-1,1,0
original.repeat1,shared_recovery_frozen.repeat1,242293,4.199999809265137,3,-1,1,0
original.repeat1,shared_recovery_frozen.repeat1,243242,4.300000190734863,3,-1,1,0
original.repeat1,shared_recovery_frozen.repeat1,243522,4.5,2,-1,1,0
original.repeat1,shared_recovery_frozen.repeat1,243990,4.199999809265137,4,3,1,1
original.repeat1,shared_recovery_frozen.repeat1,244353,4.599999904632568,2,3,1,1
original.repeat1,shared_recovery_frozen.repeat1,244523,4.199999809265137,3,-1,1,0
original.repeat1,shared_recovery_frozen.repeat1,244620,4.599999904632568,2,-1,1,0
original.repeat1,shared_recovery_frozen.repeat1,245049,4.099999904632568,3,-1,1,0
original.repeat1,shared_recovery_frozen.repeat1,245563,4.400000095367432,3,-1,1,0
original.repeat1,shared_recovery_frozen.repeat1,245615,5.0,1,2,1,1
original.repeat1,shared_recovery_frozen.repeat1,246061,4.400000095367432,4,-1,1,0
original.repeat1,shared_recovery_frozen.repeat1,246206,4.400000095367432,4,5,1,1
original.repeat1,shared_recovery_frozen.repeat1,246625,4.199999809265137,3,-1,1,0
original.repeat1,shared_recovery_frozen.repeat1,246942,4.400000095367432,3,4,1,1
original.repeat1,shared_recovery_frozen.repeat1,247012,4.800000190734863,2,4,1,1
original.repeat1,shared_recovery_frozen.repeat1,247058,5.099999904632568,4,-1,1,0
original.repeat1,shared_recovery_frozen.repeat1,247198,4.099999904632568,3,-1,1,0
original.repeat1,shared_recovery_frozen.repeat1,247306,4.699999809265137,1,2,1,1
original.repeat1,shared_recovery_frozen.repeat1,247356,4.099999904632568,2,3,1,1
original.repeat1,shared_recovery_frozen.repeat1,247522,5.599999904632568,4,-1,1,0
original.repeat1,shared_recovery_frozen.repeat1,248047,4.099999904632568,1,-1,1,0
original.repeat1,shared_recovery_frozen.repeat1,248277,4.300000190734863,5,-1,1,0
original.repeat1,shared_recovery_frozen.repeat1,248469,4.099999904632568,3,-1,1,0
original.repeat1,shared_recovery_frozen.repeat1,249492,4.199999809265137,2,-1,1,0
original.repeat1,shared_recovery_frozen.repeat1,250152,5.599999904632568,2,3,1,1
original.repeat1,shared_recovery_frozen.repeat1,250159,4.300000190734863,4,-1,1,0
original.repeat1,shared_recovery_frozen.repeat1,250199,4.699999809265137,2,4,1,1
original.repeat1,shared_recovery_frozen.repeat1,251073,4.300000190734863,2,4,1,1
original.repeat1,shared_recovery_frozen.repeat1,251240,5.800000190734863,1,2,1,1
original.repeat1,shared_recovery_frozen.repeat1,251274,5.300000190734863,4,3,1,1
original.repeat1,shared_recovery_frozen.repeat1,251331,5.099999904632568,2,-1,1,0
original.repeat1,shared_recovery_frozen.repeat1,251972,4.099999904632568,5,-1,1,0
original.repeat1,shared_recovery_frozen.repeat1,251991,5.300000190734863,2,3,1,1
original.repeat1,shared_recovery_frozen.repeat1,252121,4.699999809265137,5,-1,1,0
original.repeat1,shared_recovery_frozen.repeat1,252669,4.099999904632568,2,-1,1,0
original.repeat1,shared_recovery_frozen.repeat1,252881,4.400000095367432,3,-1,1,0
original.repeat1,shared_recovery_frozen.repeat1,253030,4.199999809265137,1,2,1,1
original.repeat1,shared_recovery_frozen.repeat1,253164,4.099999904632568,2,-1,1,0
original.repeat1,shared_recovery_frozen.repeat1,253858,4.199999809265137,3,-1,1,0
original.repeat1,shared_recovery_frozen.repeat1,253862,4.300000190734863,2,4,1,1
original.repeat1,shared_recovery_frozen.repeat1,254755,4.199999809265137,4,-1,1,0
original.repeat1,shared_recovery_frozen.repeat1,255148,4.900000095367432,2,5,1,1
original.repeat1,shared_recovery_frozen.repeat1,255526,4.800000190734863,2,-1,1,0
original.repeat1,shared_recovery_frozen.repeat1,255670,4.699999809265137,3,-1,1,0
original.repeat1,shared_recovery_frozen.repeat1,256065,4.400000095367432,2,4,1,1
original.repeat1,shared_recovery_frozen.repeat1,256161,4.099999904632568,4,2,1,1
original.repeat1,shared_recovery_frozen.repeat1,256180,4.5,2,-1,1,0
original.repeat1,shared_recovery_frozen.repeat1,256591,4.199999809265137,3,2,1,1
original.repeat1,shared_recovery_frozen.repeat1,257399,4.800000190734863,4,-1,1,0
original.repeat1,shared_recovery_frozen.repeat1,257812,4.400000095367432,2,3,1,1
original.repeat1,shared_recovery_frozen.repeat1,257948,4.5,2,-1,1,0
original.repeat1,shared_recovery_frozen.repeat1,258014,5.0,3,2,1,1
original.repeat1,shared_recovery_frozen.repeat1,258025,4.199999809265137,5,-1,1,0
original.repeat1,shared_recovery_frozen.repeat1,258263,4.099999904632568,2,3,1,1
original.repeat1,shared_recovery_frozen.repeat1,258312,4.099999904632568,2,-1,1,0
original.repeat1,shared_recovery_frozen.repeat1,258648,4.199999809265137,2,4,1,1
original.repeat1,shared_recovery_frozen.repeat1,258908,5.099999904632568,3,-1,1,0
original.repeat1,shared_recovery_frozen.repeat1,258919,4.099999904632568,-1,4,0,1
original.repeat1,shared_recovery_frozen.repeat1,258962,5.199999809265137,3,4,1,1
original.repeat1,shared_recovery_frozen.repeat1,258979,4.800000190734863,5,-1,1,0
original.repeat1,shared_recovery_frozen.repeat1,259095,4.5,2,3,1,1
original.repeat1,shared_recovery_frozen.repeat1,259170,4.400000095367432,2,4,1,1
original.repeat1,shared_recovery_frozen.repeat1,259513,4.199999809265137,4,-1,1,0
original.repeat1,shared_recovery_frozen.repeat1,259607,4.300000190734863,3,-1,1,0
original.repeat1,shared_recovery_frozen.repeat1,259639,4.5,3,2,1,1
original.repeat1,shared_recovery_frozen.repeat1,259759,4.300000190734863,5,-1,1,0
original.repeat1,shared_recovery_frozen.repeat1,259782,4.199999809265137,1,2,1,1
original.repeat1,shared_recovery_frozen.repeat1,260189,4.099999904632568,2,3,1,1
original.repeat1,shared_recovery_frozen.repeat1,260191,4.099999904632568,2,3,1,1
original.repeat1,shared_recovery_frozen.repeat1,260291,4.800000190734863,4,-1,1,0
original.repeat1,shared_recovery_frozen.repeat1,260396,5.0,3,4,1,1
original.repeat1,shared_recovery_frozen.repeat1,260563,4.400000095367432,2,-1,1,0
original.repeat1,shared_recovery_frozen.repeat1,260707,4.400000095367432,2,-1,1,0
original.repeat1,shared_recovery_frozen.repeat1,261031,4.599999904632568,3,-1,1,0
original.repeat1,shared_recovery_frozen.repeat1,261658,4.5,3,-1,1,0
original.repeat1,shared_recovery_frozen.repeat1,261986,4.099999904632568,2,3,1,1
original.repeat1,shared_recovery_frozen.repeat1,262305,5.400000095367432,2,4,1,1
original.repeat1,shared_recovery_frozen.repeat1,262366,4.199999809265137,2,3,1,1
original.repeat1,shared_recovery_frozen.repeat1,262512,5.199999809265137,2,-1,1,0
original.repeat1,shared_recovery_frozen.repeat1,262595,4.599999904632568,3,-1,1,0
original.repeat1,shared_recovery_frozen.repeat1,262914,4.199999809265137,3,2,1,1
original.repeat1,shared_recovery_frozen.repeat1,262924,4.199999809265137,2,4,1,1
original.repeat1,shared_recovery_frozen.repeat1,263632,4.099999904632568,2,3,1,1
original.repeat1,shared_recovery_frozen.repeat1,263706,4.699999809265137,3,-1,1,0
original.repeat1,shared_recovery_frozen.repeat1,263849,4.800000190734863,4,-1,1,0
original.repeat1,shared_recovery_frozen.repeat1,264105,4.599999904632568,5,-1,1,0
original.repeat1,shared_recovery_frozen.repeat1,264197,4.400000095367432,2,3,1,1
original.repeat1,shared_recovery_frozen.repeat1,264256,4.300000190734863,3,4,1,1
original.repeat1,shared_recovery_frozen.repeat1,264300,4.199999809265137,1,2,1,1
original.repeat1,shared_recovery_frozen.repeat1,265066,5.199999809265137,2,-1,1,0
original.repeat1,shared_recovery_frozen.repeat1,265807,4.699999809265137,3,-1,1,0
original.repeat1,shared_recovery_frozen.repeat1,265852,4.5,2,-1,1,0
original.repeat1,shared_recovery_frozen.repeat1,266262,5.0,4,-1,1,0
original.repeat1,shared_recovery_frozen.repeat1,266369,4.699999809265137,2,3,1,1
original.repeat1,shared_recovery_frozen.repeat1,266661,4.699999809265137,3,4,1,1
original.repeat1,shared_recovery_frozen.repeat1,266741,5.599999904632568,3,4,1,1
original.repeat1,shared_recovery_frozen.repeat1,266788,4.5,2,-1,1,0
original.repeat1,shared_recovery_frozen.repeat1,267633,4.199999809265137,2,-1,1,0
original.repeat1,shared_recovery_frozen.repeat1,267852,5.400000095367432,2,-1,1,0
original.repeat1,shared_recovery_frozen.repeat1,268324,4.900000095367432,2,3,1,1
original.repeat1,shared_recovery_frozen.repeat1,268549,4.5,2,3,1,1
original.repeat1,shared_recovery_frozen.repeat1,268779,4.400000095367432,4,-1,1,0
original.repeat1,shared_recovery_frozen.repeat1,268869,4.300000190734863,4,-1,1,0
original.repeat1,shared_recovery_frozen.repeat1,269129,5.900000095367432,2,3,1,1
original.repeat1,shared_recovery_frozen.repeat1,269535,5.099999904632568,2,-1,1,0
original.repeat1,shared_recovery_frozen.repeat1,269579,4.199999809265137,2,3,1,1
original.repeat1,shared_recovery_frozen.repeat1,269692,4.5,2,-1,1,0
original.repeat1,shared_recovery_frozen.repeat1,269976,5.099999904632568,5,-1,1,0
original.repeat1,shared_recovery_frozen.repeat1,270292,4.099999904632568,1,2,1,1
original.repeat1,shared_recovery_frozen.repeat1,270320,4.099999904632568,5,-1,1,0
original.repeat1,shared_recovery_frozen.repeat1,270435,4.400000095367432,2,1,1,1
original.repeat1,shared_recovery_frozen.repeat1,270594,4.599999904632568,1,2,1,1
original.repeat1,shared_recovery_frozen.repeat1,271036,4.199999809265137,5,-1,1,0
original.repeat1,shared_recovery_frozen.repeat1,271074,4.800000190734863,1,2,1,1
original.repeat1,shared_recovery_frozen.repeat1,271097,4.199999809265137,3,-1,1,0
original.repeat1,shared_recovery_frozen.repeat1,271163,4.400000095367432,3,-1,1,0
original.repeat1,shared_recovery_frozen.repeat1,271354,4.300000190734863,3,-1,1,0
original.repeat1,shared_recovery_frozen.repeat1,271391,4.400000095367432,1,2,1,1
original.repeat1,shared_recovery_frozen.repeat1,271434,4.699999809265137,1,2,1,1
original.repeat1,shared_recovery_frozen.repeat1,271484,4.400000095367432,3,-1,1,0
original.repeat1,shared_recovery_frozen.repeat1,271786,5.400000095367432,2,3,1,1
original.repeat1,shared_recovery_frozen.repeat1,271861,4.400000095367432,3,-1,1,0
original.repeat1,shared_recovery_frozen.repeat1,271921,4.5,2,3,1,1
original.repeat1,shared_recovery_frozen.repeat1,271994,5.599999904632568,3,-1,1,0
original.repeat1,shared_recovery_frozen.repeat1,272655,4.199999809265137,2,3,1,1
original.repeat1,shared_recovery_frozen.repeat1,272744,5.5,3,-1,1,0
original.repeat1,shared_recovery_frozen.repeat1,272771,4.800000190734863,1,2,1,1
original.repeat1,shared_recovery_frozen.repeat1,272971,4.099999904632568,1,2,1,1
original.repeat1,shared_recovery_frozen.repeat1,273311,4.400000095367432,-1,4,0,1
original.repeat1,shared_recovery_frozen.repeat1,273357,4.300000190734863,1,2,1,1
original.repeat1,shared_recovery_frozen.repeat1,273469,4.5,4,-1,1,0
original.repeat1,shared_recovery_frozen.repeat1,273820,5.0,3,-1,1,0
original.repeat1,shared_recovery_frozen.repeat1,273895,4.300000190734863,2,3,1,1
original.repeat1,shared_recovery_frozen.repeat1,274228,4.5,2,-1,1,0
original.repeat1,shared_recovery_frozen.repeat1,274511,4.099999904632568,2,5,1,1
original.repeat1,shared_recovery_frozen.repeat1,274690,4.300000190734863,2,4,1,1
original.repeat1,shared_recovery_frozen.repeat1,274743,5.599999904632568,2,-1,1,0
original.repeat1,shared_recovery_frozen.repeat1,274859,4.300000190734863,2,5,1,1
original.repeat1,shared_recovery_frozen.repeat1,274890,4.400000095367432,2,-1,1,0
original.repeat1,shared_recovery_frozen.repeat1,275389,4.800000190734863,2,1,1,1
original.repeat1,shared_recovery_frozen.repeat1,275428,5.900000095367432,1,2,1,1
original.repeat1,shared_recovery_frozen.repeat1,276028,4.099999904632568,3,-1,1,0
original.repeat1,shared_recovery_frozen.repeat1,276161,4.199999809265137,2,5,1,1
original.repeat1,shared_recovery_frozen.repeat1,276258,4.5,2,-1,1,0
original.repeat1,shared_recovery_frozen.repeat1,276846,4.699999809265137,2,3,1,1
original.repeat1,shared_recovery_frozen.repeat1,277213,4.199999809265137,4,-1,1,0
original.repeat1,shared_recovery_frozen.repeat1,277567,4.199999809265137,1,2,1,1
original.repeat1,shared_recovery_frozen.repeat1,277723,4.199999809265137,5,-1,1,0
original.repeat1,shared_recovery_frozen.repeat1,277932,4.5,2,-1,1,0
original.repeat1,shared_recovery_frozen.repeat1,278000,4.900000095367432,3,-1,1,0
original.repeat1,shared_recovery_frozen.repeat1,278682,4.199999809265137,2,-1,1,0
original.repeat1,shared_recovery_frozen.repeat1,279317,4.599999904632568,2,5,1,1
original.repeat1,shared_recovery_frozen.repeat1,279785,4.800000190734863,2,4,1,1
original.repeat1,shared_recovery_frozen.repeat1,279952,4.400000095367432,2,4,1,1
original.repeat1,shared_recovery_frozen.repeat1,280808,5.900000095367432,3,-1,1,0
original.repeat1,shared_recovery_frozen.repeat1,281051,4.099999904632568,2,4,1,1
original.repeat1,shared_recovery_frozen.repeat1,281466,4.199999809265137,3,-1,1,0
original.repeat1,shared_recovery_frozen.repeat1,282016,5.699999809265137,1,2,1,1
original.repeat1,shared_recovery_frozen.repeat1,282291,4.199999809265137,4,-1,1,0
original.repeat1,shared_recovery_frozen.repeat1,282608,4.900000095367432,2,4,1,1
original.repeat1,shared_recovery_frozen.repeat1,282839,5.199999809265137,3,-1,1,0
original.repeat1,shared_recovery_frozen.repeat1,282905,4.099999904632568,3,-1,1,0
original.repeat1,shared_recovery_frozen.repeat1,283053,4.199999809265137,2,-1,1,0
original.repeat1,shared_recovery_frozen.repeat1,283163,4.199999809265137,2,-1,1,0
original.repeat1,shared_recovery_frozen.repeat1,283208,4.099999904632568,2,5,1,1
original.repeat1,shared_recovery_frozen.repeat1,283476,4.699999809265137,3,4,1,1
original.repeat1,shared_recovery_frozen.repeat1,283800,4.199999809265137,2,3,1,1
original.repeat1,shared_recovery_frozen.repeat1,283811,4.699999809265137,3,-1,1,0
original.repeat1,shared_recovery_frozen.repeat1,284190,4.800000190734863,2,-1,1,0
original.repeat1,shared_recovery_frozen.repeat1,284319,4.300000190734863,3,-1,1,0
original.repeat1,shared_recovery_frozen.repeat1,284587,5.300000190734863,2,4,1,1
original.repeat1,shared_recovery_frozen.repeat1,284648,5.300000190734863,4,-1,1,0
original.repeat1,shared_recovery_frozen.repeat1,284687,4.099999904632568,3,-1,1,0
original.repeat1,shared_recovery_frozen.repeat1,285236,5.400000095367432,3,-1,1,0
original.repeat1,shared_recovery_frozen.repeat1,285633,5.900000095367432,-1,3,0,1
original.repeat1,shared_recovery_frozen.repeat1,285766,4.800000190734863,4,-1,1,0
original.repeat1,shared_recovery_frozen.repeat1,286081,5.699999809265137,3,-1,1,0
original.repeat1,shared_recovery_frozen.repeat1,286207,4.5,1,2,1,1
original.repeat1,shared_recovery_frozen.repeat1,286359,4.199999809265137,3,4,1,1
original.repeat1,shared_recovery_frozen.repeat1,286753,4.800000190734863,2,3,1,1
original.repeat1,shared_recovery_frozen.repeat1,286945,5.0,3,-1,1,0
original.repeat1,shared_recovery_frozen.repeat1,286958,4.699999809265137,3,-1,1,0
original.repeat1,shared_recovery_frozen.repeat1,286994,4.099999904632568,3,4,1,1
original.repeat1,shared_recovery_frozen.repeat1,286999,4.599999904632568,2,-1,1,0
original.repeat1,shared_recovery_frozen.repeat1,287082,4.099999904632568,3,4,1,1
original.repeat1,shared_recovery_frozen.repeat1,287355,4.400000095367432,5,-1,1,0
original.repeat1,shared_recovery_frozen.repeat1,287654,4.199999809265137,2,-1,1,0
original.repeat1,shared_recovery_frozen.repeat1,288085,5.400000095367432,3,-1,1,0
original.repeat1,shared_recovery_frozen.repeat1,288989,4.400000095367432,2,-1,1,0
original.repeat1,shared_recovery_frozen.repeat1,289112,4.099999904632568,3,4,1,1
original.repeat1,shared_recovery_frozen.repeat1,289312,5.099999904632568,2,-1,1,0
original.repeat1,shared_recovery_frozen.repeat1,289689,4.300000190734863,3,2,1,1
original.repeat1,shared_recovery_frozen.repeat1,289697,4.699999809265137,1,2,1,1
original.repeat1,shared_recovery_frozen.repeat1,289991,5.5,2,3,1,1
original.repeat1,shared_recovery_frozen.repeat1,290416,4.599999904632568,1,3,1,1
original.repeat1,shared_recovery_frozen.repeat1,290466,4.5,5,-1,1,0
original.repeat1,shared_recovery_frozen.repeat1,290554,4.699999809265137,3,-1,1,0
original.repeat1,shared_recovery_frozen.repeat1,290573,4.099999904632568,2,-1,1,0
original.repeat1,shared_recovery_frozen.repeat1,290995,4.699999809265137,3,-1,1,0
original.repeat1,shared_recovery_frozen.repeat1,291415,4.099999904632568,2,-1,1,0
original.repeat1,shared_recovery_frozen.repeat1,291884,4.5,3,-1,1,0
original.repeat1,shared_recovery_frozen.repeat1,292060,4.5,3,-1,1,0
original.repeat1,shared_recovery_frozen.repeat1,292077,5.300000190734863,2,3,1,1
original.repeat1,shared_recovery_frozen.repeat1,292093,4.5,4,-1,1,0
original.repeat1,shared_recovery_frozen.repeat1,292328,4.300000190734863,2,-1,1,0
original.repeat1,shared_recovery_frozen.repeat1,292449,4.599999904632568,2,3,1,1
original.repeat1,shared_recovery_frozen.repeat1,292620,4.099999904632568,2,4,1,1
original.repeat1,shared_recovery_frozen.repeat1,292734,4.300000190734863,2,5,1,1
original.repeat1,shared_recovery_frozen.repeat1,292867,4.300000190734863,2,-1,1,0
original.repeat1,shared_recovery_frozen.repeat1,293284,4.099999904632568,1,-1,1,0
original.repeat1,shared_recovery_frozen.repeat1,293322,5.699999809265137,4,-1,1,0
original.repeat1,shared_recovery_frozen.repeat1,293657,4.400000095367432,1,2,1,1
original.repeat1,shared_recovery_frozen.repeat1,293672,5.699999809265137,2,-1,1,0
original.repeat1,shared_recovery_frozen.repeat1,293703,4.199999809265137,3,2,1,1
original.repeat1,shared_recovery_frozen.repeat1,294208,4.199999809265137,2,3,1,1
original.repeat1,shared_recovery_frozen.repeat1,294317,5.199999809265137,2,-1,1,0
original.repeat1,shared_recovery_frozen.repeat1,294359,4.199999809265137,2,-1,1,0
original.repeat1,shared_recovery_frozen.repeat1,294643,6.0,1,2,1,1
original.repeat1,shared_recovery_frozen.repeat1,295008,4.099999904632568,4,-1,1,0
original.repeat1,shared_recovery_frozen.repeat1,295401,4.900000095367432,5,-1,1,0
original.repeat1,shared_recovery_frozen.repeat1,295438,5.699999809265137,2,3,1,1
original.repeat1,shared_recovery_frozen.repeat1,295460,4.199999809265137,1,3,1,1
original.repeat1,shared_recovery_frozen.repeat1,295656,5.199999809265137,2,-1,1,0
original.repeat1,shared_recovery_frozen.repeat1,295968,4.900000095367432,2,3,1,1
original.repeat1,shared_recovery_frozen.repeat1,296402,4.5,3,4,1,1
original.repeat1,shared_recovery_frozen.repeat1,296641,4.300000190734863,2,5,1,1
original.repeat1,shared_recovery_frozen.repeat1,296655,5.099999904632568,2,3,1,1
original.repeat1,shared_recovery_frozen.repeat1,296895,4.699999809265137,2,3,1,1
original.repeat1,shared_recovery_frozen.repeat1,297199,4.199999809265137,1,2,1,1
original.repeat1,shared_recovery_frozen.repeat1,297409,4.199999809265137,2,-1,1,0
original.repeat1,shared_recovery_frozen.repeat1,297433,4.199999809265137,-1,3,0,1
original.repeat1,shared_recovery_frozen.repeat1,297492,4.199999809265137,5,3,1,1
original.repeat1,shared_recovery_frozen.repeat1,297665,4.599999904632568,3,5,1,1
original.repeat1,shared_recovery_frozen.repeat1,298032,4.300000190734863,5,3,1,1
original.repeat1,shared_recovery_frozen.repeat1,298058,5.5,2,-1,1,0
original.repeat1,shared_recovery_frozen.repeat1,298242,4.800000190734863,4,5,1,1
original.repeat1,shared_recovery_frozen.repeat1,298288,4.099999904632568,1,2,1,1
original.repeat1,shared_recovery_frozen.repeat1,298536,4.099999904632568,3,-1,1,0
original.repeat1,shared_recovery_frozen.repeat1,298596,5.5,5,-1,1,0
original.repeat1,shared_recovery_frozen.repeat1,298672,4.5,2,4,1,1
original.repeat1,shared_recovery_frozen.repeat1,299159,4.300000190734863,2,-1,1,0
original.repeat1,shared_recovery_frozen.repeat1,299305,4.800000190734863,3,-1,1,0
original.repeat1,shared_recovery_frozen.repeat1,299526,5.0,3,2,1,1
original.repeat1,shared_recovery_frozen.repeat1,299554,4.400000095367432,2,-1,1,0
original.repeat1,shared_recovery_frozen.repeat1,300084,4.300000190734863,3,-1,1,0
original.repeat1,shared_recovery_frozen.repeat1,300175,4.400000095367432,1,2,1,1
original.repeat1,shared_recovery_frozen.repeat1,300293,4.400000095367432,2,3,1,1
original.repeat1,shared_recovery_frozen.repeat1,300349,4.900000095367432,2,-1,1,0
original.repeat1,shared_recovery_frozen.repeat1,300374,4.599999904632568,3,4,1,1
original.repeat1,shared_recovery_frozen.repeat1,300449,4.300000190734863,3,5,1,1
original.repeat1,shared_recovery_frozen.repeat1,300689,4.800000190734863,3,-1,1,0
shared_recovery_frozen.repeat0,shared_recovery_frozen.repeat1,118746,4.800000190734863,-1,5,0,1
shared_recovery_frozen.repeat0,shared_recovery_frozen.repeat1,139293,4.5,4,3,1,1
shared_recovery_frozen.repeat0,shared_recovery_frozen.repeat1,150375,4.300000190734863,-1,4,0,1
shared_recovery_frozen.repeat0,shared_recovery_frozen.repeat1,216263,4.099999904632568,-1,5,0,1
shared_recovery_frozen.repeat0,shared_recovery_frozen.repeat1,225996,4.400000095367432,-1,5,0,1
shared_recovery_frozen.repeat0,shared_recovery_frozen.repeat1,234703,4.599999904632568,1,2,1,1
shared_recovery_frozen.repeat0,shared_recovery_frozen.repeat1,279521,7.400000095367432,5,4,1,1
shared_recovery_frozen.repeat0,shared_recovery_frozen.repeat1,288684,4.199999809265137,3,2,1,1
shared_recovery_frozen.repeat0,shared_recovery_frozen.repeat1,298242,4.800000190734863,-1,5,0,1
original.repeat1,standalone_dynamic.repeat1,33371,4.199999809265137,2,1,1,1
original.repeat1,standalone_dynamic.repeat1,59281,4.099999904632568,2,3,1,1
original.repeat1,standalone_dynamic.repeat1,77940,4.300000190734863,3,4,1,1
original.repeat1,standalone_dynamic.repeat1,82869,4.199999809265137,3,2,1,1
original.repeat1,standalone_dynamic.repeat1,164359,5.199999809265137,3,4,1,1
original.repeat1,standalone_dynamic.repeat1,177058,4.400000095367432,3,4,1,1
original.repeat1,standalone_dynamic.repeat1,202513,4.300000190734863,-1,5,0,1
original.repeat1,standalone_dynamic.repeat1,253030,4.199999809265137,1,2,1,1
original.repeat1,standalone_dynamic.repeat1,291415,4.099999904632568,2,3,1,1
original.repeat1,standalone_dynamic.repeat1,293322,5.699999809265137,4,-1,1,0
standalone_dynamic.repeat0,standalone_dynamic.repeat1,59281,4.099999904632568,2,3,1,1
standalone_dynamic.repeat0,standalone_dynamic.repeat1,72778,5.199999809265137,5,4,1,1
standalone_dynamic.repeat0,standalone_dynamic.repeat1,77940,4.300000190734863,3,4,1,1
standalone_dynamic.repeat0,standalone_dynamic.repeat1,82869,4.199999809265137,3,2,1,1
standalone_dynamic.repeat0,standalone_dynamic.repeat1,175897,4.099999904632568,5,-1,1,0
standalone_dynamic.repeat0,standalone_dynamic.repeat1,177058,4.400000095367432,3,4,1,1
standalone_dynamic.repeat0,standalone_dynamic.repeat1,196619,4.400000095367432,3,4,1,1
standalone_dynamic.repeat0,standalone_dynamic.repeat1,228149,4.099999904632568,4,3,1,1
standalone_dynamic.repeat0,standalone_dynamic.repeat1,235059,4.699999809265137,4,5,1,1
standalone_dynamic.repeat0,standalone_dynamic.repeat1,253030,4.199999809265137,1,2,1,1
standalone_dynamic.repeat0,standalone_dynamic.repeat1,291415,4.099999904632568,2,3,1,1
standalone_dynamic.repeat0,standalone_dynamic.repeat1,293322,5.699999809265137,4,-1,1,0
standalone_dynamic.repeat0,standalone_dynamic.repeat1,300374,4.599999904632568,4,3,1,1
original.repeat0,original.repeat1,9181,4.900000095367432,-1,5,0,1
original.repeat0,original.repeat1,33371,4.199999809265137,1,2,1,1
original.repeat0,original.repeat1,59281,4.099999904632568,3,2,1,1
original.repeat0,original.repeat1,72778,5.199999809265137,5,4,1,1
original.repeat0,original.repeat1,82869,4.199999809265137,2,3,1,1
original.repeat0,original.repeat1,164359,5.199999809265137,4,3,1,1
original.repeat0,original.repeat1,177058,4.400000095367432,4,3,1,1
original.repeat0,original.repeat1,196619,4.400000095367432,3,4,1,1
original.repeat0,original.repeat1,198341,4.400000095367432,2,3,1,1
original.repeat0,original.repeat1,202513,4.300000190734863,5,-1,1,0
original.repeat0,original.repeat1,208065,4.300000190734863,2,3,1,1
original.repeat0,original.repeat1,286994,4.099999904632568,2,3,1,1
original.repeat0,original.repeat1,293322,5.699999809265137,-1,4,0,1
original.repeat0,original.repeat2,82869,4.199999809265137,2,3,1,1
original.repeat0,original.repeat2,175897,4.099999904632568,-1,4,0,1
original.repeat0,original.repeat2,177058,4.400000095367432,4,3,1,1
original.repeat0,original.repeat2,196757,4.099999904632568,4,5,1,1
original.repeat0,original.repeat2,208065,4.300000190734863,2,3,1,1
original.repeat0,original.repeat2,216030,4.800000190734863,5,4,1,1
original.repeat0,original.repeat2,235059,4.699999809265137,5,4,1,1
original.repeat2,standalone_dynamic.repeat2,9181,4.900000095367432,-1,5,0,1
original.repeat2,standalone_dynamic.repeat2,59281,4.099999904632568,3,2,1,1
original.repeat2,standalone_dynamic.repeat2,77940,4.300000190734863,3,4,1,1
original.repeat2,standalone_dynamic.repeat2,151088,5.199999809265137,-1,5,0,1
original.repeat2,standalone_dynamic.repeat2,164979,4.800000190734863,3,4,1,1
original.repeat2,standalone_dynamic.repeat2,175897,4.099999904632568,4,-1,1,0
original.repeat2,standalone_dynamic.repeat2,177058,4.400000095367432,3,4,1,1
original.repeat2,standalone_dynamic.repeat2,196619,4.400000095367432,3,4,1,1
original.repeat2,standalone_dynamic.repeat2,196757,4.099999904632568,5,4,1,1
original.repeat2,standalone_dynamic.repeat2,197031,4.199999809265137,2,3,1,1
original.repeat2,standalone_dynamic.repeat2,198341,4.400000095367432,2,3,1,1
original.repeat2,standalone_dynamic.repeat2,216030,4.800000190734863,4,5,1,1
original.repeat2,standalone_dynamic.repeat2,235059,4.699999809265137,4,5,1,1
original.repeat2,standalone_dynamic.repeat2,253030,4.199999809265137,1,2,1,1
original.repeat2,standalone_dynamic.repeat2,286994,4.099999904632568,2,3,1,1
standalone_dynamic.repeat0,standalone_dynamic.repeat2,77940,4.300000190734863,3,4,1,1
standalone_dynamic.repeat0,standalone_dynamic.repeat2,151088,5.199999809265137,-1,5,0,1
standalone_dynamic.repeat0,standalone_dynamic.repeat2,164979,4.800000190734863,3,4,1,1
standalone_dynamic.repeat0,standalone_dynamic.repeat2,175897,4.099999904632568,5,-1,1,0
standalone_dynamic.repeat0,standalone_dynamic.repeat2,177058,4.400000095367432,3,4,1,1
standalone_dynamic.repeat0,standalone_dynamic.repeat2,196619,4.400000095367432,3,4,1,1
standalone_dynamic.repeat0,standalone_dynamic.repeat2,197031,4.199999809265137,2,3,1,1
standalone_dynamic.repeat0,standalone_dynamic.repeat2,228149,4.099999904632568,4,3,1,1
standalone_dynamic.repeat0,standalone_dynamic.repeat2,235059,4.699999809265137,4,5,1,1
standalone_dynamic.repeat0,standalone_dynamic.repeat2,253030,4.199999809265137,1,2,1,1
standalone_dynamic.repeat0,standalone_dynamic.repeat2,293322,5.699999809265137,4,-1,1,0
standalone_dynamic.repeat0,standalone_dynamic.repeat2,300374,4.599999904632568,4,3,1,1
original.repeat2,shared_dynamic.repeat2,59281,4.099999904632568,3,2,1,1
original.repeat2,shared_dynamic.repeat2,175897,4.099999904632568,4,-1,1,0
original.repeat2,shared_dynamic.repeat2,177058,4.400000095367432,3,4,1,1
original.repeat2,shared_dynamic.repeat2,196619,4.400000095367432,3,4,1,1
original.repeat2,shared_dynamic.repeat2,196757,4.099999904632568,5,4,1,1
original.repeat2,shared_dynamic.repeat2,198341,4.400000095367432,2,3,1,1
original.repeat2,shared_dynamic.repeat2,208065,4.300000190734863,3,2,1,1
original.repeat2,shared_dynamic.repeat2,235059,4.699999809265137,4,5,1,1
original.repeat2,shared_dynamic.repeat2,286994,4.099999904632568,2,3,1,1
original.repeat2,shared_dynamic.repeat2,291415,4.099999904632568,2,3,1,1
shared_dynamic.repeat0,shared_dynamic.repeat2,9181,4.900000095367432,5,-1,1,0
shared_dynamic.repeat0,shared_dynamic.repeat2,33371,4.199999809265137,2,1,1,1
shared_dynamic.repeat0,shared_dynamic.repeat2,151088,5.199999809265137,5,-1,1,0
shared_dynamic.repeat0,shared_dynamic.repeat2,208065,4.300000190734863,3,2,1,1
shared_dynamic.repeat0,shared_dynamic.repeat2,216030,4.800000190734863,5,4,1,1
shared_dynamic.repeat0,shared_dynamic.repeat2,228149,4.099999904632568,4,3,1,1
shared_dynamic.repeat0,shared_dynamic.repeat2,235059,4.699999809265137,4,5,1,1
shared_dynamic.repeat0,shared_dynamic.repeat2,253030,4.199999809265137,2,1,1,1
shared_dynamic.repeat0,shared_dynamic.repeat2,291415,4.099999904632568,2,3,1,1
shared_dynamic.repeat0,shared_dynamic.repeat2,300374,4.599999904632568,4,3,1,1
original.repeat2,shared_recovery_frozen.repeat2,473,5.199999809265137,2,3,1,1
original.repeat2,shared_recovery_frozen.repeat2,483,4.800000190734863,4,-1,1,0
original.repeat2,shared_recovery_frozen.repeat2,1505,5.0,2,-1,1,0
original.repeat2,shared_recovery_frozen.repeat2,1702,4.199999809265137,4,-1,1,0
original.repeat2,shared_recovery_frozen.repeat2,1795,5.099999904632568,2,3,1,1
original.repeat2,shared_recovery_frozen.repeat2,2094,5.099999904632568,2,-1,1,0
original.repeat2,shared_recovery_frozen.repeat2,2113,5.699999809265137,4,-1,1,0
original.repeat2,shared_recovery_frozen.repeat2,2253,4.599999904632568,2,3,1,1
original.repeat2,shared_recovery_frozen.repeat2,2276,4.099999904632568,4,-1,1,0
original.repeat2,shared_recovery_frozen.repeat2,2510,4.199999809265137,2,-1,1,0
original.repeat2,shared_recovery_frozen.repeat2,2595,5.099999904632568,2,-1,1,0
original.repeat2,shared_recovery_frozen.repeat2,3239,4.599999904632568,3,-1,1,0
original.repeat2,shared_recovery_frozen.repeat2,3295,4.199999809265137,2,3,1,1
original.repeat2,shared_recovery_frozen.repeat2,3411,4.199999809265137,3,4,1,1
original.repeat2,shared_recovery_frozen.repeat2,3553,4.099999904632568,2,3,1,1
original.repeat2,shared_recovery_frozen.repeat2,3579,5.699999809265137,3,4,1,1
original.repeat2,shared_recovery_frozen.repeat2,3749,4.099999904632568,2,3,1,1
original.repeat2,shared_recovery_frozen.repeat2,4167,4.199999809265137,3,-1,1,0
original.repeat2,shared_recovery_frozen.repeat2,4296,4.199999809265137,2,-1,1,0
original.repeat2,shared_recovery_frozen.repeat2,4319,4.800000190734863,4,-1,1,0
original.repeat2,shared_recovery_frozen.repeat2,4523,4.300000190734863,3,-1,1,0
original.repeat2,shared_recovery_frozen.repeat2,5197,4.400000095367432,4,3,1,1
original.repeat2,shared_recovery_frozen.repeat2,5398,4.099999904632568,2,-1,1,0
original.repeat2,shared_recovery_frozen.repeat2,5681,4.199999809265137,2,-1,1,0
original.repeat2,shared_recovery_frozen.repeat2,5949,4.099999904632568,2,4,1,1
original.repeat2,shared_recovery_frozen.repeat2,5989,4.199999809265137,2,-1,1,0
original.repeat2,shared_recovery_frozen.repeat2,6306,4.599999904632568,4,-1,1,0
original.repeat2,shared_recovery_frozen.repeat2,6307,4.099999904632568,2,3,1,1
original.repeat2,shared_recovery_frozen.repeat2,6363,5.099999904632568,3,-1,1,0
original.repeat2,shared_recovery_frozen.repeat2,6644,4.5,4,3,1,1
original.repeat2,shared_recovery_frozen.repeat2,6908,4.599999904632568,1,-1,1,0
original.repeat2,shared_recovery_frozen.repeat2,7243,4.400000095367432,1,2,1,1
original.repeat2,shared_recovery_frozen.repeat2,7432,4.300000190734863,2,-1,1,0
original.repeat2,shared_recovery_frozen.repeat2,7522,4.300000190734863,3,-1,1,0
original.repeat2,shared_recovery_frozen.repeat2,7525,4.300000190734863,4,-1,1,0
original.repeat2,shared_recovery_frozen.repeat2,7722,4.900000095367432,2,-1,1,0
original.repeat2,shared_recovery_frozen.repeat2,7989,4.400000095367432,2,3,1,1
original.repeat2,shared_recovery_frozen.repeat2,7998,4.900000095367432,2,3,1,1
original.repeat2,shared_recovery_frozen.repeat2,8097,4.199999809265137,1,2,1,1
original.repeat2,shared_recovery_frozen.repeat2,8364,4.099999904632568,2,4,1,1
original.repeat2,shared_recovery_frozen.repeat2,8527,4.800000190734863,4,-1,1,0
original.repeat2,shared_recovery_frozen.repeat2,9036,4.699999809265137,2,4,1,1
original.repeat2,shared_recovery_frozen.repeat2,9045,4.699999809265137,-1,4,0,1
original.repeat2,shared_recovery_frozen.repeat2,9379,4.199999809265137,3,-1,1,0
original.repeat2,shared_recovery_frozen.repeat2,9502,5.400000095367432,1,5,1,1
original.repeat2,shared_recovery_frozen.repeat2,9573,5.300000190734863,2,-1,1,0
original.repeat2,shared_recovery_frozen.repeat2,9761,4.5,2,3,1,1
original.repeat2,shared_recovery_frozen.repeat2,10297,4.5,2,4,1,1
original.repeat2,shared_recovery_frozen.repeat2,10520,4.400000095367432,2,-1,1,0
original.repeat2,shared_recovery_frozen.repeat2,11131,5.099999904632568,2,-1,1,0
original.repeat2,shared_recovery_frozen.repeat2,11543,4.300000190734863,3,5,1,1
original.repeat2,shared_recovery_frozen.repeat2,11565,4.300000190734863,2,-1,1,0
original.repeat2,shared_recovery_frozen.repeat2,11761,4.800000190734863,3,-1,1,0
original.repeat2,shared_recovery_frozen.repeat2,12174,4.699999809265137,5,-1,1,0
original.repeat2,shared_recovery_frozen.repeat2,12484,4.199999809265137,4,5,1,1
original.repeat2,shared_recovery_frozen.repeat2,12794,4.099999904632568,2,-1,1,0
original.repeat2,shared_recovery_frozen.repeat2,13192,5.300000190734863,5,4,1,1
original.repeat2,shared_recovery_frozen.repeat2,13403,5.800000190734863,3,4,1,1
original.repeat2,shared_recovery_frozen.repeat2,13830,4.800000190734863,3,2,1,1
original.repeat2,shared_recovery_frozen.repeat2,14453,4.400000095367432,2,4,1,1
original.repeat2,shared_recovery_frozen.repeat2,14791,4.199999809265137,4,-1,1,0
original.repeat2,shared_recovery_frozen.repeat2,14930,5.0,1,2,1,1
original.repeat2,shared_recovery_frozen.repeat2,14962,4.099999904632568,2,-1,1,0
original.repeat2,shared_recovery_frozen.repeat2,15104,4.699999809265137,3,-1,1,0
original.repeat2,shared_recovery_frozen.repeat2,15277,4.099999904632568,2,3,1,1
original.repeat2,shared_recovery_frozen.repeat2,15417,4.400000095367432,2,-1,1,0
original.repeat2,shared_recovery_frozen.repeat2,15577,4.300000190734863,2,-1,1,0
original.repeat2,shared_recovery_frozen.repeat2,15908,5.400000095367432,4,-1,1,0
original.repeat2,shared_recovery_frozen.repeat2,15917,4.199999809265137,2,3,1,1
original.repeat2,shared_recovery_frozen.repeat2,16116,4.599999904632568,2,3,1,1
original.repeat2,shared_recovery_frozen.repeat2,16157,4.199999809265137,2,3,1,1
original.repeat2,shared_recovery_frozen.repeat2,16681,4.099999904632568,2,4,1,1
original.repeat2,shared_recovery_frozen.repeat2,16934,4.099999904632568,3,-1,1,0
original.repeat2,shared_recovery_frozen.repeat2,17249,4.099999904632568,2,4,1,1
original.repeat2,shared_recovery_frozen.repeat2,17438,4.400000095367432,3,-1,1,0
original.repeat2,shared_recovery_frozen.repeat2,17678,4.199999809265137,1,-1,1,0
original.repeat2,shared_recovery_frozen.repeat2,17917,4.599999904632568,2,-1,1,0
original.repeat2,shared_recovery_frozen.repeat2,18119,4.199999809265137,1,2,1,1
original.repeat2,shared_recovery_frozen.repeat2,18151,5.699999809265137,2,5,1,1
original.repeat2,shared_recovery_frozen.repeat2,18387,4.099999904632568,3,2,1,1
original.repeat2,shared_recovery_frozen.repeat2,18506,5.5,4,-1,1,0
original.repeat2,shared_recovery_frozen.repeat2,18620,4.199999809265137,2,-1,1,0
original.repeat2,shared_recovery_frozen.repeat2,18722,4.199999809265137,4,-1,1,0
original.repeat2,shared_recovery_frozen.repeat2,18942,4.199999809265137,1,3,1,1
original.repeat2,shared_recovery_frozen.repeat2,19012,4.800000190734863,3,-1,1,0
original.repeat2,shared_recovery_frozen.repeat2,19054,4.099999904632568,1,-1,1,0
original.repeat2,shared_recovery_frozen.repeat2,19345,4.199999809265137,3,2,1,1
original.repeat2,shared_recovery_frozen.repeat2,19439,4.800000190734863,3,-1,1,0
original.repeat2,shared_recovery_frozen.repeat2,19445,4.5,1,2,1,1
original.repeat2,shared_recovery_frozen.repeat2,19972,5.5,2,-1,1,0
original.repeat2,shared_recovery_frozen.repeat2,20010,4.300000190734863,3,-1,1,0
original.repeat2,shared_recovery_frozen.repeat2,20380,4.099999904632568,3,-1,1,0
original.repeat2,shared_recovery_frozen.repeat2,20445,4.099999904632568,1,2,1,1
original.repeat2,shared_recovery_frozen.repeat2,20648,4.800000190734863,4,-1,1,0
original.repeat2,shared_recovery_frozen.repeat2,20692,4.199999809265137,2,3,1,1
original.repeat2,shared_recovery_frozen.repeat2,20795,4.099999904632568,3,-1,1,0
original.repeat2,shared_recovery_frozen.repeat2,20809,4.900000095367432,2,4,1,1
original.repeat2,shared_recovery_frozen.repeat2,20920,5.300000190734863,3,-1,1,0
original.repeat2,shared_recovery_frozen.repeat2,21033,4.900000095367432,2,-1,1,0
original.repeat2,shared_recovery_frozen.repeat2,21891,4.099999904632568,2,-1,1,0
original.repeat2,shared_recovery_frozen.repeat2,22039,4.800000190734863,4,-1,1,0
original.repeat2,shared_recovery_frozen.repeat2,22582,5.800000190734863,2,-1,1,0
original.repeat2,shared_recovery_frozen.repeat2,22668,4.099999904632568,4,-1,1,0
original.repeat2,shared_recovery_frozen.repeat2,22710,4.699999809265137,4,-1,1,0
original.repeat2,shared_recovery_frozen.repeat2,22728,4.5,2,3,1,1
original.repeat2,shared_recovery_frozen.repeat2,23094,4.400000095367432,2,-1,1,0
original.repeat2,shared_recovery_frozen.repeat2,23129,4.099999904632568,-1,4,0,1
original.repeat2,shared_recovery_frozen.repeat2,23699,4.099999904632568,3,4,1,1
original.repeat2,shared_recovery_frozen.repeat2,23956,4.5,3,-1,1,0
original.repeat2,shared_recovery_frozen.repeat2,24271,4.5,2,3,1,1
original.repeat2,shared_recovery_frozen.repeat2,24369,5.699999809265137,2,-1,1,0
original.repeat2,shared_recovery_frozen.repeat2,24595,4.5,3,4,1,1
original.repeat2,shared_recovery_frozen.repeat2,24674,4.199999809265137,2,3,1,1
original.repeat2,shared_recovery_frozen.repeat2,24791,5.300000190734863,3,5,1,1
original.repeat2,shared_recovery_frozen.repeat2,25042,4.599999904632568,3,2,1,1
original.repeat2,shared_recovery_frozen.repeat2,25049,4.099999904632568,3,-1,1,0
original.repeat2,shared_recovery_frozen.repeat2,25157,4.099999904632568,1,2,1,1
original.repeat2,shared_recovery_frozen.repeat2,25281,4.900000095367432,5,-1,1,0
original.repeat2,shared_recovery_frozen.repeat2,25303,5.199999809265137,2,3,1,1
original.repeat2,shared_recovery_frozen.repeat2,25482,4.400000095367432,2,-1,1,0
original.repeat2,shared_recovery_frozen.repeat2,25565,5.900000095367432,3,2,1,1
original.repeat2,shared_recovery_frozen.repeat2,25676,4.599999904632568,2,-1,1,0
original.repeat2,shared_recovery_frozen.repeat2,25805,4.800000190734863,4,-1,1,0
original.repeat2,shared_recovery_frozen.repeat2,25817,4.599999904632568,2,-1,1,0
original.repeat2,shared_recovery_frozen.repeat2,25961,5.300000190734863,2,-1,1,0
original.repeat2,shared_recovery_frozen.repeat2,26024,4.599999904632568,2,3,1,1
original.repeat2,shared_recovery_frozen.repeat2,26144,4.099999904632568,3,-1,1,0
original.repeat2,shared_recovery_frozen.repeat2,26671,4.400000095367432,2,-1,1,0
original.repeat2,shared_recovery_frozen.repeat2,26674,4.199999809265137,4,3,1,1
original.repeat2,shared_recovery_frozen.repeat2,26686,4.400000095367432,2,3,1,1
original.repeat2,shared_recovery_frozen.repeat2,26821,5.199999809265137,4,-1,1,0
original.repeat2,shared_recovery_frozen.repeat2,27372,4.099999904632568,2,3,1,1
original.repeat2,shared_recovery_frozen.repeat2,27537,4.099999904632568,4,-1,1,0
original.repeat2,shared_recovery_frozen.repeat2,28159,4.300000190734863,4,-1,1,0
original.repeat2,shared_recovery_frozen.repeat2,28579,4.300000190734863,3,-1,1,0
original.repeat2,shared_recovery_frozen.repeat2,28696,4.099999904632568,2,3,1,1
original.repeat2,shared_recovery_frozen.repeat2,28872,4.300000190734863,2,3,1,1
original.repeat2,shared_recovery_frozen.repeat2,28883,4.300000190734863,3,4,1,1
original.repeat2,shared_recovery_frozen.repeat2,29134,4.5,2,3,1,1
original.repeat2,shared_recovery_frozen.repeat2,29457,4.900000095367432,1,2,1,1
original.repeat2,shared_recovery_frozen.repeat2,29580,6.0,3,-1,1,0
original.repeat2,shared_recovery_frozen.repeat2,30004,4.099999904632568,2,-1,1,0
original.repeat2,shared_recovery_frozen.repeat2,30167,4.099999904632568,2,3,1,1
original.repeat2,shared_recovery_frozen.repeat2,30181,4.300000190734863,3,-1,1,0
original.repeat2,shared_recovery_frozen.repeat2,30646,4.800000190734863,3,5,1,1
original.repeat2,shared_recovery_frozen.repeat2,30771,5.300000190734863,2,3,1,1
original.repeat2,shared_recovery_frozen.repeat2,30779,4.300000190734863,3,4,1,1
original.repeat2,shared_recovery_frozen.repeat2,30930,4.199999809265137,2,-1,1,0
original.repeat2,shared_recovery_frozen.repeat2,31551,6.400000095367432,5,-1,1,0
original.repeat2,shared_recovery_frozen.repeat2,32165,4.300000190734863,4,-1,1,0
original.repeat2,shared_recovery_frozen.repeat2,32305,4.400000095367432,2,-1,1,0
original.repeat2,shared_recovery_frozen.repeat2,32336,4.300000190734863,2,3,1,1
original.repeat2,shared_recovery_frozen.repeat2,32397,4.599999904632568,3,-1,1,0
original.repeat2,shared_recovery_frozen.repeat2,32723,4.199999809265137,2,3,1,1
original.repeat2,shared_recovery_frozen.repeat2,32908,4.199999809265137,2,3,1,1
original.repeat2,shared_recovery_frozen.repeat2,32941,5.300000190734863,2,4,1,1
original.repeat2,shared_recovery_frozen.repeat2,32971,4.099999904632568,2,3,1,1
original.repeat2,shared_recovery_frozen.repeat2,33020,4.400000095367432,2,4,1,1
original.repeat2,shared_recovery_frozen.repeat2,33195,4.400000095367432,2,3,1,1
original.repeat2,shared_recovery_frozen.repeat2,33371,4.199999809265137,1,2,1,1
original.repeat2,shared_recovery_frozen.repeat2,33606,4.5,3,4,1,1
original.repeat2,shared_recovery_frozen.repeat2,33643,4.599999904632568,4,-1,1,0
original.repeat2,shared_recovery_frozen.repeat2,33684,4.5,2,3,1,1
original.repeat2,shared_recovery_frozen.repeat2,33804,4.400000095367432,3,-1,1,0
original.repeat2,shared_recovery_frozen.repeat2,34179,4.599999904632568,5,-1,1,0
original.repeat2,shared_recovery_frozen.repeat2,34441,4.5,2,-1,1,0
original.repeat2,shared_recovery_frozen.repeat2,34636,5.099999904632568,1,2,1,1
original.repeat2,shared_recovery_frozen.repeat2,34701,4.300000190734863,3,4,1,1
original.repeat2,shared_recovery_frozen.repeat2,34841,4.099999904632568,4,-1,1,0
original.repeat2,shared_recovery_frozen.repeat2,35038,4.900000095367432,3,-1,1,0
original.repeat2,shared_recovery_frozen.repeat2,35209,4.5,1,3,1,1
original.repeat2,shared_recovery_frozen.repeat2,35497,6.800000190734863,2,4,1,1
original.repeat2,shared_recovery_frozen.repeat2,35503,4.099999904632568,5,3,1,1
original.repeat2,shared_recovery_frozen.repeat2,35572,4.199999809265137,3,-1,1,0
original.repeat2,shared_recovery_frozen.repeat2,35596,4.599999904632568,2,3,1,1
original.repeat2,shared_recovery_frozen.repeat2,35640,4.699999809265137,3,-1,1,0
original.repeat2,shared_recovery_frozen.repeat2,35876,4.099999904632568,3,-1,1,0
original.repeat2,shared_recovery_frozen.repeat2,35924,4.400000095367432,4,-1,1,0
original.repeat2,shared_recovery_frozen.repeat2,35933,4.699999809265137,2,1,1,1
original.repeat2,shared_recovery_frozen.repeat2,36247,4.300000190734863,3,-1,1,0
original.repeat2,shared_recovery_frozen.repeat2,36324,5.0,2,-1,1,0
original.repeat2,shared_recovery_frozen.repeat2,36606,4.699999809265137,2,-1,1,0
original.repeat2,shared_recovery_frozen.repeat2,36710,4.900000095367432,2,-1,1,0
original.repeat2,shared_recovery_frozen.repeat2,36878,4.099999904632568,3,5,1,1
original.repeat2,shared_recovery_frozen.repeat2,37541,5.0,3,5,1,1
original.repeat2,shared_recovery_frozen.repeat2,37582,5.199999809265137,3,-1,1,0
original.repeat2,shared_recovery_frozen.repeat2,37600,4.199999809265137,2,3,1,1
original.repeat2,shared_recovery_frozen.repeat2,37605,4.5,2,3,1,1
original.repeat2,shared_recovery_frozen.repeat2,38002,4.900000095367432,4,-1,1,0
original.repeat2,shared_recovery_frozen.repeat2,38368,4.900000095367432,1,2,1,1
original.repeat2,shared_recovery_frozen.repeat2,38476,4.400000095367432,3,4,1,1
original.repeat2,shared_recovery_frozen.repeat2,38612,4.099999904632568,3,-1,1,0
original.repeat2,shared_recovery_frozen.repeat2,38982,4.5,5,-1,1,0
original.repeat2,shared_recovery_frozen.repeat2,39060,6.699999809265137,1,-1,1,0
original.repeat2,shared_recovery_frozen.repeat2,39138,4.199999809265137,3,-1,1,0
original.repeat2,shared_recovery_frozen.repeat2,39664,4.5,3,4,1,1
original.repeat2,shared_recovery_frozen.repeat2,39744,5.300000190734863,2,3,1,1
original.repeat2,shared_recovery_frozen.repeat2,39797,4.099999904632568,2,-1,1,0
original.repeat2,shared_recovery_frozen.repeat2,39923,4.800000190734863,2,5,1,1
original.repeat2,shared_recovery_frozen.repeat2,39979,5.400000095367432,1,2,1,1
original.repeat2,shared_recovery_frozen.repeat2,40203,4.099999904632568,2,-1,1,0
original.repeat2,shared_recovery_frozen.repeat2,40593,5.400000095367432,4,-1,1,0
original.repeat2,shared_recovery_frozen.repeat2,40881,4.099999904632568,3,-1,1,0
original.repeat2,shared_recovery_frozen.repeat2,40926,4.099999904632568,4,-1,1,0
original.repeat2,shared_recovery_frozen.repeat2,41855,4.599999904632568,4,-1,1,0
original.repeat2,shared_recovery_frozen.repeat2,42079,4.199999809265137,3,-1,1,0
original.repeat2,shared_recovery_frozen.repeat2,42482,5.099999904632568,3,4,1,1
original.repeat2,shared_recovery_frozen.repeat2,42622,4.099999904632568,3,-1,1,0
original.repeat2,shared_recovery_frozen.repeat2,42881,4.099999904632568,3,-1,1,0
original.repeat2,shared_recovery_frozen.repeat2,43168,5.800000190734863,4,-1,1,0
original.repeat2,shared_recovery_frozen.repeat2,43329,4.400000095367432,1,2,1,1
original.repeat2,shared_recovery_frozen.repeat2,43452,4.099999904632568,2,4,1,1
original.repeat2,shared_recovery_frozen.repeat2,43587,4.300000190734863,2,3,1,1
original.repeat2,shared_recovery_frozen.repeat2,43914,4.199999809265137,5,-1,1,0
original.repeat2,shared_recovery_frozen.repeat2,43959,4.5,3,-1,1,0
original.repeat2,shared_recovery_frozen.repeat2,44493,5.699999809265137,1,2,1,1
original.repeat2,shared_recovery_frozen.repeat2,44602,5.099999904632568,3,-1,1,0
original.repeat2,shared_recovery_frozen.repeat2,44866,5.5,1,2,1,1
original.repeat2,shared_recovery_frozen.repeat2,45072,4.199999809265137,3,-1,1,0
original.repeat2,shared_recovery_frozen.repeat2,45216,4.599999904632568,2,-1,1,0
original.repeat2,shared_recovery_frozen.repeat2,45400,4.5,3,4,1,1
original.repeat2,shared_recovery_frozen.repeat2,45418,5.099999904632568,3,-1,1,0
original.repeat2,shared_recovery_frozen.repeat2,45626,5.900000095367432,2,4,1,1
original.repeat2,shared_recovery_frozen.repeat2,45679,5.199999809265137,3,5,1,1
original.repeat2,shared_recovery_frozen.repeat2,45712,4.300000190734863,3,4,1,1
original.repeat2,shared_recovery_frozen.repeat2,45958,4.900000095367432,3,-1,1,0
original.repeat2,shared_recovery_frozen.repeat2,46134,5.300000190734863,2,4,1,1
original.repeat2,shared_recovery_frozen.repeat2,46491,4.599999904632568,2,-1,1,0
original.repeat2,shared_recovery_frozen.repeat2,46498,5.099999904632568,4,-1,1,0
original.repeat2,shared_recovery_frozen.repeat2,46506,4.699999809265137,3,5,1,1
original.repeat2,shared_recovery_frozen.repeat2,47041,4.199999809265137,2,-1,1,0
original.repeat2,shared_recovery_frozen.repeat2,47096,4.400000095367432,5,-1,1,0
original.repeat2,shared_recovery_frozen.repeat2,47528,4.400000095367432,5,-1,1,0
original.repeat2,shared_recovery_frozen.repeat2,48877,4.400000095367432,2,-1,1,0
original.repeat2,shared_recovery_frozen.repeat2,49037,4.199999809265137,-1,3,0,1
original.repeat2,shared_recovery_frozen.repeat2,49173,4.099999904632568,3,-1,1,0
original.repeat2,shared_recovery_frozen.repeat2,49728,4.300000190734863,3,-1,1,0
original.repeat2,shared_recovery_frozen.repeat2,50058,4.5,2,4,1,1
original.repeat2,shared_recovery_frozen.repeat2,50120,4.699999809265137,2,3,1,1
original.repeat2,shared_recovery_frozen.repeat2,50180,5.199999809265137,3,4,1,1
original.repeat2,shared_recovery_frozen.repeat2,50317,4.099999904632568,1,2,1,1
original.repeat2,shared_recovery_frozen.repeat2,50455,4.099999904632568,4,-1,1,0
original.repeat2,shared_recovery_frozen.repeat2,50689,4.099999904632568,1,2,1,1
original.repeat2,shared_recovery_frozen.repeat2,50736,4.699999809265137,2,5,1,1
original.repeat2,shared_recovery_frozen.repeat2,50917,4.099999904632568,3,-1,1,0
original.repeat2,shared_recovery_frozen.repeat2,51461,4.199999809265137,1,2,1,1
original.repeat2,shared_recovery_frozen.repeat2,51766,4.599999904632568,3,-1,1,0
original.repeat2,shared_recovery_frozen.repeat2,51933,4.099999904632568,2,-1,1,0
original.repeat2,shared_recovery_frozen.repeat2,52189,4.300000190734863,5,-1,1,0
original.repeat2,shared_recovery_frozen.repeat2,52934,4.300000190734863,2,-1,1,0
original.repeat2,shared_recovery_frozen.repeat2,53142,4.599999904632568,2,3,1,1
original.repeat2,shared_recovery_frozen.repeat2,53398,4.5,2,3,1,1
original.repeat2,shared_recovery_frozen.repeat2,53510,4.199999809265137,2,4,1,1
original.repeat2,shared_recovery_frozen.repeat2,53512,4.699999809265137,2,-1,1,0
original.repeat2,shared_recovery_frozen.repeat2,53653,4.300000190734863,3,-1,1,0
original.repeat2,shared_recovery_frozen.repeat2,53671,4.5,2,4,1,1
original.repeat2,shared_recovery_frozen.repeat2,53728,4.800000190734863,3,-1,1,0
original.repeat2,shared_recovery_frozen.repeat2,53777,5.300000190734863,2,3,1,1
original.repeat2,shared_recovery_frozen.repeat2,54378,4.199999809265137,2,3,1,1
original.repeat2,shared_recovery_frozen.repeat2,54446,4.300000190734863,2,-1,1,0
original.repeat2,shared_recovery_frozen.repeat2,54793,4.699999809265137,4,-1,1,0
original.repeat2,shared_recovery_frozen.repeat2,54967,4.099999904632568,3,-1,1,0
original.repeat2,shared_recovery_frozen.repeat2,55236,4.5,3,-1,1,0
original.repeat2,shared_recovery_frozen.repeat2,55299,4.699999809265137,3,-1,1,0
original.repeat2,shared_recovery_frozen.repeat2,55493,4.800000190734863,1,2,1,1
original.repeat2,shared_recovery_frozen.repeat2,55598,4.5,2,3,1,1
original.repeat2,shared_recovery_frozen.repeat2,55671,4.099999904632568,3,-1,1,0
original.repeat2,shared_recovery_frozen.repeat2,56207,4.099999904632568,2,-1,1,0
original.repeat2,shared_recovery_frozen.repeat2,56784,4.300000190734863,4,-1,1,0
original.repeat2,shared_recovery_frozen.repeat2,56809,5.400000095367432,5,-1,1,0
original.repeat2,shared_recovery_frozen.repeat2,57106,5.400000095367432,5,-1,1,0
original.repeat2,shared_recovery_frozen.repeat2,57339,4.099999904632568,1,-1,1,0
original.repeat2,shared_recovery_frozen.repeat2,57464,5.300000190734863,1,2,1,1
original.repeat2,shared_recovery_frozen.repeat2,57849,4.099999904632568,4,-1,1,0
original.repeat2,shared_recovery_frozen.repeat2,57957,5.400000095367432,2,1,1,1
original.repeat2,shared_recovery_frozen.repeat2,57986,4.199999809265137,3,-1,1,0
original.repeat2,shared_recovery_frozen.repeat2,58106,4.800000190734863,5,-1,1,0
original.repeat2,shared_recovery_frozen.repeat2,58115,4.099999904632568,2,4,1,1
original.repeat2,shared_recovery_frozen.repeat2,58267,4.400000095367432,2,-1,1,0
original.repeat2,shared_recovery_frozen.repeat2,58272,4.599999904632568,3,5,1,1
original.repeat2,shared_recovery_frozen.repeat2,58443,5.300000190734863,3,-1,1,0
original.repeat2,shared_recovery_frozen.repeat2,58543,5.099999904632568,2,3,1,1
original.repeat2,shared_recovery_frozen.repeat2,58722,4.5,2,-1,1,0
original.repeat2,shared_recovery_frozen.repeat2,58738,4.099999904632568,3,-1,1,0
original.repeat2,shared_recovery_frozen.repeat2,58915,6.0,3,-1,1,0
original.repeat2,shared_recovery_frozen.repeat2,59281,4.099999904632568,3,-1,1,0
original.repeat2,shared_recovery_frozen.repeat2,59905,4.699999809265137,4,-1,1,0
original.repeat2,shared_recovery_frozen.repeat2,59949,4.099999904632568,3,2,1,1
original.repeat2,shared_recovery_frozen.repeat2,60084,4.099999904632568,1,2,1,1
original.repeat2,shared_recovery_frozen.repeat2,60360,5.099999904632568,2,3,1,1
original.repeat2,shared_recovery_frozen.repeat2,61005,4.099999904632568,5,-1,1,0
original.repeat2,shared_recovery_frozen.repeat2,61619,4.099999904632568,2,3,1,1
original.repeat2,shared_recovery_frozen.repeat2,61684,4.400000095367432,3,4,1,1
original.repeat2,shared_recovery_frozen.repeat2,62076,4.5,3,-1,1,0
original.repeat2,shared_recovery_frozen.repeat2,62141,4.300000190734863,2,-1,1,0
original.repeat2,shared_recovery_frozen.repeat2,62149,4.099999904632568,3,4,1,1
original.repeat2,shared_recovery_frozen.repeat2,62302,4.400000095367432,3,4,1,1
original.repeat2,shared_recovery_frozen.repeat2,62408,4.199999809265137,3,-1,1,0
original.repeat2,shared_recovery_frozen.repeat2,63181,5.699999809265137,3,-1,1,0
original.repeat2,shared_recovery_frozen.repeat2,63275,4.599999904632568,2,1,1,1
original.repeat2,shared_recovery_frozen.repeat2,63435,4.099999904632568,3,-1,1,0
original.repeat2,shared_recovery_frozen.repeat2,63485,4.300000190734863,2,-1,1,0
original.repeat2,shared_recovery_frozen.repeat2,63531,4.699999809265137,2,3,1,1
original.repeat2,shared_recovery_frozen.repeat2,64087,4.300000190734863,4,-1,1,0
original.repeat2,shared_recovery_frozen.repeat2,64290,4.900000095367432,5,-1,1,0
original.repeat2,shared_recovery_frozen.repeat2,64619,4.300000190734863,2,-1,1,0
original.repeat2,shared_recovery_frozen.repeat2,64867,4.599999904632568,2,3,1,1
original.repeat2,shared_recovery_frozen.repeat2,65613,4.300000190734863,3,-1,1,0
original.repeat2,shared_recovery_frozen.repeat2,65688,4.099999904632568,3,-1,1,0
original.repeat2,shared_recovery_frozen.repeat2,65703,4.199999809265137,3,4,1,1
original.repeat2,shared_recovery_frozen.repeat2,66001,5.5,3,4,1,1
original.repeat2,shared_recovery_frozen.repeat2,66020,4.400000095367432,3,-1,1,0
original.repeat2,shared_recovery_frozen.repeat2,66216,6.199999809265137,4,-1,1,0
original.repeat2,shared_recovery_frozen.repeat2,66324,5.5,2,-1,1,0
original.repeat2,shared_recovery_frozen.repeat2,66876,5.099999904632568,4,-1,1,0
original.repeat2,shared_recovery_frozen.repeat2,67644,5.0,2,3,1,1
original.repeat2,shared_recovery_frozen.repeat2,68020,4.599999904632568,3,-1,1,0
original.repeat2,shared_recovery_frozen.repeat2,68490,4.400000095367432,2,5,1,1
original.repeat2,shared_recovery_frozen.repeat2,68788,4.099999904632568,2,5,1,1
original.repeat2,shared_recovery_frozen.repeat2,68970,4.5,3,-1,1,0
original.repeat2,shared_recovery_frozen.repeat2,69153,5.0,2,3,1,1
original.repeat2,shared_recovery_frozen.repeat2,69269,4.599999904632568,2,3,1,1
original.repeat2,shared_recovery_frozen.repeat2,69304,4.599999904632568,5,-1,1,0
original.repeat2,shared_recovery_frozen.repeat2,69363,5.099999904632568,5,-1,1,0
original.repeat2,shared_recovery_frozen.repeat2,69517,4.699999809265137,4,-1,1,0
original.repeat2,shared_recovery_frozen.repeat2,69626,5.800000190734863,2,3,1,1
original.repeat2,shared_recovery_frozen.repeat2,70194,4.199999809265137,3,4,1,1
original.repeat2,shared_recovery_frozen.repeat2,70630,4.400000095367432,3,-1,1,0
original.repeat2,shared_recovery_frozen.repeat2,70695,4.900000095367432,2,-1,1,0
original.repeat2,shared_recovery_frozen.repeat2,70909,4.300000190734863,1,2,1,1
original.repeat2,shared_recovery_frozen.repeat2,70962,4.699999809265137,2,3,1,1
original.repeat2,shared_recovery_frozen.repeat2,70988,5.099999904632568,2,-1,1,0
original.repeat2,shared_recovery_frozen.repeat2,71047,5.300000190734863,2,-1,1,0
original.repeat2,shared_recovery_frozen.repeat2,71137,5.5,4,-1,1,0
original.repeat2,shared_recovery_frozen.repeat2,71167,4.800000190734863,2,-1,1,0
original.repeat2,shared_recovery_frozen.repeat2,71192,4.800000190734863,2,-1,1,0
original.repeat2,shared_recovery_frozen.repeat2,71350,4.400000095367432,3,-1,1,0
original.repeat2,shared_recovery_frozen.repeat2,71624,4.400000095367432,3,-1,1,0
original.repeat2,shared_recovery_frozen.repeat2,71768,5.0,5,3,1,1
original.repeat2,shared_recovery_frozen.repeat2,71812,4.5,2,4,1,1
original.repeat2,shared_recovery_frozen.repeat2,71992,4.199999809265137,4,3,1,1
original.repeat2,shared_recovery_frozen.repeat2,72073,4.800000190734863,3,5,1,1
original.repeat2,shared_recovery_frozen.repeat2,72287,5.699999809265137,2,-1,1,0
original.repeat2,shared_recovery_frozen.repeat2,72618,4.900000095367432,1,2,1,1
original.repeat2,shared_recovery_frozen.repeat2,72716,4.300000190734863,2,3,1,1
original.repeat2,shared_recovery_frozen.repeat2,72766,4.599999904632568,1,2,1,1
original.repeat2,shared_recovery_frozen.repeat2,72778,5.199999809265137,5,-1,1,0
original.repeat2,shared_recovery_frozen.repeat2,72909,4.300000190734863,4,-1,1,0
original.repeat2,shared_recovery_frozen.repeat2,73376,5.099999904632568,3,-1,1,0
original.repeat2,shared_recovery_frozen.repeat2,73451,4.5,2,-1,1,0
original.repeat2,shared_recovery_frozen.repeat2,73519,4.900000095367432,2,-1,1,0
original.repeat2,shared_recovery_frozen.repeat2,73654,4.400000095367432,4,-1,1,0
original.repeat2,shared_recovery_frozen.repeat2,73718,4.099999904632568,2,3,1,1
original.repeat2,shared_recovery_frozen.repeat2,74514,4.099999904632568,2,5,1,1
original.repeat2,shared_recovery_frozen.repeat2,74780,5.0,2,4,1,1
original.repeat2,shared_recovery_frozen.repeat2,74802,4.599999904632568,-1,5,0,1
original.repeat2,shared_recovery_frozen.repeat2,74861,5.300000190734863,2,-1,1,0
original.repeat2,shared_recovery_frozen.repeat2,75076,4.099999904632568,2,3,1,1
original.repeat2,shared_recovery_frozen.repeat2,75129,5.400000095367432,2,-1,1,0
original.repeat2,shared_recovery_frozen.repeat2,75174,6.300000190734863,5,-1,1,0
original.repeat2,shared_recovery_frozen.repeat2,75213,4.699999809265137,3,-1,1,0
original.repeat2,shared_recovery_frozen.repeat2,75333,4.199999809265137,2,3,1,1
original.repeat2,shared_recovery_frozen.repeat2,75979,4.599999904632568,5,3,1,1
original.repeat2,shared_recovery_frozen.repeat2,76251,4.400000095367432,4,-1,1,0
original.repeat2,shared_recovery_frozen.repeat2,76452,4.400000095367432,4,3,1,1
original.repeat2,shared_recovery_frozen.repeat2,76780,4.300000190734863,3,-1,1,0
original.repeat2,shared_recovery_frozen.repeat2,76980,4.900000095367432,3,-1,1,0
original.repeat2,shared_recovery_frozen.repeat2,77055,4.099999904632568,2,-1,1,0
original.repeat2,shared_recovery_frozen.repeat2,77175,4.099999904632568,1,2,1,1
original.repeat2,shared_recovery_frozen.repeat2,77224,4.599999904632568,3,-1,1,0
original.repeat2,shared_recovery_frozen.repeat2,77244,4.900000095367432,2,-1,1,0
original.repeat2,shared_recovery_frozen.repeat2,77940,4.300000190734863,3,-1,1,0
original.repeat2,shared_recovery_frozen.repeat2,78076,5.099999904632568,2,3,1,1
original.repeat2,shared_recovery_frozen.repeat2,78147,4.599999904632568,2,-1,1,0
original.repeat2,shared_recovery_frozen.repeat2,78223,6.099999904632568,2,-1,1,0
original.repeat2,shared_recovery_frozen.repeat2,78645,4.199999809265137,3,5,1,1
original.repeat2,shared_recovery_frozen.repeat2,78764,4.300000190734863,3,4,1,1
original.repeat2,shared_recovery_frozen.repeat2,79102,4.599999904632568,2,-1,1,0
original.repeat2,shared_recovery_frozen.repeat2,79405,4.599999904632568,3,4,1,1
original.repeat2,shared_recovery_frozen.repeat2,79714,4.199999809265137,3,-1,1,0
original.repeat2,shared_recovery_frozen.repeat2,80720,5.0,2,-1,1,0
original.repeat2,shared_recovery_frozen.repeat2,80739,4.099999904632568,2,-1,1,0
original.repeat2,shared_recovery_frozen.repeat2,80782,4.300000190734863,2,3,1,1
original.repeat2,shared_recovery_frozen.repeat2,80883,5.099999904632568,2,-1,1,0
original.repeat2,shared_recovery_frozen.repeat2,80941,4.900000095367432,2,4,1,1
original.repeat2,shared_recovery_frozen.repeat2,81060,4.400000095367432,3,2,1,1
original.repeat2,shared_recovery_frozen.repeat2,81210,4.699999809265137,3,-1,1,0
original.repeat2,shared_recovery_frozen.repeat2,81494,4.099999904632568,3,-1,1,0
original.repeat2,shared_recovery_frozen.repeat2,81560,4.599999904632568,2,-1,1,0
original.repeat2,shared_recovery_frozen.repeat2,81578,4.300000190734863,3,-1,1,0
original.repeat2,shared_recovery_frozen.repeat2,81596,4.599999904632568,1,3,1,1
original.repeat2,shared_recovery_frozen.repeat2,81714,4.599999904632568,5,4,1,1
original.repeat2,shared_recovery_frozen.repeat2,81901,4.199999809265137,2,-1,1,0
original.repeat2,shared_recovery_frozen.repeat2,81920,4.099999904632568,2,-1,1,0
original.repeat2,shared_recovery_frozen.repeat2,82003,4.199999809265137,2,3,1,1
original.repeat2,shared_recovery_frozen.repeat2,82525,4.900000095367432,1,2,1,1
original.repeat2,shared_recovery_frozen.repeat2,82616,5.099999904632568,2,3,1,1
original.repeat2,shared_recovery_frozen.repeat2,82869,4.199999809265137,3,-1,1,0
original.repeat2,shared_recovery_frozen.repeat2,82989,5.199999809265137,3,-1,1,0
original.repeat2,shared_recovery_frozen.repeat2,83524,4.900000095367432,3,-1,1,0
original.repeat2,shared_recovery_frozen.repeat2,83663,4.099999904632568,3,4,1,1
original.repeat2,shared_recovery_frozen.repeat2,83784,4.099999904632568,4,-1,1,0
original.repeat2,shared_recovery_frozen.repeat2,84386,4.699999809265137,4,-1,1,0
original.repeat2,shared_recovery_frozen.repeat2,84828,4.900000095367432,3,-1,1,0
original.repeat2,shared_recovery_frozen.repeat2,84912,4.300000190734863,3,-1,1,0
original.repeat2,shared_recovery_frozen.repeat2,85033,4.099999904632568,3,-1,1,0
original.repeat2,shared_recovery_frozen.repeat2,85071,4.300000190734863,2,3,1,1
original.repeat2,shared_recovery_frozen.repeat2,85397,5.900000095367432,5,-1,1,0
original.repeat2,shared_recovery_frozen.repeat2,85481,4.199999809265137,4,-1,1,0
original.repeat2,shared_recovery_frozen.repeat2,85975,5.5,3,-1,1,0
original.repeat2,shared_recovery_frozen.repeat2,85999,5.099999904632568,2,-1,1,0
original.repeat2,shared_recovery_frozen.repeat2,86241,5.800000190734863,2,4,1,1
original.repeat2,shared_recovery_frozen.repeat2,87043,4.900000095367432,2,-1,1,0
original.repeat2,shared_recovery_frozen.repeat2,87215,4.099999904632568,3,-1,1,0
original.repeat2,shared_recovery_frozen.repeat2,87347,4.199999809265137,3,-1,1,0
original.repeat2,shared_recovery_frozen.repeat2,87486,4.099999904632568,1,2,1,1
original.repeat2,shared_recovery_frozen.repeat2,87521,4.599999904632568,3,-1,1,0
original.repeat2,shared_recovery_frozen.repeat2,88055,4.699999809265137,1,2,1,1
original.repeat2,shared_recovery_frozen.repeat2,88257,4.800000190734863,3,-1,1,0
original.repeat2,shared_recovery_frozen.repeat2,88301,4.199999809265137,3,-1,1,0
original.repeat2,shared_recovery_frozen.repeat2,88624,4.300000190734863,5,-1,1,0
original.repeat2,shared_recovery_frozen.repeat2,88628,4.5,2,3,1,1
original.repeat2,shared_recovery_frozen.repeat2,88856,4.699999809265137,5,-1,1,0
original.repeat2,shared_recovery_frozen.repeat2,88932,4.199999809265137,2,4,1,1
original.repeat2,shared_recovery_frozen.repeat2,89193,4.699999809265137,4,-1,1,0
original.repeat2,shared_recovery_frozen.repeat2,89257,5.400000095367432,3,-1,1,0
original.repeat2,shared_recovery_frozen.repeat2,89451,4.099999904632568,1,4,1,1
original.repeat2,shared_recovery_frozen.repeat2,89561,5.199999809265137,2,-1,1,0
original.repeat2,shared_recovery_frozen.repeat2,89810,4.400000095367432,2,-1,1,0
original.repeat2,shared_recovery_frozen.repeat2,89958,4.199999809265137,2,3,1,1
original.repeat2,shared_recovery_frozen.repeat2,90306,4.699999809265137,2,3,1,1
original.repeat2,shared_recovery_frozen.repeat2,90551,4.099999904632568,2,-1,1,0
original.repeat2,shared_recovery_frozen.repeat2,90604,5.300000190734863,2,3,1,1
original.repeat2,shared_recovery_frozen.repeat2,90706,4.199999809265137,1,2,1,1
original.repeat2,shared_recovery_frozen.repeat2,91299,5.5,4,-1,1,0
original.repeat2,shared_recovery_frozen.repeat2,91317,4.400000095367432,2,5,1,1
original.repeat2,shared_recovery_frozen.repeat2,92313,4.699999809265137,2,-1,1,0
original.repeat2,shared_recovery_frozen.repeat2,92523,4.199999809265137,2,3,1,1
original.repeat2,shared_recovery_frozen.repeat2,92968,4.099999904632568,2,3,1,1
original.repeat2,shared_recovery_frozen.repeat2,93380,4.699999809265137,3,-1,1,0
original.repeat2,shared_recovery_frozen.repeat2,93789,4.199999809265137,3,-1,1,0
original.repeat2,shared_recovery_frozen.repeat2,94652,4.199999809265137,3,5,1,1
original.repeat2,shared_recovery_frozen.repeat2,94846,4.300000190734863,2,3,1,1
original.repeat2,shared_recovery_frozen.repeat2,94874,4.199999809265137,2,-1,1,0
original.repeat2,shared_recovery_frozen.repeat2,95126,4.900000095367432,2,-1,1,0
original.repeat2,shared_recovery_frozen.repeat2,95669,5.300000190734863,5,-1,1,0
original.repeat2,shared_recovery_frozen.repeat2,96004,4.699999809265137,5,-1,1,0
original.repeat2,shared_recovery_frozen.repeat2,96078,4.400000095367432,2,3,1,1
original.repeat2,shared_recovery_frozen.repeat2,96186,4.199999809265137,2,-1,1,0
original.repeat2,shared_recovery_frozen.repeat2,96286,4.300000190734863,2,-1,1,0
original.repeat2,shared_recovery_frozen.repeat2,96350,5.199999809265137,2,4,1,1
original.repeat2,shared_recovery_frozen.repeat2,96424,4.599999904632568,1,-1,1,0
original.repeat2,shared_recovery_frozen.repeat2,96550,4.199999809265137,2,-1,1,0
original.repeat2,shared_recovery_frozen.repeat2,96648,4.800000190734863,3,-1,1,0
original.repeat2,shared_recovery_frozen.repeat2,96743,4.800000190734863,2,-1,1,0
original.repeat2,shared_recovery_frozen.repeat2,96873,4.800000190734863,2,4,1,1
original.repeat2,shared_recovery_frozen.repeat2,97031,4.199999809265137,1,2,1,1
original.repeat2,shared_recovery_frozen.repeat2,97054,4.5,4,-1,1,0
original.repeat2,shared_recovery_frozen.repeat2,97055,4.199999809265137,3,2,1,1
original.repeat2,shared_recovery_frozen.repeat2,97091,4.599999904632568,2,-1,1,0
original.repeat2,shared_recovery_frozen.repeat2,97501,4.900000095367432,2,3,1,1
original.repeat2,shared_recovery_frozen.repeat2,97896,4.5,2,-1,1,0
original.repeat2,shared_recovery_frozen.repeat2,98667,4.699999809265137,1,2,1,1
original.repeat2,shared_recovery_frozen.repeat2,98781,5.099999904632568,2,5,1,1
original.repeat2,shared_recovery_frozen.repeat2,98795,4.199999809265137,4,-1,1,0
original.repeat2,shared_recovery_frozen.repeat2,98804,5.400000095367432,2,-1,1,0
original.repeat2,shared_recovery_frozen.repeat2,99095,4.900000095367432,2,3,1,1
original.repeat2,shared_recovery_frozen.repeat2,99204,5.800000190734863,2,-1,1,0
original.repeat2,shared_recovery_frozen.repeat2,99388,4.5,2,-1,1,0
original.repeat2,shared_recovery_frozen.repeat2,99415,5.099999904632568,4,-1,1,0
original.repeat2,shared_recovery_frozen.repeat2,99564,5.5,2,3,1,1
original.repeat2,shared_recovery_frozen.repeat2,99598,4.699999809265137,3,4,1,1
original.repeat2,shared_recovery_frozen.repeat2,99709,4.599999904632568,4,-1,1,0
original.repeat2,shared_recovery_frozen.repeat2,99880,4.300000190734863,2,3,1,1
original.repeat2,shared_recovery_frozen.repeat2,99973,4.099999904632568,3,-1,1,0
original.repeat2,shared_recovery_frozen.repeat2,100075,4.5,3,4,1,1
original.repeat2,shared_recovery_frozen.repeat2,100239,4.199999809265137,3,4,1,1
original.repeat2,shared_recovery_frozen.repeat2,100508,4.199999809265137,4,5,1,1
original.repeat2,shared_recovery_frozen.repeat2,100544,4.699999809265137,3,-1,1,0
original.repeat2,shared_recovery_frozen.repeat2,100614,4.900000095367432,2,-1,1,0
original.repeat2,shared_recovery_frozen.repeat2,101061,4.900000095367432,3,4,1,1
original.repeat2,shared_recovery_frozen.repeat2,101468,4.400000095367432,2,3,1,1
original.repeat2,shared_recovery_frozen.repeat2,102223,4.199999809265137,4,-1,1,0
original.repeat2,shared_recovery_frozen.repeat2,102409,5.900000095367432,2,3,1,1
original.repeat2,shared_recovery_frozen.repeat2,102933,4.400000095367432,2,3,1,1
original.repeat2,shared_recovery_frozen.repeat2,103563,4.099999904632568,3,-1,1,0
original.repeat2,shared_recovery_frozen.repeat2,103564,5.300000190734863,5,-1,1,0
original.repeat2,shared_recovery_frozen.repeat2,103682,4.099999904632568,2,-1,1,0
original.repeat2,shared_recovery_frozen.repeat2,103758,5.199999809265137,4,-1,1,0
original.repeat2,shared_recovery_frozen.repeat2,103780,4.400000095367432,3,-1,1,0
original.repeat2,shared_recovery_frozen.repeat2,103878,4.099999904632568,2,3,1,1
original.repeat2,shared_recovery_frozen.repeat2,103895,4.199999809265137,3,-1,1,0
original.repeat2,shared_recovery_frozen.repeat2,104000,4.099999904632568,2,5,1,1
original.repeat2,shared_recovery_frozen.repeat2,104030,4.5,2,3,1,1
original.repeat2,shared_recovery_frozen.repeat2,104150,4.5,5,-1,1,0
original.repeat2,shared_recovery_frozen.repeat2,104452,4.199999809265137,2,3,1,1
original.repeat2,shared_recovery_frozen.repeat2,104552,4.699999809265137,2,4,1,1
original.repeat2,shared_recovery_frozen.repeat2,104559,4.300000190734863,3,4,1,1
original.repeat2,shared_recovery_frozen.repeat2,104865,4.099999904632568,2,3,1,1
original.repeat2,shared_recovery_frozen.repeat2,105092,4.400000095367432,5,-1,1,0
original.repeat2,shared_recovery_frozen.repeat2,105272,6.0,3,2,1,1
original.repeat2,shared_recovery_frozen.repeat2,106524,6.300000190734863,4,-1,1,0
original.repeat2,shared_recovery_frozen.repeat2,106613,4.199999809265137,4,-1,1,0
original.repeat2,shared_recovery_frozen.repeat2,106766,4.199999809265137,4,-1,1,0
original.repeat2,shared_recovery_frozen.repeat2,106923,4.300000190734863,2,3,1,1
original.repeat2,shared_recovery_frozen.repeat2,107010,4.300000190734863,4,-1,1,0
original.repeat2,shared_recovery_frozen.repeat2,107059,4.400000095367432,2,-1,1,0
original.repeat2,shared_recovery_frozen.repeat2,107131,4.300000190734863,2,3,1,1
original.repeat2,shared_recovery_frozen.repeat2,107484,4.400000095367432,2,3,1,1
original.repeat2,shared_recovery_frozen.repeat2,107582,4.300000190734863,4,-1,1,0
original.repeat2,shared_recovery_frozen.repeat2,107894,4.199999809265137,3,-1,1,0
original.repeat2,shared_recovery_frozen.repeat2,107985,4.099999904632568,2,-1,1,0
original.repeat2,shared_recovery_frozen.repeat2,108068,4.099999904632568,3,-1,1,0
original.repeat2,shared_recovery_frozen.repeat2,108084,4.699999809265137,2,-1,1,0
original.repeat2,shared_recovery_frozen.repeat2,108149,4.400000095367432,3,-1,1,0
original.repeat2,shared_recovery_frozen.repeat2,108203,4.300000190734863,2,3,1,1
original.repeat2,shared_recovery_frozen.repeat2,108268,4.5,2,3,1,1
original.repeat2,shared_recovery_frozen.repeat2,108780,5.300000190734863,3,-1,1,0
original.repeat2,shared_recovery_frozen.repeat2,109253,4.099999904632568,2,4,1,1
original.repeat2,shared_recovery_frozen.repeat2,109323,4.400000095367432,3,-1,1,0
original.repeat2,shared_recovery_frozen.repeat2,109991,4.699999809265137,3,4,1,1
original.repeat2,shared_recovery_frozen.repeat2,110219,4.5,5,-1,1,0
original.repeat2,shared_recovery_frozen.repeat2,110602,4.400000095367432,2,5,1,1
original.repeat2,shared_recovery_frozen.repeat2,110724,4.199999809265137,3,-1,1,0
original.repeat2,shared_recovery_frozen.repeat2,110889,5.300000190734863,2,3,1,1
original.repeat2,shared_recovery_frozen.repeat2,111014,4.300000190734863,4,-1,1,0
original.repeat2,shared_recovery_frozen.repeat2,111148,4.400000095367432,2,3,1,1
original.repeat2,shared_recovery_frozen.repeat2,111405,4.5,2,-1,1,0
original.repeat2,shared_recovery_frozen.repeat2,111419,4.099999904632568,4,-1,1,0
original.repeat2,shared_recovery_frozen.repeat2,111999,4.099999904632568,1,2,1,1
original.repeat2,shared_recovery_frozen.repeat2,112185,4.099999904632568,2,-1,1,0
original.repeat2,shared_recovery_frozen.repeat2,112808,4.800000190734863,4,-1,1,0
original.repeat2,shared_recovery_frozen.repeat2,113043,4.599999904632568,3,2,1,1
original.repeat2,shared_recovery_frozen.repeat2,113264,4.599999904632568,5,-1,1,0
original.repeat2,shared_recovery_frozen.repeat2,113513,4.699999809265137,2,-1,1,0
original.repeat2,shared_recovery_frozen.repeat2,113578,4.599999904632568,3,5,1,1
original.repeat2,shared_recovery_frozen.repeat2,113663,5.300000190734863,2,-1,1,0
original.repeat2,shared_recovery_frozen.repeat2,114444,4.400000095367432,2,4,1,1
original.repeat2,shared_recovery_frozen.repeat2,114527,4.300000190734863,2,3,1,1
original.repeat2,shared_recovery_frozen.repeat2,114591,4.400000095367432,1,2,1,1
original.repeat2,shared_recovery_frozen.repeat2,114726,4.400000095367432,2,-1,1,0
original.repeat2,shared_recovery_frozen.repeat2,114967,6.400000095367432,3,-1,1,0
original.repeat2,shared_recovery_frozen.repeat2,115038,4.199999809265137,2,-1,1,0
original.repeat2,shared_recovery_frozen.repeat2,115232,4.599999904632568,3,-1,1,0
original.repeat2,shared_recovery_frozen.repeat2,115312,4.599999904632568,1,2,1,1
original.repeat2,shared_recovery_frozen.repeat2,115426,4.599999904632568,2,3,1,1
original.repeat2,shared_recovery_frozen.repeat2,115922,4.599999904632568,4,-1,1,0
original.repeat2,shared_recovery_frozen.repeat2,116036,5.400000095367432,2,-1,1,0
original.repeat2,shared_recovery_frozen.repeat2,116269,4.5,4,-1,1,0
original.repeat2,shared_recovery_frozen.repeat2,116326,4.699999809265137,2,4,1,1
original.repeat2,shared_recovery_frozen.repeat2,116402,4.400000095367432,1,2,1,1
original.repeat2,shared_recovery_frozen.repeat2,116565,4.099999904632568,3,4,1,1
original.repeat2,shared_recovery_frozen.repeat2,117416,7.099999904632568,2,-1,1,0
original.repeat2,shared_recovery_frozen.repeat2,117810,5.0,1,2,1,1
original.repeat2,shared_recovery_frozen.repeat2,118031,5.400000095367432,4,-1,1,0
original.repeat2,shared_recovery_frozen.repeat2,118157,5.599999904632568,-1,5,0,1
original.repeat2,shared_recovery_frozen.repeat2,118377,4.599999904632568,2,-1,1,0
original.repeat2,shared_recovery_frozen.repeat2,118550,5.099999904632568,3,4,1,1
original.repeat2,shared_recovery_frozen.repeat2,118685,5.099999904632568,2,3,1,1
original.repeat2,shared_recovery_frozen.repeat2,118716,4.099999904632568,3,-1,1,0
original.repeat2,shared_recovery_frozen.repeat2,118746,4.800000190734863,2,-1,1,0
original.repeat2,shared_recovery_frozen.repeat2,119325,4.800000190734863,3,-1,1,0
original.repeat2,shared_recovery_frozen.repeat2,119390,4.300000190734863,4,-1,1,0
original.repeat2,shared_recovery_frozen.repeat2,119405,4.099999904632568,2,-1,1,0
original.repeat2,shared_recovery_frozen.repeat2,119896,4.900000095367432,3,-1,1,0
original.repeat2,shared_recovery_frozen.repeat2,120096,4.099999904632568,5,-1,1,0
original.repeat2,shared_recovery_frozen.repeat2,120297,5.599999904632568,3,-1,1,0
original.repeat2,shared_recovery_frozen.repeat2,120380,4.099999904632568,3,5,1,1
original.repeat2,shared_recovery_frozen.repeat2,120459,4.099999904632568,3,4,1,1
original.repeat2,shared_recovery_frozen.repeat2,120829,4.400000095367432,1,2,1,1
original.repeat2,shared_recovery_frozen.repeat2,120848,4.5,2,-1,1,0
original.repeat2,shared_recovery_frozen.repeat2,120933,4.099999904632568,2,3,1,1
original.repeat2,shared_recovery_frozen.repeat2,121051,4.800000190734863,4,-1,1,0
original.repeat2,shared_recovery_frozen.repeat2,121221,5.199999809265137,3,-1,1,0
original.repeat2,shared_recovery_frozen.repeat2,121909,4.900000095367432,2,-1,1,0
original.repeat2,shared_recovery_frozen.repeat2,122004,4.699999809265137,2,-1,1,0
original.repeat2,shared_recovery_frozen.repeat2,122246,4.199999809265137,3,-1,1,0
original.repeat2,shared_recovery_frozen.repeat2,122549,4.400000095367432,5,-1,1,0
original.repeat2,shared_recovery_frozen.repeat2,122598,4.300000190734863,3,4,1,1
original.repeat2,shared_recovery_frozen.repeat2,123209,4.099999904632568,2,-1,1,0
original.repeat2,shared_recovery_frozen.repeat2,123262,4.099999904632568,3,5,1,1
original.repeat2,shared_recovery_frozen.repeat2,123417,4.699999809265137,4,3,1,1
original.repeat2,shared_recovery_frozen.repeat2,123495,4.699999809265137,2,4,1,1
original.repeat2,shared_recovery_frozen.repeat2,123689,4.099999904632568,2,-1,1,0
original.repeat2,shared_recovery_frozen.repeat2,123821,4.199999809265137,2,3,1,1
original.repeat2,shared_recovery_frozen.repeat2,124277,5.0,3,4,1,1
original.repeat2,shared_recovery_frozen.repeat2,124443,4.699999809265137,3,5,1,1
original.repeat2,shared_recovery_frozen.repeat2,124496,4.099999904632568,3,-1,1,0
original.repeat2,shared_recovery_frozen.repeat2,124623,4.099999904632568,2,3,1,1
original.repeat2,shared_recovery_frozen.repeat2,124771,4.300000190734863,3,4,1,1
original.repeat2,shared_recovery_frozen.repeat2,124958,4.300000190734863,3,2,1,1
original.repeat2,shared_recovery_frozen.repeat2,125121,4.599999904632568,-1,2,0,1
original.repeat2,shared_recovery_frozen.repeat2,125878,4.800000190734863,3,4,1,1
original.repeat2,shared_recovery_frozen.repeat2,126087,4.5,2,3,1,1
original.repeat2,shared_recovery_frozen.repeat2,126170,5.099999904632568,3,-1,1,0
original.repeat2,shared_recovery_frozen.repeat2,126840,4.199999809265137,3,4,1,1
original.repeat2,shared_recovery_frozen.repeat2,126928,4.400000095367432,5,-1,1,0
original.repeat2,shared_recovery_frozen.repeat2,127024,4.599999904632568,-1,4,0,1
original.repeat2,shared_recovery_frozen.repeat2,127113,5.199999809265137,3,2,1,1
original.repeat2,shared_recovery_frozen.repeat2,127303,4.599999904632568,1,2,1,1
original.repeat2,shared_recovery_frozen.repeat2,128619,4.699999809265137,2,-1,1,0
original.repeat2,shared_recovery_frozen.repeat2,128645,4.900000095367432,1,-1,1,0
original.repeat2,shared_recovery_frozen.repeat2,128708,5.300000190734863,3,-1,1,0
original.repeat2,shared_recovery_frozen.repeat2,128787,5.5,3,4,1,1
original.repeat2,shared_recovery_frozen.repeat2,129140,5.0,2,3,1,1
original.repeat2,shared_recovery_frozen.repeat2,129548,4.199999809265137,3,-1,1,0
original.repeat2,shared_recovery_frozen.repeat2,129609,5.599999904632568,2,3,1,1
original.repeat2,shared_recovery_frozen.repeat2,129676,4.199999809265137,1,2,1,1
original.repeat2,shared_recovery_frozen.repeat2,129814,5.199999809265137,4,2,1,1
original.repeat2,shared_recovery_frozen.repeat2,130160,4.900000095367432,3,5,1,1
original.repeat2,shared_recovery_frozen.repeat2,130295,4.5,2,-1,1,0
original.repeat2,shared_recovery_frozen.repeat2,130358,4.5,-1,2,0,1
original.repeat2,shared_recovery_frozen.repeat2,130475,4.300000190734863,3,-1,1,0
original.repeat2,shared_recovery_frozen.repeat2,130926,4.900000095367432,2,4,1,1
original.repeat2,shared_recovery_frozen.repeat2,130965,4.5,4,-1,1,0
original.repeat2,shared_recovery_frozen.repeat2,131038,4.300000190734863,3,4,1,1
original.repeat2,shared_recovery_frozen.repeat2,131043,5.199999809265137,3,4,1,1
original.repeat2,shared_recovery_frozen.repeat2,131106,4.099999904632568,2,1,1,1
original.repeat2,shared_recovery_frozen.repeat2,131657,4.800000190734863,3,-1,1,0
original.repeat2,shared_recovery_frozen.repeat2,131838,4.400000095367432,4,-1,1,0
original.repeat2,shared_recovery_frozen.repeat2,131864,5.199999809265137,4,3,1,1
original.repeat2,shared_recovery_frozen.repeat2,132493,5.099999904632568,2,5,1,1
original.repeat2,shared_recovery_frozen.repeat2,132949,4.199999809265137,3,2,1,1
original.repeat2,shared_recovery_frozen.repeat2,133116,4.199999809265137,2,3,1,1
original.repeat2,shared_recovery_frozen.repeat2,133284,4.800000190734863,3,-1,1,0
original.repeat2,shared_recovery_frozen.repeat2,133554,4.900000095367432,3,5,1,1
original.repeat2,shared_recovery_frozen.repeat2,133579,4.5,3,-1,1,0
original.repeat2,shared_recovery_frozen.repeat2,133658,4.800000190734863,2,-1,1,0
original.repeat2,shared_recovery_frozen.repeat2,134140,4.099999904632568,1,2,1,1
original.repeat2,shared_recovery_frozen.repeat2,134395,7.699999809265137,3,-1,1,0
original.repeat2,shared_recovery_frozen.repeat2,134665,4.199999809265137,1,3,1,1
original.repeat2,shared_recovery_frozen.repeat2,135094,4.400000095367432,1,2,1,1
original.repeat2,shared_recovery_frozen.repeat2,135108,5.400000095367432,3,-1,1,0
original.repeat2,shared_recovery_frozen.repeat2,135346,4.199999809265137,2,4,1,1
original.repeat2,shared_recovery_frozen.repeat2,135384,4.300000190734863,2,4,1,1
original.repeat2,shared_recovery_frozen.repeat2,135904,4.300000190734863,3,-1,1,0
original.repeat2,shared_recovery_frozen.repeat2,135920,5.300000190734863,2,5,1,1
original.repeat2,shared_recovery_frozen.repeat2,136062,5.099999904632568,4,5,1,1
original.repeat2,shared_recovery_frozen.repeat2,136386,4.5,5,-1,1,0
original.repeat2,shared_recovery_frozen.repeat2,136798,4.5,5,-1,1,0
original.repeat2,shared_recovery_frozen.repeat2,136822,5.400000095367432,3,5,1,1
original.repeat2,shared_recovery_frozen.repeat2,137738,4.099999904632568,3,-1,1,0
original.repeat2,shared_recovery_frozen.repeat2,137858,4.300000190734863,3,-1,1,0
original.repeat2,shared_recovery_frozen.repeat2,137914,5.199999809265137,3,-1,1,0
original.repeat2,shared_recovery_frozen.repeat2,137977,4.800000190734863,2,-1,1,0
original.repeat2,shared_recovery_frozen.repeat2,138731,4.5,3,-1,1,0
original.repeat2,shared_recovery_frozen.repeat2,138758,4.900000095367432,3,-1,1,0
original.repeat2,shared_recovery_frozen.repeat2,138878,7.099999904632568,3,-1,1,0
original.repeat2,shared_recovery_frozen.repeat2,138887,4.5,2,3,1,1
original.repeat2,shared_recovery_frozen.repeat2,139003,4.199999809265137,2,-1,1,0
original.repeat2,shared_recovery_frozen.repeat2,139102,4.300000190734863,2,3,1,1
original.repeat2,shared_recovery_frozen.repeat2,139153,4.300000190734863,3,-1,1,0
original.repeat2,shared_recovery_frozen.repeat2,139263,4.300000190734863,4,-1,1,0
original.repeat2,shared_recovery_frozen.repeat2,139293,4.5,4,3,1,1
original.repeat2,shared_recovery_frozen.repeat2,139373,4.199999809265137,3,4,1,1
original.repeat2,shared_recovery_frozen.repeat2,139381,4.199999809265137,2,-1,1,0
original.repeat2,shared_recovery_frozen.repeat2,140349,4.400000095367432,2,3,1,1
original.repeat2,shared_recovery_frozen.repeat2,140799,4.099999904632568,3,-1,1,0
original.repeat2,shared_recovery_frozen.repeat2,141144,4.800000190734863,3,-1,1,0
original.repeat2,shared_recovery_frozen.repeat2,141181,4.800000190734863,1,2,1,1
original.repeat2,shared_recovery_frozen.repeat2,141778,4.199999809265137,2,5,1,1
original.repeat2,shared_recovery_frozen.repeat2,142197,4.300000190734863,2,3,1,1
original.repeat2,shared_recovery_frozen.repeat2,142366,4.099999904632568,2,-1,1,0
original.repeat2,shared_recovery_frozen.repeat2,142697,4.599999904632568,4,-1,1,0
original.repeat2,shared_recovery_frozen.repeat2,142826,5.300000190734863,-1,4,0,1
original.repeat2,shared_recovery_frozen.repeat2,143067,4.699999809265137,2,-1,1,0
original.repeat2,shared_recovery_frozen.repeat2,143949,4.099999904632568,3,-1,1,0
original.repeat2,shared_recovery_frozen.repeat2,144694,5.300000190734863,1,3,1,1
original.repeat2,shared_recovery_frozen.repeat2,144710,4.300000190734863,2,3,1,1
original.repeat2,shared_recovery_frozen.repeat2,144987,4.800000190734863,-1,4,0,1
original.repeat2,shared_recovery_frozen.repeat2,145087,4.099999904632568,2,-1,1,0
original.repeat2,shared_recovery_frozen.repeat2,145314,4.300000190734863,3,-1,1,0
original.repeat2,shared_recovery_frozen.repeat2,145383,4.199999809265137,3,-1,1,0
original.repeat2,shared_recovery_frozen.repeat2,145768,4.300000190734863,4,-1,1,0
original.repeat2,shared_recovery_frozen.repeat2,146030,4.099999904632568,3,5,1,1
original.repeat2,shared_recovery_frozen.repeat2,146262,4.5,2,-1,1,0
original.repeat2,shared_recovery_frozen.repeat2,146355,4.099999904632568,2,5,1,1
original.repeat2,shared_recovery_frozen.repeat2,146509,4.400000095367432,2,-1,1,0
original.repeat2,shared_recovery_frozen.repeat2,146615,4.099999904632568,4,-1,1,0
original.repeat2,shared_recovery_frozen.repeat2,146797,4.400000095367432,3,4,1,1
original.repeat2,shared_recovery_frozen.repeat2,147052,5.599999904632568,1,2,1,1
original.repeat2,shared_recovery_frozen.repeat2,147119,4.300000190734863,2,3,1,1
original.repeat2,shared_recovery_frozen.repeat2,147449,4.699999809265137,2,-1,1,0
original.repeat2,shared_recovery_frozen.repeat2,147504,4.900000095367432,3,-1,1,0
original.repeat2,shared_recovery_frozen.repeat2,147610,4.300000190734863,3,-1,1,0
original.repeat2,shared_recovery_frozen.repeat2,147908,4.400000095367432,3,4,1,1
original.repeat2,shared_recovery_frozen.repeat2,147910,4.099999904632568,2,-1,1,0
original.repeat2,shared_recovery_frozen.repeat2,148253,6.0,3,4,1,1
original.repeat2,shared_recovery_frozen.repeat2,148832,4.400000095367432,2,3,1,1
original.repeat2,shared_recovery_frozen.repeat2,148877,6.0,2,3,1,1
original.repeat2,shared_recovery_frozen.repeat2,149097,4.400000095367432,3,-1,1,0
original.repeat2,shared_recovery_frozen.repeat2,149444,4.699999809265137,2,1,1,1
original.repeat2,shared_recovery_frozen.repeat2,149507,4.099999904632568,1,2,1,1
original.repeat2,shared_recovery_frozen.repeat2,149568,4.099999904632568,3,4,1,1
original.repeat2,shared_recovery_frozen.repeat2,149660,5.0,1,2,1,1
original.repeat2,shared_recovery_frozen.repeat2,149976,5.199999809265137,3,-1,1,0
original.repeat2,shared_recovery_frozen.repeat2,150375,4.300000190734863,3,-1,1,0
original.repeat2,shared_recovery_frozen.repeat2,150419,4.599999904632568,3,-1,1,0
original.repeat2,shared_recovery_frozen.repeat2,150849,5.099999904632568,3,5,1,1
original.repeat2,shared_recovery_frozen.repeat2,151132,5.199999809265137,4,-1,1,0
original.repeat2,shared_recovery_frozen.repeat2,151191,4.5,2,4,1,1
original.repeat2,shared_recovery_frozen.repeat2,151291,4.300000190734863,1,2,1,1
original.repeat2,shared_recovery_frozen.repeat2,151550,4.300000190734863,1,-1,1,0
original.repeat2,shared_recovery_frozen.repeat2,151987,4.599999904632568,2,-1,1,0
original.repeat2,shared_recovery_frozen.repeat2,152030,4.099999904632568,2,3,1,1
original.repeat2,shared_recovery_frozen.repeat2,152109,4.400000095367432,2,3,1,1
original.repeat2,shared_recovery_frozen.repeat2,153053,5.199999809265137,2,-1,1,0
original.repeat2,shared_recovery_frozen.repeat2,154026,4.099999904632568,2,3,1,1
original.repeat2,shared_recovery_frozen.repeat2,154499,4.900000095367432,2,-1,1,0
original.repeat2,shared_recovery_frozen.repeat2,154560,5.300000190734863,3,-1,1,0
original.repeat2,shared_recovery_frozen.repeat2,155043,5.0,3,-1,1,0
original.repeat2,shared_recovery_frozen.repeat2,155094,4.5,2,5,1,1
original.repeat2,shared_recovery_frozen.repeat2,155558,4.300000190734863,2,-1,1,0
original.repeat2,shared_recovery_frozen.repeat2,155650,4.699999809265137,3,-1,1,0
original.repeat2,shared_recovery_frozen.repeat2,155764,4.800000190734863,3,-1,1,0
original.repeat2,shared_recovery_frozen.repeat2,155832,4.099999904632568,2,5,1,1
original.repeat2,shared_recovery_frozen.repeat2,156117,4.300000190734863,2,-1,1,0
original.repeat2,shared_recovery_frozen.repeat2,156509,4.300000190734863,2,5,1,1
original.repeat2,shared_recovery_frozen.repeat2,156985,5.300000190734863,2,-1,1,0
original.repeat2,shared_recovery_frozen.repeat2,157145,4.400000095367432,3,-1,1,0
original.repeat2,shared_recovery_frozen.repeat2,157176,4.099999904632568,2,-1,1,0
original.repeat2,shared_recovery_frozen.repeat2,157233,5.0,2,4,1,1
original.repeat2,shared_recovery_frozen.repeat2,157607,4.099999904632568,2,4,1,1
original.repeat2,shared_recovery_frozen.repeat2,157777,4.199999809265137,4,-1,1,0
original.repeat2,shared_recovery_frozen.repeat2,158355,4.300000190734863,4,-1,1,0
original.repeat2,shared_recovery_frozen.repeat2,158609,4.400000095367432,2,-1,1,0
original.repeat2,shared_recovery_frozen.repeat2,158723,4.099999904632568,3,-1,1,0
original.repeat2,shared_recovery_frozen.repeat2,158733,4.199999809265137,2,-1,1,0
original.repeat2,shared_recovery_frozen.repeat2,158943,4.099999904632568,2,3,1,1
original.repeat2,shared_recovery_frozen.repeat2,159219,4.599999904632568,3,-1,1,0
original.repeat2,shared_recovery_frozen.repeat2,159270,5.199999809265137,3,-1,1,0
original.repeat2,shared_recovery_frozen.repeat2,159740,4.400000095367432,2,-1,1,0
original.repeat2,shared_recovery_frozen.repeat2,159862,4.300000190734863,3,-1,1,0
original.repeat2,shared_recovery_frozen.repeat2,159940,4.199999809265137,2,3,1,1
original.repeat2,shared_recovery_frozen.repeat2,160108,4.199999809265137,4,-1,1,0
original.repeat2,shared_recovery_frozen.repeat2,160882,4.599999904632568,2,-1,1,0
original.repeat2,shared_recovery_frozen.repeat2,161064,4.599999904632568,1,2,1,1
original.repeat2,shared_recovery_frozen.repeat2,161105,4.5,3,-1,1,0
original.repeat2,shared_recovery_frozen.repeat2,161170,4.5,3,-1,1,0
original.repeat2,shared_recovery_frozen.repeat2,161400,5.0,2,3,1,1
original.repeat2,shared_recovery_frozen.repeat2,161819,5.199999809265137,3,4,1,1
original.repeat2,shared_recovery_frozen.repeat2,161924,4.199999809265137,2,4,1,1
original.repeat2,shared_recovery_frozen.repeat2,162655,4.300000190734863,4,3,1,1
original.repeat2,shared_recovery_frozen.repeat2,162700,4.5,1,-1,1,0
original.repeat2,shared_recovery_frozen.repeat2,162729,5.199999809265137,3,-1,1,0
original.repeat2,shared_recovery_frozen.repeat2,162776,4.300000190734863,4,-1,1,0
original.repeat2,shared_recovery_frozen.repeat2,162844,4.099999904632568,4,-1,1,0
original.repeat2,shared_recovery_frozen.repeat2,162874,4.400000095367432,5,-1,1,0
original.repeat2,shared_recovery_frozen.repeat2,162895,4.300000190734863,3,-1,1,0
original.repeat2,shared_recovery_frozen.repeat2,163232,4.099999904632568,2,-1,1,0
original.repeat2,shared_recovery_frozen.repeat2,163311,4.199999809265137,4,-1,1,0
original.repeat2,shared_recovery_frozen.repeat2,163494,4.300000190734863,1,2,1,1
original.repeat2,shared_recovery_frozen.repeat2,163495,4.300000190734863,3,-1,1,0
original.repeat2,shared_recovery_frozen.repeat2,163659,4.099999904632568,1,2,1,1
original.repeat2,shared_recovery_frozen.repeat2,163984,4.400000095367432,2,4,1,1
original.repeat2,shared_recovery_frozen.repeat2,164104,4.699999809265137,2,-1,1,0
original.repeat2,shared_recovery_frozen.repeat2,164359,5.199999809265137,4,-1,1,0
original.repeat2,shared_recovery_frozen.repeat2,164577,4.300000190734863,4,-1,1,0
original.repeat2,shared_recovery_frozen.repeat2,164612,4.900000095367432,3,-1,1,0
original.repeat2,shared_recovery_frozen.repeat2,165111,4.400000095367432,1,3,1,1
original.repeat2,shared_recovery_frozen.repeat2,165664,5.0,3,-1,1,0
original.repeat2,shared_recovery_frozen.repeat2,165786,4.5,2,-1,1,0
original.repeat2,shared_recovery_frozen.repeat2,166272,5.099999904632568,3,-1,1,0
original.repeat2,shared_recovery_frozen.repeat2,166571,4.199999809265137,2,4,1,1
original.repeat2,shared_recovery_frozen.repeat2,167313,4.400000095367432,5,4,1,1
original.repeat2,shared_recovery_frozen.repeat2,168055,4.5,2,3,1,1
original.repeat2,shared_recovery_frozen.repeat2,168792,4.400000095367432,3,-1,1,0
original.repeat2,shared_recovery_frozen.repeat2,169033,4.699999809265137,1,-1,1,0
original.repeat2,shared_recovery_frozen.repeat2,169074,4.5,2,-1,1,0
original.repeat2,shared_recovery_frozen.repeat2,169411,4.5,2,-1,1,0
original.repeat2,shared_recovery_frozen.repeat2,169507,5.300000190734863,2,4,1,1
original.repeat2,shared_recovery_frozen.repeat2,169722,5.0,3,-1,1,0
original.repeat2,shared_recovery_frozen.repeat2,169801,4.400000095367432,2,3,1,1
original.repeat2,shared_recovery_frozen.repeat2,169883,4.5,3,2,1,1
original.repeat2,shared_recovery_frozen.repeat2,170310,5.699999809265137,2,-1,1,0
original.repeat2,shared_recovery_frozen.repeat2,170642,4.199999809265137,2,-1,1,0
original.repeat2,shared_recovery_frozen.repeat2,170774,5.0,4,-1,1,0
original.repeat2,shared_recovery_frozen.repeat2,171459,4.5,2,3,1,1
original.repeat2,shared_recovery_frozen.repeat2,171532,5.099999904632568,2,-1,1,0
original.repeat2,shared_recovery_frozen.repeat2,171725,4.099999904632568,2,-1,1,0
original.repeat2,shared_recovery_frozen.repeat2,172293,4.400000095367432,4,-1,1,0
original.repeat2,shared_recovery_frozen.repeat2,172354,4.199999809265137,2,3,1,1
original.repeat2,shared_recovery_frozen.repeat2,173534,4.400000095367432,4,-1,1,0
original.repeat2,shared_recovery_frozen.repeat2,173548,5.599999904632568,2,-1,1,0
original.repeat2,shared_recovery_frozen.repeat2,173549,4.900000095367432,-1,4,0,1
original.repeat2,shared_recovery_frozen.repeat2,173918,4.5,2,-1,1,0
original.repeat2,shared_recovery_frozen.repeat2,174606,4.300000190734863,3,5,1,1
original.repeat2,shared_recovery_frozen.repeat2,174658,4.800000190734863,3,-1,1,0
original.repeat2,shared_recovery_frozen.repeat2,174710,4.800000190734863,5,3,1,1
original.repeat2,shared_recovery_frozen.repeat2,174785,4.300000190734863,2,3,1,1
original.repeat2,shared_recovery_frozen.repeat2,175016,4.5,1,2,1,1
original.repeat2,shared_recovery_frozen.repeat2,175308,4.5,2,1,1,1
original.repeat2,shared_recovery_frozen.repeat2,175408,4.400000095367432,3,4,1,1
original.repeat2,shared_recovery_frozen.repeat2,175897,4.099999904632568,4,-1,1,0
original.repeat2,shared_recovery_frozen.repeat2,175971,4.199999809265137,4,-1,1,0
original.repeat2,shared_recovery_frozen.repeat2,176092,5.099999904632568,2,-1,1,0
original.repeat2,shared_recovery_frozen.repeat2,176299,4.300000190734863,3,-1,1,0
original.repeat2,shared_recovery_frozen.repeat2,176605,4.099999904632568,2,-1,1,0
original.repeat2,shared_recovery_frozen.repeat2,176771,4.699999809265137,1,2,1,1
original.repeat2,shared_recovery_frozen.repeat2,176772,5.5,2,3,1,1
original.repeat2,shared_recovery_frozen.repeat2,176863,4.599999904632568,2,-1,1,0
original.repeat2,shared_recovery_frozen.repeat2,177020,5.400000095367432,2,-1,1,0
original.repeat2,shared_recovery_frozen.repeat2,177526,5.400000095367432,3,4,1,1
original.repeat2,shared_recovery_frozen.repeat2,177684,4.699999809265137,2,-1,1,0
original.repeat2,shared_recovery_frozen.repeat2,178185,5.699999809265137,3,-1,1,0
original.repeat2,shared_recovery_frozen.repeat2,178218,4.599999904632568,3,-1,1,0
original.repeat2,shared_recovery_frozen.repeat2,178269,5.0,3,-1,1,0
original.repeat2,shared_recovery_frozen.repeat2,178290,4.699999809265137,3,-1,1,0
original.repeat2,shared_recovery_frozen.repeat2,178314,4.400000095367432,2,4,1,1
original.repeat2,shared_recovery_frozen.repeat2,178621,4.300000190734863,2,-1,1,0
original.repeat2,shared_recovery_frozen.repeat2,178807,5.699999809265137,3,-1,1,0
original.repeat2,shared_recovery_frozen.repeat2,179271,4.099999904632568,3,-1,1,0
original.repeat2,shared_recovery_frozen.repeat2,179303,4.400000095367432,2,-1,1,0
original.repeat2,shared_recovery_frozen.repeat2,179659,4.699999809265137,3,-1,1,0
original.repeat2,shared_recovery_frozen.repeat2,179879,6.400000095367432,4,-1,1,0
original.repeat2,shared_recovery_frozen.repeat2,180557,4.400000095367432,1,2,1,1
original.repeat2,shared_recovery_frozen.repeat2,180766,6.400000095367432,4,-1,1,0
original.repeat2,shared_recovery_frozen.repeat2,180892,5.099999904632568,3,4,1,1
original.repeat2,shared_recovery_frozen.repeat2,181162,4.900000095367432,2,4,1,1
original.repeat2,shared_recovery_frozen.repeat2,181166,6.800000190734863,2,-1,1,0
original.repeat2,shared_recovery_frozen.repeat2,181423,5.800000190734863,2,-1,1,0
original.repeat2,shared_recovery_frozen.repeat2,181578,4.5,2,4,1,1
original.repeat2,shared_recovery_frozen.repeat2,182716,4.400000095367432,4,-1,1,0
original.repeat2,shared_recovery_frozen.repeat2,183032,5.199999809265137,2,-1,1,0
original.repeat2,shared_recovery_frozen.repeat2,183760,5.300000190734863,4,-1,1,0
original.repeat2,shared_recovery_frozen.repeat2,183912,4.300000190734863,2,3,1,1
original.repeat2,shared_recovery_frozen.repeat2,183959,4.900000095367432,3,4,1,1
original.repeat2,shared_recovery_frozen.repeat2,184073,4.900000095367432,3,-1,1,0
original.repeat2,shared_recovery_frozen.repeat2,184627,4.099999904632568,3,2,1,1
original.repeat2,shared_recovery_frozen.repeat2,184891,4.199999809265137,1,2,1,1
original.repeat2,shared_recovery_frozen.repeat2,185347,4.400000095367432,2,-1,1,0
original.repeat2,shared_recovery_frozen.repeat2,185642,4.099999904632568,3,-1,1,0
original.repeat2,shared_recovery_frozen.repeat2,185654,4.099999904632568,3,-1,1,0
original.repeat2,shared_recovery_frozen.repeat2,185674,4.300000190734863,2,-1,1,0
original.repeat2,shared_recovery_frozen.repeat2,185678,4.699999809265137,2,4,1,1
original.repeat2,shared_recovery_frozen.repeat2,185690,4.300000190734863,1,2,1,1
original.repeat2,shared_recovery_frozen.repeat2,186148,4.800000190734863,3,4,1,1
original.repeat2,shared_recovery_frozen.repeat2,186400,4.199999809265137,2,4,1,1
original.repeat2,shared_recovery_frozen.repeat2,186630,4.900000095367432,2,3,1,1
original.repeat2,shared_recovery_frozen.repeat2,186875,4.5,4,-1,1,0
original.repeat2,shared_recovery_frozen.repeat2,186930,5.099999904632568,2,-1,1,0
original.repeat2,shared_recovery_frozen.repeat2,187088,4.400000095367432,5,-1,1,0
original.repeat2,shared_recovery_frozen.repeat2,187399,4.300000190734863,2,3,1,1
original.repeat2,shared_recovery_frozen.repeat2,188039,4.199999809265137,-1,4,0,1
original.repeat2,shared_recovery_frozen.repeat2,188053,5.0,3,4,1,1
original.repeat2,shared_recovery_frozen.repeat2,188095,4.199999809265137,2,4,1,1
original.repeat2,shared_recovery_frozen.repeat2,188187,4.800000190734863,5,-1,1,0
original.repeat2,shared_recovery_frozen.repeat2,188191,4.800000190734863,3,-1,1,0
original.repeat2,shared_recovery_frozen.repeat2,188316,4.300000190734863,3,-1,1,0
original.repeat2,shared_recovery_frozen.repeat2,188355,4.099999904632568,2,-1,1,0
original.repeat2,shared_recovery_frozen.repeat2,188467,4.400000095367432,1,2,1,1
original.repeat2,shared_recovery_frozen.repeat2,188511,4.5,2,3,1,1
original.repeat2,shared_recovery_frozen.repeat2,188832,4.599999904632568,4,-1,1,0
original.repeat2,shared_recovery_frozen.repeat2,188865,4.199999809265137,3,-1,1,0
original.repeat2,shared_recovery_frozen.repeat2,189245,4.699999809265137,2,5,1,1
original.repeat2,shared_recovery_frozen.repeat2,189442,4.099999904632568,2,3,1,1
original.repeat2,shared_recovery_frozen.repeat2,189470,4.400000095367432,2,4,1,1
original.repeat2,shared_recovery_frozen.repeat2,189695,4.300000190734863,3,-1,1,0
original.repeat2,shared_recovery_frozen.repeat2,189921,4.699999809265137,1,2,1,1
original.repeat2,shared_recovery_frozen.repeat2,190016,4.900000095367432,3,-1,1,0
original.repeat2,shared_recovery_frozen.repeat2,190073,4.199999809265137,4,2,1,1
original.repeat2,shared_recovery_frozen.repeat2,190274,4.5,3,4,1,1
original.repeat2,shared_recovery_frozen.repeat2,190362,4.099999904632568,2,4,1,1
original.repeat2,shared_recovery_frozen.repeat2,190803,4.599999904632568,3,-1,1,0
original.repeat2,shared_recovery_frozen.repeat2,191043,4.5,4,-1,1,0
original.repeat2,shared_recovery_frozen.repeat2,191115,4.199999809265137,2,-1,1,0
original.repeat2,shared_recovery_frozen.repeat2,191245,4.300000190734863,1,2,1,1
original.repeat2,shared_recovery_frozen.repeat2,191403,4.699999809265137,2,4,1,1
original.repeat2,shared_recovery_frozen.repeat2,191869,4.099999904632568,2,-1,1,0
original.repeat2,shared_recovery_frozen.repeat2,192358,4.800000190734863,4,-1,1,0
original.repeat2,shared_recovery_frozen.repeat2,192400,4.400000095367432,3,4,1,1
original.repeat2,shared_recovery_frozen.repeat2,192587,5.400000095367432,4,-1,1,0
original.repeat2,shared_recovery_frozen.repeat2,192896,4.800000190734863,-1,3,0,1
original.repeat2,shared_recovery_frozen.repeat2,193113,4.099999904632568,4,-1,1,0
original.repeat2,shared_recovery_frozen.repeat2,193144,4.199999809265137,2,5,1,1
original.repeat2,shared_recovery_frozen.repeat2,193234,4.300000190734863,4,5,1,1
original.repeat2,shared_recovery_frozen.repeat2,193443,4.5,5,-1,1,0
original.repeat2,shared_recovery_frozen.repeat2,193797,4.300000190734863,2,4,1,1
original.repeat2,shared_recovery_frozen.repeat2,193804,4.699999809265137,2,4,1,1
original.repeat2,shared_recovery_frozen.repeat2,193964,5.099999904632568,2,3,1,1
original.repeat2,shared_recovery_frozen.repeat2,194028,6.099999904632568,3,-1,1,0
original.repeat2,shared_recovery_frozen.repeat2,194176,4.199999809265137,3,4,1,1
original.repeat2,shared_recovery_frozen.repeat2,194559,4.800000190734863,4,-1,1,0
original.repeat2,shared_recovery_frozen.repeat2,194794,5.099999904632568,4,-1,1,0
original.repeat2,shared_recovery_frozen.repeat2,196040,4.5,2,-1,1,0
original.repeat2,shared_recovery_frozen.repeat2,196179,4.400000095367432,2,-1,1,0
original.repeat2,shared_recovery_frozen.repeat2,196248,4.5,3,4,1,1
original.repeat2,shared_recovery_frozen.repeat2,196397,4.300000190734863,1,2,1,1
original.repeat2,shared_recovery_frozen.repeat2,196609,5.400000095367432,4,-1,1,0
original.repeat2,shared_recovery_frozen.repeat2,196619,4.400000095367432,3,-1,1,0
original.repeat2,shared_recovery_frozen.repeat2,196757,4.099999904632568,5,-1,1,0
original.repeat2,shared_recovery_frozen.repeat2,196916,4.5,5,-1,1,0
original.repeat2,shared_recovery_frozen.repeat2,196926,5.699999809265137,2,3,1,1
original.repeat2,shared_recovery_frozen.repeat2,196952,5.199999809265137,3,4,1,1
original.repeat2,shared_recovery_frozen.repeat2,197031,4.199999809265137,2,4,1,1
original.repeat2,shared_recovery_frozen.repeat2,197054,5.800000190734863,3,5,1,1
original.repeat2,shared_recovery_frozen.repeat2,197555,5.199999809265137,3,-1,1,0
original.repeat2,shared_recovery_frozen.repeat2,197637,4.5,2,3,1,1
original.repeat2,shared_recovery_frozen.repeat2,198248,4.099999904632568,4,-1,1,0
original.repeat2,shared_recovery_frozen.repeat2,198341,4.400000095367432,2,3,1,1
original.repeat2,shared_recovery_frozen.repeat2,198881,4.400000095367432,3,-1,1,0
original.repeat2,shared_recovery_frozen.repeat2,198921,4.099999904632568,2,-1,1,0
original.repeat2,shared_recovery_frozen.repeat2,199146,5.900000095367432,3,-1,1,0
original.repeat2,shared_recovery_frozen.repeat2,199339,4.599999904632568,2,3,1,1
original.repeat2,shared_recovery_frozen.repeat2,199427,4.5,3,-1,1,0
original.repeat2,shared_recovery_frozen.repeat2,199646,4.199999809265137,2,-1,1,0
original.repeat2,shared_recovery_frozen.repeat2,199742,4.800000190734863,-1,3,0,1
original.repeat2,shared_recovery_frozen.repeat2,199829,5.5,3,-1,1,0
original.repeat2,shared_recovery_frozen.repeat2,200010,4.099999904632568,4,-1,1,0
original.repeat2,shared_recovery_frozen.repeat2,200914,5.0,2,-1,1,0
original.repeat2,shared_recovery_frozen.repeat2,201135,5.199999809265137,4,3,1,1
original.repeat2,shared_recovery_frozen.repeat2,201248,4.800000190734863,1,2,1,1
original.repeat2,shared_recovery_frozen.repeat2,201772,4.5,4,-1,1,0
original.repeat2,shared_recovery_frozen.repeat2,201933,5.0,5,-1,1,0
original.repeat2,shared_recovery_frozen.repeat2,201966,4.400000095367432,3,-1,1,0
original.repeat2,shared_recovery_frozen.repeat2,202046,4.300000190734863,3,-1,1,0
original.repeat2,shared_recovery_frozen.repeat2,202467,4.300000190734863,2,3,1,1
original.repeat2,shared_recovery_frozen.repeat2,202513,4.300000190734863,5,-1,1,0
original.repeat2,shared_recovery_frozen.repeat2,203050,4.300000190734863,1,2,1,1
original.repeat2,shared_recovery_frozen.repeat2,203372,5.099999904632568,2,4,1,1
original.repeat2,shared_recovery_frozen.repeat2,203691,4.199999809265137,3,4,1,1
original.repeat2,shared_recovery_frozen.repeat2,203868,4.300000190734863,3,-1,1,0
original.repeat2,shared_recovery_frozen.repeat2,204113,4.400000095367432,2,3,1,1
original.repeat2,shared_recovery_frozen.repeat2,204183,5.5,2,4,1,1
original.repeat2,shared_recovery_frozen.repeat2,205207,4.099999904632568,2,-1,1,0
original.repeat2,shared_recovery_frozen.repeat2,205316,4.599999904632568,3,2,1,1
original.repeat2,shared_recovery_frozen.repeat2,205436,4.099999904632568,3,-1,1,0
original.repeat2,shared_recovery_frozen.repeat2,205642,4.699999809265137,3,5,1,1
original.repeat2,shared_recovery_frozen.repeat2,205764,4.199999809265137,2,-1,1,0
original.repeat2,shared_recovery_frozen.repeat2,206407,4.400000095367432,3,4,1,1
original.repeat2,shared_recovery_frozen.repeat2,206672,4.099999904632568,3,4,1,1
original.repeat2,shared_recovery_frozen.repeat2,206680,4.199999809265137,3,-1,1,0
original.repeat2,shared_recovery_frozen.repeat2,206741,4.5,2,-1,1,0
original.repeat2,shared_recovery_frozen.repeat2,207474,4.300000190734863,4,-1,1,0
original.repeat2,shared_recovery_frozen.repeat2,207636,5.199999809265137,3,-1,1,0
original.repeat2,shared_recovery_frozen.repeat2,208011,4.699999809265137,2,3,1,1
original.repeat2,shared_recovery_frozen.repeat2,208062,4.5,2,3,1,1
original.repeat2,shared_recovery_frozen.repeat2,208234,4.400000095367432,3,5,1,1
original.repeat2,shared_recovery_frozen.repeat2,208250,4.699999809265137,2,3,1,1
original.repeat2,shared_recovery_frozen.repeat2,208254,4.599999904632568,2,-1,1,0
original.repeat2,shared_recovery_frozen.repeat2,209032,5.0,3,-1,1,0
original.repeat2,shared_recovery_frozen.repeat2,209034,4.699999809265137,4,-1,1,0
original.repeat2,shared_recovery_frozen.repeat2,209110,5.300000190734863,2,-1,1,0
original.repeat2,shared_recovery_frozen.repeat2,209225,5.199999809265137,2,3,1,1
original.repeat2,shared_recovery_frozen.repeat2,209424,4.5,3,-1,1,0
original.repeat2,shared_recovery_frozen.repeat2,209615,5.599999904632568,2,-1,1,0
original.repeat2,shared_recovery_frozen.repeat2,209977,4.699999809265137,2,3,1,1
original.repeat2,shared_recovery_frozen.repeat2,210125,4.699999809265137,2,3,1,1
original.repeat2,shared_recovery_frozen.repeat2,210386,6.199999809265137,3,-1,1,0
original.repeat2,shared_recovery_frozen.repeat2,210525,4.199999809265137,1,3,1,1
original.repeat2,shared_recovery_frozen.repeat2,210644,4.199999809265137,3,-1,1,0
original.repeat2,shared_recovery_frozen.repeat2,210667,4.699999809265137,1,2,1,1
original.repeat2,shared_recovery_frozen.repeat2,210840,4.400000095367432,4,-1,1,0
original.repeat2,shared_recovery_frozen.repeat2,210871,4.5,4,-1,1,0
original.repeat2,shared_recovery_frozen.repeat2,210960,4.400000095367432,3,2,1,1
original.repeat2,shared_recovery_frozen.repeat2,211513,4.599999904632568,3,-1,1,0
original.repeat2,shared_recovery_frozen.repeat2,211750,6.199999809265137,-1,5,0,1
original.repeat2,shared_recovery_frozen.repeat2,211856,4.199999809265137,3,-1,1,0
original.repeat2,shared_recovery_frozen.repeat2,211914,4.400000095367432,4,3,1,1
original.repeat2,shared_recovery_frozen.repeat2,211939,4.5,2,-1,1,0
original.repeat2,shared_recovery_frozen.repeat2,212300,4.400000095367432,2,-1,1,0
original.repeat2,shared_recovery_frozen.repeat2,212347,5.199999809265137,2,-1,1,0
original.repeat2,shared_recovery_frozen.repeat2,212917,4.300000190734863,5,-1,1,0
original.repeat2,shared_recovery_frozen.repeat2,213351,4.800000190734863,4,-1,1,0
original.repeat2,shared_recovery_frozen.repeat2,213353,4.800000190734863,2,1,1,1
original.repeat2,shared_recovery_frozen.repeat2,213494,4.099999904632568,3,-1,1,0
original.repeat2,shared_recovery_frozen.repeat2,214322,4.300000190734863,2,4,1,1
original.repeat2,shared_recovery_frozen.repeat2,214641,5.0,3,-1,1,0
original.repeat2,shared_recovery_frozen.repeat2,214660,4.5,2,-1,1,0
original.repeat2,shared_recovery_frozen.repeat2,215170,5.400000095367432,2,3,1,1
original.repeat2,shared_recovery_frozen.repeat2,215376,5.0,3,-1,1,0
original.repeat2,shared_recovery_frozen.repeat2,215512,4.699999809265137,3,-1,1,0
original.repeat2,shared_recovery_frozen.repeat2,215658,4.199999809265137,2,-1,1,0
original.repeat2,shared_recovery_frozen.repeat2,215824,4.199999809265137,2,3,1,1
original.repeat2,shared_recovery_frozen.repeat2,216030,4.800000190734863,4,2,1,1
original.repeat2,shared_recovery_frozen.repeat2,216180,4.099999904632568,3,2,1,1
original.repeat2,shared_recovery_frozen.repeat2,216263,4.099999904632568,2,5,1,1
original.repeat2,shared_recovery_frozen.repeat2,216347,4.199999809265137,2,3,1,1
original.repeat2,shared_recovery_frozen.repeat2,216371,4.699999809265137,3,-1,1,0
original.repeat2,shared_recovery_frozen.repeat2,216495,4.300000190734863,2,-1,1,0
original.repeat2,shared_recovery_frozen.repeat2,216839,4.5,3,-1,1,0
original.repeat2,shared_recovery_frozen.repeat2,216888,4.900000095367432,2,4,1,1
original.repeat2,shared_recovery_frozen.repeat2,216908,4.599999904632568,3,-1,1,0
original.repeat2,shared_recovery_frozen.repeat2,217086,4.5,4,-1,1,0
original.repeat2,shared_recovery_frozen.repeat2,217093,4.199999809265137,3,4,1,1
original.repeat2,shared_recovery_frozen.repeat2,217095,5.199999809265137,3,-1,1,0
original.repeat2,shared_recovery_frozen.repeat2,217098,4.300000190734863,5,-1,1,0
original.repeat2,shared_recovery_frozen.repeat2,217210,5.699999809265137,2,3,1,1
original.repeat2,shared_recovery_frozen.repeat2,217478,4.300000190734863,2,4,1,1
original.repeat2,shared_recovery_frozen.repeat2,217508,5.0,1,2,1,1
original.repeat2,shared_recovery_frozen.repeat2,217677,4.699999809265137,2,3,1,1
original.repeat2,shared_recovery_frozen.repeat2,217996,4.199999809265137,2,3,1,1
original.repeat2,shared_recovery_frozen.repeat2,218233,5.400000095367432,3,-1,1,0
original.repeat2,shared_recovery_frozen.repeat2,218309,4.099999904632568,2,3,1,1
original.repeat2,shared_recovery_frozen.repeat2,218388,4.099999904632568,4,-1,1,0
original.repeat2,shared_recovery_frozen.repeat2,218416,5.0,2,-1,1,0
original.repeat2,shared_recovery_frozen.repeat2,218462,4.300000190734863,2,-1,1,0
original.repeat2,shared_recovery_frozen.repeat2,218483,4.699999809265137,2,3,1,1
original.repeat2,shared_recovery_frozen.repeat2,218548,4.800000190734863,2,-1,1,0
original.repeat2,shared_recovery_frozen.repeat2,219044,4.599999904632568,3,-1,1,0
original.repeat2,shared_recovery_frozen.repeat2,219061,4.400000095367432,2,3,1,1
original.repeat2,shared_recovery_frozen.repeat2,219170,4.599999904632568,2,3,1,1
original.repeat2,shared_recovery_frozen.repeat2,219176,5.0,2,-1,1,0
original.repeat2,shared_recovery_frozen.repeat2,219251,4.599999904632568,1,4,1,1
original.repeat2,shared_recovery_frozen.repeat2,219258,4.199999809265137,2,-1,1,0
original.repeat2,shared_recovery_frozen.repeat2,219476,4.599999904632568,3,-1,1,0
original.repeat2,shared_recovery_frozen.repeat2,219528,5.300000190734863,2,3,1,1
original.repeat2,shared_recovery_frozen.repeat2,220144,4.900000095367432,1,2,1,1
original.repeat2,shared_recovery_frozen.repeat2,220366,4.300000190734863,2,3,1,1
original.repeat2,shared_recovery_frozen.repeat2,220765,5.0,3,-1,1,0
original.repeat2,shared_recovery_frozen.repeat2,220991,4.900000095367432,1,5,1,1
original.repeat2,shared_recovery_frozen.repeat2,221981,4.5,5,-1,1,0
original.repeat2,shared_recovery_frozen.repeat2,222215,4.599999904632568,4,-1,1,0
original.repeat2,shared_recovery_frozen.repeat2,222558,4.5,2,3,1,1
original.repeat2,shared_recovery_frozen.repeat2,222617,5.900000095367432,2,4,1,1
original.repeat2,shared_recovery_frozen.repeat2,222854,4.400000095367432,3,4,1,1
original.repeat2,shared_recovery_frozen.repeat2,223048,4.199999809265137,2,-1,1,0
original.repeat2,shared_recovery_frozen.repeat2,223215,4.699999809265137,4,-1,1,0
original.repeat2,shared_recovery_frozen.repeat2,223277,4.099999904632568,2,4,1,1
original.repeat2,shared_recovery_frozen.repeat2,223364,4.300000190734863,4,-1,1,0
original.repeat2,shared_recovery_frozen.repeat2,223611,4.300000190734863,4,5,1,1
original.repeat2,shared_recovery_frozen.repeat2,223858,5.599999904632568,3,4,1,1
original.repeat2,shared_recovery_frozen.repeat2,223896,4.099999904632568,2,-1,1,0
original.repeat2,shared_recovery_frozen.repeat2,224024,4.5,3,-1,1,0
original.repeat2,shared_recovery_frozen.repeat2,224281,4.599999904632568,2,-1,1,0
original.repeat2,shared_recovery_frozen.repeat2,224336,5.599999904632568,3,5,1,1
original.repeat2,shared_recovery_frozen.repeat2,224499,4.900000095367432,2,-1,1,0
original.repeat2,shared_recovery_frozen.repeat2,224687,4.199999809265137,4,3,1,1
original.repeat2,shared_recovery_frozen.repeat2,225278,4.099999904632568,3,-1,1,0
original.repeat2,shared_recovery_frozen.repeat2,225532,4.099999904632568,1,2,1,1
original.repeat2,shared_recovery_frozen.repeat2,225996,4.400000095367432,3,-1,1,0
original.repeat2,shared_recovery_frozen.repeat2,226402,4.400000095367432,2,4,1,1
original.repeat2,shared_recovery_frozen.repeat2,226434,4.5,4,-1,1,0
original.repeat2,shared_recovery_frozen.repeat2,226516,4.099999904632568,2,3,1,1
original.repeat2,shared_recovery_frozen.repeat2,226551,4.300000190734863,2,-1,1,0
original.repeat2,shared_recovery_frozen.repeat2,226986,4.199999809265137,2,3,1,1
original.repeat2,shared_recovery_frozen.repeat2,227112,5.699999809265137,2,-1,1,0
original.repeat2,shared_recovery_frozen.repeat2,227149,4.699999809265137,2,3,1,1
original.repeat2,shared_recovery_frozen.repeat2,227298,4.800000190734863,3,4,1,1
original.repeat2,shared_recovery_frozen.repeat2,227550,4.199999809265137,3,-1,1,0
original.repeat2,shared_recovery_frozen.repeat2,227901,4.5,2,4,1,1
original.repeat2,shared_recovery_frozen.repeat2,228348,4.5,4,-1,1,0
original.repeat2,shared_recovery_frozen.repeat2,228397,4.199999809265137,2,-1,1,0
original.repeat2,shared_recovery_frozen.repeat2,228952,4.699999809265137,3,5,1,1
original.repeat2,shared_recovery_frozen.repeat2,228956,4.199999809265137,3,-1,1,0
original.repeat2,shared_recovery_frozen.repeat2,229484,4.199999809265137,2,4,1,1
original.repeat2,shared_recovery_frozen.repeat2,229629,4.900000095367432,5,-1,1,0
original.repeat2,shared_recovery_frozen.repeat2,229781,4.800000190734863,2,-1,1,0
original.repeat2,shared_recovery_frozen.repeat2,230231,4.199999809265137,3,-1,1,0
original.repeat2,shared_recovery_frozen.repeat2,230245,4.800000190734863,-1,4,0,1
original.repeat2,shared_recovery_frozen.repeat2,230335,4.099999904632568,2,3,1,1
original.repeat2,shared_recovery_frozen.repeat2,230394,4.099999904632568,3,-1,1,0
original.repeat2,shared_recovery_frozen.repeat2,230660,4.800000190734863,5,-1,1,0
original.repeat2,shared_recovery_frozen.repeat2,231358,4.300000190734863,2,-1,1,0
original.repeat2,shared_recovery_frozen.repeat2,231523,4.099999904632568,2,1,1,1
original.repeat2,shared_recovery_frozen.repeat2,231527,4.199999809265137,2,-1,1,0
original.repeat2,shared_recovery_frozen.repeat2,232045,4.599999904632568,1,2,1,1
original.repeat2,shared_recovery_frozen.repeat2,232540,4.5,2,-1,1,0
original.repeat2,shared_recovery_frozen.repeat2,232622,4.099999904632568,1,2,1,1
original.repeat2,shared_recovery_frozen.repeat2,233270,4.599999904632568,4,3,1,1
original.repeat2,shared_recovery_frozen.repeat2,233363,4.099999904632568,4,-1,1,0
original.repeat2,shared_recovery_frozen.repeat2,233557,4.099999904632568,2,3,1,1
original.repeat2,shared_recovery_frozen.repeat2,233891,4.599999904632568,3,-1,1,0
original.repeat2,shared_recovery_frozen.repeat2,234460,4.199999809265137,1,2,1,1
original.repeat2,shared_recovery_frozen.repeat2,234703,4.599999904632568,2,1,1,1
original.repeat2,shared_recovery_frozen.repeat2,234818,4.300000190734863,3,-1,1,0
original.repeat2,shared_recovery_frozen.repeat2,234953,4.599999904632568,3,-1,1,0
original.repeat2,shared_recovery_frozen.repeat2,235059,4.699999809265137,4,-1,1,0
original.repeat2,shared_recovery_frozen.repeat2,235163,4.5,2,-1,1,0
original.repeat2,shared_recovery_frozen.repeat2,235208,4.400000095367432,4,-1,1,0
original.repeat2,shared_recovery_frozen.repeat2,235210,4.300000190734863,4,-1,1,0
original.repeat2,shared_recovery_frozen.repeat2,235326,5.699999809265137,3,-1,1,0
original.repeat2,shared_recovery_frozen.repeat2,235341,4.800000190734863,2,-1,1,0
original.repeat2,shared_recovery_frozen.repeat2,235438,5.199999809265137,1,2,1,1
original.repeat2,shared_recovery_frozen.repeat2,236011,4.099999904632568,4,-1,1,0
original.repeat2,shared_recovery_frozen.repeat2,236718,4.900000095367432,3,-1,1,0
original.repeat2,shared_recovery_frozen.repeat2,236777,4.199999809265137,4,-1,1,0
original.repeat2,shared_recovery_frozen.repeat2,236910,4.599999904632568,2,3,1,1
original.repeat2,shared_recovery_frozen.repeat2,237064,4.5,4,-1,1,0
original.repeat2,shared_recovery_frozen.repeat2,237167,4.400000095367432,2,-1,1,0
original.repeat2,shared_recovery_frozen.repeat2,237236,4.800000190734863,3,-1,1,0
original.repeat2,shared_recovery_frozen.repeat2,237690,5.199999809265137,3,-1,1,0
original.repeat2,shared_recovery_frozen.repeat2,237700,4.599999904632568,5,3,1,1
original.repeat2,shared_recovery_frozen.repeat2,237706,4.699999809265137,3,-1,1,0
original.repeat2,shared_recovery_frozen.repeat2,237711,4.400000095367432,3,-1,1,0
original.repeat2,shared_recovery_frozen.repeat2,237886,5.300000190734863,3,4,1,1
original.repeat2,shared_recovery_frozen.repeat2,237962,4.199999809265137,4,-1,1,0
original.repeat2,shared_recovery_frozen.repeat2,238428,4.099999904632568,3,-1,1,0
original.repeat2,shared_recovery_frozen.repeat2,238717,4.400000095367432,3,-1,1,0
original.repeat2,shared_recovery_frozen.repeat2,238800,5.199999809265137,4,-1,1,0
original.repeat2,shared_recovery_frozen.repeat2,238887,4.900000095367432,2,-1,1,0
original.repeat2,shared_recovery_frozen.repeat2,239037,5.0,2,3,1,1
original.repeat2,shared_recovery_frozen.repeat2,239117,4.099999904632568,3,4,1,1
original.repeat2,shared_recovery_frozen.repeat2,239159,4.300000190734863,2,-1,1,0
original.repeat2,shared_recovery_frozen.repeat2,239329,6.099999904632568,3,-1,1,0
original.repeat2,shared_recovery_frozen.repeat2,239534,4.900000095367432,2,-1,1,0
original.repeat2,shared_recovery_frozen.repeat2,239544,4.199999809265137,4,-1,1,0
original.repeat2,shared_recovery_frozen.repeat2,239560,4.400000095367432,3,-1,1,0
original.repeat2,shared_recovery_frozen.repeat2,239798,4.5,3,-1,1,0
original.repeat2,shared_recovery_frozen.repeat2,239843,4.300000190734863,3,-1,1,0
original.repeat2,shared_recovery_frozen.repeat2,239881,4.099999904632568,3,4,1,1
original.repeat2,shared_recovery_frozen.repeat2,239921,4.5,2,3,1,1
original.repeat2,shared_recovery_frozen.repeat2,240008,4.099999904632568,4,-1,1,0
original.repeat2,shared_recovery_frozen.repeat2,240277,6.0,4,-1,1,0
original.repeat2,shared_recovery_frozen.repeat2,240725,4.199999809265137,3,-1,1,0
original.repeat2,shared_recovery_frozen.repeat2,241015,4.199999809265137,2,-1,1,0
original.repeat2,shared_recovery_frozen.repeat2,241085,4.5,2,-1,1,0
original.repeat2,shared_recovery_frozen.repeat2,241226,4.300000190734863,2,-1,1,0
original.repeat2,shared_recovery_frozen.repeat2,241475,4.199999809265137,3,-1,1,0
original.repeat2,shared_recovery_frozen.repeat2,241625,4.599999904632568,2,4,1,1
original.repeat2,shared_recovery_frozen.repeat2,241755,4.5,4,-1,1,0
original.repeat2,shared_recovery_frozen.repeat2,241779,4.099999904632568,1,-1,1,0
original.repeat2,shared_recovery_frozen.repeat2,242293,4.199999809265137,3,-1,1,0
original.repeat2,shared_recovery_frozen.repeat2,243242,4.300000190734863,3,-1,1,0
original.repeat2,shared_recovery_frozen.repeat2,243522,4.5,2,-1,1,0
original.repeat2,shared_recovery_frozen.repeat2,243990,4.199999809265137,4,3,1,1
original.repeat2,shared_recovery_frozen.repeat2,244353,4.599999904632568,2,3,1,1
original.repeat2,shared_recovery_frozen.repeat2,244523,4.199999809265137,3,-1,1,0
original.repeat2,shared_recovery_frozen.repeat2,244620,4.599999904632568,2,-1,1,0
original.repeat2,shared_recovery_frozen.repeat2,245049,4.099999904632568,3,-1,1,0
original.repeat2,shared_recovery_frozen.repeat2,245563,4.400000095367432,3,-1,1,0
original.repeat2,shared_recovery_frozen.repeat2,245615,5.0,1,2,1,1
original.repeat2,shared_recovery_frozen.repeat2,246061,4.400000095367432,4,-1,1,0
original.repeat2,shared_recovery_frozen.repeat2,246206,4.400000095367432,4,5,1,1
original.repeat2,shared_recovery_frozen.repeat2,246625,4.199999809265137,3,-1,1,0
original.repeat2,shared_recovery_frozen.repeat2,246942,4.400000095367432,3,4,1,1
original.repeat2,shared_recovery_frozen.repeat2,247012,4.800000190734863,2,4,1,1
original.repeat2,shared_recovery_frozen.repeat2,247058,5.099999904632568,4,-1,1,0
original.repeat2,shared_recovery_frozen.repeat2,247198,4.099999904632568,3,-1,1,0
original.repeat2,shared_recovery_frozen.repeat2,247306,4.699999809265137,1,2,1,1
original.repeat2,shared_recovery_frozen.repeat2,247356,4.099999904632568,2,3,1,1
original.repeat2,shared_recovery_frozen.repeat2,247522,5.599999904632568,4,-1,1,0
original.repeat2,shared_recovery_frozen.repeat2,248047,4.099999904632568,1,-1,1,0
original.repeat2,shared_recovery_frozen.repeat2,248277,4.300000190734863,5,-1,1,0
original.repeat2,shared_recovery_frozen.repeat2,248469,4.099999904632568,3,-1,1,0
original.repeat2,shared_recovery_frozen.repeat2,249492,4.199999809265137,2,-1,1,0
original.repeat2,shared_recovery_frozen.repeat2,250152,5.599999904632568,2,3,1,1
original.repeat2,shared_recovery_frozen.repeat2,250159,4.300000190734863,4,-1,1,0
original.repeat2,shared_recovery_frozen.repeat2,250199,4.699999809265137,2,4,1,1
original.repeat2,shared_recovery_frozen.repeat2,251073,4.300000190734863,2,4,1,1
original.repeat2,shared_recovery_frozen.repeat2,251240,5.800000190734863,1,2,1,1
original.repeat2,shared_recovery_frozen.repeat2,251274,5.300000190734863,4,3,1,1
original.repeat2,shared_recovery_frozen.repeat2,251331,5.099999904632568,2,-1,1,0
original.repeat2,shared_recovery_frozen.repeat2,251972,4.099999904632568,5,-1,1,0
original.repeat2,shared_recovery_frozen.repeat2,251991,5.300000190734863,2,3,1,1
original.repeat2,shared_recovery_frozen.repeat2,252121,4.699999809265137,5,-1,1,0
original.repeat2,shared_recovery_frozen.repeat2,252669,4.099999904632568,2,-1,1,0
original.repeat2,shared_recovery_frozen.repeat2,252881,4.400000095367432,3,-1,1,0
original.repeat2,shared_recovery_frozen.repeat2,253030,4.199999809265137,1,2,1,1
original.repeat2,shared_recovery_frozen.repeat2,253164,4.099999904632568,2,-1,1,0
original.repeat2,shared_recovery_frozen.repeat2,253858,4.199999809265137,3,-1,1,0
original.repeat2,shared_recovery_frozen.repeat2,253862,4.300000190734863,2,4,1,1
original.repeat2,shared_recovery_frozen.repeat2,254755,4.199999809265137,4,-1,1,0
original.repeat2,shared_recovery_frozen.repeat2,255148,4.900000095367432,2,5,1,1
original.repeat2,shared_recovery_frozen.repeat2,255526,4.800000190734863,2,-1,1,0
original.repeat2,shared_recovery_frozen.repeat2,255670,4.699999809265137,3,-1,1,0
original.repeat2,shared_recovery_frozen.repeat2,256065,4.400000095367432,2,4,1,1
original.repeat2,shared_recovery_frozen.repeat2,256161,4.099999904632568,4,2,1,1
original.repeat2,shared_recovery_frozen.repeat2,256180,4.5,2,-1,1,0
original.repeat2,shared_recovery_frozen.repeat2,256591,4.199999809265137,3,2,1,1
original.repeat2,shared_recovery_frozen.repeat2,257399,4.800000190734863,4,-1,1,0
original.repeat2,shared_recovery_frozen.repeat2,257812,4.400000095367432,2,3,1,1
original.repeat2,shared_recovery_frozen.repeat2,257948,4.5,2,-1,1,0
original.repeat2,shared_recovery_frozen.repeat2,258014,5.0,3,2,1,1
original.repeat2,shared_recovery_frozen.repeat2,258025,4.199999809265137,5,-1,1,0
original.repeat2,shared_recovery_frozen.repeat2,258263,4.099999904632568,2,3,1,1
original.repeat2,shared_recovery_frozen.repeat2,258312,4.099999904632568,2,-1,1,0
original.repeat2,shared_recovery_frozen.repeat2,258648,4.199999809265137,2,4,1,1
original.repeat2,shared_recovery_frozen.repeat2,258908,5.099999904632568,3,-1,1,0
original.repeat2,shared_recovery_frozen.repeat2,258919,4.099999904632568,-1,4,0,1
original.repeat2,shared_recovery_frozen.repeat2,258962,5.199999809265137,3,4,1,1
original.repeat2,shared_recovery_frozen.repeat2,258979,4.800000190734863,5,-1,1,0
original.repeat2,shared_recovery_frozen.repeat2,259095,4.5,2,3,1,1
original.repeat2,shared_recovery_frozen.repeat2,259170,4.400000095367432,2,4,1,1
original.repeat2,shared_recovery_frozen.repeat2,259513,4.199999809265137,4,-1,1,0
original.repeat2,shared_recovery_frozen.repeat2,259607,4.300000190734863,3,-1,1,0
original.repeat2,shared_recovery_frozen.repeat2,259639,4.5,3,2,1,1
original.repeat2,shared_recovery_frozen.repeat2,259759,4.300000190734863,5,-1,1,0
original.repeat2,shared_recovery_frozen.repeat2,259782,4.199999809265137,1,2,1,1
original.repeat2,shared_recovery_frozen.repeat2,260189,4.099999904632568,2,3,1,1
original.repeat2,shared_recovery_frozen.repeat2,260191,4.099999904632568,2,3,1,1
original.repeat2,shared_recovery_frozen.repeat2,260291,4.800000190734863,4,-1,1,0
original.repeat2,shared_recovery_frozen.repeat2,260396,5.0,3,4,1,1
original.repeat2,shared_recovery_frozen.repeat2,260563,4.400000095367432,2,-1,1,0
original.repeat2,shared_recovery_frozen.repeat2,260707,4.400000095367432,2,-1,1,0
original.repeat2,shared_recovery_frozen.repeat2,261031,4.599999904632568,3,-1,1,0
original.repeat2,shared_recovery_frozen.repeat2,261658,4.5,3,-1,1,0
original.repeat2,shared_recovery_frozen.repeat2,261986,4.099999904632568,2,3,1,1
original.repeat2,shared_recovery_frozen.repeat2,262305,5.400000095367432,2,4,1,1
original.repeat2,shared_recovery_frozen.repeat2,262366,4.199999809265137,2,3,1,1
original.repeat2,shared_recovery_frozen.repeat2,262512,5.199999809265137,2,-1,1,0
original.repeat2,shared_recovery_frozen.repeat2,262595,4.599999904632568,3,-1,1,0
original.repeat2,shared_recovery_frozen.repeat2,262914,4.199999809265137,3,2,1,1
original.repeat2,shared_recovery_frozen.repeat2,262924,4.199999809265137,2,4,1,1
original.repeat2,shared_recovery_frozen.repeat2,263632,4.099999904632568,2,3,1,1
original.repeat2,shared_recovery_frozen.repeat2,263706,4.699999809265137,3,-1,1,0
original.repeat2,shared_recovery_frozen.repeat2,263849,4.800000190734863,4,-1,1,0
original.repeat2,shared_recovery_frozen.repeat2,264105,4.599999904632568,5,-1,1,0
original.repeat2,shared_recovery_frozen.repeat2,264197,4.400000095367432,2,3,1,1
original.repeat2,shared_recovery_frozen.repeat2,264256,4.300000190734863,3,4,1,1
original.repeat2,shared_recovery_frozen.repeat2,264300,4.199999809265137,1,2,1,1
original.repeat2,shared_recovery_frozen.repeat2,265066,5.199999809265137,2,-1,1,0
original.repeat2,shared_recovery_frozen.repeat2,265807,4.699999809265137,3,-1,1,0
original.repeat2,shared_recovery_frozen.repeat2,265852,4.5,2,-1,1,0
original.repeat2,shared_recovery_frozen.repeat2,266262,5.0,4,-1,1,0
original.repeat2,shared_recovery_frozen.repeat2,266369,4.699999809265137,2,3,1,1
original.repeat2,shared_recovery_frozen.repeat2,266661,4.699999809265137,3,4,1,1
original.repeat2,shared_recovery_frozen.repeat2,266741,5.599999904632568,3,4,1,1
original.repeat2,shared_recovery_frozen.repeat2,266788,4.5,2,-1,1,0
original.repeat2,shared_recovery_frozen.repeat2,267633,4.199999809265137,2,-1,1,0
original.repeat2,shared_recovery_frozen.repeat2,267852,5.400000095367432,2,-1,1,0
original.repeat2,shared_recovery_frozen.repeat2,268324,4.900000095367432,2,3,1,1
original.repeat2,shared_recovery_frozen.repeat2,268549,4.5,2,3,1,1
original.repeat2,shared_recovery_frozen.repeat2,268779,4.400000095367432,4,-1,1,0
original.repeat2,shared_recovery_frozen.repeat2,268869,4.300000190734863,4,-1,1,0
original.repeat2,shared_recovery_frozen.repeat2,269129,5.900000095367432,2,3,1,1
original.repeat2,shared_recovery_frozen.repeat2,269535,5.099999904632568,2,-1,1,0
original.repeat2,shared_recovery_frozen.repeat2,269579,4.199999809265137,2,3,1,1
original.repeat2,shared_recovery_frozen.repeat2,269692,4.5,2,-1,1,0
original.repeat2,shared_recovery_frozen.repeat2,269976,5.099999904632568,5,-1,1,0
original.repeat2,shared_recovery_frozen.repeat2,270292,4.099999904632568,1,2,1,1
original.repeat2,shared_recovery_frozen.repeat2,270320,4.099999904632568,5,-1,1,0
original.repeat2,shared_recovery_frozen.repeat2,270435,4.400000095367432,2,1,1,1
original.repeat2,shared_recovery_frozen.repeat2,270594,4.599999904632568,1,2,1,1
original.repeat2,shared_recovery_frozen.repeat2,271036,4.199999809265137,5,-1,1,0
original.repeat2,shared_recovery_frozen.repeat2,271074,4.800000190734863,1,2,1,1
original.repeat2,shared_recovery_frozen.repeat2,271097,4.199999809265137,3,-1,1,0
original.repeat2,shared_recovery_frozen.repeat2,271163,4.400000095367432,3,-1,1,0
original.repeat2,shared_recovery_frozen.repeat2,271354,4.300000190734863,3,-1,1,0
original.repeat2,shared_recovery_frozen.repeat2,271391,4.400000095367432,1,2,1,1
original.repeat2,shared_recovery_frozen.repeat2,271434,4.699999809265137,1,2,1,1
original.repeat2,shared_recovery_frozen.repeat2,271484,4.400000095367432,3,-1,1,0
original.repeat2,shared_recovery_frozen.repeat2,271786,5.400000095367432,2,3,1,1
original.repeat2,shared_recovery_frozen.repeat2,271861,4.400000095367432,3,-1,1,0
original.repeat2,shared_recovery_frozen.repeat2,271921,4.5,2,3,1,1
original.repeat2,shared_recovery_frozen.repeat2,271994,5.599999904632568,3,-1,1,0
original.repeat2,shared_recovery_frozen.repeat2,272655,4.199999809265137,2,3,1,1
original.repeat2,shared_recovery_frozen.repeat2,272744,5.5,3,-1,1,0
original.repeat2,shared_recovery_frozen.repeat2,272771,4.800000190734863,1,2,1,1
original.repeat2,shared_recovery_frozen.repeat2,272971,4.099999904632568,1,2,1,1
original.repeat2,shared_recovery_frozen.repeat2,273311,4.400000095367432,-1,4,0,1
original.repeat2,shared_recovery_frozen.repeat2,273357,4.300000190734863,1,2,1,1
original.repeat2,shared_recovery_frozen.repeat2,273469,4.5,4,-1,1,0
original.repeat2,shared_recovery_frozen.repeat2,273820,5.0,3,-1,1,0
original.repeat2,shared_recovery_frozen.repeat2,273895,4.300000190734863,2,3,1,1
original.repeat2,shared_recovery_frozen.repeat2,274228,4.5,2,-1,1,0
original.repeat2,shared_recovery_frozen.repeat2,274511,4.099999904632568,2,5,1,1
original.repeat2,shared_recovery_frozen.repeat2,274690,4.300000190734863,2,4,1,1
original.repeat2,shared_recovery_frozen.repeat2,274743,5.599999904632568,2,-1,1,0
original.repeat2,shared_recovery_frozen.repeat2,274859,4.300000190734863,2,5,1,1
original.repeat2,shared_recovery_frozen.repeat2,274890,4.400000095367432,2,-1,1,0
original.repeat2,shared_recovery_frozen.repeat2,275389,4.800000190734863,2,1,1,1
original.repeat2,shared_recovery_frozen.repeat2,275428,5.900000095367432,1,2,1,1
original.repeat2,shared_recovery_frozen.repeat2,276028,4.099999904632568,3,-1,1,0
original.repeat2,shared_recovery_frozen.repeat2,276161,4.199999809265137,2,5,1,1
original.repeat2,shared_recovery_frozen.repeat2,276258,4.5,2,-1,1,0
original.repeat2,shared_recovery_frozen.repeat2,276846,4.699999809265137,2,3,1,1
original.repeat2,shared_recovery_frozen.repeat2,277213,4.199999809265137,4,-1,1,0
original.repeat2,shared_recovery_frozen.repeat2,277567,4.199999809265137,1,2,1,1
original.repeat2,shared_recovery_frozen.repeat2,277723,4.199999809265137,5,-1,1,0
original.repeat2,shared_recovery_frozen.repeat2,277932,4.5,2,-1,1,0
original.repeat2,shared_recovery_frozen.repeat2,278000,4.900000095367432,3,-1,1,0
original.repeat2,shared_recovery_frozen.repeat2,278682,4.199999809265137,2,-1,1,0
original.repeat2,shared_recovery_frozen.repeat2,279317,4.599999904632568,2,5,1,1
original.repeat2,shared_recovery_frozen.repeat2,279785,4.800000190734863,2,4,1,1
original.repeat2,shared_recovery_frozen.repeat2,279952,4.400000095367432,2,4,1,1
original.repeat2,shared_recovery_frozen.repeat2,280808,5.900000095367432,3,-1,1,0
original.repeat2,shared_recovery_frozen.repeat2,281051,4.099999904632568,2,4,1,1
original.repeat2,shared_recovery_frozen.repeat2,281466,4.199999809265137,3,-1,1,0
original.repeat2,shared_recovery_frozen.repeat2,282016,5.699999809265137,1,2,1,1
original.repeat2,shared_recovery_frozen.repeat2,282291,4.199999809265137,4,-1,1,0
original.repeat2,shared_recovery_frozen.repeat2,282608,4.900000095367432,2,4,1,1
original.repeat2,shared_recovery_frozen.repeat2,282839,5.199999809265137,3,-1,1,0
original.repeat2,shared_recovery_frozen.repeat2,282905,4.099999904632568,3,-1,1,0
original.repeat2,shared_recovery_frozen.repeat2,283053,4.199999809265137,2,-1,1,0
original.repeat2,shared_recovery_frozen.repeat2,283163,4.199999809265137,2,-1,1,0
original.repeat2,shared_recovery_frozen.repeat2,283208,4.099999904632568,2,5,1,1
original.repeat2,shared_recovery_frozen.repeat2,283476,4.699999809265137,3,4,1,1
original.repeat2,shared_recovery_frozen.repeat2,283800,4.199999809265137,2,3,1,1
original.repeat2,shared_recovery_frozen.repeat2,283811,4.699999809265137,3,-1,1,0
original.repeat2,shared_recovery_frozen.repeat2,284190,4.800000190734863,2,-1,1,0
original.repeat2,shared_recovery_frozen.repeat2,284319,4.300000190734863,3,-1,1,0
original.repeat2,shared_recovery_frozen.repeat2,284587,5.300000190734863,2,4,1,1
original.repeat2,shared_recovery_frozen.repeat2,284648,5.300000190734863,4,-1,1,0
original.repeat2,shared_recovery_frozen.repeat2,284687,4.099999904632568,3,-1,1,0
original.repeat2,shared_recovery_frozen.repeat2,285236,5.400000095367432,3,-1,1,0
original.repeat2,shared_recovery_frozen.repeat2,285633,5.900000095367432,-1,3,0,1
original.repeat2,shared_recovery_frozen.repeat2,285766,4.800000190734863,4,-1,1,0
original.repeat2,shared_recovery_frozen.repeat2,286081,5.699999809265137,3,-1,1,0
original.repeat2,shared_recovery_frozen.repeat2,286207,4.5,1,2,1,1
original.repeat2,shared_recovery_frozen.repeat2,286359,4.199999809265137,3,4,1,1
original.repeat2,shared_recovery_frozen.repeat2,286753,4.800000190734863,2,3,1,1
original.repeat2,shared_recovery_frozen.repeat2,286945,5.0,3,-1,1,0
original.repeat2,shared_recovery_frozen.repeat2,286958,4.699999809265137,3,-1,1,0
original.repeat2,shared_recovery_frozen.repeat2,286994,4.099999904632568,2,4,1,1
original.repeat2,shared_recovery_frozen.repeat2,286999,4.599999904632568,2,-1,1,0
original.repeat2,shared_recovery_frozen.repeat2,287082,4.099999904632568,3,4,1,1
original.repeat2,shared_recovery_frozen.repeat2,287355,4.400000095367432,5,-1,1,0
original.repeat2,shared_recovery_frozen.repeat2,287654,4.199999809265137,2,-1,1,0
original.repeat2,shared_recovery_frozen.repeat2,288085,5.400000095367432,3,-1,1,0
original.repeat2,shared_recovery_frozen.repeat2,288684,4.199999809265137,2,3,1,1
original.repeat2,shared_recovery_frozen.repeat2,288989,4.400000095367432,2,-1,1,0
original.repeat2,shared_recovery_frozen.repeat2,289112,4.099999904632568,3,4,1,1
original.repeat2,shared_recovery_frozen.repeat2,289312,5.099999904632568,2,-1,1,0
original.repeat2,shared_recovery_frozen.repeat2,289689,4.300000190734863,3,2,1,1
original.repeat2,shared_recovery_frozen.repeat2,289697,4.699999809265137,1,2,1,1
original.repeat2,shared_recovery_frozen.repeat2,289991,5.5,2,3,1,1
original.repeat2,shared_recovery_frozen.repeat2,290416,4.599999904632568,1,3,1,1
original.repeat2,shared_recovery_frozen.repeat2,290466,4.5,5,-1,1,0
original.repeat2,shared_recovery_frozen.repeat2,290554,4.699999809265137,3,-1,1,0
original.repeat2,shared_recovery_frozen.repeat2,290573,4.099999904632568,2,-1,1,0
original.repeat2,shared_recovery_frozen.repeat2,290995,4.699999809265137,3,-1,1,0
original.repeat2,shared_recovery_frozen.repeat2,291415,4.099999904632568,2,-1,1,0
original.repeat2,shared_recovery_frozen.repeat2,291884,4.5,3,-1,1,0
original.repeat2,shared_recovery_frozen.repeat2,292060,4.5,3,-1,1,0
original.repeat2,shared_recovery_frozen.repeat2,292077,5.300000190734863,2,3,1,1
original.repeat2,shared_recovery_frozen.repeat2,292093,4.5,4,-1,1,0
original.repeat2,shared_recovery_frozen.repeat2,292328,4.300000190734863,2,-1,1,0
original.repeat2,shared_recovery_frozen.repeat2,292449,4.599999904632568,2,3,1,1
original.repeat2,shared_recovery_frozen.repeat2,292620,4.099999904632568,2,4,1,1
original.repeat2,shared_recovery_frozen.repeat2,292734,4.300000190734863,2,5,1,1
original.repeat2,shared_recovery_frozen.repeat2,292867,4.300000190734863,2,-1,1,0
original.repeat2,shared_recovery_frozen.repeat2,293284,4.099999904632568,1,-1,1,0
original.repeat2,shared_recovery_frozen.repeat2,293657,4.400000095367432,1,2,1,1
original.repeat2,shared_recovery_frozen.repeat2,293672,5.699999809265137,2,-1,1,0
original.repeat2,shared_recovery_frozen.repeat2,293703,4.199999809265137,3,2,1,1
original.repeat2,shared_recovery_frozen.repeat2,294208,4.199999809265137,2,3,1,1
original.repeat2,shared_recovery_frozen.repeat2,294317,5.199999809265137,2,-1,1,0
original.repeat2,shared_recovery_frozen.repeat2,294359,4.199999809265137,2,-1,1,0
original.repeat2,shared_recovery_frozen.repeat2,294643,6.0,1,2,1,1
original.repeat2,shared_recovery_frozen.repeat2,295008,4.099999904632568,4,-1,1,0
original.repeat2,shared_recovery_frozen.repeat2,295401,4.900000095367432,5,-1,1,0
original.repeat2,shared_recovery_frozen.repeat2,295438,5.699999809265137,2,3,1,1
original.repeat2,shared_recovery_frozen.repeat2,295460,4.199999809265137,1,3,1,1
original.repeat2,shared_recovery_frozen.repeat2,295656,5.199999809265137,2,-1,1,0
original.repeat2,shared_recovery_frozen.repeat2,295968,4.900000095367432,2,3,1,1
original.repeat2,shared_recovery_frozen.repeat2,296402,4.5,3,4,1,1
original.repeat2,shared_recovery_frozen.repeat2,296641,4.300000190734863,2,5,1,1
original.repeat2,shared_recovery_frozen.repeat2,296655,5.099999904632568,2,3,1,1
original.repeat2,shared_recovery_frozen.repeat2,296895,4.699999809265137,2,3,1,1
original.repeat2,shared_recovery_frozen.repeat2,297199,4.199999809265137,1,2,1,1
original.repeat2,shared_recovery_frozen.repeat2,297409,4.199999809265137,2,-1,1,0
original.repeat2,shared_recovery_frozen.repeat2,297433,4.199999809265137,-1,3,0,1
original.repeat2,shared_recovery_frozen.repeat2,297492,4.199999809265137,5,3,1,1
original.repeat2,shared_recovery_frozen.repeat2,297665,4.599999904632568,3,5,1,1
original.repeat2,shared_recovery_frozen.repeat2,298032,4.300000190734863,5,3,1,1
original.repeat2,shared_recovery_frozen.repeat2,298058,5.5,2,-1,1,0
original.repeat2,shared_recovery_frozen.repeat2,298242,4.800000190734863,4,5,1,1
original.repeat2,shared_recovery_frozen.repeat2,298288,4.099999904632568,1,2,1,1
original.repeat2,shared_recovery_frozen.repeat2,298536,4.099999904632568,3,-1,1,0
original.repeat2,shared_recovery_frozen.repeat2,298596,5.5,5,-1,1,0
original.repeat2,shared_recovery_frozen.repeat2,298672,4.5,2,4,1,1
original.repeat2,shared_recovery_frozen.repeat2,299159,4.300000190734863,2,-1,1,0
original.repeat2,shared_recovery_frozen.repeat2,299305,4.800000190734863,3,-1,1,0
original.repeat2,shared_recovery_frozen.repeat2,299526,5.0,3,2,1,1
original.repeat2,shared_recovery_frozen.repeat2,299554,4.400000095367432,2,-1,1,0
original.repeat2,shared_recovery_frozen.repeat2,300084,4.300000190734863,3,-1,1,0
original.repeat2,shared_recovery_frozen.repeat2,300175,4.400000095367432,1,2,1,1
original.repeat2,shared_recovery_frozen.repeat2,300293,4.400000095367432,2,3,1,1
original.repeat2,shared_recovery_frozen.repeat2,300349,4.900000095367432,2,-1,1,0
original.repeat2,shared_recovery_frozen.repeat2,300374,4.599999904632568,3,4,1,1
original.repeat2,shared_recovery_frozen.repeat2,300449,4.300000190734863,3,5,1,1
original.repeat2,shared_recovery_frozen.repeat2,300689,4.800000190734863,3,-1,1,0
shared_recovery_frozen.repeat0,shared_recovery_frozen.repeat2,139293,4.5,4,3,1,1
shared_recovery_frozen.repeat0,shared_recovery_frozen.repeat2,216263,4.099999904632568,-1,5,0,1
shared_recovery_frozen.repeat0,shared_recovery_frozen.repeat2,279521,7.400000095367432,5,4,1,1
shared_recovery_frozen.repeat0,shared_recovery_frozen.repeat2,298242,4.800000190734863,-1,5,0,1
