dataset_index,sample_id,source_index,difference_size,trade_components,trade_connected,minimal_unavoidable,four_cell_rectangle,symmetry_regime,stabilizer_size,rho_image_size,swap_exists,a_is_low,a_is_lex_first,raw_puzzle_duplicate,unordered_pair_duplicate,backtracking_nodes_mean,dlx_solutions_found,dlx_nodes
0,f55350ecdd54b27ce8c5298abb2685f3f661df54470af96a267199d9c08dac4b,245493,4,1,True,True,True,local_trade_no_swap_certified,1,1,False,False,False,False,False,172.0,2,94
1,fbbccd7939c5276d00405aa83b7b447bc8e8482e114a9a6bf3d7d5d19cb3d6cc,276413,4,1,True,True,True,local_trade_no_swap_certified,1,1,False,False,False,False,False,402.0,2,85
2,446669644992ce7cd2a9ac697eb1a62d81331eb16c35010324f54dce56fb5c14,132059,4,1,True,True,True,local_trade_no_swap_certified,1,1,False,True,True,False,False,180.0,2,93
3,d8e04fcf27f69ab40a29c8c3dd8de261a114864cf4774d6a41a5de2f3bee98f9,164930,4,1,True,True,True,local_trade_no_swap_certified,1,1,False,False,False,False,False,1013.0,2,272
4,c409a9a70bcb3cb2f5fd393b4543e7c62504914b3f1b9b66e869dda7f17672b0,230600,4,1,True,True,True,local_trade_no_swap_certified,1,1,False,False,False,False,False,450.0,2,123
5,9d18899ce5ef73f7144921edc43796c30b57fb2950c7df6bbc20da1dce4ddf84,32127,4,1,True,True,True,local_trade_no_swap_certified,1,1,False,False,False,False,False,168.0,2,114
6,88dbcb300842c5655a1429849696a60b87b90b102bd39fd32e38c7fbb6a2c517,69559,4,1,True,True,True,local_trade_no_swap_certified,1,1,False,True,True,False,False,1118.0,2,198
7,2daba9943511e474fae11864b4172459a9ff91036327abeedf7eee04082875de,295296,4,1,True,True,True,local_trade_no_swap_certified,1,1,False,False,False,False,False,2873.0,2,85
8,c87af78066ee4cb962fde593ca8ea68c9cf81f26f6b60ead7700fb38b88cf477,27435,4,1,True,True,True,local_trade_no_swap_certified,1,1,False,False,False,False,False,483.0,2,85
9,8d15f07e255d7cb32c3705fef3d54092037680ebd2e8772309288b814f406ad9,277496,4,1,True,True,True,local_trade_no_swap_certified,1,1,False,True,True,False,False,670.0,2,117
10,593047d9f7c33dd388dbd79091c21fbd8133c219b22e612929259f7aca7e6474,165584,4,1,True,True,True,local_trade_no_swap_certified,1,1,False,True,True,False,False,608.0,2,85
11,a39f831f433af9b00c8b4c32210086bcc3b8af1dbfed429bbbd405626f6dd9fb,176225,4,1,True,True,True,local_trade_no_swap_certified,1,1,False,False,False,False,False,85.0,2,85
12,cc67712a2304be296eaf977a573ade50fce34caf8196563a96eb7792a442d455,293195,4,1,True,True,True,local_trade_no_swap_certified,1,1,False,True,True,False,False,344.0,2,85
13,e223b8ea43ae99f70a42d8ad288d70e45359f013d24fa2c35757713df96e74cd,241726,4,1,True,True,True,local_trade_no_swap_certified,1,1,False,True,True,False,False,262.0,2,103
14,28ce3f22910bd99a9683e7001e4073d65b01bd51c1346ec3da380a14222adc21,53516,4,1,True,True,True,local_trade_no_swap_certified,1,1,False,True,True,False,False,1518.0,2,260
15,9c5cb59eafb4bff2c90003c5cd7807bb0520265d9e4da41c94c645fa1c4f70f4,260731,4,1,True,True,True,local_trade_no_swap_certified,1,1,False,False,False,False,False,59.0,2,85
16,a404e5511419c4cf12f5611dcaf5f5815619edae3a601edd437f3fb07331cdb4,191801,4,1,True,True,True,local_trade_no_swap_certified,1,1,False,True,True,False,False,104.0,2,93
17,2602a7dfcbec0bf6bbe2b4eb2a317562dcef3457ef298abd96efb2a2b854af2c,217400,4,1,True,True,True,local_trade_no_swap_certified,1,1,False,True,True,False,False,372.0,2,85
18,d02be31062a56f6c87861812856a66c700934db23f97dc90b835e1e9f0a1fdf5,229475,4,1,True,True,True,local_trade_no_swap_certified,1,1,False,False,False,False,False,404.0,2,85
19,2b68c2e4d7e6df524a8486c5fd71f53995da3a4bf8f36be92ee3b3400bcae270,250839,4,1,True,True,True,local_trade_no_swap_certified,1,1,False,True,True,False,False,537.0,2,85
20,0c5ed2ab100c80d69a9c5780783b9909e914b24c9bb51e5e64c571375ed0b491,83700,4,1,True,True,True,local_trade_no_swap_certified,1,1,False,False,False,False,False,1213.0,2,85
21,defe29f9cfd697d7472d54a5b96db80879f5dcde2cfce41178ff57dcf3ba562e,131747,4,1,True,True,True,local_trade_no_swap_certified,1,1,False,True,True,False,False,623.0,2,85
22,ddab6375a0201984ee3da3686bc3294ac11a5c11f91206bc6a49d2cc1a7ac684,244961,4,1,True,True,True,local_trade_no_swap_certified,1,1,False,False,False,False,False,1061.0,2,226
23,37513e3110b6aae2e5343c7c1ebd000bce4680231a9a555c108ca9ce79bc3868,232299,4,1,True,True,True,local_trade_no_swap_certified,1,1,False,False,False,False,False,3273.0,2,118
24,9cd3ef9408ad58489684e1278e94ab95f82617dce86602aa4e125ff3659e729f,13581,4,1,True,True,True,local_trade_no_swap_certified,1,1,False,False,False,False,False,10048.0,2,85
25,285d63e891e46d377fee27ff82229457776f7818a44d09d63735734bd7b2e173,176489,4,1,True,True,True,local_trade_no_swap_certified,1,1,False,True,True,False,False,199.0,2,85
26,761e7f9da652bec52dbd77189dcbbfd86dbbd50815e64abdaa86dc68dcd85ff6,40050,4,1,True,True,True,local_trade_no_swap_certified,1,1,False,True,True,False,False,2788.0,2,116
27,81ebddbddaae1042626d9760bbc2c1831f56701856260dfa009b300d51f4d53b,228453,4,1,True,True,True,local_trade_no_swap_certified,1,1,False,False,False,False,False,1382.0,2,85
28,59d683f13d8fd2b2801afc9db6760548c79e78acc397c8ce706284ec68c57cc2,220588,4,1,True,True,True,local_trade_no_swap_certified,1,1,False,True,True,False,False,251.0,2,97
29,5e265e4c58adb2a3d9e4e359c57704fce0c0f01180f0f02b43394f4ebbbc733e,225886,4,1,True,True,True,local_trade_no_swap_certified,1,1,False,False,False,False,False,835.0,2,128
30,c4b1148dcfc80d31a4567481d8b0155ca8d19cf0bd78be39b4a06bdef501b453,48748,4,1,True,True,True,local_trade_no_swap_certified,1,1,False,True,True,False,False,548.0,2,102
31,cd7176e15d42bcd52ee57287a87eebe803c1f39b37bc0e539eaa9d3be425a285,7362,4,1,True,True,True,local_trade_no_swap_certified,1,1,False,False,False,False,False,1841.0,2,85
32,fa3039302418c6d5840cfcee9979825a66a156fb61880cf8b4dafcb6ebace309,8353,4,1,True,True,True,local_trade_no_swap_certified,1,1,False,True,True,False,False,85.0,2,85
33,0b4027d55b35305c11484073788d8121472fdd1aa66bb7da85b51c10d0702740,10959,4,1,True,True,True,local_trade_no_swap_certified,1,1,False,True,True,False,False,117.0,2,95
34,307185ff76142b836fe9994acf8de7d39c88d5c53b17658c501ca7ee38fdf70e,246668,4,1,True,True,True,local_trade_no_swap_certified,1,1,False,False,False,False,False,461.0,2,167
35,5cae9132b06601d7964de16351c63ab068630644fd9787e7ea805b9e4a15533b,170737,4,1,True,True,True,local_trade_no_swap_certified,1,1,False,False,False,False,False,385.0,2,121
36,b045a2bb459a4fe348b27f1bf469d36f498a2714fd8b933ea39bcf3d956cd458,74220,4,1,True,True,True,local_trade_no_swap_certified,1,1,False,False,False,False,False,60.0,2,85
37,ceb97d98dfb774e7109a63e6b411c31aacb143c9cf8eb757c7aab55c398369f8,41925,4,1,True,True,True,local_trade_no_swap_certified,1,1,False,True,True,False,False,659.0,2,110
38,50a83c573ae9fde2b5fe7c91f42cf67ebbe4d9dc96b28a6d6f7c5a76e54c1faa,73802,4,1,True,True,True,local_trade_no_swap_certified,1,1,False,True,True,False,False,1671.0,2,308
39,56e57120f006384ce9711650fae46bb7766a04b4a06bdfdb9a4d7887365913f8,213156,4,1,True,True,True,local_trade_no_swap_certified,1,1,False,True,True,False,False,1125.0,2,85
40,db4001a207dc4301e7f3bb94c3f8c524120b7a622fbfd4d828aeef7dad6e84b1,273423,4,1,True,True,True,local_trade_no_swap_certified,1,1,False,False,False,False,False,567.0,2,128
41,d3d51f92a26aa0312e10bbd39c59f861a9b7f8b1863eddd136a66b3dfb856c29,90958,4,1,True,True,True,local_trade_no_swap_certified,1,1,False,False,False,False,False,135.0,2,127
42,4a4dbc7abf5030fd2a41bf19067443382f0e20fc5c304943072970067c2eb531,182835,4,1,True,True,True,local_trade_no_swap_certified,1,1,False,False,False,False,False,1129.0,2,182
43,98d1adff193a874e4ea2cc26f7cb9e6a09b35b7ae6505e3b5d3e47b63cd055cb,42165,4,1,True,True,True,local_trade_no_swap_certified,1,1,False,True,True,False,False,4596.0,2,85
44,cc5078b65bde3009c75286a84602069babaf7a8fca5feeac3655a118ec6e3d99,38851,4,1,True,True,True,local_trade_no_swap_certified,1,1,False,True,True,False,False,2709.0,2,106
45,223215b9d77e998b96769581c15a5085c18e925bddd5c3654f7e95ec7e8d4586,296495,4,1,True,True,True,local_trade_no_swap_certified,1,1,False,True,True,False,False,356.0,2,173
46,d0a17795459b24ca0612407eb58c3996cd70816ff169caa380c1ff130cd2fd41,109152,4,1,True,True,True,local_trade_no_swap_certified,1,1,False,False,False,False,False,448.0,2,208
47,89cb7e4418ad10b66a8431751547024184e297d19f6147e6e189cbe6d822a3df,141662,4,1,True,True,True,local_trade_no_swap_certified,1,1,False,True,True,False,False,505.0,2,169
48,b3a5196882d21200612c0874f880e1a3b9226d10dd7d33c537dbd68b06ee1adb,151804,4,1,True,True,True,local_trade_no_swap_certified,1,1,False,False,False,False,False,3955.0,2,85
49,34890d3904290aaefbb98cb29fde96900e9e4143358aedf01b2211076e50975c,154517,4,1,True,True,True,local_trade_no_swap_certified,1,1,False,False,False,False,False,469.0,2,146
50,105504eb3e2dc14aa2bbbe65d26f7f44be0469f3213adc3f11b3606fc7585d7c,160680,4,1,True,True,True,local_trade_no_swap_certified,1,1,False,False,False,False,False,5754.0,2,141
51,be76cd28ec18ec68d26e0de6afa83221eec9f0589ea41b677c5e535bcc9f8c1d,101826,4,1,True,True,True,local_trade_no_swap_certified,1,1,False,True,True,False,False,2272.0,2,155
52,30d26931f6d373634bb039d7721a1a45b3c936cd5a8f05b99fe1c990164f4d9c,288734,4,1,True,True,True,local_trade_no_swap_certified,1,1,False,False,False,False,False,2286.0,2,153
53,f04ac06525df014903825f3298dd281953c14e4598f77d842cd8165d4419cb60,296030,4,1,True,True,True,local_trade_no_swap_certified,1,1,False,True,True,False,False,867.0,2,119
54,f161549a1878a4d987869edbc1cee3700ef7064ab899f8d777958634c88d1385,264482,4,1,True,True,True,local_trade_no_swap_certified,1,1,False,False,False,False,False,673.0,2,158
55,15c92b338cd6270265b8cd45ffc4f4b8fd0b65558cb6ab8fc96bfa90718e2ca7,261790,4,1,True,True,True,local_trade_no_swap_certified,1,1,False,True,True,False,False,1424.0,2,85
56,4282391968a0dbb8bb5b6cf2d4fde5c08006f1a3743bb3c7e721edd16c925f54,221729,4,1,True,True,True,local_trade_no_swap_certified,1,1,False,False,False,False,False,812.0,2,111
57,eb53c6e0d89b86c601c76e56791dbc6e027e96ebd6953c44caea1904207a5541,140285,4,1,True,True,True,local_trade_no_swap_certified,1,1,False,False,False,False,False,1094.0,2,85
58,8566db25eb2f29f82881384d3449225870de31eb21e1e2cb925adbbd10319eca,248386,4,1,True,True,True,local_trade_no_swap_certified,1,1,False,True,True,False,False,200.0,2,109
59,edfa4419ed4a11703b20f690f091b3ee21f135ed157c8c9a5617e9e43fd055d3,271007,4,1,True,True,True,local_trade_no_swap_certified,1,1,False,True,True,False,False,576.0,2,94
60,b4921955306ec0d62f3a2986697d54ac6b9a53264259db80a6490640ac2d5836,161569,4,1,True,True,True,local_trade_no_swap_certified,1,1,False,True,True,False,False,1019.0,2,90
61,bc68f3315673c083504c1de0fc2733855fc3e26e2d828eaf7ebd561da7eceb2b,285420,4,1,True,True,True,local_trade_no_swap_certified,1,1,False,False,False,False,False,7240.0,2,85
62,477b1ce7d18e9e7332f2514678e9ec4c51fa46b8e9ef5a165b66de93cfa07534,159004,4,1,True,True,True,local_trade_no_swap_certified,1,1,False,False,False,False,False,152.0,2,160
63,37b462d733461f801fbe04841e5ec20e1cb5239e94537ee754fb92cf72c64ee7,19763,4,1,True,True,True,local_trade_no_swap_certified,1,1,False,False,False,False,False,197.0,2,116
64,620f86f7082a7ec73874dcdf4f1aa9b2058ff12302272ebaf57905d55cfe1857,64033,4,1,True,True,True,local_trade_no_swap_certified,1,1,False,True,True,False,False,385.0,2,85
65,a37b1624aa450f870ffe32762f482ed1c24f781f6d2c6e6a112e1761c4b81ba0,169402,4,1,True,True,True,local_trade_no_swap_certified,1,1,False,False,False,False,False,662.0,2,142
66,c9e098d7200e903b93a167dab0fea4f5cc7a33595fed8bed657af57e84eda2c8,130583,4,1,True,True,True,local_trade_no_swap_certified,1,1,False,False,False,False,False,309.0,2,85
67,fd59e07a520730a673f3e621cd34523156fc4e37f7edfa58b9729b8caa08a9d9,281785,4,1,True,True,True,local_trade_no_swap_certified,1,1,False,False,False,False,False,2275.0,2,115
68,372ef6f14ce513101d4ea444853d2deb195eadd7a9c76635f6fb029b8d57ea2a,188744,4,1,True,True,True,local_trade_no_swap_certified,1,1,False,False,False,False,False,449.0,2,121
69,d819b694a8aa566cdd66cf56efe44349a2c2c40e77638910fa26df10ae57ca1f,171987,4,1,True,True,True,local_trade_no_swap_certified,1,1,False,True,True,False,False,4878.0,2,98
70,08067e910e5748419015e6e42ae4e7dbb124bf8f663d2712f9b84c1b478385d9,214737,4,1,True,True,True,local_trade_no_swap_certified,1,1,False,True,True,False,False,175.0,2,136
71,69a77257aeb21342530e04ed78e16e335cb007794a9f33d923b4f82b1558a4bf,55029,4,1,True,True,True,local_trade_no_swap_certified,1,1,False,False,False,False,False,95.0,2,85
72,53abcb9dec4f229965d0a51d3f2080492367c45c4f13e4ef8a82773b7dfbe65b,98385,4,1,True,True,True,local_trade_no_swap_certified,1,1,False,False,False,False,False,70.0,2,85
73,86effce7f1e6a0d4ffa993aae3e81271d2e152d5fa6f379ebdc0d4fbeb4e3bab,138330,4,1,True,True,True,local_trade_no_swap_certified,1,1,False,False,False,False,False,282.0,2,141
74,ed5ea0e44e8f979dd3c285c6634697829124370b1206ab2122233b4c2ead9f6f,127019,4,1,True,True,True,local_trade_no_swap_certified,1,1,False,True,True,False,False,384.0,2,116
75,4089b8f92da3e81d40d94f2542dbcc307e9ec82b7dd331cfd51b9d771e33137d,266557,4,1,True,True,True,local_trade_no_swap_certified,1,1,False,True,True,False,False,2249.0,2,117
76,33942386243f2e3d0c2676dc570bf280feca40fa5d9f3772c974f31812c11f23,175358,4,1,True,True,True,local_trade_no_swap_certified,1,1,False,False,False,False,False,3025.0,2,96
77,223d70a4c808c8cca280a36c071c413f75bf90a695a09fe09c73af6b095064ec,242751,4,1,True,True,True,local_trade_no_swap_certified,1,1,False,False,False,False,False,1590.0,2,164
78,84309810278acfb9877473042c13524fa708f3dde2fbfdf0f9a37184d702a24d,113076,4,1,True,True,True,local_trade_no_swap_certified,1,1,False,False,False,False,False,565.0,2,107
79,c4de6e2a6c5e8fda1249351b87c99e901db82dbe63283143c33aee6f96952188,133282,4,1,True,True,True,local_trade_no_swap_certified,1,1,False,False,False,False,False,5715.0,2,139
80,5efabd975e91628207d133ef3b12e0de3d9f73d637254c8d5d18cc2129f8dc6c,84944,4,1,True,True,True,local_trade_no_swap_certified,1,1,False,True,True,False,False,391.0,2,85
81,f0ec7cbbeb695c03a45b6a370b225c6c60774dc4b9066784c60e3e406d4c9e78,221927,4,1,True,True,True,local_trade_no_swap_certified,1,1,False,False,False,False,False,1211.0,2,141
82,ba9b8e462d687347e38907e361f5ce2980bbf311a1235d1e727da587b335019a,37844,4,1,True,True,True,local_trade_no_swap_certified,1,1,False,False,False,False,False,941.0,2,115
83,e8ded8be27a22342556252a6d49d9211753692d120a5067b543ae367cc3ef829,262025,4,1,True,True,True,local_trade_no_swap_certified,1,1,False,True,True,False,False,800.0,2,91
84,7482882ecb10d277d4195a3ec79b129165b51a668614bd1b0b08466f0392e664,212146,4,1,True,True,True,local_trade_no_swap_certified,1,1,False,True,True,False,False,1032.0,2,294
85,59eaa5eccbb7cfb83058d60c0bf3d9a91cf92a5674fde447eb6a886149647cf8,183332,4,1,True,True,True,local_trade_no_swap_certified,1,1,False,True,True,False,False,337.0,2,85
86,421fc80190104d6fd7d967625c1fcb4a7afd7ca14e7e0f8d0ef208fcab4cb532,220105,4,1,True,True,True,local_trade_no_swap_certified,1,1,False,False,False,False,False,3201.0,2,85
87,2682047b37dd84e9ef699aa608b9d7df09c3447102cab87911700ea54baa6087,244062,4,1,True,True,True,local_trade_no_swap_certified,1,1,False,True,True,False,False,801.0,2,117
88,4622eea5ea24f55e5715b2bb734986b7b60f1333a60565cd07d9286385ad3c66,139703,4,1,True,True,True,local_trade_no_swap_certified,1,1,False,True,True,False,False,700.0,2,85
89,7fa8efe12d5c3bc68b733a40e9c0ab377263c1327f7d17322e43f62bc5a564fb,279117,4,1,True,True,True,local_trade_no_swap_certified,1,1,False,False,False,False,False,253.0,2,95
90,ceaa6dd47f5be625b39620a61b6baa8a9608c48e3244d67ca8efbdb2c5f59937,89584,4,1,True,True,True,local_trade_no_swap_certified,1,1,False,False,False,False,False,412.0,2,107
91,c068502b40d51d2aaf9c54bf2dd40486c7c9c8ad0c8cc1fe3b8aa0caaaaaa769,154519,4,1,True,True,True,local_trade_no_swap_certified,1,1,False,True,True,False,False,183.0,2,148
92,b17a57241f64ce1430eb22f9f97ea593e8948379a3024a88f1cc581d86e63612,179168,4,1,True,True,True,local_trade_no_swap_certified,1,1,False,False,False,False,False,2988.0,2,98
93,175c4c0d6a8322e7593b85383799e9f5e61dd9a0cceaab09aec50144fd6cbf7c,80816,4,1,True,True,True,local_trade_no_swap_certified,1,1,False,False,False,False,False,3018.0,2,85
94,361938f867819ccbd7db3e571fa0fd70f8af7d9d5705c4389bc6891c504cd0e0,221571,4,1,True,True,True,local_trade_no_swap_certified,1,1,False,False,False,False,False,358.0,2,140
95,c892c5a43fc82693268824e1d6544d3ea60fd3db6727781f2150ed2ebda81356,196364,4,1,True,True,True,local_trade_no_swap_certified,1,1,False,True,True,False,False,495.0,2,85
96,27a35b89516c8e8396049c905e00b414b91b1b6d0a8dc4c509678a8153711a5a,155219,4,1,True,True,True,local_trade_no_swap_certified,1,1,False,False,False,False,False,551.0,2,88
97,23b3f76a30ffce09089c07ef2a97c9b4c0d973cd024e374b1222581408b2e42a,256184,4,1,True,True,True,local_trade_no_swap_certified,1,1,False,True,True,False,False,2669.0,2,213
98,f34ef88a21453cc6c50bcb0f09f358694c503d662e7eaad4686c7a5592fb2fde,126620,4,1,True,True,True,local_trade_no_swap_certified,1,1,False,False,False,False,False,3101.0,2,85
99,cda0597a729b89505f2b1c08fc6288e98568314c8d2a5efb0b8207136ee39072,227254,4,1,True,True,True,local_trade_no_swap_certified,1,1,False,True,True,False,False,879.0,2,94
100,4247e6fa89dc21b49ba1ad04b279f8bda2a1c7f733ddb6595f679e4cfcd0ec60,293146,4,1,True,True,True,local_trade_no_swap_certified,1,1,False,True,True,False,False,340.0,2,85
101,53347fbf4cef4e59927e662339601f6513d673d129eefe2c41f0eba3954e6f59,34487,4,1,True,True,True,local_trade_no_swap_certified,1,1,False,False,False,False,False,970.0,2,85
102,0d6c1b3f6b4d82e675de4b73f3c42350e67a292c707e98510c0c2b6833922f5e,120012,4,1,True,True,True,local_trade_no_swap_certified,1,1,False,False,False,False,False,1158.0,2,141
103,7e099b7fdd5500c08adcb71ad36720a34ccbd46858605a541cc3cd7ac48ca67d,11727,4,1,True,True,True,local_trade_no_swap_certified,1,1,False,False,False,False,False,775.0,2,95
104,107aa773bd7d535d57dba8e076ee485933cb3f4682b5663ddde0c33569f01745,298124,4,1,True,True,True,local_trade_no_swap_certified,1,1,False,False,False,False,False,771.0,2,85
105,79f14cb67ffa5a6ad5ba409d785111f5c0ebe6de7eec749d60879ac257e1337c,129261,4,1,True,True,True,local_trade_no_swap_certified,1,1,False,False,False,False,False,85.0,2,88
106,84f961df460e5e1bbbda91cd60a3045b2a1ba5b7794ecaf134d6dbae28abbd53,254063,4,1,True,True,True,local_trade_no_swap_certified,1,1,False,True,True,False,False,146.0,2,85
107,18b3733d032c2dc5db31a79770b7b71539e51b5c29ad9a1dff684e30b6e75fc0,159587,4,1,True,True,True,local_trade_no_swap_certified,1,1,False,True,True,False,False,426.0,2,85
108,fa99835d928fa6bd885b0e47b6ae86d02d02db4eb2057d96579ef372b7ce6d12,149952,4,1,True,True,True,local_trade_no_swap_certified,1,1,False,False,False,False,False,83.0,2,85
109,a00b37ba89d7d47733677a30188269bd6837ca97c26ab1b3353dfaf3a73e3d37,208202,4,1,True,True,True,local_trade_no_swap_certified,1,1,False,False,False,False,False,106.0,2,85
110,0be0d0a39cf2cc6127f50cb11543d84a720c1e8a9ce143f96cf6f3f3d9aa4c68,273509,4,1,True,True,True,local_trade_no_swap_certified,1,1,False,True,True,False,False,721.0,2,146
111,218ca143670c93e4c32b566b1ee82117c5c3c615e18323ecda181400a7a9b772,144038,4,1,True,True,True,local_trade_no_swap_certified,1,1,False,False,False,False,False,2523.0,2,93
112,52f62a335a59e795fa3e12fdc0a199fe5f4fe38c52da2002f139ef918d7cc797,133506,4,1,True,True,True,local_trade_no_swap_certified,1,1,False,True,True,False,False,1746.0,2,125
113,cdb3a753bb3cd2a985bce2bc1f6690bc08eeef75980c780aae1025f7049bc5b9,229789,4,1,True,True,True,local_trade_no_swap_certified,1,1,False,False,False,False,False,1586.0,2,97
114,f5043e4f0b66165b034a260bc94ade7cf7ec5d21aca325f6835afda4ca44b818,176832,4,1,True,True,True,local_trade_no_swap_certified,1,1,False,True,True,False,False,384.0,2,85
115,16d12830c443db70d0bb34f15b569a1833f1c2b63dd2977769f9139ad830c043,83591,4,1,True,True,True,local_trade_no_swap_certified,1,1,False,True,True,False,False,2019.0,2,85
116,5cc0bd5395f9791858edd79bc2ec7702b79768fb08eac293c7ac9c50542c2dab,222509,4,1,True,True,True,local_trade_no_swap_certified,1,1,False,False,False,False,False,939.0,2,89
117,bc165a86e40cbd9572b4801070b872749dc47006036f1301a54df773874c1b7f,300444,4,1,True,True,True,local_trade_no_swap_certified,1,1,False,False,False,False,False,1271.0,2,99
118,7f85ffbf2e8a20b0398060dea105db4011a1d610a86f8c3ae424fafc0aeada54,164890,4,1,True,True,True,local_trade_no_swap_certified,1,1,False,True,True,False,False,928.0,2,268
119,46153be8b681d5333ae700cf9b9f922869997c354aab19452bdd8589971428e1,83791,4,1,True,True,True,local_trade_no_swap_certified,1,1,False,False,False,False,False,4716.0,2,328
120,d530948d7a4f78b674094ecf498a8a264012f61ee5c3c830d02ef63a573a3f29,104094,4,1,True,True,True,local_trade_no_swap_certified,1,1,False,True,True,False,False,988.0,2,96
121,6f2442b8e18623e18e61683e0477170c1f12195643379330e52be2ef89557e14,283784,4,1,True,True,True,local_trade_no_swap_certified,1,1,False,False,False,False,False,421.0,2,94
122,5bf2708b43805271bf298823d164a64f44388bdd64f6dac59baebab2271bd5ac,208505,4,1,True,True,True,local_trade_no_swap_certified,1,1,False,False,False,False,False,113.0,2,85
123,00e972b05b386d19d6f2aaf9023dc87ec47a44b9ceff431074af7def0c11f10f,257628,4,1,True,True,True,local_trade_no_swap_certified,1,1,False,True,True,False,False,1288.0,2,86
124,51cf6700da79794270d79471dea32b2f517e5f3c766485c7965641b41f057ad9,191128,4,1,True,True,True,local_trade_no_swap_certified,1,1,False,False,False,False,False,2380.0,2,405
125,5f235e6bc3320295263b3db584b6299bedf59bed9e68c30bf07d08403379ef95,67146,4,1,True,True,True,local_trade_no_swap_certified,1,1,False,False,False,False,False,130.0,2,85
126,d219b65666edb8f1ce58186e72be46ca7a73c058eeaf7e3840f1d59a1994d272,256642,4,1,True,True,True,local_trade_no_swap_certified,1,1,False,True,True,False,False,328.0,2,85
127,8fab6c7aaf655b9b80a84ebd91660c0c7c6f0c5088c75a6142c928e40bf27598,259216,4,1,True,True,True,local_trade_no_swap_certified,1,1,False,False,False,False,False,621.0,2,122
128,2b978f7651cac9ca255c58ecc88892d0a2d629acd362d3ef851b1be9a00c3ded,68660,4,1,True,True,True,local_trade_no_swap_certified,1,1,False,False,False,False,False,71.0,2,85
129,01f7e419a8169eb33cfff5a1e9967a6c39b42a19d5b6eeb7f2ac3f9ab9dea7ea,185594,4,1,True,True,True,local_trade_no_swap_certified,1,1,False,True,True,False,False,392.0,2,85
130,24df0f26a5a382676bbcc31f526cf68dd97a6248e74d7fa04f93ec4bbc1b1c78,174999,4,1,True,True,True,local_trade_no_swap_certified,1,1,False,True,True,False,False,22282.0,2,89
131,7bbfe0106d119f9ad64d6878e30f927638591634cb2412b97887c1be64d804e1,20458,4,1,True,True,True,local_trade_no_swap_certified,1,1,False,False,False,False,False,278.0,2,85
132,d0e41455c0f78d2cc163b72c271654e552d9275f2c387a98df9ca73ed5614a94,233605,4,1,True,True,True,local_trade_no_swap_certified,1,1,False,False,False,False,False,575.0,2,300
133,bf7b8288e3b9f5e6b395c7cacb1cdfc2987fef5ce2b74f689697185c24dc89a7,131012,4,1,True,True,True,local_trade_no_swap_certified,1,1,False,True,True,False,False,1175.0,2,169
134,b30820eec207b583f16d395e10c304e5b785e17096960aaf05835b555f33bf41,210757,4,1,True,True,True,local_trade_no_swap_certified,1,1,False,True,True,False,False,958.0,2,85
135,c33b04d9cf53fef2da933a86ab8ec81f62ce604329a3f955830dda588577f727,232034,4,1,True,True,True,local_trade_no_swap_certified,1,1,False,True,True,False,False,2126.0,2,103
136,cfa883d23f2713b828f270a0b54c7e58c671fa812cc5368154b0d77d8be1986b,16754,4,1,True,True,True,local_trade_no_swap_certified,1,1,False,False,False,False,False,164.0,2,113
137,9b9b035d86f08ccc7326a574212638cb387c07bf3dc270a6d4d266f0e283cf7d,244607,4,1,True,True,True,local_trade_no_swap_certified,1,1,False,False,False,False,False,322.0,2,102
138,89ccfe64cd6c9d9f6b71987db3409c842477efbd686685c3173be539fda3c9ec,194352,4,1,True,True,True,local_trade_no_swap_certified,1,1,False,True,True,False,False,287.0,2,98
139,96f7db61dbe0cb24c7fdd8053389afb03cf53cdd0992813eb7e1b36f89347430,165234,4,1,True,True,True,local_trade_no_swap_certified,1,1,False,False,False,False,False,4258.0,2,89
140,095dd374477376f8ce4fa126333efe0462c240fae513539e32472be3c8610912,207507,4,1,True,True,True,local_trade_no_swap_certified,1,1,False,False,False,False,False,1089.0,2,98
141,c55708e48a322ce3b218f313b4436355a9bcc778dca71e73e6a35ef555b86995,159696,4,1,True,True,True,local_trade_no_swap_certified,1,1,False,False,False,False,False,312.0,2,85
142,393bebc2928fbdedb4f69f3323c11d00bd7592e40c352c5cf25fe5ca9fce2474,51504,4,1,True,True,True,local_trade_no_swap_certified,1,1,False,False,False,False,False,253.0,2,85
143,bf11c62211c576b3d1b234f6f006cbfdf08438f7fa73ad495d96005006f2879a,276018,4,1,True,True,True,local_trade_no_swap_certified,1,1,False,True,True,False,False,1006.0,2,85
144,f52f806341aa61ffdb06ebb29d65d8f12f0b485d511027eaefd938917a291562,236437,4,1,True,True,True,local_trade_no_swap_certified,1,1,False,False,False,False,False,419.0,2,175
145,506e81faf01ded7e91fadaed2e5ab37472458399f28252eba4e8a428821d0a0b,67860,4,1,True,True,True,local_trade_no_swap_certified,1,1,False,False,False,False,False,145.0,2,87
146,976d6707390ce7fc5902cc0e1e69d7d6f9dc06f298e81c99ecd36abc23f118c4,274147,4,1,True,True,True,local_trade_no_swap_certified,1,1,False,True,True,False,False,137.0,2,86
147,87bce0478258f7860101d4ba3364ee94628d644ae768e3086d4ee39ad8f62044,267831,4,1,True,True,True,local_trade_no_swap_certified,1,1,False,True,True,False,False,1117.0,2,85
148,4c0dd6fbd74b73f8a1f4b75a390493a7000d89b9b13a5a3282ee99dcc664766a,132823,4,1,True,True,True,local_trade_no_swap_certified,1,1,False,False,False,False,False,266.0,2,85
149,1dd9dae559c097f8c769c7ccf3737ad674fd6b6fd74893cd1018025665624e84,121831,4,1,True,True,True,local_trade_no_swap_certified,1,1,False,True,True,False,False,1023.0,2,137
150,c38f9e7dbd990a6ec850cb118ce95bcc2bf615c547ddafd9e0ff451e3605f130,247472,4,1,True,True,True,local_trade_no_swap_certified,1,1,False,False,False,False,False,2717.0,2,86
151,efbae6581b092638a9c50cb32dcfd841e65b8b28cd7db94341d0756f0cdc5cb9,155006,4,1,True,True,True,local_trade_no_swap_certified,1,1,False,True,True,False,False,289.0,2,161
152,aed8da5e28c180b96e2335510e54d349864e0e9f5772313f3bbd5794ea14690c,136076,4,1,True,True,True,local_trade_no_swap_certified,1,1,False,False,False,False,False,565.0,2,85
153,6730fac414cfa9682cca05d382b6128722ecd08fce56b3f50868309049221818,119953,4,1,True,True,True,local_trade_no_swap_certified,1,1,False,False,False,False,False,2083.0,2,225
154,4ae60693b3d79e1a793d8072c688d6348e8dee9cb347ce1d3943340bbd10760e,249206,4,1,True,True,True,local_trade_no_swap_certified,1,1,False,False,False,False,False,776.0,2,85
155,546bee36c9b917b5d099ca7cf1762cde70434d704af3d2c86b4b40070b97cf9a,266105,4,1,True,True,True,local_trade_no_swap_certified,1,1,False,False,False,False,False,1388.0,2,120
156,ad2f737c7cde16781a2fbd1a294918c6d7f8519c6d2956d4cb721e8cc02951de,195154,4,1,True,True,True,local_trade_no_swap_certified,1,1,False,True,True,False,False,5331.0,2,132
157,85c7e9d2b2c63f384ebf024d7b417cdd0ee89a2bef75d127f51b72ce3cedcfb7,47360,4,1,True,True,True,local_trade_no_swap_certified,1,1,False,False,False,False,False,897.0,2,85
158,97cc47f082253c11bcd66cc66491254b1ba502de28c708981055fff4d97e79fe,2302,4,1,True,True,True,local_trade_no_swap_certified,1,1,False,False,False,False,False,1148.0,2,114
159,4164a9bc2eee55e91c578356bd505cc43c3ffe7fbe040f06e5bd37d05b968fe4,132438,4,1,True,True,True,local_trade_no_swap_certified,1,1,False,False,False,False,False,2012.0,2,154
160,ea14096080c3f22664edcd2642b5ea269e5d6ae3941a6cd03ed0430bcbccf44d,227185,4,1,True,True,True,local_trade_no_swap_certified,1,1,False,True,True,False,False,2062.0,2,160
161,6bdd734554a109f8f7b486128cac4987377f214baebbb770ac48275ddae24284,46660,4,1,True,True,True,local_trade_no_swap_certified,1,1,False,True,True,False,False,5585.0,2,233
162,26067408fd19be27225eb02d50083ade64225e443afaa0bf601a130c4fb1f1b9,273586,4,1,True,True,True,local_trade_no_swap_certified,1,1,False,False,False,False,False,1526.0,2,282
163,38f689da1c4de0a25289a861a56c082c3e3cfeca9d9fafcce2e8aa3bf97bcac6,131857,4,1,True,True,True,local_trade_no_swap_certified,1,1,False,False,False,False,False,350.0,2,105
164,4438c9366d043b1901c6b14887dc8c9bd613b71c34c409f1c42cb9b38bd854ab,258350,4,1,True,True,True,local_trade_no_swap_certified,1,1,False,True,True,False,False,1882.0,2,129
165,b3ca0f7d2d6cc50b201a5c5feae38fcf6156e02982fe4a12ee7333b262ab3f78,141171,4,1,True,True,True,local_trade_no_swap_certified,1,1,False,True,True,False,False,523.0,2,85
166,e524a1dc79a20cfb2d71babc0cf044614b21a6aead748ad071fdc56d89846aa4,150744,4,1,True,True,True,local_trade_no_swap_certified,1,1,False,True,True,False,False,3604.0,2,158
167,ea5a813d941dfd79a4920087667239e6b9a29d963a3b5fde8612a0348c8896fa,128923,4,1,True,True,True,local_trade_no_swap_certified,1,1,False,True,True,False,False,331.0,2,105
168,03b5b8f399f8feff8d3e39186da6d04147fee5f29a22ed8fd3755f4e7e82122d,269691,4,1,True,True,True,local_trade_no_swap_certified,1,1,False,False,False,False,False,1677.0,2,85
169,a5f8279ad63e94b5572773ff9eaf3fc03485e07807f216a6e51d3a8a591ce2c6,219951,4,1,True,True,True,local_trade_no_swap_certified,1,1,False,True,True,False,False,2180.0,2,85
170,62669133ee99798dabce02b775b244dbcd60fdd2858ff4e115a6a0d97ee24679,148999,4,1,True,True,True,local_trade_no_swap_certified,1,1,False,False,False,False,False,39489.0,2,85
171,0ceec05ab83d64451b9a3dab33bdb4ec4b85b3fa4b07474cb9e245e737b016e8,158016,4,1,True,True,True,local_trade_no_swap_certified,1,1,False,False,False,False,False,710.0,2,85
172,fe4aff2a15ea3c15057293d7dab7a4b03df9c3df75115a010608e97d0663b1ff,9635,4,1,True,True,True,local_trade_no_swap_certified,1,1,False,True,True,False,False,454.0,2,192
173,32ef0cd36f24ae9ffb82b92882d14d54a3752e628a48d709ab2476702c6aed1a,50761,4,1,True,True,True,local_trade_no_swap_certified,1,1,False,True,True,False,False,324.0,2,97
174,bf8de43a131f9802bc68babd8d1c1af581a9981f08d47749a2001ad387965bed,274750,4,1,True,True,True,local_trade_no_swap_certified,1,1,False,True,True,False,False,3377.0,2,94
175,609805b23bd545537e2276dbc62fc26f729d046f927c4e1ef5d8c6522f01f40a,166,4,1,True,True,True,local_trade_no_swap_certified,1,1,False,True,True,False,False,76.0,2,85
176,6d9170371eec71691e8579892d37250a31950670f2ce29d128b4f7bc5209ca66,141788,4,1,True,True,True,local_trade_no_swap_certified,1,1,False,False,False,False,False,813.0,2,108
177,d13f620be6babe03f787a0da1f76ce51bcf5b8b578b57dcbb27be0bbcbe54777,84493,4,1,True,True,True,local_trade_no_swap_certified,1,1,False,False,False,False,False,1320.0,2,109
178,36c50b940c6aafd1347e4d27733e30b97e2bd2ecd7b659841dca67a2b69a2539,24757,4,1,True,True,True,local_trade_no_swap_certified,1,1,False,False,False,False,False,840.0,2,85
179,cf690afece66a62266c04b2b976f8dd7812d83749ccbc885d81e83c87057243b,47396,4,1,True,True,True,local_trade_no_swap_certified,1,1,False,False,False,False,False,608.0,2,85
180,7966c0bcf9203b2e921f6e68a1249c48e422a595f52e42d15825f7b034a1c349,138537,4,1,True,True,True,local_trade_no_swap_certified,1,1,False,True,True,False,False,635.0,2,128
181,b7ec65a20a41737960dd4ff75a590538ca30951d41079e8fc7dce382dfcd3fcd,223882,4,1,True,True,True,local_trade_no_swap_certified,1,1,False,True,True,False,False,424.0,2,85
182,1082d6aac3ef4d7788bfa7d2ce4f794c4c276b82d6a62542da935706db7aa8d6,33331,4,1,True,True,True,local_trade_no_swap_certified,1,1,False,False,False,False,False,1588.0,2,85
183,a24b3c6744f31bebac8dd74889e80ac66615ae57abb322de14909dbc78fda74e,267926,4,1,True,True,True,local_trade_no_swap_certified,1,1,False,True,True,False,False,159.0,2,85
184,4b481493af42a843191fb485a26af0b4e8ea14c0103bb32076a9aba097b42efb,275263,4,1,True,True,True,local_trade_no_swap_certified,1,1,False,False,False,False,False,2289.0,2,159
185,61881abccde9e61ff6ce971a07b04f12529486eaf6fac64a51548c9634111a78,176101,4,1,True,True,True,local_trade_no_swap_certified,1,1,False,True,True,False,False,880.0,2,85
186,470e3d2b390190b050c1913ac4afb4e6f7717063c077260b29a750fba2f409be,184802,4,1,True,True,True,local_trade_no_swap_certified,1,1,False,False,False,False,False,946.0,2,85
187,4fe8ba4c83097bb86720d7a6dc717ae1f2b0cca9f416dedc567e7f28d627eb24,55714,4,1,True,True,True,local_trade_no_swap_certified,1,1,False,False,False,False,False,317.0,2,85
188,5233617b1b2c222eae88680d8625cc08c38622f2378cdd5abcce1db71f456208,159561,4,1,True,True,True,local_trade_no_swap_certified,1,1,False,True,True,False,False,372.0,2,85
189,64c78bae43c711863d05be26ca474d0be4e8b241cad1827a1ccfd1a3d459faf4,27320,4,1,True,True,True,local_trade_no_swap_certified,1,1,False,False,False,False,False,299.0,2,112
190,88cdcace64f6906ba3c6513308d6711045d5cb75a5545d1319841653259d4324,122325,4,1,True,True,True,local_trade_no_swap_certified,1,1,False,False,False,False,False,252.0,2,179
191,cb1a584f0960d16697bbe079e2f17fffd4945c6f3f2b5761d2af48559f57983a,47768,4,1,True,True,True,local_trade_no_swap_certified,1,1,False,False,False,False,False,2613.0,2,285
192,607166c4d27030f706c55ad864d4369022402ca998435a88773e2171b7814a5c,278929,4,1,True,True,True,local_trade_no_swap_certified,1,1,False,True,True,False,False,908.0,2,93
193,11e0f89f27380a389c225972663ba2e4423630233ffa72e8fcfb5497d84bfe57,210248,4,1,True,True,True,local_trade_no_swap_certified,1,1,False,True,True,False,False,464.0,2,85
194,4aa5fb682170d10df50a2cffa4a862eee882ca8a0fbe7021f11b62f4bf0e72e4,120369,4,1,True,True,True,local_trade_no_swap_certified,1,1,False,True,True,False,False,8079.0,2,95
195,d4fd557496129f02bd5099bed75aebb48f3a866acbfcdb06b03d59a856f0be2b,201371,4,1,True,True,True,local_trade_no_swap_certified,1,1,False,False,False,False,False,805.0,2,158
196,86494c0f070ed4ac2d47d042d535634d401de7cadb6a1d86d37432b1f0892d00,269568,4,1,True,True,True,local_trade_no_swap_certified,1,1,False,True,True,False,False,1073.0,2,337
197,3e87f736be1568ea7990d9104d3ff590de32f7700623e69057bc5c297ddb7983,25423,4,1,True,True,True,local_trade_no_swap_certified,1,1,False,False,False,False,False,141.0,2,85
198,95b3a53b932791248d75e4fcdf1bd4c1f74ddf56736a69840eb01b9b5ebff03d,158738,4,1,True,True,True,local_trade_no_swap_certified,1,1,False,False,False,False,False,191.0,2,85
199,087f6ac61af29e382b079914368a1343789ba92982a2ff8bbedce6c899a5f2aa,28662,4,1,True,True,True,local_trade_no_swap_certified,1,1,False,False,False,False,False,2958.0,2,85
200,65c961d43f1127297d969b82fe713c67c8f3622a886ae8ce296621ad616b5f62,147294,4,1,True,True,True,local_trade_no_swap_certified,1,1,False,False,False,False,False,6808.0,2,1271
201,11279a30c585295d2bd8c237a86a353ad16b57dbc38e1f573ed3aa7a57d21b36,122507,4,1,True,True,True,local_trade_no_swap_certified,1,1,False,False,False,False,False,364.0,2,85
202,9422b794f5d883c2b175833a46645af72a4d9c283d674d8186d67bbff4c65a32,187470,4,1,True,True,True,local_trade_no_swap_certified,1,1,False,True,True,False,False,2416.0,2,137
203,c4c856b54d59e3aad2a1c9b1fc26ad2212a9d0cdc78255218952cf728f2ba7a1,271396,4,1,True,True,True,local_trade_no_swap_certified,1,1,False,True,True,False,False,219.0,2,102
204,f4ee9466161136d6aaeca79e8fc3103096682a7ed92b1450b23405c0ae460f20,57030,4,1,True,True,True,local_trade_no_swap_certified,1,1,False,False,False,False,False,8029.0,2,85
205,38fd87b5c280cbe2315057c135dfacb522a5922f3d101dbbc8f8b94b091b1824,50978,4,1,True,True,True,local_trade_no_swap_certified,1,1,False,False,False,False,False,2200.0,2,85
206,bb817343c510a2b1b5d9e4a8ae59385b846e8e9a140bf0682f1906ec2f691935,147692,4,1,True,True,True,local_trade_no_swap_certified,1,1,False,False,False,False,False,413.0,2,86
207,cf860713e026ceec10e8e3353f60ba18f16e4639c87c0a75c498d09146b6ca18,219773,4,1,True,True,True,local_trade_no_swap_certified,1,1,False,True,True,False,False,697.0,2,120
208,5a955d8dba7b345ad4f06a88e2adffcbaa58fd235726f6edaff0c2eae6dadc1a,240114,4,1,True,True,True,local_trade_no_swap_certified,1,1,False,True,True,False,False,2128.0,2,129
209,8c3c71c6f33ac8dc2b6723c5283939b6af54e4d7eda062ce3f64fdb8746d0c28,155664,4,1,True,True,True,local_trade_no_swap_certified,1,1,False,True,True,False,False,61.0,2,85
210,6142e1b6360866d1871643f4cca689722cb320fc8faa8c2ac7e16ef2b43f1c43,173732,4,1,True,True,True,local_trade_no_swap_certified,1,1,False,False,False,False,False,1342.0,2,126
211,813cad14278c0faf4e35d96f4767893a1fed727a1079726ff474a1857a26fc6b,124417,4,1,True,True,True,local_trade_no_swap_certified,1,1,False,True,True,False,False,437.0,2,112
212,9782b52b089c23c70c903615c9b5764e91cebfbaaf337223d644a4f94fc2259b,230404,4,1,True,True,True,local_trade_no_swap_certified,1,1,False,False,False,False,False,9406.0,2,158
213,f5c24fbbe9991039b29a6a37ee457d580a589ce25c7f08974c14146a92c0952c,190107,4,1,True,True,True,local_trade_no_swap_certified,1,1,False,True,True,False,False,11867.0,2,107
214,5b8cbb31349169ca292533b6c2695d630669bc9d9a3a06a5af99b02db988353a,242762,4,1,True,True,True,local_trade_no_swap_certified,1,1,False,False,False,False,False,594.0,2,102
215,cd9204ebf6f8f5292b3ca89a17b3913a405c5282e285d0888da20d578e2f7eee,23423,4,1,True,True,True,local_trade_no_swap_certified,1,1,False,True,True,False,False,253.0,2,85
216,90bf7848eef376f24c9b8bad1f7db2bb9da979eecfc40d575335beb896dc81ab,103753,4,1,True,True,True,local_trade_no_swap_certified,1,1,False,False,False,False,False,133.0,2,113
217,b4f02ef4eb646a0e23be52af27c3ad20345aebd9bba24449828d44054303a594,142297,4,1,True,True,True,local_trade_no_swap_certified,1,1,False,True,True,False,False,871.0,2,121
218,4267a4a96b10767da9b66b15765b0f0a07954739a3a75bfdc888fd45b19a78cb,130353,4,1,True,True,True,local_trade_no_swap_certified,1,1,False,True,True,False,False,5106.0,2,161
219,e03e9089f8189aa63a16ddba2b1e670118bcd64244fabe9f7b56a7c176a1548a,48546,4,1,True,True,True,local_trade_no_swap_certified,1,1,False,True,True,False,False,1329.0,2,85
220,956f036b76ea98f851ae2f3dcd3e1d1653b83ab58e3d16c59fa5b8d58d432105,203159,4,1,True,True,True,local_trade_no_swap_certified,1,1,False,False,False,False,False,141.0,2,85
221,9fb26b3c974f0fac89b123e4f09b27d28e316bce53189412d6779f0328ab238d,200370,4,1,True,True,True,local_trade_no_swap_certified,1,1,False,False,False,False,False,93.0,2,85
222,4fe5cd7ca798fe45adc5e2cd7cd1e5d4b7dd8756c9eb18371938622b1f80cc96,298070,4,1,True,True,True,local_trade_no_swap_certified,1,1,False,False,False,False,False,1546.0,2,189
223,3506a3a38d60f66a19895e45442e9b86cd53b76159a8f327bca84f728a06f892,6154,4,1,True,True,True,local_trade_no_swap_certified,1,1,False,False,False,False,False,1399.0,2,107
224,83919ff1b11f742c4978c62ddf08c2d1d59e3a0c9989ceaf3c4315dcf8a1c466,290425,4,1,True,True,True,local_trade_no_swap_certified,1,1,False,False,False,False,False,1116.0,2,163
225,da65f284548e3650d5d68067443b7e044e909ad3aeece86bb4e3a4c8fc9f5367,180566,4,1,True,True,True,local_trade_no_swap_certified,1,1,False,True,True,False,False,1270.0,2,85
226,42f3311474a432c2c4022e78ca56de5e0eec615705312364f21d4ada076d212c,17837,4,1,True,True,True,local_trade_no_swap_certified,1,1,False,True,True,False,False,585.0,2,137
227,5afd5e9e582aa80eebb39958be016eec0872ac52b45a669416693281ec20a089,286055,4,1,True,True,True,local_trade_no_swap_certified,1,1,False,True,True,False,False,260.0,2,85
228,4da139b963f3864cfd923e67a21fa559ec9bdc53cb2a38fcba80396030ee3b24,108964,4,1,True,True,True,local_trade_no_swap_certified,1,1,False,True,True,False,False,793.0,2,138
229,925dffafbe4f02be2abbdcc6c77f184c322bcf55cd6ec6f4c7e68d99160180da,192910,4,1,True,True,True,local_trade_no_swap_certified,1,1,False,False,False,False,False,81.0,2,99
230,bd2c4835fd1964de6cddcbe27079f428d4703350954f4e518b8fc0101c2715df,135089,4,1,True,True,True,local_trade_no_swap_certified,1,1,False,False,False,False,False,27106.0,2,122
231,a96110f1b98053cdb245b3b5037b35389eb7529fbd20ab27b1baadbcde567600,251433,4,1,True,True,True,local_trade_no_swap_certified,1,1,False,True,True,False,False,333.0,2,85
232,168748784ef9acd0af2c586ffc0d14df7cb0839c026132f047e74eef6b5aa627,98425,4,1,True,True,True,local_trade_no_swap_certified,1,1,False,False,False,False,False,1049.0,2,85
233,d95bdcf187b2232f8b725489e719cdbd29ea025c84490eb37b660a89399b4a48,156114,4,1,True,True,True,local_trade_no_swap_certified,1,1,False,True,True,False,False,281.0,2,85
234,acc8378c3d27a205085f2ed2e39d7701448a3bf6c899b53c2554126b15cce672,160613,4,1,True,True,True,local_trade_no_swap_certified,1,1,False,False,False,False,False,388.0,2,85
235,d918b37f73d7a4c78cb2064037396916eb2f5d373e535d223553a10dc07247ca,285568,4,1,True,True,True,local_trade_no_swap_certified,1,1,False,False,False,False,False,906.0,2,125
236,a51f261af5b1214064725703161af95283da2f2d2d0923b57fd12cf512f8ca7b,281536,4,1,True,True,True,local_trade_no_swap_certified,1,1,False,True,True,False,False,693.0,2,134
237,bbe99803370c04cf4d2b973a720347987aaac78acac35e209ebd04ae99cea732,253602,4,1,True,True,True,local_trade_no_swap_certified,1,1,False,True,True,False,False,1648.0,2,115
238,77cc819655191fa328d5faadbd96cc1c5ec54f2662baa93fee1e859d306ce0af,270498,4,1,True,True,True,local_trade_no_swap_certified,1,1,False,False,False,False,False,3473.0,2,85
239,4a146758880b44edb5e67b1e4dfaca44c25120c5895865c737157d16558f0150,230141,4,1,True,True,True,local_trade_no_swap_certified,1,1,False,True,True,False,False,319.0,2,98
240,d5f5e503a8f1e3c29d0f2235c737490cbba9eb975ae1a9dce6384a336ff19d80,273446,4,1,True,True,True,local_trade_no_swap_certified,1,1,False,True,True,False,False,837.0,2,158
241,8f056da657f163744e8375d1190b18270e9d8994777b1b8eafcb7dd8d4960b88,271600,4,1,True,True,True,local_trade_no_swap_certified,1,1,False,False,False,False,False,1575.0,2,85
242,8bafa6899cd3b96db43d9a3a1d2f843fe2d73c4ab09dea44a19be71d14281876,177337,4,1,True,True,True,local_trade_no_swap_certified,1,1,False,False,False,False,False,1878.0,2,113
243,58c2a23c2fa5f79c5b8cfe5fb5828adabcf4e59e02253ee232f8d9e82e659bb0,91023,4,1,True,True,True,local_trade_no_swap_certified,1,1,False,False,False,False,False,380.0,2,85
244,145b837d78d48cfc4bd70ae657cc8344020c26b7ffa2784b2fcd5e9d253ffccc,147221,4,1,True,True,True,local_trade_no_swap_certified,1,1,False,False,False,False,False,645.0,2,85
245,867fe85b1b52a29cee86cd6e194acee48fb2ff58c2eb5a1ea9764ef9efda1535,108364,4,1,True,True,True,local_trade_no_swap_certified,1,1,False,True,True,False,False,322.0,2,114
246,8fa66661937a46b3851eb99f614dea7886d622688af27bc4f7e00c5734ceb80b,50716,4,1,True,True,True,local_trade_no_swap_certified,1,1,False,True,True,False,False,216.0,2,132
247,cd1c22d38f9ea2c16fa670f51c06ba8808b9bbe596b910c01888d2f26aba3dad,204018,4,1,True,True,True,local_trade_no_swap_certified,1,1,False,True,True,False,False,669.0,2,85
248,ca77adfd245dfe2d1731d55e520451788cd581aba553e3e7a752618902434fa7,222770,4,1,True,True,True,local_trade_no_swap_certified,1,1,False,False,False,False,False,687.0,2,175
249,4ce7fc059b2577ec36409933e84ed50278c50f7bc244d2a5dd4fae74d5fb6cae,32107,4,1,True,True,True,local_trade_no_swap_certified,1,1,False,True,True,False,False,3634.0,2,105
250,806bd2d47d4b1a35b67a4bb0b8d8c19d01920dfb49ac0a3d797f3d36f2647b88,200459,4,1,True,True,True,local_trade_no_swap_certified,1,1,False,False,False,False,False,1309.0,2,113
251,89814ad3c6996d52e3f9e817434b4643b2c3bfcf24de78f2085df8cb4c8364dd,46463,4,1,True,True,True,local_trade_no_swap_certified,1,1,False,True,True,False,False,434.0,2,102
252,f76992caa62757c58bd58660aa2f764bd6425b031bee729b9bb55f745aea751e,117400,4,1,True,True,True,local_trade_no_swap_certified,1,1,False,True,True,False,False,706.0,2,85
253,e80b6f47e19c9f4f9c8312cfe5a45c74fb49cec9172beff01c671336f913a700,226917,4,1,True,True,True,local_trade_no_swap_certified,1,1,False,False,False,False,False,1019.0,2,110
254,5bc65e0cd2076ce1c856351f5d5e2a24dafb1b85869f5a8510ac4ec8c93c5b28,62385,4,1,True,True,True,local_trade_no_swap_certified,1,1,False,False,False,False,False,902.0,2,85
255,455ee4f497901be43fad9aa654ef3e68ae35403cc92e331f8fe3baa6802d1a6a,681,4,1,True,True,True,local_trade_no_swap_certified,1,1,False,True,True,False,False,1416.0,2,148
256,4c877b6b0719e99d67a926111065649e654db4ac0593b1438d164958af87aa04,95394,4,1,True,True,True,local_trade_no_swap_certified,1,1,False,False,False,False,False,96.0,2,85
257,2f9c89680c5e9021c20ac28c3e4abdc92839913fdaa74da6843cb7ac8874bcf9,48542,4,1,True,True,True,local_trade_no_swap_certified,1,1,False,True,True,False,False,765.0,2,106
258,ce9d87e83a79e0b884033fdc4873b1b5aa43d66587e39b4b3140ce8ab26b3991,119869,4,1,True,True,True,local_trade_no_swap_certified,1,1,False,True,True,False,False,1092.0,2,85
259,bca61c26fe1d6ddd479ee7f2f3629c8e9db85ab24f5466961bba3e5541799735,75903,4,1,True,True,True,local_trade_no_swap_certified,1,1,False,True,True,False,False,282.0,2,85
260,f26157c08e4e4bfcbdb6de5463e27b35462f529fcc9298775b1c4b5127873414,239056,4,1,True,True,True,local_trade_no_swap_certified,1,1,False,False,False,False,False,11199.0,2,287
261,183fc5ce637a53c2855f6ee9fb708adf45d2ff548cec6ee16fc1b4ceb0baa3b7,288501,4,1,True,True,True,local_trade_no_swap_certified,1,1,False,True,True,False,False,1380.0,2,133
262,35972bf3f78ada98f5fe7e1a3e1290eb09bc15499759bd0695ae93f2851a6be7,1183,4,1,True,True,True,local_trade_no_swap_certified,1,1,False,False,False,False,False,674.0,2,98
263,8e095ff9af9fd0a9913d0d70470bffb5d3f8be7b9f9b7192cdde603b90a8b547,295875,4,1,True,True,True,local_trade_no_swap_certified,1,1,False,True,True,False,False,1504.0,2,136
264,06a529238b15ffe7ba1fad5182bf1838ad0b71010d87ec3ea9eeb49c945aa14a,203674,4,1,True,True,True,local_trade_no_swap_certified,1,1,False,True,True,False,False,548.0,2,148
265,d31a9ef53810034ea774ce5d5357e5b7740c099d3754117cd40f83bdc6cec231,20600,4,1,True,True,True,local_trade_no_swap_certified,1,1,False,False,False,False,False,10113.0,2,246
266,26bb381a152391e0bb0d3a0e47692de224a5afb59282fbe8b83407fd9b921505,40728,4,1,True,True,True,local_trade_no_swap_certified,1,1,False,False,False,False,False,2557.0,2,85
267,144d9eed0765ef6e970c93b11b20880f5d17ffb001173ff62887ec8a077e6a80,119191,4,1,True,True,True,local_trade_no_swap_certified,1,1,False,True,True,False,False,1125.0,2,104
268,271a686b1b285805eda18117d6380b6db6af7f675d4e55ec029c5a63ceb0d254,213881,4,1,True,True,True,local_trade_no_swap_certified,1,1,False,False,False,False,False,650.0,2,425
269,49a0e3c25697628d9abe32a96daf7c3f3fab186fbbbcc38f4b43cd887fde64db,69671,4,1,True,True,True,local_trade_no_swap_certified,1,1,False,True,True,False,False,540.0,2,98
270,ee6824134f722cf75156eeadf4dd1173b048297fd8601759edff8243d3350077,291582,4,1,True,True,True,local_trade_no_swap_certified,1,1,False,False,False,False,False,1635.0,2,106
271,14d300e4287e868b2dd669871a7ad197bfbe1ccda702f89596d6fe6e4a813c21,263296,4,1,True,True,True,local_trade_no_swap_certified,1,1,False,False,False,False,False,15896.0,2,94
272,285fb9915abfd616c32e7011862e321c0b5e4b8693d3117a118093aba6d8cf5f,109419,4,1,True,True,True,local_trade_no_swap_certified,1,1,False,True,True,False,False,1154.0,2,122
273,83a725d92f6f3667daeac8b3b34df2a6ba54d16757c7c09fcd1340601a6df95c,27835,4,1,True,True,True,local_trade_no_swap_certified,1,1,False,False,False,False,False,6300.0,2,85
274,b9a21299a6ca854bb395aba3b5db08737716a7053e8babc5667d33e774204a3d,236095,4,1,True,True,True,local_trade_no_swap_certified,1,1,False,False,False,False,False,131.0,2,85
275,1a3caefd351d4dede3187d17bf00387b67951128bf03c8ee4a72b5d1f72d0620,62160,4,1,True,True,True,local_trade_no_swap_certified,1,1,False,False,False,False,False,340.0,2,142
276,8cd4a28e8c03c765ace7f30586909f48150c48bdc5b702e9c908647ab876d71e,170686,4,1,True,True,True,local_trade_no_swap_certified,1,1,False,True,True,False,False,172.0,2,85
277,025c7e2c28531ade09511f373b6ab99fb413c9052b688f630f9c01e3167522d0,84798,4,1,True,True,True,local_trade_no_swap_certified,1,1,False,False,False,False,False,425.0,2,85
278,4ee9bc1227166397b40da9fd133e46165b04b4f1e3abf854891761411ca6ebbd,13608,4,1,True,True,True,local_trade_no_swap_certified,1,1,False,True,True,False,False,1237.0,2,144
279,8770fc902ccaa74be6ce79e00dfeba2d3da32e06e9c594f194c5e8dd376c463e,17100,4,1,True,True,True,local_trade_no_swap_certified,1,1,False,True,True,False,False,4254.0,2,107
280,e9ef8f4560927f6b7708927b32b28f2287e2d0dab3cc4f2b900d34b56d01623f,49429,4,1,True,True,True,local_trade_no_swap_certified,1,1,False,False,False,False,False,208.0,2,85
281,df181876a6b179c1af922b13b2cb238350aaeaa7aac39402b2c8b30d3141b180,112491,4,1,True,True,True,local_trade_no_swap_certified,1,1,False,True,True,False,False,105.0,2,94
282,59fd2230c3c11d89a80786a42601a898673f7d73d54e22af0e9bf4fb1c46de7b,250037,4,1,True,True,True,local_trade_no_swap_certified,1,1,False,True,True,False,False,375.0,2,135
283,8f12fb16f6db19a7ceecd1fa9cdea06bef1c38c7953c2ea90c2072b7d6c5488d,81628,4,1,True,True,True,local_trade_no_swap_certified,1,1,False,True,True,False,False,260.0,2,85
284,d1689e41ff37acb52d29789588657199766bb4785d3cb055cb9b2a12418bf893,266335,4,1,True,True,True,local_trade_no_swap_certified,1,1,False,True,True,False,False,85.0,2,85
285,4149f14f29b9847e48a69752204da0c63142f8df172db7ff95967e7f0dd8f916,94566,4,1,True,True,True,local_trade_no_swap_certified,1,1,False,True,True,False,False,1171.0,2,85
286,e988d2bffe2e802adb0330672fe59428d8f0d71ba0f2e8c0b537434d518b7a67,138050,4,1,True,True,True,local_trade_no_swap_certified,1,1,False,True,True,False,False,382.0,2,85
287,a7ac92281b2999131b30d7aa19b8a2efe540030628cbe7ba8041ef5cc53b968d,97572,4,1,True,True,True,local_trade_no_swap_certified,1,1,False,False,False,False,False,620.0,2,85
288,02a9e87a7b834acc53164b65a11dafd6d2531f03894bc8a46bac5c87150bbdd6,174098,4,1,True,True,True,local_trade_no_swap_certified,1,1,False,False,False,False,False,218.0,2,106
289,985d5cf1cf1f0427b4ff8f55a8bf254e0194182d6c3a2beaa28377815d320e17,34529,4,1,True,True,True,local_trade_no_swap_certified,1,1,False,True,True,False,False,709.0,2,126
290,8c0420381ed54e8ec14b1cbe8315937e09ce1ff0602047404129b5f4b84d7139,181750,4,1,True,True,True,local_trade_no_swap_certified,1,1,False,False,False,False,False,2447.0,2,128
291,a0b1da561624c896e56e4196a83254f40b78e42b263615867d8a8182d4e7c59a,183778,4,1,True,True,True,local_trade_no_swap_certified,1,1,False,True,True,False,False,791.0,2,425
292,2b89ab59da4b873bcd4d1f1733889fc2baed2aa9d38bc8bf42cea2cb2c6a00aa,199054,4,1,True,True,True,local_trade_no_swap_certified,1,1,False,False,False,False,False,630.0,2,85
293,584980b2d03ec29e846916121858464e070fa70d3d4cc4f84f03b91a4ae2cfcf,223911,4,1,True,True,True,local_trade_no_swap_certified,1,1,False,True,True,False,False,344.0,2,85
294,ff031fd21534564ecf28372dc312ae6ad33e0b99c9cdc3a534a2b0cae9a81f4b,7106,4,1,True,True,True,local_trade_no_swap_certified,1,1,False,False,False,False,False,2152.0,2,85
295,7efd762b59a6daf386e50215b8b8e4641e8e8f4c386e2205dea31e98124b4995,239491,4,1,True,True,True,local_trade_no_swap_certified,1,1,False,True,True,False,False,4799.0,2,270
296,314550be478463e3ecddc45b192978cacf8f703107c6a09ae7eefbd0aa372bca,169987,4,1,True,True,True,local_trade_no_swap_certified,1,1,False,False,False,False,False,332.0,2,132
297,2f117c45dbbe08558cb6da5602a2adcd891765f252060bd5120e614bb11ace49,292857,4,1,True,True,True,local_trade_no_swap_certified,1,1,False,False,False,False,False,2129.0,2,102
298,024de553b309772a4c5046e5d3101a7ec6a59e498d1bfbf104edfc84ef99dfdd,233459,4,1,True,True,True,local_trade_no_swap_certified,1,1,False,True,True,False,False,1434.0,2,116
299,dbbe750f52c216a264cd347b56dd1b9fa73a9d5774a95fa06ffd9169c3e0d928,196051,4,1,True,True,True,local_trade_no_swap_certified,1,1,False,True,True,False,False,1461.0,2,126
300,be59bad59b0280dd737eee399b55de6128bb1ebe5b21d27066753d7ac2001216,265539,4,1,True,True,True,local_trade_no_swap_certified,1,1,False,True,True,False,False,124.0,2,85
301,bcbcf7e8f75c7bf40deab22607a22439d56b6de8db833751345969368dbbdc5a,222006,4,1,True,True,True,local_trade_no_swap_certified,1,1,False,True,True,False,False,752.0,2,85
302,d6c8ccc976141993557810248b9336abe46b4b26f0bd54c18675dba28d659211,101770,4,1,True,True,True,local_trade_no_swap_certified,1,1,False,False,False,False,False,812.0,2,85
303,11df3d8606661de6a41d689ea529570c85e13fdee9462b60154a2a0e52eb7842,197388,4,1,True,True,True,local_trade_no_swap_certified,1,1,False,False,False,False,False,1475.0,2,130
304,3db379139b446c0931c305d7dd76a64f4780238c41949356c2485f66d574d219,192161,4,1,True,True,True,local_trade_no_swap_certified,1,1,False,False,False,False,False,439.0,2,152
305,e8d8bdde0b5707a053df91b4c1034560c8ff73759df05a51bab644c6c68d4cb6,201825,4,1,True,True,True,local_trade_no_swap_certified,1,1,False,False,False,False,False,441.0,2,108
306,819a79756f55ef3aac40d09ce4893de01fcbf66ab179cd67aa38de5753f584e6,197576,4,1,True,True,True,local_trade_no_swap_certified,1,1,False,False,False,False,False,295.0,2,85
307,e85bc4e2d17e916751dffe795233d2023e621a4414118d6e23d19cdcbfb5ca7b,38760,4,1,True,True,True,local_trade_no_swap_certified,1,1,False,True,True,False,False,2410.0,2,95
308,c0520ce30a37d718f828e8d3dea126b917f477dd7ccedf9ed5ea6e8e90ceefd8,279648,4,1,True,True,True,local_trade_no_swap_certified,1,1,False,False,False,False,False,383.0,2,164
309,ac47f17c200bc42d1dae8dce6307e6661868255539a2068cc61383b13058dcf1,56352,4,1,True,True,True,local_trade_no_swap_certified,1,1,False,True,True,False,False,2346.0,2,128
310,30eb3b5e0d37b047b3b29fcb5275bf98b64be4e1574a8a272e3e03c17771c1b6,83648,4,1,True,True,True,local_trade_no_swap_certified,1,1,False,False,False,False,False,2088.0,2,152
311,7f7e35038fb7028007e65c3e146542c378a69ee39a81f76dd61829e387026ab7,106912,4,1,True,True,True,local_trade_no_swap_certified,1,1,False,True,True,False,False,1185.0,2,366
312,1a14136ea0d63258fe4d6a299cf2e1aadb4ce0aab570c375e9e457120ff9d241,2987,4,1,True,True,True,local_trade_no_swap_certified,1,1,False,True,True,False,False,2174.0,2,173
313,c59547675f44c832782d9c942d01edd7d645819336df25a18cb6e15da1a00643,182388,4,1,True,True,True,local_trade_no_swap_certified,1,1,False,False,False,False,False,933.0,2,85
314,674445f972555e2c4740027f2ab6ea7646d1e327665cb47920d19842ad9c6b3a,286726,4,1,True,True,True,local_trade_no_swap_certified,1,1,False,True,True,False,False,352.0,2,85
315,daf694552cd5f7b5bdc958cd26c335082ed9c05e4ef990ce9da2b6495b4abb05,58299,4,1,True,True,True,local_trade_no_swap_certified,1,1,False,False,False,False,False,4798.0,2,196
316,e9a03566d2a1403bdee00c89a42a263b94ae714b514c321f45704b6700d24e82,220428,4,1,True,True,True,local_trade_no_swap_certified,1,1,False,True,True,False,False,1285.0,2,107
317,e3752aa6e22216612814cda988669c1097659996aaf263f768abe7f35997592c,41748,4,1,True,True,True,local_trade_no_swap_certified,1,1,False,True,True,False,False,658.0,2,127
318,2c6797d9ba06038451513674f469837b528929a38d0b0f268083912e4c26f00d,256354,4,1,True,True,True,local_trade_no_swap_certified,1,1,False,False,False,False,False,2408.0,2,174
319,8c30a067a2c90362fdf2adad5d58ce52c29829a75fcc8b20a5dc8a304effb790,263832,4,1,True,True,True,local_trade_no_swap_certified,1,1,False,True,True,False,False,662.0,2,85
320,fc24cc18b68066963d18f5e1be5e4dafcc22aa329a196ec7482034f546170803,66525,4,1,True,True,True,local_trade_no_swap_certified,1,1,False,False,False,False,False,307.0,2,152
321,8bd2601c07a9214edb9dc50eebaa7485220220cece1040fbee936abb94f3f738,72515,4,1,True,True,True,local_trade_no_swap_certified,1,1,False,False,False,False,False,118.0,2,85
322,e983d41e12ec54b55ea246ebedf9774a6d7199a1cc3451bf4ff33a096c300cc1,70771,4,1,True,True,True,local_trade_no_swap_certified,1,1,False,False,False,False,False,877.0,2,362
323,f896f97998239e06796194891f2efe291ffe7f102d6339269e31bea944b11b99,244209,4,1,True,True,True,local_trade_no_swap_certified,1,1,False,True,True,False,False,835.0,2,85
324,4a219ddd2f2dc35f958d0aaeb19f4d969fe67ccba5934ca851be82f2c6e2d16c,200481,4,1,True,True,True,local_trade_no_swap_certified,1,1,False,False,False,False,False,10675.0,2,120
325,393e77b14c07e93f17e228109b1809cf9a0aa8a958f42f3900cce520025fc8e2,190435,4,1,True,True,True,local_trade_no_swap_certified,1,1,False,True,True,False,False,335.0,2,209
326,7ac600854b5e36c1af7efb5d75224fce96d2062014e3acc92dad0027f448afd3,251697,4,1,True,True,True,local_trade_no_swap_certified,1,1,False,False,False,False,False,755.0,2,111
327,221f59d86c5b5d3d6d1ecccd0ca9c9be43bd90d02c58ba505094a451af9e959c,218930,4,1,True,True,True,local_trade_no_swap_certified,1,1,False,False,False,False,False,976.0,2,98
328,908603c7f80b3e2e5f8df83920e3211ac12c0701521b98ffd007471e055a589e,155470,4,1,True,True,True,local_trade_no_swap_certified,1,1,False,True,True,False,False,4659.0,2,381
329,324c04aa6b52624c4386dcf6ef44143de6cea628502b2227d2dcc33032d7c2a4,262095,4,1,True,True,True,local_trade_no_swap_certified,1,1,False,True,True,False,False,669.0,2,164
330,0b78e9c3c83021ca2a991c0b9110f2bafe0d43e107ba3f5662f354f6777b8e11,6904,4,1,True,True,True,local_trade_no_swap_certified,1,1,False,False,False,False,False,854.0,2,105
331,fc5eaaa3fcd93101e6bd8cac94d5f775e1351409ec04212e7b8329cd58e35f32,128244,4,1,True,True,True,local_trade_no_swap_certified,1,1,False,True,True,False,False,89.0,2,91
332,0b47f00fa7e4a2789407fe953d9790f265b3255b226f3bcd38d19a4e353412fc,32720,4,1,True,True,True,local_trade_no_swap_certified,1,1,False,False,False,False,False,391.0,2,198
333,54c32a42e7fe2a8f95cb8d95982694bbfa9dc58b190509ff56261bde90e33c72,65044,4,1,True,True,True,local_trade_no_swap_certified,1,1,False,True,True,False,False,1177.0,2,91
334,3792a47917d126e6a47f83dc9d4985bf01c7d3f1289ce2e25670d979cbc94b53,58770,4,1,True,True,True,local_trade_no_swap_certified,1,1,False,True,True,False,False,1306.0,2,113
335,5e7961bb0201b3da0ffd0f468c208203fc13736867f45764038f81d731798d49,253815,4,1,True,True,True,local_trade_no_swap_certified,1,1,False,False,False,False,False,2555.0,2,104
336,6e77b4ac06b5868e371c5ea3b7b67c8894d25b00aee0b0530d3cfc6b52f1f55b,84146,4,1,True,True,True,local_trade_no_swap_certified,1,1,False,False,False,False,False,4504.0,2,139
337,71ed5da7a9f9ac8b6551e3815e1c830d79be0ff0ff6aa2273e5ecc0a815356b8,154647,4,1,True,True,True,local_trade_no_swap_certified,1,1,False,True,True,False,False,6373.0,2,97
338,7318e58c6ae6de81e516519afd0c9bbf494a6a15eddff0aa5c2f142933196646,144846,4,1,True,True,True,local_trade_no_swap_certified,1,1,False,False,False,False,False,315.0,2,240
339,ce386a45e1e0b1b3bd0716c14240e2ed4d9f7f54f2ae575da69613ec43885475,109933,4,1,True,True,True,local_trade_no_swap_certified,1,1,False,False,False,False,False,728.0,2,85
340,0ff07607f8d9c9d84db585708a80e4fd7b9cd9cb7b117b1a902d3151b5f9ed9c,248726,4,1,True,True,True,local_trade_no_swap_certified,1,1,False,True,True,False,False,2545.0,2,147
341,bfda87d1ce7d6b65dc9b6a1234d5210448308647ce6cced168cfd4ce098a3878,26762,4,1,True,True,True,local_trade_no_swap_certified,1,1,False,False,False,False,False,335.0,2,85
342,81b9a25e0edbca534f7a64006fbcac96216be36591a97c6996ada047326271a7,172351,4,1,True,True,True,local_trade_no_swap_certified,1,1,False,True,True,False,False,477.0,2,187
343,c597ba4b5d93c204878745cd7b82af4bea3d464f726bbdc91520dc3c75c87189,48917,4,1,True,True,True,local_trade_no_swap_certified,1,1,False,True,True,False,False,525.0,2,85
344,9d6abfc48f2bef699c8dcf736d966fc5910ecf252b8b9a065677e665f75c59e8,6622,4,1,True,True,True,local_trade_no_swap_certified,1,1,False,False,False,False,False,417.0,2,85
345,13f7a8d2be7fa72b3a552a8e87e9841efd4d66da32ec5fbaf0803d6bcc33ae3c,120716,4,1,True,True,True,local_trade_no_swap_certified,1,1,False,False,False,False,False,1316.0,2,85
346,278ec76d34d2beccf4fda55bee1fb7e432c4f573cf7f54b39028249717b14b3c,202410,4,1,True,True,True,local_trade_no_swap_certified,1,1,False,True,True,False,False,499.0,2,90
347,2536b1cf71f3d3653c65b28f663b5681755a2d03d4dbe7f84088440c588d74e7,117445,4,1,True,True,True,local_trade_no_swap_certified,1,1,False,True,True,False,False,126.0,2,85
348,14d809fd84ea35c017df154dea86943aad52bea67a09268c08ad75724144dc36,49713,4,1,True,True,True,local_trade_no_swap_certified,1,1,False,False,False,False,False,205.0,2,85
349,c5faf838022e0738c5031fb87e44a90a2d72e9bce4cc31c661f0172fea9aa5c5,264986,4,1,True,True,True,local_trade_no_swap_certified,1,1,False,False,False,False,False,593.0,2,130
350,d775d518aedb3896c71bdba4add3f2350094dc4ebfbbf11724c1680e8af2ee03,268826,4,1,True,True,True,local_trade_no_swap_certified,1,1,False,True,True,False,False,704.0,2,89
351,4b3ef4164ca6ff1c7aca824ecd582004b62241401209a2730fccb659ebb5fc68,62566,4,1,True,True,True,local_trade_no_swap_certified,1,1,False,True,True,False,False,220.0,2,113
352,d570fa5a438c2c2055cc4347ef1896f5138459123c9b0f599706e6656590968d,42452,4,1,True,True,True,local_trade_no_swap_certified,1,1,False,True,True,False,False,521.0,2,216
353,a3748c02ce7e64d16e555ce5e7f2c4e26ba651d6a690cdc2cf69182bb6c72e2d,46895,4,1,True,True,True,local_trade_no_swap_certified,1,1,False,True,True,False,False,515.0,2,85
354,4141d42353bdf3974e9b4b7306f8dd8a23dd68df9753129a841c3dc20bfb8093,242733,4,1,True,True,True,local_trade_no_swap_certified,1,1,False,False,False,False,False,186.0,2,112
355,ba005bd6cf760a90a7f7f8fe7caa093864f410e955a1c6f5b4a9ece1da809081,142167,4,1,True,True,True,local_trade_no_swap_certified,1,1,False,True,True,False,False,8598.0,2,156
356,c821c089d9e10c83d4f41f429b69f2fbf9685dedfb9fa9083360a9c0c78bcd9e,171546,4,1,True,True,True,local_trade_no_swap_certified,1,1,False,False,False,False,False,84.0,2,85
357,fea639128e0a5f588ea8d6e0f68fbad5a3ceb4ced60eb212d5059a3f709ad780,68989,4,1,True,True,True,local_trade_no_swap_certified,1,1,False,True,True,False,False,590.0,2,93
358,a6fc8ac9ef70bd60f461408f97d267b63aa4bf75e581b04a722b4bdefaf6b507,218076,4,1,True,True,True,local_trade_no_swap_certified,1,1,False,True,True,False,False,8823.0,2,179
359,47230a3c1e2985424f4fed952a1794c45dd6b6eee10671cf70b7d12915274ed2,90571,4,1,True,True,True,local_trade_no_swap_certified,1,1,False,True,True,False,False,2114.0,2,133
360,0e7a4a346077071962f2a1dfaf1b6a39f51622238a9c92616c45fb8fa9e7f276,213511,4,1,True,True,True,local_trade_no_swap_certified,1,1,False,True,True,False,False,378.0,2,109
361,3841b47887c4dba62bdfe1bb957b2912cf350291e9b01eb76924a2f10bc5c869,236577,4,1,True,True,True,local_trade_no_swap_certified,1,1,False,True,True,False,False,1379.0,2,120
362,5cf21c5cd6fe8911613243a8231f51ef696c9d21abb19ab5ef2d49d177a502e3,171404,4,1,True,True,True,local_trade_no_swap_certified,1,1,False,False,False,False,False,2104.0,2,143
363,8f9404b03a9435f9d74989182affdbb8cc7ce6a2d106ae4f1e78a4deac8b8b99,217804,4,1,True,True,True,local_trade_no_swap_certified,1,1,False,False,False,False,False,594.0,2,85
364,c662e61c67fa2ff64ba678c0d74039707d81a8e73b51474040a41e8d3284e7bc,47541,4,1,True,True,True,local_trade_no_swap_certified,1,1,False,False,False,False,False,69.0,2,85
365,baa0177ef03a65da7577c00d6ca1d09e86abc2887a393bf9e0fd14fcd909ee60,37494,4,1,True,True,True,local_trade_no_swap_certified,1,1,False,False,False,False,False,5539.0,2,88
366,c41eb38904d4e929b3d0132a789da9b94ce123ca2c5a22eaa02216e4b417f5cc,93493,4,1,True,True,True,local_trade_no_swap_certified,1,1,False,False,False,False,False,741.0,2,85
367,2f7cd7d56b74560a6e3662dbe191197e6eca4689ee3fe4d0b32f06de342c544e,261922,4,1,True,True,True,local_trade_no_swap_certified,1,1,False,False,False,False,False,2312.0,2,85
368,3e24d3549f4ea6e88f1cd07a56e2fa5d2b610023a4ae91d20d49e609418d0ed4,96037,4,1,True,True,True,local_trade_no_swap_certified,1,1,False,False,False,False,False,219.0,2,85
369,435aa47a1d38cde6ba21385f755ac0a5325bb78dff5c600ebd7fadcb56c15167,289962,4,1,True,True,True,local_trade_no_swap_certified,1,1,False,True,True,False,False,1342.0,2,211
370,5e19a211a59f1395bee02755957974c86aa6176a682221990949d93ff966bd1e,242156,4,1,True,True,True,local_trade_no_swap_certified,1,1,False,False,False,False,False,1504.0,2,198
371,6af79c30d8e5f842545305e415b4979818e64eab49cf6f47cd5e5ebb860f1866,72286,4,1,True,True,True,local_trade_no_swap_certified,1,1,False,False,False,False,False,223.0,2,85
372,c99f0582c04e37804b433b98b8faa21be2241b7c91612ebe0810f87bebfd73a1,172381,4,1,True,True,True,local_trade_no_swap_certified,1,1,False,False,False,False,False,2570.0,2,86
373,519a955cd8103052d78eedd8b25e42c420269d133311f02239175eaebff09cda,264931,4,1,True,True,True,local_trade_no_swap_certified,1,1,False,False,False,False,False,652.0,2,179
374,402237ef4f2530092375a3f28c7a740f6f8b802806005e35821ac371ce6270b8,151732,4,1,True,True,True,local_trade_no_swap_certified,1,1,False,True,True,False,False,491.0,2,100
375,79ba86a41215e58bc8a7306e8dcb42fa45a0167194242e21407729b67255e36a,127171,4,1,True,True,True,local_trade_no_swap_certified,1,1,False,False,False,False,False,954.0,2,157
376,4fab6378ed260a35933a5a8caf991c9de2cd0e6fcbc5675c295a3c1e75434d82,21307,4,1,True,True,True,local_trade_no_swap_certified,1,1,False,False,False,False,False,856.0,2,107
377,b1dbdd5b950f6dfee1a320970ada0700d5bfd3f306daaef4ca46e70aba47007b,188833,4,1,True,True,True,local_trade_no_swap_certified,1,1,False,True,True,False,False,155.0,2,85
378,6cdebc0fa4d74723f2eb6a00b202d35dff1decb43108c70c3741b2d89e35bd1c,234848,4,1,True,True,True,local_trade_no_swap_certified,1,1,False,True,True,False,False,6064.0,2,119
379,1f1b1b5406e4d78ca1e5064c00912d6f50a2d37dcd4aa1af60bafac1ce5e6c51,153551,4,1,True,True,True,local_trade_no_swap_certified,1,1,False,False,False,False,False,2756.0,2,85
380,365469ca90ed5edac3403d861d212c05ca159643641a3035f356696fa7c94078,123845,4,1,True,True,True,local_trade_no_swap_certified,1,1,False,True,True,False,False,4551.0,2,100
381,536af1457c77e93d607ae496bb46cdb46edd386f193f5cc14a41a0c1c2799605,138531,4,1,True,True,True,local_trade_no_swap_certified,1,1,False,True,True,False,False,462.0,2,239
382,370e29848193a035416f1d94509712e52cdbd2228adfdcb03605cb579d6d25fd,273208,4,1,True,True,True,local_trade_no_swap_certified,1,1,False,True,True,False,False,119.0,2,85
383,70056655f855a8d6dfbf4750ddd506034a22319d3caa9652a48d4f4a5ad5607f,115331,4,1,True,True,True,local_trade_no_swap_certified,1,1,False,False,False,False,False,3952.0,2,85
384,18040934d44fed3f50c0c6adbb71637c1108bd578b4936dc6d3abe467bbd8931,49351,4,1,True,True,True,local_trade_no_swap_certified,1,1,False,True,True,False,False,314.0,2,94
385,afd00386f9e9f6d31a75db5d28c67ee80befa51664437b2e789fdd373bf7a070,223999,4,1,True,True,True,local_trade_no_swap_certified,1,1,False,True,True,False,False,97.0,2,103
386,b84f2d6c56f5b79a12d2a8c0dfcb97a1793613bf849bd7924b1399a1b545d198,202813,4,1,True,True,True,local_trade_no_swap_certified,1,1,False,True,True,False,False,608.0,2,134
387,8b4c7e04499dc600bc79cdd702543bbe1a639049ae969b9db427dc6b42639b7e,146137,4,1,True,True,True,local_trade_no_swap_certified,1,1,False,False,False,False,False,3084.0,2,459
388,0234fba7be8a4417134e16f18fc59dcdec2a33cf82c5630d45db6749056762d0,93737,4,1,True,True,True,local_trade_no_swap_certified,1,1,False,True,True,False,False,945.0,2,85
389,cea339651c1b073daac6875484cfa7aa1938d482d42d9f194cafb7273373306b,95170,4,1,True,True,True,local_trade_no_swap_certified,1,1,False,True,True,False,False,2114.0,2,202
390,5ccc0971bf531a149f2fef372c26f6278e7ed5cce3925e423b4e1a41e5f9bc30,34445,4,1,True,True,True,local_trade_no_swap_certified,1,1,False,False,False,False,False,353.0,2,85
391,04ea96186514b9d311949c09d5b6e9fe5abbca5b9320754aa4d9abdafea2f950,24122,4,1,True,True,True,local_trade_no_swap_certified,1,1,False,True,True,False,False,492.0,2,181
392,de27182eedaa5c1b154ba07d4a4563aae2dccfbd5ca0451479771aa37fd301cc,235693,4,1,True,True,True,local_trade_no_swap_certified,1,1,False,True,True,False,False,4470.0,2,85
393,d027131b45d72c23dabd9a2576cf2976c3f7838f39f67f4b930c79269f062bbe,273339,4,1,True,True,True,local_trade_no_swap_certified,1,1,False,True,True,False,False,1291.0,2,85
394,5380dee8740b3f219526130d8d2a657a4f98793d66ca0346a029907e27ec205f,13552,4,1,True,True,True,local_trade_no_swap_certified,1,1,False,True,True,False,False,975.0,2,151
395,ab1c419ecd7ce337467ea6eaae8737b5fcd6d34105b54f21e09428c726f808d9,171622,4,1,True,True,True,local_trade_no_swap_certified,1,1,False,True,True,False,False,66.0,2,85
396,82f3f3f628522aade37c435e689897257c3e2683336b87512a8460f25d596330,33064,4,1,True,True,True,local_trade_no_swap_certified,1,1,False,False,False,False,False,511.0,2,85
397,e6c12abfd497b2ce986479db8f4a050d3a860aebbc87ad9c6f5d3bd7dd3572a1,300206,4,1,True,True,True,local_trade_no_swap_certified,1,1,False,True,True,False,False,1101.0,2,119
398,030d37b161d636628bfd10982f54056aed1cfa47dd7fe00f3d17443358560e1f,116993,4,1,True,True,True,local_trade_no_swap_certified,1,1,False,False,False,False,False,1360.0,2,256
399,37261590d91820ef652f6d032227d123bfe97e18606c2c2797f9b00c92be41ba,63510,4,1,True,True,True,local_trade_no_swap_certified,1,1,False,False,False,False,False,3210.0,2,85
400,7999987adb6fdd85d1cef3d519053d8f3541eba5b099818a2e3507f18bad912b,275856,4,1,True,True,True,local_trade_no_swap_certified,1,1,False,False,False,False,False,193.0,2,110
401,bb53fefb6585e14773d6045dc4cd46bc373bc84eda6a2db108c58c658944ff34,158771,4,1,True,True,True,local_trade_no_swap_certified,1,1,False,True,True,False,False,1087.0,2,136
402,fdf6da480bf5807206684f9adaeaf238ca0004ffa14bff5d7f719cf16211ecb7,149569,4,1,True,True,True,local_trade_no_swap_certified,1,1,False,False,False,False,False,1774.0,2,85
403,511b35df4c601d6c990d50d13c52a8fdbde45015069468424208a7b686dea11d,109819,4,1,True,True,True,local_trade_no_swap_certified,1,1,False,False,False,False,False,146.0,2,126
404,0c1f9d71e210025d72324b1603fdb0100c473e1932fc872d6ae07ee68de02b73,92263,4,1,True,True,True,local_trade_no_swap_certified,1,1,False,False,False,False,False,283.0,2,109
405,fce6108bf76625402db02249be9a7d55c2435d98f121a48d7b1938bea367d098,39106,4,1,True,True,True,local_trade_no_swap_certified,1,1,False,True,True,False,False,298.0,2,95
406,3cd760ae0c923c71ab3bb95f7fecd82bacd0f1b95343d75af1f67a54b28feaab,181233,4,1,True,True,True,local_trade_no_swap_certified,1,1,False,False,False,False,False,394.0,2,85
407,a5eec2312547fccd226aaf6fe1a17fcf0a8e2c7ffcbd0994039c7ac3935ce32a,126644,4,1,True,True,True,local_trade_no_swap_certified,1,1,False,True,True,False,False,160.0,2,85
408,7cc80dd1274f94b7dd297c426506717fb8dedf0134f137d33680c9513d459523,99043,4,1,True,True,True,local_trade_no_swap_certified,1,1,False,True,True,False,False,3172.0,2,104
409,1f725148a57206d494e4c6b57033838ebf89fc12249b23d7ad4b23a4e12ab39e,75081,4,1,True,True,True,local_trade_no_swap_certified,1,1,False,False,False,False,False,894.0,2,93
410,c762a1578c64435637fcb484f32119c384f1c3a16aab3ff8a0e4ac868ab90437,224065,4,1,True,True,True,local_trade_no_swap_certified,1,1,False,False,False,False,False,1153.0,2,136
411,656dfe1bb1953a790926df642896324e9a9ddcb7ddd4920479d8848500636087,171024,4,1,True,True,True,local_trade_no_swap_certified,1,1,False,False,False,False,False,361.0,2,108
412,906c5ea92f87d2ab9b972a30badc2ec7dc7e52a3a8f076ea234b4dedb18a7216,250176,4,1,True,True,True,local_trade_no_swap_certified,1,1,False,False,False,False,False,599.0,2,97
413,692794e93067b6438a666f661dca6bab14ca53715c19943aac77d0982f12db4a,81044,4,1,True,True,True,local_trade_no_swap_certified,1,1,False,False,False,False,False,4677.0,2,133
414,fef9afeb283ad447a498a2a827c9a36197304bda02f33b32b63bb0ef30547158,146570,4,1,True,True,True,local_trade_no_swap_certified,1,1,False,True,True,False,False,235.0,2,95
415,9f3463821abc0ad3a8af92b56efdb267e64fb58fee7daa3f4ae19a9846ed5b25,225424,4,1,True,True,True,local_trade_no_swap_certified,1,1,False,True,True,False,False,4591.0,2,137
416,c1404b9356261a59b6f1087b2eb23ded178f3dc4d2d6fbe44c0f5769446eff88,248096,4,1,True,True,True,local_trade_no_swap_certified,1,1,False,True,True,False,False,324.0,2,92
417,ead2e779af6d6e06b9883f2876c42139270a47baf45af19bb4172caaf5ebac2b,196994,4,1,True,True,True,local_trade_no_swap_certified,1,1,False,True,True,False,False,733.0,2,106
418,2bfb6c8b7058f73e593852f88687e34c3edeb95ed48f11db5b7ea27552bd048c,121692,4,1,True,True,True,local_trade_no_swap_certified,1,1,False,False,False,False,False,598.0,2,128
419,03fddcfe611c6e9e98bceca826c80362ee7e9bbe3e152a6a69b201665850cb5a,239349,4,1,True,True,True,local_trade_no_swap_certified,1,1,False,False,False,False,False,124.0,2,85
420,7847f14812673810c338a8443848fd3c2177488281621f7dc4766fef27d9399c,166408,4,1,True,True,True,local_trade_no_swap_certified,1,1,False,True,True,False,False,672.0,2,85
421,010953af4679ac3b23fa3035cbe917432220e21cf15bb914f1d443199405286d,103965,4,1,True,True,True,local_trade_no_swap_certified,1,1,False,True,True,False,False,1051.0,2,85
422,707804296dcf4866308f099d8a0613dd610429baaea9f984cdc12c60263fcf13,45170,4,1,True,True,True,local_trade_no_swap_certified,1,1,False,True,True,False,False,2284.0,2,95
423,64de9bede7082b9ce737cdbd6275d1ba358591b86fc377c78258275afac260b4,263292,4,1,True,True,True,local_trade_no_swap_certified,1,1,False,False,False,False,False,1703.0,2,111
424,8ada7cdce0e1cbe7c7b334ed41aa2d2d22fca813f9f3705ab11468d609f61e21,55248,4,1,True,True,True,local_trade_no_swap_certified,1,1,False,True,True,False,False,251.0,2,141
425,77b400b1d51b36fcd8a9963f58fac7fff029e15b6df699588e8b0689de6a2f6a,270749,4,1,True,True,True,local_trade_no_swap_certified,1,1,False,False,False,False,False,344.0,2,85
426,888e597b02ddeacd8755755b85614e36e404b1a6892bc16bf88088247a2e01e6,211522,4,1,True,True,True,local_trade_no_swap_certified,1,1,False,True,True,False,False,535.0,2,182
427,719b928d2258206f364b2532217957ca4c2f4b1845171c52dc6490f335c98b9d,295287,4,1,True,True,True,local_trade_no_swap_certified,1,1,False,False,False,False,False,809.0,2,258
428,ad0e74ab7cc07a93c8ddf2375530fe2a9f9da15fd965ba5833d7ad782c0ea8c8,108705,4,1,True,True,True,local_trade_no_swap_certified,1,1,False,True,True,False,False,682.0,2,85
429,653859bc74e347044f61d69fb464937ecef7a66fe26e04ca735cefd46f88f3dc,115421,4,1,True,True,True,local_trade_no_swap_certified,1,1,False,True,True,False,False,5267.0,2,166
430,c9131067a42f31372600185aba869cbf90a0d8ae7c540d712be5979ae8431d5c,16665,4,1,True,True,True,local_trade_no_swap_certified,1,1,False,False,False,False,False,545.0,2,85
431,10732f1e3c0f50949d8c38dc7c43ee3ccf28d58712de460b0feab37341f36cba,103829,4,1,True,True,True,local_trade_no_swap_certified,1,1,False,True,True,False,False,479.0,2,85
432,550da648b3226c5d307163140961cbb650cced945a20dd5956d53f07baa51744,198593,4,1,True,True,True,local_trade_no_swap_certified,1,1,False,True,True,False,False,14037.0,2,194
433,cb87a0f8d8ab5619037fbada96bada7a1899c86bd562d31ae266b81e8cb4b0a2,155581,4,1,True,True,True,local_trade_no_swap_certified,1,1,False,True,True,False,False,25543.0,2,459
434,5c903ec8b0502644b0edd2355c6f8071a2cdfa800800719678b4a89490eb206a,119228,4,1,True,True,True,local_trade_no_swap_certified,1,1,False,False,False,False,False,483.0,2,104
435,7efe510b2662d5dbaaf444b1188fde91fe483801b9abce634e4c1383574b73e2,248391,4,1,True,True,True,local_trade_no_swap_certified,1,1,False,False,False,False,False,281.0,2,91
436,8dcdf0487b26a4ea642863d714b0cb1157b1e78feec9a45cea1f7ecdb9447967,300108,4,1,True,True,True,local_trade_no_swap_certified,1,1,False,True,True,False,False,447.0,2,91
437,595b7327ee82a1af8cbe4593e9b7a8e944d4fe646787c6353eef2a69d649b75d,9908,4,1,True,True,True,local_trade_no_swap_certified,1,1,False,False,False,False,False,187.0,2,85
438,7bf00f89fa50fdb7ae245cce1dddff7aa6a3a7910261cd410ffdf532b2ce4119,188520,4,1,True,True,True,local_trade_no_swap_certified,1,1,False,True,True,False,False,260.0,2,147
439,5e2b938ed96c460fec6eeb1e40ef7718fd8fb5032b562e7e7fadde58d757dd69,185107,4,1,True,True,True,local_trade_no_swap_certified,1,1,False,True,True,False,False,145.0,2,85
440,a46f90ab26cb96305486dbc350d23a09eeeb42e23b6adb074d67a16fdbd10605,215806,4,1,True,True,True,local_trade_no_swap_certified,1,1,False,True,True,False,False,904.0,2,92
441,eaff0f1a4a7e547efce07d05af07cda58fa01cfebf22670e365152887cb2a876,250973,4,1,True,True,True,local_trade_no_swap_certified,1,1,False,True,True,False,False,2296.0,2,85
442,7a8d06744728b70a3aae7ec967eae2b325e831b86746e4fbcab6cd3fff17e91c,294511,4,1,True,True,True,local_trade_no_swap_certified,1,1,False,False,False,False,False,5809.0,2,131
443,58f0dad8fcabc6bff8bbbb17b0451a6a81bbd833177315ee2727189cc0cd3844,94908,4,1,True,True,True,local_trade_no_swap_certified,1,1,False,True,True,False,False,270.0,2,85
444,8718b03b1a7770857c722e21bb62719f64346b9703a9af3bca67a4003fdf1f6c,238321,4,1,True,True,True,local_trade_no_swap_certified,1,1,False,False,False,False,False,413.0,2,129
445,3800ac731a739e0834745cf37400641df4a4e023c3802499733758a3548f33ab,263108,4,1,True,True,True,local_trade_no_swap_certified,1,1,False,True,True,False,False,1733.0,2,133
446,9cad51ce5678476ee820c6bde63d224bd7462d598532ce99a41019a7bf4432c3,192582,4,1,True,True,True,local_trade_no_swap_certified,1,1,False,False,False,False,False,415.0,2,107
447,7de71679942817842b13a0ae3db87ad91cf961e4fb6f186e1701a288ab000d5a,267380,4,1,True,True,True,local_trade_no_swap_certified,1,1,False,False,False,False,False,1460.0,2,119
448,390ccfa38d5a13e50438a4659bd5e2c92ace19298418d0bfa724286eaefc604b,217316,4,1,True,True,True,local_trade_no_swap_certified,1,1,False,True,True,False,False,297.0,2,134
449,83a0864c7167345d0f73059be6bd97757b254b987f954c7d88d528ba2fed80a1,161065,4,1,True,True,True,local_trade_no_swap_certified,1,1,False,True,True,False,False,1457.0,2,214
450,9b144245eef9569c8bbb0d7a1c89e3f6dfdcd195ac90a561b981a7570a2f5435,153110,4,1,True,True,True,local_trade_no_swap_certified,1,1,False,True,True,False,False,184.0,2,85
451,1fd96b70aaf6fa1b181f53ca0f40ca3afc596e88ec783f23b70b31778bbc28e0,89037,4,1,True,True,True,local_trade_no_swap_certified,1,1,False,True,True,False,False,1515.0,2,85
452,2ff65acc863ddbe343c3b941c42fd5144a837aa68dd3641cd84316c2100ba7f1,159616,4,1,True,True,True,local_trade_no_swap_certified,1,1,False,True,True,False,False,1072.0,2,222
453,4ac8a095b188507852dea8fa207f66af9e3e5b1b725faf0ae171dd067729d04c,21650,4,1,True,True,True,local_trade_no_swap_certified,1,1,False,True,True,False,False,274.0,2,131
454,589bd88e103813084c23b6754c25aaae5cec394f87da41619f7560e1017db38a,278701,4,1,True,True,True,local_trade_no_swap_certified,1,1,False,True,True,False,False,98.0,2,85
455,1a80573f440fa3466cda383c895248b5d240728f67c2274b7f5aa1256a862645,278573,4,1,True,True,True,local_trade_no_swap_certified,1,1,False,True,True,False,False,2076.0,2,91
456,d997892cfa37afa82bd6dec7a734e48a76f1ab1ad5fe5c52f152740fe35620be,233264,4,1,True,True,True,local_trade_no_swap_certified,1,1,False,True,True,False,False,238.0,2,139
457,9805712b7f61170baabc64c36901ca0888421987e6b6833d3ef324e83eac75d2,222997,4,1,True,True,True,local_trade_no_swap_certified,1,1,False,False,False,False,False,885.0,2,85
458,ef544efab9b65dfd319447796b0a76d0ea2f02573de609cc66dc1be4f0f62981,188023,4,1,True,True,True,local_trade_no_swap_certified,1,1,False,True,True,False,False,848.0,2,85
459,9345eea22fa22e5d09076d3b55ba664e4a1f7f393d8e1318d9178b5330f92ef4,261218,4,1,True,True,True,local_trade_no_swap_certified,1,1,False,True,True,False,False,15331.0,2,88
460,ed30b3484ca0f988ed5d746e70d7c81486b93cb41b1aca20381f7f6007e088ba,299119,4,1,True,True,True,local_trade_no_swap_certified,1,1,False,True,True,False,False,1461.0,2,85
461,6c5ddc87b8d57d9a6208a0cfce2c94feb55a85ca1d20c008fbb0194e4d3d735a,222411,4,1,True,True,True,local_trade_no_swap_certified,1,1,False,True,True,False,False,501.0,2,93
462,feb97e65b35ddf73678f51e0d54ec3497284e194484b0315b5daa3baeef1c002,42994,4,1,True,True,True,local_trade_no_swap_certified,1,1,False,True,True,False,False,902.0,2,96
463,2e3d0ba81324800cf6852ebfa03bec03a6513076e9efc9b307f00e670364cf72,147906,4,1,True,True,True,local_trade_no_swap_certified,1,1,False,False,False,False,False,827.0,2,85
464,e6a134ec4086c69b653266af8f4e023a4467b0f822f0f065407bfac600b2d81a,146431,4,1,True,True,True,local_trade_no_swap_certified,1,1,False,True,True,False,False,223.0,2,85
465,ad21c199372b3d5cd1db2b1e9f2da66c9fe91b20dcaf2f59b3877bac4dae72c0,21910,4,1,True,True,True,local_trade_no_swap_certified,1,1,False,True,True,False,False,393.0,2,199
466,6e4e52a3ad9a178a4acdc79393ce0d91a863bc11cf79fa8b81e63d06f6dfbf89,203922,4,1,True,True,True,local_trade_no_swap_certified,1,1,False,True,True,False,False,562.0,2,85
467,c75b4969633007ceec4fa7079e62b236bf4e4828b3152bcc567b44de395e0205,3795,4,1,True,True,True,local_trade_no_swap_certified,1,1,False,False,False,False,False,212.0,2,85
468,cf08c8c6b57b4c7dad6e57d1ca90964a897d0454438df0d54d664ee9a287454f,2947,4,1,True,True,True,local_trade_no_swap_certified,1,1,False,False,False,False,False,216.0,2,85
469,565b40ed0e644aa092bee261c51ef3a1fe3432378b744019682ebd3d5687849d,86945,4,1,True,True,True,local_trade_no_swap_certified,1,1,False,True,True,False,False,2642.0,2,133
470,f89abaf4f1a519731eff6bf43e947ae79edc328b4dff7103db4c11885a92c26c,261333,4,1,True,True,True,local_trade_no_swap_certified,1,1,False,False,False,False,False,1107.0,2,115
471,aa67afd96393581cc19885677b8ddfc253d1840cb233c813bc4eafe592c90aca,154579,4,1,True,True,True,local_trade_no_swap_certified,1,1,False,True,True,False,False,1275.0,2,111
472,715d05d1d950b4f77e5778c514895320be4550148f3eedcdfa3642cb10dcdeaa,66008,4,1,True,True,True,local_trade_no_swap_certified,1,1,False,False,False,False,False,2700.0,2,313
473,072c5db3e5cb3542570e32447def2069c8d8699ff49a8b1ae217c90af9060056,65403,4,1,True,True,True,local_trade_no_swap_certified,1,1,False,True,True,False,False,1088.0,2,85
474,254e2bc28e88911bfaf1564999519d48cf26aaae6c1754a946c679428561dbd5,223016,4,1,True,True,True,local_trade_no_swap_certified,1,1,False,False,False,False,False,278.0,2,85
475,be66c1c63fa1ced329dea6c890e5148e6a29acba61399ffed93aa53d58c5343c,229991,4,1,True,True,True,local_trade_no_swap_certified,1,1,False,False,False,False,False,603.0,2,95
476,ada75a0319158447c9158a672dd3edbd41f09d0438cb16e6f8e93d200c2158e4,191956,4,1,True,True,True,local_trade_no_swap_certified,1,1,False,False,False,False,False,161.0,2,98
477,a0a6f23200e032df24b2702e8af3cef4b57fb6cf4ed551bd573bf5cd2df9e752,220218,4,1,True,True,True,local_trade_no_swap_certified,1,1,False,True,True,False,False,1219.0,2,88
478,d5b6730c3a9c37f8358d63b1825d75c6bdddcb287694aaf84e40ff512227b884,240052,4,1,True,True,True,local_trade_no_swap_certified,1,1,False,True,True,False,False,630.0,2,190
479,588c2872440ff527230ead3b22942ded68743abc950c80511ad590d95de4f0c6,128340,4,1,True,True,True,local_trade_no_swap_certified,1,1,False,True,True,False,False,976.0,2,171
480,728d5f1f57f8f4b66059ac70fb4924a151b8eacd53d2dfa003590e310da47af9,261269,4,1,True,True,True,local_trade_no_swap_certified,1,1,False,False,False,False,False,5012.0,2,210
481,ae4a6fcc39e567db14d364ee4860f2cc43cfd1b8fc084a389adff67b133946d0,272557,4,1,True,True,True,local_trade_no_swap_certified,1,1,False,False,False,False,False,198.0,2,93
482,d4af4f6bc2c468a4dee374c0640de859463acbce83072147951e478804e7637d,220334,4,1,True,True,True,local_trade_no_swap_certified,1,1,False,True,True,False,False,1573.0,2,129
483,e9ecb53cb265c83e740e842d874b5f4bddcc77d11da2bf386e4c3c695a168cad,15017,4,1,True,True,True,local_trade_no_swap_certified,1,1,False,False,False,False,False,406.0,2,160
484,ab2404d2ad39a66306efa523c373df9a9208234888f7ab035a5ed07b5316cd85,88488,4,1,True,True,True,local_trade_no_swap_certified,1,1,False,True,True,False,False,1099.0,2,227
485,4d460c4ef8c76ff9284a987f8513299d102e44facb75ef2e78763d200eb73bbe,264911,4,1,True,True,True,local_trade_no_swap_certified,1,1,False,False,False,False,False,453.0,2,85
486,a7b275495574fedecd35504019462efe333e62944ed058b8d08cc4e84cb4f284,139698,4,1,True,True,True,local_trade_no_swap_certified,1,1,False,False,False,False,False,2267.0,2,118
487,10d5936c5bebf061ca920f30227cacd5c3c53127b4a1783a75d685974e67b5e9,65822,4,1,True,True,True,local_trade_no_swap_certified,1,1,False,True,True,False,False,683.0,2,94
488,b054a584287068b52c92b2377f37e4fcea62ec474da6d71e1df182cdd8ab5bca,188640,4,1,True,True,True,local_trade_no_swap_certified,1,1,False,False,False,False,False,438.0,2,102
489,eae31ec255b1a37941e1e2408a269eb67fa98a81e5123a9a579d67964035c4c0,181008,4,1,True,True,True,local_trade_no_swap_certified,1,1,False,True,True,False,False,349.0,2,200
490,c7de8fb56af72bab4fada15e5504e5f2ec224ca1f62ca255467c88ea6fd08a13,213486,4,1,True,True,True,local_trade_no_swap_certified,1,1,False,True,True,False,False,426.0,2,85
491,5be599ad9385e0cd0d435da5323b18c6ae58050e69f9e54c907363f52b9697f5,206478,4,1,True,True,True,local_trade_no_swap_certified,1,1,False,True,True,False,False,351.0,2,97
492,a9047c5d72f830beeb101bfde85676e77ffebbee2d54d7e05959aa95eaaa881b,16538,4,1,True,True,True,local_trade_no_swap_certified,1,1,False,False,False,False,False,1993.0,2,124
493,848a23df9b45466d07dbc03222dbe0b532f125f10f4d4281a49834b85daee459,99805,4,1,True,True,True,local_trade_no_swap_certified,1,1,False,True,True,False,False,245.0,2,85
494,879be35bf300b41ec08a314998eebfcc4c67eabc0587af937bb22015a2c1c902,19091,4,1,True,True,True,local_trade_no_swap_certified,1,1,False,False,False,False,False,1099.0,2,423
495,49108994186330499c6ab4b56d73de30cba1f600144376d98c9e1e83e8bdb21f,256072,4,1,True,True,True,local_trade_no_swap_certified,1,1,False,True,True,False,False,347.0,2,85
496,9e119aa03023df493331919b377a0b7e659ce126e5d9ec42a3397cd0d22a07ba,300104,4,1,True,True,True,local_trade_no_swap_certified,1,1,False,False,False,False,False,325.0,2,101
497,4c97936a39860497dccc12d3e3de1ebebfc7e4270e6a9bb2bf2a444451e45d21,224378,4,1,True,True,True,local_trade_no_swap_certified,1,1,False,True,True,False,False,261.0,2,132
498,99de4ce35ab27e1a4ef894b51d24c07fbf9db01f99142234df3f6107dbbbe17c,147501,4,1,True,True,True,local_trade_no_swap_certified,1,1,False,False,False,False,False,1907.0,2,133
499,cfe460658a8517cd88b0f6d033c18230de1545e421815ccb49f3618721a788cf,194750,4,1,True,True,True,local_trade_no_swap_certified,1,1,False,False,False,False,False,821.0,2,248
500,b0ddbdccd375f80ab227c414ff310656523a3606c1fb7851655c45f0660b3d96,19206,4,1,True,True,True,local_trade_no_swap_certified,1,1,False,False,False,False,False,2418.0,2,347
501,b9cb4ece604c96102925172669708a4b54cf9ab0612bee2abdb48c4028545d3a,270286,4,1,True,True,True,local_trade_no_swap_certified,1,1,False,True,True,False,False,258.0,2,90
502,075f2b6cf81c9ba54f2e23618a6e43abae22a29c3200ad9cee709ae0c61db1b6,204744,4,1,True,True,True,local_trade_no_swap_certified,1,1,False,True,True,False,False,225.0,2,105
503,d266f831c886c8da7f1be807da4ad969579648a3548995b43f437aeba9c056b0,196797,4,1,True,True,True,local_trade_no_swap_certified,1,1,False,True,True,False,False,193.0,2,85
504,5a74ea443d31e8fc39816aa24878d589c8f2fd846abe3b950c07ad4fe1836097,259294,4,1,True,True,True,local_trade_no_swap_certified,1,1,False,False,False,False,False,316.0,2,108
505,80b2ac1cd6871a33dfbe3c41e1f423f20da2d51bb7d5408d6b976fb92bbea07c,275067,4,1,True,True,True,local_trade_no_swap_certified,1,1,False,False,False,False,False,6811.0,2,85
506,7fb03fd440cbedf8a35d42951f6daad9396b5f130198cccf12a3cceea0871053,40916,4,1,True,True,True,local_trade_no_swap_certified,1,1,False,True,True,False,False,524.0,2,184
507,063e7cc9f14ebf87555715532a49bf77837fa97637a9bfaf3244c27e80a232fe,170121,4,1,True,True,True,local_trade_no_swap_certified,1,1,False,False,False,False,False,521.0,2,105
508,b43909d956edbc292a7c67a2f2ddb51e5ca293f31a4b10e5ce601e399f4279f8,272252,4,1,True,True,True,local_trade_no_swap_certified,1,1,False,False,False,False,False,1141.0,2,117
509,12995de185825ad5e4e5537ae88e60926b399f89307df34d1751f613814d5561,236932,4,1,True,True,True,local_trade_no_swap_certified,1,1,False,False,False,False,False,1823.0,2,112
510,f76fe7d2fa8ff2a9686e888cd7242b9f524453f87c1a46c2ca3dc367fc0a9925,255303,4,1,True,True,True,local_trade_no_swap_certified,1,1,False,False,False,False,False,742.0,2,236
511,33b883159b5d7a9d5ec6c4d700da5908eb62bd4240a81fd76dee282f4a55b2be,142468,4,1,True,True,True,local_trade_no_swap_certified,1,1,False,True,True,False,False,806.0,2,85
512,a89d6f2ef4bd1661d20c1ea24b44a952ecddecbb84a4ff2f4ab266c67fb97415,299686,4,1,True,True,True,local_trade_no_swap_certified,1,1,False,False,False,False,False,416.0,2,144
513,9789daa4b4f98ab7ac051f587ee6ac38efdca3b29c724932f6911ec266eec60d,5558,4,1,True,True,True,local_trade_no_swap_certified,1,1,False,True,True,False,False,462.0,2,105
514,5c9eba0c81560ea5dabbaffa223ee1d4e64d00882b723a485239d2e8a5bef074,6411,4,1,True,True,True,local_trade_no_swap_certified,1,1,False,False,False,False,False,1045.0,2,85
515,e78b6f263ee7eb50e8526901552421d5c71901c7ebab78e4acd6781d12c95cd0,155238,4,1,True,True,True,local_trade_no_swap_certified,1,1,False,False,False,False,False,8389.0,2,132
516,ba8d4d003190f38e340bdd1d1536739cf5308b1a68d557e3a5a9d779c39dcefb,60709,4,1,True,True,True,local_trade_no_swap_certified,1,1,False,False,False,False,False,1431.0,2,85
517,ea0a9fa08f2323d012294382f8e6a07d9eb8c023ce8d97d1e01948a4aaab49e1,9813,4,1,True,True,True,local_trade_no_swap_certified,1,1,False,False,False,False,False,1513.0,2,85
518,66fffd7327a29cec70ceebb477b11f69be93c72bb5bd8de3bde7c77b570c0721,40132,4,1,True,True,True,local_trade_no_swap_certified,1,1,False,False,False,False,False,629.0,2,85
519,6e5965cd5c23e67952685c6cf9e5852acbb469ce46f5ad0b0608ac1066ce3875,141948,4,1,True,True,True,local_trade_no_swap_certified,1,1,False,True,True,False,False,559.0,2,135
520,99b19fab8ff7f69858b28d8c7e42d58a0b950117c74e184f1dd04a505b4ac3e6,50728,4,1,True,True,True,local_trade_no_swap_certified,1,1,False,True,True,False,False,1036.0,2,112
521,621bdd57d8c6c95638be3233d1a19e44e01c1cbf8748197dca77e21f4a6c34f6,117164,4,1,True,True,True,local_trade_no_swap_certified,1,1,False,True,True,False,False,3720.0,2,85
522,0e51a4b013e5bd7c3a89b608e8bff4035fa5e6d883dd8a07aadf4112a670ae0b,60805,4,1,True,True,True,local_trade_no_swap_certified,1,1,False,False,False,False,False,1796.0,2,146
523,3925d838969356723df54f4b3c01c046d8a3ebeffc13bc027b982b567a08d016,269714,4,1,True,True,True,local_trade_no_swap_certified,1,1,False,True,True,False,False,3385.0,2,438
524,a9f825f183f2453cf4842f06556b9269c064e7a1b0b258aedc8fc00eb26633b4,29767,4,1,True,True,True,local_trade_no_swap_certified,1,1,False,False,False,False,False,1608.0,2,85
525,3f23ad2aedad0e7b1d8df7520ed2a918121c790570904154ffdc8deaa603768a,264553,4,1,True,True,True,local_trade_no_swap_certified,1,1,False,False,False,False,False,814.0,2,86
526,29a18d4510e832610a75ce0818bcf6232d7b85fb98796c56333273909fa9a131,113213,4,1,True,True,True,local_trade_no_swap_certified,1,1,False,False,False,False,False,2864.0,2,100
527,817ccab861ad3cf942c41caa6992559c9b3895b3a7dc6f62c44af5a13c43c794,107450,4,1,True,True,True,local_trade_no_swap_certified,1,1,False,False,False,False,False,697.0,2,109
528,32f1f3f162d0cf266be2fe4f4e47a1ab65f62268365c8d5310827016fde807a8,283301,4,1,True,True,True,local_trade_no_swap_certified,1,1,False,True,True,False,False,6619.0,2,85
529,1e001fe026a47e5fd097cdbadc25b3f7e3f921f1ff4ae2061e631aa4f22ed50e,68846,4,1,True,True,True,local_trade_no_swap_certified,1,1,False,True,True,False,False,1820.0,2,251
530,913a187ed00d797a19110350dacceb73d2fa89f99846ff0c4ba50182521cbf2a,225342,4,1,True,True,True,local_trade_no_swap_certified,1,1,False,False,False,False,False,766.0,2,95
531,670f52c05ce6ec33e5f9f4b573bccfa4076174046ab66ecddfdbde6450b53e9c,87129,4,1,True,True,True,local_trade_no_swap_certified,1,1,False,False,False,False,False,1416.0,2,85
532,7c638420b068e2063a50df69df669c2e2fd7e6fcf645c8d35cb366a1a95e51e8,124419,4,1,True,True,True,local_trade_no_swap_certified,1,1,False,False,False,False,False,528.0,2,183
533,ba934bc250c2fc94fb1fd1beb3d757d875d5091d0d5b3dce622bbb6922051821,64367,4,1,True,True,True,local_trade_no_swap_certified,1,1,False,False,False,False,False,32163.0,2,118
534,4ee8e009fad7dd79caf7c131b2d1828cfee37e5811ceb3bf1312b232f994f0b2,94764,4,1,True,True,True,local_trade_no_swap_certified,1,1,False,False,False,False,False,373.0,2,99
535,58818e42122879c0d2e5ea850dd47b197d20f7688c11e3ed1682ab608b427ecd,289010,4,1,True,True,True,local_trade_no_swap_certified,1,1,False,False,False,False,False,142.0,2,97
536,7decfb3a9ab54035b35e4fb60d9435a6245157fa69f0316b2e15c864c722deba,17855,4,1,True,True,True,local_trade_no_swap_certified,1,1,False,False,False,False,False,186.0,2,99
537,41d735fa99a2ddd42563299c42d7241ced17f79e32909fa5c8335c851cb6a45a,116344,4,1,True,True,True,local_trade_no_swap_certified,1,1,False,False,False,False,False,454.0,2,133
538,efee0d0f915237db02030445132b398d06c9c3a567d71632942e4153a242bda5,232759,4,1,True,True,True,local_trade_no_swap_certified,1,1,False,False,False,False,False,206.0,2,102
539,d340020fe0c31415087a14e98e78472d44ae07678e01232518ebe798c85f9239,204429,4,1,True,True,True,local_trade_no_swap_certified,1,1,False,False,False,False,False,2571.0,2,115
540,48c20246a89725ee5a5f45521760d0a9f93861eda288b25cae1077dea7b1ee41,117923,4,1,True,True,True,local_trade_no_swap_certified,1,1,False,True,True,False,False,784.0,2,106
541,30ea287345614664e7360212306c220be93c12329787bb150d2a54fd3213b1cb,244880,4,1,True,True,True,local_trade_no_swap_certified,1,1,False,True,True,False,False,161.0,2,85
542,9f37409af575abc69fbd991d035b472e613c85841261e976d77eca6c1b8c00c6,162456,4,1,True,True,True,local_trade_no_swap_certified,1,1,False,True,True,False,False,560.0,2,105
543,500fc9980b66b3b2ef4448b237ba4e27b12a4085ea50fa164125375ab9f1bef8,255005,4,1,True,True,True,local_trade_no_swap_certified,1,1,False,False,False,False,False,5889.0,2,85
544,1b05059d1610519c24f3a87cd11258d26649f777a1d27edd771cb4ec3a592326,233826,4,1,True,True,True,local_trade_no_swap_certified,1,1,False,True,True,False,False,357.0,2,85
545,ee3dba226d5d3c984d74486fa18b097e3c7d10d2b998b87e5b055c760c334026,119460,4,1,True,True,True,local_trade_no_swap_certified,1,1,False,True,True,False,False,571.0,2,85
546,f1ec399b0364280144c07c8dad96d4b45a43e62a1718c0f16a0d61c102fb9246,143648,4,1,True,True,True,local_trade_no_swap_certified,1,1,False,True,True,False,False,1394.0,2,92
547,c1e206d554e05bebc373f49b7f0e510c9768ef1d33f70a1149d27a0d577e4609,119916,4,1,True,True,True,local_trade_no_swap_certified,1,1,False,False,False,False,False,6720.0,2,85
548,9d49f45786d411224f6240a6d022737b714d1cb0a550b83be4e31e1fc72e95f1,112985,4,1,True,True,True,local_trade_no_swap_certified,1,1,False,True,True,False,False,557.0,2,85
549,dbbc4e40a682d03baef12f97c1f8e5228d4c2702883b5c307077f27bbac0e594,128793,4,1,True,True,True,local_trade_no_swap_certified,1,1,False,False,False,False,False,332.0,2,87
550,588ff653da494c34f30eb7873cfd3b12f35cede3a2be297e23748592d56d4d7b,233482,4,1,True,True,True,local_trade_no_swap_certified,1,1,False,False,False,False,False,722.0,2,157
551,d639778e21e4952d4c117c79c0f1b75111a1c150df1259392366d89b2241c300,79444,4,1,True,True,True,local_trade_no_swap_certified,1,1,False,True,True,False,False,404.0,2,100
552,639d1b8803cd1e2c9bb61748a1b5f6c8488694fc8a9a742cbc22d254c7e452f3,149620,4,1,True,True,True,local_trade_no_swap_certified,1,1,False,False,False,False,False,1292.0,2,185
553,b0b1743e7b592471a96c392393e3d69771fa394aaa33423c4d2102f73f8e4c2f,198851,4,1,True,True,True,local_trade_no_swap_certified,1,1,False,True,True,False,False,620.0,2,130
554,4bb19e28ae001c0ff11e0f5b5031afd956ac79e31e75f53f79eb6a95bc5027da,114721,4,1,True,True,True,local_trade_no_swap_certified,1,1,False,False,False,False,False,880.0,2,85
555,3fb2f1ba7b216a6faaa230d02c72ebf55bdff1840abdc5b5f53718f1de48066b,261525,4,1,True,True,True,local_trade_no_swap_certified,1,1,False,False,False,False,False,2375.0,2,277
556,97e0bfd862121ef2c2d778226e51c694dbab9d54f31cef6fa685310404d23023,125924,4,1,True,True,True,local_trade_no_swap_certified,1,1,False,True,True,False,False,822.0,2,96
557,270f063c7952e57813211c3c325d433486d87819b777f72ed36f1bb13bd180dd,291367,4,1,True,True,True,local_trade_no_swap_certified,1,1,False,False,False,False,False,318.0,2,85
558,1fe4dd27ce7004be2312d2710d965d3d611861fb1022823841baade85da39c1f,181692,4,1,True,True,True,local_trade_no_swap_certified,1,1,False,False,False,False,False,1708.0,2,152
559,fca6f8603cc35e59cca0a9f8b6c159f64c0e8427ec23257fa3887d86ebb3f455,201154,4,1,True,True,True,local_trade_no_swap_certified,1,1,False,True,True,False,False,3203.0,2,85
560,9268e36160b9ed8a7e5b95a8b86a4df733b5992bf1c5bd0af15551791dd4f54e,174351,4,1,True,True,True,local_trade_no_swap_certified,1,1,False,False,False,False,False,3435.0,2,377
561,59070fe42490dbdfb60309b823a806f5bfa6eb4c9a8a0e0d0ed779adb170c87d,253380,4,1,True,True,True,local_trade_no_swap_certified,1,1,False,True,True,False,False,170.0,2,85
562,181efa0cfdb60309b7636485489bb53f45558ea6b108856dfd9db5f1f8d13870,137850,4,1,True,True,True,local_trade_no_swap_certified,1,1,False,True,True,False,False,259.0,2,85
563,231ca90c81d3f0013ce758e1756b6bad8f6bacf47773e74f9b6f194112dd86f0,169502,4,1,True,True,True,local_trade_no_swap_certified,1,1,False,True,True,False,False,5163.0,2,188
564,17b8af23a249f3bcbacf7941fd2552aed859a2b6203b773ece6c8e9769ac20ea,73315,4,1,True,True,True,local_trade_no_swap_certified,1,1,False,True,True,False,False,1374.0,2,134
565,e476170b7724b668eacce9c225b4b5e29c5ff9189fea5189fa397f0ad8021a44,116453,4,1,True,True,True,local_trade_no_swap_certified,1,1,False,False,False,False,False,1590.0,2,96
566,1f6c1b863ff4073a5d46a6e1cfb01ddf2c43a477e1092883597cea494772b6c5,167841,4,1,True,True,True,local_trade_no_swap_certified,1,1,False,True,True,False,False,505.0,2,85
567,7be9745af53aea7fae869e62b083f40b6eb187efea3c72eba88d8a025aae54e0,40067,4,1,True,True,True,local_trade_no_swap_certified,1,1,False,False,False,False,False,755.0,2,177
568,737a84f095ef2c9961f8618820492025127bdb21374276305890114c783b5f2a,74272,4,1,True,True,True,local_trade_no_swap_certified,1,1,False,False,False,False,False,729.0,2,133
569,beba16cb18137493393d9999b82190cfc354244dfa0c8b2bdf3ba55fde358829,50250,4,1,True,True,True,local_trade_no_swap_certified,1,1,False,True,True,False,False,797.0,2,85
570,9b46e68fdc7242731deb89e436a4734bb8c031efe35dc2f4fe27b9305d868ee0,20258,4,1,True,True,True,local_trade_no_swap_certified,1,1,False,False,False,False,False,99.0,2,88
571,108ba008ec63d075aec7f5b3cdf6cd79296223239e73801f49d251991a411f89,215852,4,1,True,True,True,local_trade_no_swap_certified,1,1,False,True,True,False,False,2144.0,2,98
572,602447b3453132f6bfe1e6bb9d8ae0ef68f69d132938c4e3eaf16c64083ad8be,183241,4,1,True,True,True,local_trade_no_swap_certified,1,1,False,False,False,False,False,1028.0,2,131
573,15401b2db3282d464377bf5b726563663f0413889b21a9d9dbb5d0ddc77d4c9a,5731,4,1,True,True,True,local_trade_no_swap_certified,1,1,False,False,False,False,False,621.0,2,142
574,4e6869b57971dfcdefd608d3a01b14bafc827789798354a98323a9207ec2d0a6,233520,4,1,True,True,True,local_trade_no_swap_certified,1,1,False,True,True,False,False,508.0,2,97
575,265bb635fbf1089429c65a5a5d1bbd978639cc93a839f71916ce35ac11c7ff95,23176,4,1,True,True,True,local_trade_no_swap_certified,1,1,False,False,False,False,False,7437.0,2,85
576,b250e36a1d5586424aabdf411287b1df895fdeeb41a6cc54d454f01613995c2c,295504,4,1,True,True,True,local_trade_no_swap_certified,1,1,False,False,False,False,False,487.0,2,132
577,6a681d2dff3ab503ef9eb740c42541401dbf98141cb39a0681b41740867446c2,122090,4,1,True,True,True,local_trade_no_swap_certified,1,1,False,True,True,False,False,214.0,2,104
578,1fa15711379aa79cbe9bf240b5d365a9a4eafe11191fbd48a6edb4d9a78233c9,71484,4,1,True,True,True,local_trade_no_swap_certified,1,1,False,True,True,False,False,2241.0,2,163
579,f6581ab6d74cfa51756710c8ecaa8b30b6e921e82b3da4d71ac321ad49898b1b,103357,4,1,True,True,True,local_trade_no_swap_certified,1,1,False,True,True,False,False,520.0,2,85
580,8064b5937dc3496e225a3b893f8756774a9c6ac2837cd20171614bab4fba1de7,163367,4,1,True,True,True,local_trade_no_swap_certified,1,1,False,True,True,False,False,1407.0,2,85
581,cc33e4b6ea4684ac0dbb171bae2b278adc9984130ce87eab00272741e2ef1787,176434,4,1,True,True,True,local_trade_no_swap_certified,1,1,False,True,True,False,False,2188.0,2,85
582,cc0ebb24aee25584d8aa64378fcc4882a119db977011eac80d156ce6671bc835,12453,4,1,True,True,True,local_trade_no_swap_certified,1,1,False,True,True,False,False,497.0,2,85
583,fb5f1f4de0203829851304bc833f38795fbacae0cae85f8b3e3fda001be43b83,123676,4,1,True,True,True,local_trade_no_swap_certified,1,1,False,True,True,False,False,1827.0,2,91
584,98fa53d7fd9290a5b72c205b2ecbb8cafde539cf9e568a6cbbf6f62ce163dd5e,124274,4,1,True,True,True,local_trade_no_swap_certified,1,1,False,True,True,False,False,3018.0,2,85
585,dc3b96de862670470d768be761f723ea705bcbbc31df4c8fb0fc628ef1121856,126919,4,1,True,True,True,local_trade_no_swap_certified,1,1,False,True,True,False,False,1504.0,2,186
586,1059f90014aaa138142b8b7b602ae86ac2e4410b7feacd3131f87eee3af62a94,198936,4,1,True,True,True,local_trade_no_swap_certified,1,1,False,True,True,False,False,3160.0,2,133
587,63ea8025b42d23dc64ba899f733c2445de714d1a9b29eafbd3e898c5e442a993,242224,4,1,True,True,True,local_trade_no_swap_certified,1,1,False,False,False,False,False,657.0,2,233
588,43a7dc5741ffd8f65d357fb6a2aa6afe9621acd4f9fdbae0ad3130dd30eff0a2,32823,4,1,True,True,True,local_trade_no_swap_certified,1,1,False,True,True,False,False,235.0,2,85
589,e02f78affeb5f616d1981df87d5cb50f9d605bdf1e2cff14b665048907245d53,207728,4,1,True,True,True,local_trade_no_swap_certified,1,1,False,False,False,False,False,336.0,2,188
590,1b75976705f0aca33baf1f2da78320e8c96043abdedbeebba462b042631d72af,263549,4,1,True,True,True,local_trade_no_swap_certified,1,1,False,True,True,False,False,1905.0,2,91
591,dcbc9f616c8c604767ddaa6d91fb0169a4c3478f8aacb1f45684d3ca770019b4,69102,4,1,True,True,True,local_trade_no_swap_certified,1,1,False,False,False,False,False,2685.0,2,85
592,48b052164bde4db626f9c97070488da89958dedddfda3061c3561280569e7087,289114,4,1,True,True,True,local_trade_no_swap_certified,1,1,False,True,True,False,False,1820.0,2,85
593,ea98403561faeb56fb7d85482cf949d5803baf302a3de0a71c4df2029f8c3af9,218898,4,1,True,True,True,local_trade_no_swap_certified,1,1,False,False,False,False,False,731.0,2,85
594,68732461423b265d547797525499eee3907cf81eab7e57264233a3b590eb9656,18698,4,1,True,True,True,local_trade_no_swap_certified,1,1,False,True,True,False,False,1679.0,2,236
595,38701ef49122857938ccac300bd5d1fc3508f34a2919f5804af01be0bada55aa,22015,4,1,True,True,True,local_trade_no_swap_certified,1,1,False,False,False,False,False,909.0,2,85
596,caef3d052f0ee0f21cd67a6e2c122c0efea141cadbbafbcb1e81ae6a7decf630,157513,4,1,True,True,True,local_trade_no_swap_certified,1,1,False,True,True,False,False,685.0,2,85
597,c441f4d514e31ed19e4990a8f9135254ea34cb9b2192b50ba77861cfa44b6376,197463,4,1,True,True,True,local_trade_no_swap_certified,1,1,False,False,False,False,False,1437.0,2,128
598,b0de7538bcaff1a0ce8aa328136f48d4182589130b924ef785a6d2f0cde6dfe6,161028,4,1,True,True,True,local_trade_no_swap_certified,1,1,False,False,False,False,False,1794.0,2,85
599,6ef06a7714061bc56bde7215bd5499c657aacb1b5af76b9e09cb2ce6ddb924ec,194740,4,1,True,True,True,local_trade_no_swap_certified,1,1,False,True,True,False,False,10844.0,2,149
600,f4fac0fdc6783aecc043104000b37e688a2a071371d03dd7685132b41401c174,50424,4,1,True,True,True,local_trade_no_swap_certified,1,1,False,False,False,False,False,926.0,2,85
601,d9bd04abff833628c0380dff46dc54ccd229ea3202233f279e3583417aadeb8c,110921,4,1,True,True,True,local_trade_no_swap_certified,1,1,False,True,True,False,False,352.0,2,85
602,a3704ec2ae664a57f701f7cd3ebb6e2aaf8319bbb1545ec94cd84c0b25b800a6,292703,4,1,True,True,True,local_trade_no_swap_certified,1,1,False,True,True,False,False,8558.0,2,111
603,bf6dd1d6f56d7f4e35a0ef4f3a817910bc2c665f24d507ca06ba391de60ca5e2,57955,4,1,True,True,True,local_trade_no_swap_certified,1,1,False,True,True,False,False,2496.0,2,85
604,d6fe46ffda3891cba061f66a735151270974f4576d34279883b91ec5c3dd1817,73151,4,1,True,True,True,local_trade_no_swap_certified,1,1,False,False,False,False,False,944.0,2,85
605,666fa581292babce9c2d6cec7caeaca0de39d44a334fa7685f5100279254e90c,265619,4,1,True,True,True,local_trade_no_swap_certified,1,1,False,True,True,False,False,128.0,2,93
606,aa9b81d1607a969fad9138d9b8426d85a49590ee686cade34966fccebf5f13cb,146161,4,1,True,True,True,local_trade_no_swap_certified,1,1,False,True,True,False,False,1503.0,2,101
607,46696f254b913d083a3771f75ac1d9183a8b8993ef42f15ccc21f58e0e9769b2,220435,4,1,True,True,True,local_trade_no_swap_certified,1,1,False,True,True,False,False,5526.0,2,171
608,777501f623264236703f749c3f6ee4c128309dfbc8b2c45af5e82c29358d3229,82790,4,1,True,True,True,local_trade_no_swap_certified,1,1,False,True,True,False,False,2219.0,2,156
609,0afff4f628a0d35a4d560f729f440cdb78a65169efbbc8aca8ceb391d3bb2372,230279,4,1,True,True,True,local_trade_no_swap_certified,1,1,False,False,False,False,False,744.0,2,85
610,89a0eebc962a123ff7921da890456251a43948250795d47a75f48d13c2c34919,212227,4,1,True,True,True,local_trade_no_swap_certified,1,1,False,False,False,False,False,177.0,2,85
611,a85ea68088c45f6bc71d8f4c98a0fa215f51a7617745b2f3cf8cf5952263d1e7,252346,4,1,True,True,True,local_trade_no_swap_certified,1,1,False,False,False,False,False,104.0,2,85
612,d1cb8b10889ea312252e40ba58fcb9e0ec9e387d236ae8038f5cfe4306b85f24,288757,4,1,True,True,True,local_trade_no_swap_certified,1,1,False,True,True,False,False,1173.0,2,118
613,c58d958f1f7e27c041614dc5890f18b2b0e10bcfb564339af6856edda2a86dcb,282184,4,1,True,True,True,local_trade_no_swap_certified,1,1,False,False,False,False,False,1091.0,2,179
614,c132dfa897c780177e785784a196e48e19783968b64b331a6fa93e12f5e6f2a0,92163,4,1,True,True,True,local_trade_no_swap_certified,1,1,False,False,False,False,False,242.0,2,85
615,0372f307cf01438ec45a1fc80dcb039c0a600f89f5de2de01cf97c191636c238,179008,4,1,True,True,True,local_trade_no_swap_certified,1,1,False,False,False,False,False,1225.0,2,116
616,c438b45a839bcedfddd7c2d5a9d9045af0b6efbba834d9ac52c4d66273631d72,244169,4,1,True,True,True,local_trade_no_swap_certified,1,1,False,True,True,False,False,694.0,2,109
617,cf8380214661d7b0f691fa8ca74b812b393ac4e48c29768b5f4f10566d280d3f,126598,4,1,True,True,True,local_trade_no_swap_certified,1,1,False,True,True,False,False,706.0,2,156
618,f5b2875a490ef00e397ca075b6bca1918ce0e20ba9a15f1136ab0066049f1ed0,119124,4,1,True,True,True,local_trade_no_swap_certified,1,1,False,True,True,False,False,448.0,2,88
619,99dd46a1cc47232685ae38269ac4cc9355a5187e6be1bec22ae74468f6645f39,291196,4,1,True,True,True,local_trade_no_swap_certified,1,1,False,False,False,False,False,320.0,2,85
620,d068a0aa549ff361452a3d3b29eed9ae77ad2ad29c25d8586d2787fcf93e0e15,186783,4,1,True,True,True,local_trade_no_swap_certified,1,1,False,False,False,False,False,1583.0,2,85
621,b76ac54f66ffd30a6a986d14004cb86ef94a02608334ab455658f4449d220794,14328,4,1,True,True,True,local_trade_no_swap_certified,1,1,False,False,False,False,False,304.0,2,171
622,a2b6cfe520aefe3b4df4b4de809b23a0f635db1e8aa3aaa74a631011d96c3bf2,85482,4,1,True,True,True,local_trade_no_swap_certified,1,1,False,False,False,False,False,682.0,2,129
623,b7837c2d2c60d372ace4c11296b53f2793d0b620b220a1d9da04d4661e90d6fd,161093,4,1,True,True,True,local_trade_no_swap_certified,1,1,False,True,True,False,False,376.0,2,131
624,09c4cbf9fb5f8cecd16dd235b29598919b078be55cd8e9702685c969007488c6,102193,4,1,True,True,True,local_trade_no_swap_certified,1,1,False,True,True,False,False,207.0,2,86
625,3b187963c2d3183f571437e76393b0230a46759c2c7b3cf0a6a5ca09706a2fac,168763,4,1,True,True,True,local_trade_no_swap_certified,1,1,False,True,True,False,False,2433.0,2,161
626,1094ded0c377da39db88c3864da98eca8672637bc975f225d8445b048a120187,180108,4,1,True,True,True,local_trade_no_swap_certified,1,1,False,True,True,False,False,157.0,2,85
627,4b95b667cc83af31068beb0a6d3bee50cd79134809464ce39d1866768714e30c,111144,4,1,True,True,True,local_trade_no_swap_certified,1,1,False,True,True,False,False,2412.0,2,119
628,cb7609fcf13c5c1044dbb9ea26e37aba587c219d11a72775deeb02fcea3ccd7e,23507,4,1,True,True,True,local_trade_no_swap_certified,1,1,False,True,True,False,False,2403.0,2,110
629,943ba22aa8482de3f52465f691c87934414186f9f782ab9ee6f52775399ee16f,20674,4,1,True,True,True,local_trade_no_swap_certified,1,1,False,True,True,False,False,1904.0,2,85
630,cd7e62e0e62e55004bff1051c3a40c55c2d00759444dee42a0eb3914d4a79084,88916,4,1,True,True,True,local_trade_no_swap_certified,1,1,False,True,True,False,False,2203.0,2,190
631,85ac657cc852cc275fd25296883d3e247c53411787553d86497fbc1c58a69658,45274,4,1,True,True,True,local_trade_no_swap_certified,1,1,False,True,True,False,False,283.0,2,126
632,9cd52b2e7d1ba9ff9d008341482abbb53ece1872734976ab7ea70d636d28865c,164382,4,1,True,True,True,local_trade_no_swap_certified,1,1,False,True,True,False,False,1285.0,2,163
633,602dc64f9024593d0562469634beccc9c26fc725967facd246117f0f57f1c8b4,130107,4,1,True,True,True,local_trade_no_swap_certified,1,1,False,False,False,False,False,3166.0,2,92
634,e475947448f85dc64d20ea02b54486bd13b289a71221fe62921899385a611fd3,50901,4,1,True,True,True,local_trade_no_swap_certified,1,1,False,True,True,False,False,1264.0,2,126
635,8b77d5bcec033a930b1380ccd91c6b96f894b9369f399858a4e75da9c839512f,61945,4,1,True,True,True,local_trade_no_swap_certified,1,1,False,False,False,False,False,174.0,2,88
636,c7bbca890776e531daf91bac4549c54fbdfd2b2320c042fded6ab3f0c39e8b28,168564,4,1,True,True,True,local_trade_no_swap_certified,1,1,False,True,True,False,False,765.0,2,105
637,428849823595841f690dbfe54f5108e4cb6400ff1a3e562c02f322ca9c183e5f,194580,4,1,True,True,True,local_trade_no_swap_certified,1,1,False,False,False,False,False,309.0,2,124
638,6e5ece5aa9223b5bff889d02e76474116b600ee6a302f9e5d20b664786177228,19919,4,1,True,True,True,local_trade_no_swap_certified,1,1,False,False,False,False,False,2180.0,2,177
639,f6ac8d77236c9c85144f0b08339d826d53141563dc4d7a1f235628b938fbbcf1,119931,4,1,True,True,True,local_trade_no_swap_certified,1,1,False,False,False,False,False,158.0,2,133
640,31f81a4d06a8c9b5b0de949b2f7e62e9800bbf2a7bdc1b0fdee80ccefb455573,24444,4,1,True,True,True,local_trade_no_swap_certified,1,1,False,True,True,False,False,134.0,2,85
641,2ca2132040c8135ce6077696e47755799f15779ea7aa4a514f4f9e0a90acd0a3,128223,4,1,True,True,True,local_trade_no_swap_certified,1,1,False,False,False,False,False,127.0,2,85
642,f1a9102b49b59b7d747bace46339ba84cfa6c0d1597a00ab15166e79c00b4e56,249034,4,1,True,True,True,local_trade_no_swap_certified,1,1,False,False,False,False,False,158.0,2,93
643,16ef3b72c91e1c8067b018f14a0269a7eb749ee333d72a6350224d45eeaad4c6,171312,4,1,True,True,True,local_trade_no_swap_certified,1,1,False,False,False,False,False,2559.0,2,421
644,232859c5091d0cda42d2770bbb75bb5a02604cfa74d8a6d8e6ca08b6fb0cef6e,34126,4,1,True,True,True,local_trade_no_swap_certified,1,1,False,False,False,False,False,977.0,2,85
645,343c441e80cc70147edaeec98e477d1f7d73ca2bb4289beffe4d8eb35c94d744,68193,4,1,True,True,True,local_trade_no_swap_certified,1,1,False,False,False,False,False,327.0,2,121
646,9f48b10d75762fcd0772d151d632c35533ab350cfcd6e074b880ab5f1ee7909a,186381,4,1,True,True,True,local_trade_no_swap_certified,1,1,False,True,True,False,False,4449.0,2,202
647,55d29cdfabb1fc17e509d425624b778f15069a950217a9a978b7a6b164bc9d8b,234724,4,1,True,True,True,local_trade_no_swap_certified,1,1,False,False,False,False,False,1903.0,2,235
648,176dd3ecf78ebc9de3c9b6a6e54253233dd670a4cff138ec2e182f96e061f811,215448,4,1,True,True,True,local_trade_no_swap_certified,1,1,False,False,False,False,False,1260.0,2,244
649,2a0154073f7a2cbf62204ef7676cf1c91af52d5fe2cc0ff89775212d596e7e04,295963,4,1,True,True,True,local_trade_no_swap_certified,1,1,False,True,True,False,False,249.0,2,93
650,58cf99acc5a34eb1f08c7f2dde3fa3914b79ead50f026d457806f26c3e5a0e1b,49526,4,1,True,True,True,local_trade_no_swap_certified,1,1,False,True,True,False,False,1113.0,2,103
651,0fb439b202dbf0ad00e39818d5e47836ae0fbb2d0e0d90a7c2fc0f32d0e674e2,32732,4,1,True,True,True,local_trade_no_swap_certified,1,1,False,False,False,False,False,1086.0,2,85
652,8aff71fcad3286f4cd6327987f531a908706d379337ec67277b5c783f720fb86,39120,4,1,True,True,True,local_trade_no_swap_certified,1,1,False,True,True,False,False,3558.0,2,183
653,aa9352798937ce9aa5b9979d09e465524bf10d7751efddbd5db4e30f62a0a4e7,176757,4,1,True,True,True,local_trade_no_swap_certified,1,1,False,True,True,False,False,559.0,2,149
654,3d6ddb8453d1d3a902fbbd3562843bf6c7fe773ba2fb891aede2fd97e2a8c17a,60665,4,1,True,True,True,local_trade_no_swap_certified,1,1,False,True,True,False,False,101.0,2,114
655,cb1128633ba2ea1ec638ee631a79930db7e0a6190406a44f73203f187e303111,147241,4,1,True,True,True,local_trade_no_swap_certified,1,1,False,False,False,False,False,218.0,2,85
656,14989b8ef2d922e65079088f945aad1e4e8bb473fb55d00d0bc247b7519a73b9,294561,4,1,True,True,True,local_trade_no_swap_certified,1,1,False,True,True,False,False,2354.0,2,85
657,b387bff9e5ee9ec47733baa9b18be41b257ed0991b78abcbce9150701ce672fc,28687,4,1,True,True,True,local_trade_no_swap_certified,1,1,False,True,True,False,False,76.0,2,85
658,2d09093bb6a97641080dc34cba7e5e32e1d67d8c52dfa19635822ef704c58bb4,160454,4,1,True,True,True,local_trade_no_swap_certified,1,1,False,False,False,False,False,376.0,2,125
659,43fdb0135208cc6731d7ac9a0417a4bc02718f419dc7035db76b742671e63fdc,292278,4,1,True,True,True,local_trade_no_swap_certified,1,1,False,True,True,False,False,1012.0,2,146
660,595473d9c41e5f6618c0b424531a5f102c1f964c8e146881ecbb86ec5f3768cc,202251,4,1,True,True,True,local_trade_no_swap_certified,1,1,False,True,True,False,False,638.0,2,85
661,f316a0b1a55a7ff677c4ad3ab4db9db0ac80e759b239d7df241f72e88a2ec996,127408,4,1,True,True,True,local_trade_no_swap_certified,1,1,False,False,False,False,False,266.0,2,166
662,119f25ca54ce91aaa568a79d3c1856b15558c96921ae7819d4722ee0b3942998,7571,4,1,True,True,True,local_trade_no_swap_certified,1,1,False,False,False,False,False,333.0,2,126
663,02ca8c6d1d3cb36fb0d1c44bd07fcbf529f7562406cf81b0c719fefe14968d16,38111,4,1,True,True,True,local_trade_no_swap_certified,1,1,False,True,True,False,False,2983.0,2,85
664,8b3186251518ee5516e617b1642fdfa5150db7d9f2a6020b8bb93a2589e8d2df,171732,4,1,True,True,True,local_trade_no_swap_certified,1,1,False,False,False,False,False,62.0,2,85
665,e7bb7a603327b6b480c75b721674a777b25e6975f5109e7205616644068722d8,295025,4,1,True,True,True,local_trade_no_swap_certified,1,1,False,False,False,False,False,3396.0,2,277
666,9b5d7043377d8bf7520dab73f56cd445730529a4dcbf0d11a41c0608fa7f75db,41546,4,1,True,True,True,local_trade_no_swap_certified,1,1,False,False,False,False,False,1414.0,2,209
667,94818ce2a537d0e5925f0da9a74533a1e9e4875d91157e4659526df8bc8251af,129628,4,1,True,True,True,local_trade_no_swap_certified,1,1,False,True,True,False,False,945.0,2,124
668,f5a3e0bd41dcbad0647d0432e5c176aab9c9ccda634bd1e31c601f46fda6ae95,299920,4,1,True,True,True,local_trade_no_swap_certified,1,1,False,False,False,False,False,2224.0,2,85
669,f970e303f78ed7e1b03b4163e511b7e3e8d99757befaf3f9a895f02ee11282d7,283240,4,1,True,True,True,local_trade_no_swap_certified,1,1,False,False,False,False,False,1330.0,2,103
670,3453f6a11be79a1bf2310679819348dcdde7f6ed01838464e196e052d445de2d,244667,4,1,True,True,True,local_trade_no_swap_certified,1,1,False,False,False,False,False,524.0,2,95
671,f9f2f55191c81a4ac63b97b55ece7c080c128761cf359921adb8c91e3783a854,128189,4,1,True,True,True,local_trade_no_swap_certified,1,1,False,True,True,False,False,1806.0,2,97
672,3f13e857f18280d0e29878025d5a9e92d9954c6bff28c7c2b51082535829f08e,232283,4,1,True,True,True,local_trade_no_swap_certified,1,1,False,True,True,False,False,851.0,2,133
673,67681540bbb9f5ca8ccb7ca49fdb9d9f679c9ed69d1e90e5aece3e8b626b5557,130273,4,1,True,True,True,local_trade_no_swap_certified,1,1,False,False,False,False,False,2050.0,2,206
674,93ddfb8da7966aff78ef11b61da88b42614d020f0912bf6b40946ca0a762ad76,245137,4,1,True,True,True,local_trade_no_swap_certified,1,1,False,True,True,False,False,597.0,2,113
675,d55eabd6dc30394c12813d18fdbe7b635f58d5ed1f3ff2e7c1acec787e8dc571,173000,4,1,True,True,True,local_trade_no_swap_certified,1,1,False,False,False,False,False,1061.0,2,187
676,c756eb4e96b8405ac216e1350fa630067cf2443eb384b05a08a6bf5525719c1f,195229,4,1,True,True,True,local_trade_no_swap_certified,1,1,False,False,False,False,False,3981.0,2,151
677,3c3b73afebd49cb5964f189dc394fbd4a836fe893596698ef530648340902f61,146734,4,1,True,True,True,local_trade_no_swap_certified,1,1,False,True,True,False,False,326.0,2,85
678,b82de3cd12576c26a763749f20938cabd38997b61355aeb550092de8b9a2f903,93698,4,1,True,True,True,local_trade_no_swap_certified,1,1,False,True,True,False,False,149.0,2,85
679,ea4881e4885a66edddd9d8c3fdf1aec18ed70780d57bdf59164f90c2cadb97a8,23751,4,1,True,True,True,local_trade_no_swap_certified,1,1,False,True,True,False,False,1677.0,2,100
680,80d3b3909381b4d7a8c0aa52bf0be2646257582042d0af68b650c271530bdc97,192661,4,1,True,True,True,local_trade_no_swap_certified,1,1,False,True,True,False,False,335.0,2,85
681,d5a632d82ed18988ee9c2b7073fd4992cc1cc8aa818e27f898b1f8efdf1cda87,230975,4,1,True,True,True,local_trade_no_swap_certified,1,1,False,True,True,False,False,123.0,2,85
682,a4e8ec2a0ed6e1290d19e6698b70450980a99d256290a7b90b6f854047811fbe,177245,4,1,True,True,True,local_trade_no_swap_certified,1,1,False,True,True,False,False,1127.0,2,85
683,c53a42700e88ad174d449025bbfd75d74e3754360b35a1e3de4409ce550e9610,100147,4,1,True,True,True,local_trade_no_swap_certified,1,1,False,True,True,False,False,473.0,2,133
684,5fd299105f10b7348f6e1e7c8c57ba93a85a031f25eefaa7ce41c123b49d2dba,149089,4,1,True,True,True,local_trade_no_swap_certified,1,1,False,False,False,False,False,366.0,2,132
685,9beba11f8dd77b14a6bc093bcc00c084d85b07a66ae114d395db0491af37d5af,298454,4,1,True,True,True,local_trade_no_swap_certified,1,1,False,True,True,False,False,241.0,2,85
686,e47b857488c0b537c902f34da315571b3c1991e2aff3defbbabd24207fde2310,36150,4,1,True,True,True,local_trade_no_swap_certified,1,1,False,True,True,False,False,552.0,2,107
687,32c9c59a5206b388ef1a38b8817be3b595d0aa388566bbbfa864c9597a3bcb45,136633,4,1,True,True,True,local_trade_no_swap_certified,1,1,False,True,True,False,False,717.0,2,85
688,a56cb2ff2968b74d10f8dc0506d8c4d6646ae2702256b26734953cc46eb1828c,39224,4,1,True,True,True,local_trade_no_swap_certified,1,1,False,False,False,False,False,1697.0,2,133
689,171dc7a769d61512292212d7c0a4590e485db7825198c440906443f05cf10d77,254499,4,1,True,True,True,local_trade_no_swap_certified,1,1,False,False,False,False,False,328.0,2,85
690,2e8d5a33eb4940ecb2f69e26bebefd6db4d46de6d9aae53f800897a48c738423,178583,4,1,True,True,True,local_trade_no_swap_certified,1,1,False,True,True,False,False,829.0,2,412
691,163e698fade66ab8888d9fe4dcc8209b57604c6617939733d23f2c7e45aa993a,293869,4,1,True,True,True,local_trade_no_swap_certified,1,1,False,False,False,False,False,134.0,2,85
692,1e04d5b4a93596b4f23f4f8e100a7e9adbb7fa14bdb2c22718e09a384c368f9f,140108,4,1,True,True,True,local_trade_no_swap_certified,1,1,False,True,True,False,False,2550.0,2,85
693,f53489c92d5aab5d23ed87fedfc42c184ad5800babf091f476ec4595dccf6cd5,74888,4,1,True,True,True,local_trade_no_swap_certified,1,1,False,False,False,False,False,560.0,2,85
694,385fa3c44c0670806fe22287996207abdcd28771d4f4d41a1acd6d465d873b53,177953,4,1,True,True,True,local_trade_no_swap_certified,1,1,False,True,True,False,False,537.0,2,92
695,40234a0ed5a6b4a8cb3e125414f75f519c9769e4142fbc11647a69de9fc6014a,101689,4,1,True,True,True,local_trade_no_swap_certified,1,1,False,True,True,False,False,925.0,2,85
696,18288a57a62e90001ba47aecc14fe88ff2d69be2873b17c1af737c883391fbb8,202557,4,1,True,True,True,local_trade_no_swap_certified,1,1,False,False,False,False,False,1523.0,2,172
697,9084217df0174c76c52885ef517388093ed054c4facbb7503b1e746fc7cbb7e8,71587,4,1,True,True,True,local_trade_no_swap_certified,1,1,False,True,True,False,False,159.0,2,85
698,d7d1a073ab14212a1f622a4ce14e0df1177906a824464deece740f2fda34061c,264626,4,1,True,True,True,local_trade_no_swap_certified,1,1,False,True,True,False,False,199.0,2,85
699,437d5238e14dbd03a89161cf82ef0f70235fe90b4eacc077f3b5510c73163b00,102601,4,1,True,True,True,local_trade_no_swap_certified,1,1,False,False,False,False,False,860.0,2,125
700,cd47635542ea0a78963556e62b3c2d6f537e76d3c3e9b503e5f92fb7199ba8ce,254720,4,1,True,True,True,local_trade_no_swap_certified,1,1,False,False,False,False,False,199.0,2,124
701,9aa52e5b69c15d387ae868291bad6ec0af930152cc895fcb5afaa533740ee6b7,208599,4,1,True,True,True,local_trade_no_swap_certified,1,1,False,False,False,False,False,122.0,2,85
702,c4a60f65dd8c32ea139c8adfa2d4b7027288a97e94649ddbdb43763d16e46b83,247031,4,1,True,True,True,local_trade_no_swap_certified,1,1,False,False,False,False,False,1711.0,2,111
703,fc53ab3620361fa14143b31e41288ae054c59968b773dad40a6bb390073c7551,291371,4,1,True,True,True,local_trade_no_swap_certified,1,1,False,False,False,False,False,137.0,2,85
704,8092b0d8e2aebfaf1ec3bc83456f60fd1b0f6f14927fbbb4596bca60429847cf,74412,4,1,True,True,True,local_trade_no_swap_certified,1,1,False,False,False,False,False,224.0,2,143
705,ab964a4ed3c5a606026d2dbb6929ace7eef1459f15023f2afcc623ae9c93767b,183924,4,1,True,True,True,local_trade_no_swap_certified,1,1,False,True,True,False,False,658.0,2,150
706,240ddc06c664f4af1d4146060e27549e081a6baf150cd68b02eba862343304e7,286149,4,1,True,True,True,local_trade_no_swap_certified,1,1,False,True,True,False,False,129.0,2,89
707,46955c8d88b69d3675582bc11f51a7dfeeadc580b10b8616bc33e7fffae2f6ee,216390,4,1,True,True,True,local_trade_no_swap_certified,1,1,False,False,False,False,False,495.0,2,231
708,d12e0a90f6c62be259a68291d9899a4732b1fc720da9f61fcaa07fa093fcd0ac,243610,4,1,True,True,True,local_trade_no_swap_certified,1,1,False,True,True,False,False,1067.0,2,252
709,dea0cdef2c45e18bd1cec4a9e3cf85ab9ba28f4ef8ee7520de1cc092666b3df2,161490,4,1,True,True,True,local_trade_no_swap_certified,1,1,False,False,False,False,False,857.0,2,85
710,2205b9352d0e56279d1bc13e5aba5670f3f47344f23439c1b44af32d4cbe7acd,130590,4,1,True,True,True,local_trade_no_swap_certified,1,1,False,True,True,False,False,3570.0,2,196
711,b4647bb4406f7ffafedb83dd068d0f82f04ff0a6469e07487619adbcf18b0e5a,27281,4,1,True,True,True,local_trade_no_swap_certified,1,1,False,False,False,False,False,1248.0,2,288
712,a556e1b2bcc1a6a0848ef338ff932dd23f8383e64c0e5fe04e6e8434a3cee84b,76366,4,1,True,True,True,local_trade_no_swap_certified,1,1,False,False,False,False,False,86.0,2,85
713,82db3dfbd2eb9f4706c3bb530fb4ae1dbab277aa809414ee211e77fd13a4e793,226876,4,1,True,True,True,local_trade_no_swap_certified,1,1,False,True,True,False,False,1403.0,2,85
714,a65afafe919f2ffe3aed4f68932afb89fa4941d0fd3f4385d3418400d0ef0790,32186,4,1,True,True,True,local_trade_no_swap_certified,1,1,False,True,True,False,False,689.0,2,109
715,d481d74bca1df74b7cd97da9b845cad69c7b245e38ccf27790cf85754299c751,185560,4,1,True,True,True,local_trade_no_swap_certified,1,1,False,False,False,False,False,4125.0,2,98
716,9e0f2b3b60191e3b11a1c38756b666626eea57cc4a5b447a1fcb9246a1bbde7e,129240,4,1,True,True,True,local_trade_no_swap_certified,1,1,False,False,False,False,False,7690.0,2,849
717,2900a9fc9b4c436cad7c1c7c7ea066f72e46e81ebf3f275ca33b1f2ebea1c03c,11465,4,1,True,True,True,local_trade_no_swap_certified,1,1,False,True,True,False,False,589.0,2,85
718,daf3dea12955cd8e5df0dfb93b862ec29ae00b795055f2aa2385740da2ab33b6,23866,4,1,True,True,True,local_trade_no_swap_certified,1,1,False,True,True,False,False,182.0,2,110
719,16e2e4cd5f47eb1ebbe9a0ac95956a5eeb1517ef3c1ac9518cdb232a6c076f10,213615,4,1,True,True,True,local_trade_no_swap_certified,1,1,False,True,True,False,False,1091.0,2,87
720,77ba27842f5f99d16c5715b2df07804aa8d5738278a2455194a3ddc707ae0540,66758,4,1,True,True,True,local_trade_no_swap_certified,1,1,False,False,False,False,False,29392.0,2,271
721,98fa538f2f694e14f43b91f3e2162d810c897f875dca8acf8f8d6095809ba2b9,173232,4,1,True,True,True,local_trade_no_swap_certified,1,1,False,True,True,False,False,1309.0,2,113
722,84c53c9775fc4701c1bd7bea241163be8c56bde1474dfbdf2c37456ef3f371e9,220193,4,1,True,True,True,local_trade_no_swap_certified,1,1,False,True,True,False,False,891.0,2,85
723,cd29318f673423197df0c6a06a5accb72b83a1bdfafe0bdd25bf720c4a1270a7,108854,4,1,True,True,True,local_trade_no_swap_certified,1,1,False,False,False,False,False,1060.0,2,85
724,885f04b32283b16b25e4d14f6ff13e09a6a46d75ad4ab55ac5b3afbdd479d48e,4955,4,1,True,True,True,local_trade_no_swap_certified,1,1,False,True,True,False,False,1328.0,2,168
725,91b55ee9a5e4f09e41cfdbadf68df043996a1fd1277a6785e50a145ee20c97bc,290733,4,1,True,True,True,local_trade_no_swap_certified,1,1,False,True,True,False,False,104.0,2,85
726,f6ab834b03098e8cc667c007f16d784ae38a90e3cba82028351288ff733f980b,59724,4,1,True,True,True,local_trade_no_swap_certified,1,1,False,False,False,False,False,320.0,2,120
727,0208cb195160f91af202561a0ab4a7082053807b9a2911ceda7e33c2675cae03,204753,4,1,True,True,True,local_trade_no_swap_certified,1,1,False,True,True,False,False,646.0,2,85
728,bd0735f6ecc87263dcc48591a5fabe2968fd5109a2f149f4bf910327021f58b1,287847,4,1,True,True,True,local_trade_no_swap_certified,1,1,False,True,True,False,False,544.0,2,106
729,3ffbc8e08a2e037692efff4e6610b59d4317602f2d6e48bbe8022aabc600274a,208174,4,1,True,True,True,local_trade_no_swap_certified,1,1,False,True,True,False,False,884.0,2,160
730,b9916354855020ef84aabd561ccf0737d70b3e244d94ce9a46fefc492fed98a9,3207,4,1,True,True,True,local_trade_no_swap_certified,1,1,False,True,True,False,False,104.0,2,90
731,75442cb8c070685a3c1364c62ff4876c4d6595e64a68fb491b07bcfe05262deb,26503,4,1,True,True,True,local_trade_no_swap_certified,1,1,False,False,False,False,False,786.0,2,143
732,22a328625f8aa1570576fac97c5396a9f490e23cb1caf50d435712c217173d6f,198945,4,1,True,True,True,local_trade_no_swap_certified,1,1,False,True,True,False,False,159.0,2,85
733,ed40f953ac0a95742f0fc80a5875f27da9aee096a2a3561f9780952f7f882e21,83566,4,1,True,True,True,local_trade_no_swap_certified,1,1,False,True,True,False,False,903.0,2,85
734,96327148fb6644a5410cf828f7f8e8d554d6080275dded8ef9fadaf36d2fa68b,26705,4,1,True,True,True,local_trade_no_swap_certified,1,1,False,True,True,False,False,1138.0,2,108
735,0c9b0a91d5497ae7842123b965b14e51efea9286241ba603bc12e9eb7e577818,230515,4,1,True,True,True,local_trade_no_swap_certified,1,1,False,False,False,False,False,1222.0,2,151
736,3194a39a98f4d7e730d679b9878a669f273c16aa8bc47391f0993420c033af93,234334,4,1,True,True,True,local_trade_no_swap_certified,1,1,False,False,False,False,False,465.0,2,85
737,85d8b81f2c610911cae82f24fdb79ba96028f3a2c35ba4f75ca6b1f98267049b,287228,4,1,True,True,True,local_trade_no_swap_certified,1,1,False,False,False,False,False,463.0,2,103
738,6c39d6b4aca3dacf9a6afcbaa60f47c7f82cb9b17eb2c256ade76a00ffd541af,16671,4,1,True,True,True,local_trade_no_swap_certified,1,1,False,True,True,False,False,79.0,2,85
739,b1ff8cde3337ae907a9cf0015dbba0c620df78ddb9b27bf71550269b03957e4f,230644,4,1,True,True,True,local_trade_no_swap_certified,1,1,False,False,False,False,False,392.0,2,85
740,83f15d211fc27123ccff5762dd64e91e532390dc8cfb65a471ea29b360885a5b,12676,4,1,True,True,True,local_trade_no_swap_certified,1,1,False,True,True,False,False,462.0,2,96
741,becedb90b0de33f30a27975365eda9b2f81bc11be3423dbcb928a992cf452516,162406,4,1,True,True,True,local_trade_no_swap_certified,1,1,False,False,False,False,False,327.0,2,102
742,d906b85e14e93b16c87e8ab3976fe1a585fc0a0bd92e934a0ac26049929d4b14,106131,4,1,True,True,True,local_trade_no_swap_certified,1,1,False,True,True,False,False,379.0,2,166
743,bae215346235b0200ea15d432a9cb7f691c6e2b91256acdfc7fe2c8ae2639056,162607,4,1,True,True,True,local_trade_no_swap_certified,1,1,False,True,True,False,False,9938.0,2,95
744,c546489966bdd13c987fb648af41b19bedbc2c5fbe333091593445bcc9f6eab3,160871,4,1,True,True,True,local_trade_no_swap_certified,1,1,False,True,True,False,False,434.0,2,142
745,f4d986179be7093ba12298bb80ca6209ef823693303776002e03d8b10b8c2fd1,122883,4,1,True,True,True,local_trade_no_swap_certified,1,1,False,False,False,False,False,1017.0,2,103
746,329cc54c94b2d2c4393952c78ea59579377b926d6e68d185f90eee908299f153,178743,4,1,True,True,True,local_trade_no_swap_certified,1,1,False,True,True,False,False,188.0,2,85
747,b77ced6d635bfd7cd8e975a03ba1cf82f38a79cf45d7c67824bd0dec6f7b963b,50713,4,1,True,True,True,local_trade_no_swap_certified,1,1,False,False,False,False,False,513.0,2,91
748,6bd8cd874bc409ad294a8c534d178513b7ff6a3389b04384fbb972e2275cceab,107477,4,1,True,True,True,local_trade_no_swap_certified,1,1,False,False,False,False,False,630.0,2,85
749,d0be27ec366bdaa7cbbab9b5b254a9839160fab48d8c4f12dccb77028be0aa3b,267085,4,1,True,True,True,local_trade_no_swap_certified,1,1,False,True,True,False,False,303.0,2,113
750,c5460b9e97a9f3af83111959b47d4961fc7ff3ee8695a92b014df155c70f41cf,98248,4,1,True,True,True,local_trade_no_swap_certified,1,1,False,True,True,False,False,16281.0,2,85
751,6b0b292614b9788cbfd4c9525650bd200db882b9e0aa80437b1c10b7836813ad,162893,4,1,True,True,True,local_trade_no_swap_certified,1,1,False,False,False,False,False,633.0,2,85
752,9b588d85737e2b3d252314e88112c9e0b3fd429ada29ff1a2acf4fc1a4f773db,228985,4,1,True,True,True,local_trade_no_swap_certified,1,1,False,False,False,False,False,936.0,2,90
753,1fe07515a36bd0796d0918516d7ab1f3bf06c7c4055fe5ad7e324746a79aa5fb,141043,4,1,True,True,True,local_trade_no_swap_certified,1,1,False,False,False,False,False,1360.0,2,101
754,9941c90ce80a782850051d52ae7839d4cee1b269005f89275a26944619016591,176634,4,1,True,True,True,local_trade_no_swap_certified,1,1,False,True,True,False,False,621.0,2,108
755,8d5929eb97249ecde6376592e7c77251179cde15288c78e8a770318346c72d14,202070,4,1,True,True,True,local_trade_no_swap_certified,1,1,False,False,False,False,False,1526.0,2,85
756,0ded84c87299bd4b9bef7f870721263b25f4b726342fc0a7a90727062deb8961,260667,4,1,True,True,True,local_trade_no_swap_certified,1,1,False,False,False,False,False,2386.0,2,194
757,85045e71ade2d65b66e43574ffbae8f2d3274c52e7083a479cacc542f9749da2,17145,4,1,True,True,True,local_trade_no_swap_certified,1,1,False,False,False,False,False,232.0,2,102
758,236a8e5e6176a2713fffacee87bc6878fb7139a85879ce15bac1deccd95f5a18,145846,4,1,True,True,True,local_trade_no_swap_certified,1,1,False,False,False,False,False,328.0,2,85
759,42d615535a11cc9d01b3a940f635633057c0b56df23eea7035dc1558cf0de1fb,16481,4,1,True,True,True,local_trade_no_swap_certified,1,1,False,False,False,False,False,146.0,2,128
760,a082b1c475d0eb256cbcbb6fade0890def3b30fb18b2bff1a5593fa8d1b72c2c,254550,4,1,True,True,True,local_trade_no_swap_certified,1,1,False,True,True,False,False,3090.0,2,448
761,9e2d1b60a6a41ef0045c6fc1d4a76ff61fcd7836b9429a4b08d66ee4fef8122f,204443,4,1,True,True,True,local_trade_no_swap_certified,1,1,False,False,False,False,False,810.0,2,85
762,78a485184fe1a165fac43da0e00d521f3bee6d9b855c8c6f858765f2a3246416,111387,4,1,True,True,True,local_trade_no_swap_certified,1,1,False,False,False,False,False,2529.0,2,85
763,c42fc923b7bda9df4ca49d1d3c508ff56793943676f19595d7bcd6aa4a7b4cd5,116009,4,1,True,True,True,local_trade_no_swap_certified,1,1,False,False,False,False,False,341.0,2,113
764,84d2df9127bbae10d4cdf8359dd2a638ac8c326af6384b4df87a7a97351f6bf3,119829,4,1,True,True,True,local_trade_no_swap_certified,1,1,False,False,False,False,False,580.0,2,85
765,d171a331384022d01292a4f1abb83b491a2c33f81b673263dd561db627c58e5d,190087,4,1,True,True,True,local_trade_no_swap_certified,1,1,False,True,True,False,False,606.0,2,85
766,15f261a615d595aafdede008a69715ee9cdee1f23bff5e6c35173730f23be3e1,39317,4,1,True,True,True,local_trade_no_swap_certified,1,1,False,False,False,False,False,768.0,2,150
767,1f43e6a5346738faf35a4c1534e8fc47f0dcdb2f74b2e9b4d225b92eabdc70fb,10906,4,1,True,True,True,local_trade_no_swap_certified,1,1,False,False,False,False,False,125.0,2,85
768,82a06d70a64206ae5810d1faae0fce9d27e82de4e2a5eeba4327f8273ada0c4e,47347,4,1,True,True,True,local_trade_no_swap_certified,1,1,False,False,False,False,False,1068.0,2,85
769,a29316a3de08549c8007e1598c1eca5eaa90929ece352c9450bd9cae0f4984c2,266669,4,1,True,True,True,local_trade_no_swap_certified,1,1,False,False,False,False,False,517.0,2,85
770,7b0e8aff472934af2a94755627f1044ceadc3a8403ce02df3d6c39f5fba48930,27505,4,1,True,True,True,local_trade_no_swap_certified,1,1,False,True,True,False,False,812.0,2,116
771,dd1f8a72c1ae01ef2d0b47c850d20a95c3e9974badf9812c6529488fc9dd4c13,80509,4,1,True,True,True,local_trade_no_swap_certified,1,1,False,False,False,False,False,771.0,2,115
772,db1a28716d3bf728ac86d24277340387f6a1eff369d4f048029a468f1aeb1682,117671,4,1,True,True,True,local_trade_no_swap_certified,1,1,False,False,False,False,False,228.0,2,85
773,f19a53f10a10e6c1673a2f65b4c1ad71aa8e62495e647b9c46183c84b99a8ff2,247492,4,1,True,True,True,local_trade_no_swap_certified,1,1,False,True,True,False,False,544.0,2,85
774,468bbaaf88ff301f3fb10e11c3dc39569868bf5cf584f53d9c01f779722f2176,96008,4,1,True,True,True,local_trade_no_swap_certified,1,1,False,False,False,False,False,242.0,2,110
775,99e2a0a67da2cfb94e9e97f4716ea3f20e30e8ca239a93d1ee3a2bcb3051b46c,226276,4,1,True,True,True,local_trade_no_swap_certified,1,1,False,True,True,False,False,559.0,2,203
776,f191fa1b744f50d48b5395f87eb15c11260ff79107eac43044ab08385bce83c2,46755,4,1,True,True,True,local_trade_no_swap_certified,1,1,False,False,False,False,False,132.0,2,103
777,54b1426078d769c4ebe34e34e70b4162c2d94193fb383d714d946cdfafedf858,205040,4,1,True,True,True,local_trade_no_swap_certified,1,1,False,False,False,False,False,766.0,2,85
778,feb1f07a19f75dd7ea0d86139d68d02d7cb3386321227cf877d2650176a74392,290048,4,1,True,True,True,local_trade_no_swap_certified,1,1,False,True,True,False,False,253.0,2,105
779,e1f8eac62f638257acc072eced7ca7093204a832ccca6d24c3daeeb867872fe8,277918,4,1,True,True,True,local_trade_no_swap_certified,1,1,False,True,True,False,False,396.0,2,171
780,921e2fe7510a6e0018d3c76b274503b0d483ccfcf28fdfc0df077c8f1b875896,285151,4,1,True,True,True,local_trade_no_swap_certified,1,1,False,False,False,False,False,668.0,2,85
781,2fb7f9fb047459fbdc1ad5904ac7b7952ba48addea74fa6904ac5982b1091c92,135635,4,1,True,True,True,local_trade_no_swap_certified,1,1,False,False,False,False,False,516.0,2,85
782,636946d9cfd0580cd9715959b997caef9e0269f358fbb002b440cb41ff4dad90,210949,4,1,True,True,True,local_trade_no_swap_certified,1,1,False,True,True,False,False,924.0,2,178
783,3e93556a306219b7a85060b28882709ff404880f7260cc3142fc4b7e15a87385,204671,4,1,True,True,True,local_trade_no_swap_certified,1,1,False,True,True,False,False,2229.0,2,85
784,030c7c8a05ac3c16c6d961525e69769c8596ca4e50f70be14f1887a0ee38a8a8,20118,4,1,True,True,True,local_trade_no_swap_certified,1,1,False,False,False,False,False,806.0,2,109
785,d5c5ed40fce02ae88301df80dfac35176626b27ce866e9f15ce708a65c027294,130608,4,1,True,True,True,local_trade_no_swap_certified,1,1,False,True,True,False,False,289.0,2,115
786,427b5f5902a60e923aafc0c1603c293341e8fd07494b2012dc94a4640a4b2423,35697,4,1,True,True,True,local_trade_no_swap_certified,1,1,False,False,False,False,False,1788.0,2,114
787,0ee80c0dcad2b8966265fb5809fc54c858c63aa377a7d9d1cbc9015551798ec1,241166,4,1,True,True,True,local_trade_no_swap_certified,1,1,False,True,True,False,False,269.0,2,85
788,6a253e6a57207117f6ee067c4afd6b6dcb1026e8c6f77055c4ee000a094aa5e2,260214,4,1,True,True,True,local_trade_no_swap_certified,1,1,False,True,True,False,False,1599.0,2,118
789,ee0d7b04ba2bab34361ccc491c6e66d2cfef3a5117755f861006495500b9cfd8,165521,4,1,True,True,True,local_trade_no_swap_certified,1,1,False,True,True,False,False,24381.0,2,229
790,64efb620e0039bf515225e97ca4ac293b1397a5562796172d3e0e2d01b276ba5,22961,4,1,True,True,True,local_trade_no_swap_certified,1,1,False,True,True,False,False,1797.0,2,129
791,68a4b634d18062ec8d49c62ff3cc1ca85a65664e533e75e9bf107a2b4a992c25,24750,4,1,True,True,True,local_trade_no_swap_certified,1,1,False,False,False,False,False,103.0,2,85
792,bb8f52aabcc5663bae14df6f6c468efeee24f6e9bc1dbe208fcdf2a25ab44133,41549,4,1,True,True,True,local_trade_no_swap_certified,1,1,False,False,False,False,False,2266.0,2,115
793,cf907dc792efc362ec22ad94f9862bfbcbbdeb66a1705794da4ee9166cceabb2,181849,4,1,True,True,True,local_trade_no_swap_certified,1,1,False,False,False,False,False,176.0,2,85
794,913e1c6bdd9da5b43ae128eeb303f3f6ed6ccb17c1dc14665bdf9e39fab7c191,36039,4,1,True,True,True,local_trade_no_swap_certified,1,1,False,False,False,False,False,653.0,2,175
795,8759f981f7f42995b8780c00c219e976ce46ae04b9355391bd06b48a6cb8cc6b,232108,4,1,True,True,True,local_trade_no_swap_certified,1,1,False,False,False,False,False,1478.0,2,101
796,18159de3fa22a82c9e431d778c3fcd920ca34039b3afdee6f73118e4404ddda4,123149,4,1,True,True,True,local_trade_no_swap_certified,1,1,False,False,False,False,False,321.0,2,114
797,6161cab9568099392670c19dbc8fee319f742a3e629814ebe4be7d889bf2bb19,271123,4,1,True,True,True,local_trade_no_swap_certified,1,1,False,False,False,False,False,171.0,2,85
798,35e4784b218c681b7155bb5c559dd358529e7b935e059354402d7b0d681e79b4,104247,4,1,True,True,True,local_trade_no_swap_certified,1,1,False,True,True,False,False,729.0,2,141
799,e25dff78bb08ed4dc7595f204609638f94018c69db3f1e4e18e8f6bae65b5641,19062,4,1,True,True,True,local_trade_no_swap_certified,1,1,False,False,False,False,False,1081.0,2,96
800,12f9f4c707b668f0cb6197bc40a6ce6e73c42de7a749a472109d2fd961d99fd1,78768,4,1,True,True,True,local_trade_no_swap_certified,1,1,False,False,False,False,False,1260.0,2,85
801,25a7401da94223715c6fe0bf26e7a28190155619bbf0e4b001c1a6aeed0a6862,278090,4,1,True,True,True,local_trade_no_swap_certified,1,1,False,True,True,False,False,104.0,2,93
802,97638abe1a381958ad8eaca2361d19398c51cf95e397e57ae13acbc10855b31d,47184,4,1,True,True,True,local_trade_no_swap_certified,1,1,False,False,False,False,False,867.0,2,136
803,245a74ab70821ff298d4acbbe7913775983f6546b123f6e629de3bb042b7218e,27244,4,1,True,True,True,local_trade_no_swap_certified,1,1,False,True,True,False,False,1299.0,2,85
804,ef1c8143bcb36153576271cd4c2f11177fa820a0fb6950435e4d4f837ba5e442,9041,4,1,True,True,True,local_trade_no_swap_certified,1,1,False,True,True,False,False,3437.0,2,310
805,a07337c5d0b789bb1cb72c4ff63caf0a58767c73965be9818fe61f56bb84ce7b,154170,4,1,True,True,True,local_trade_no_swap_certified,1,1,False,False,False,False,False,207.0,2,118
806,41a77d175b57901712b80f4d67453fcafa5c416787bfef966d0564960dc4d183,131165,4,1,True,True,True,local_trade_no_swap_certified,1,1,False,True,True,False,False,71.0,2,85
807,ea3d84da009626d0d0fb20198017f9917e94a67547d3fd04af3d0b5616f46acf,4506,4,1,True,True,True,local_trade_no_swap_certified,1,1,False,True,True,False,False,1243.0,2,148
808,e933e1512a8c8cd7dfd990ef482889c1ffc0dd99757661957b26d86bd7ff53cf,124512,4,1,True,True,True,local_trade_no_swap_certified,1,1,False,True,True,False,False,1374.0,2,85
809,9695db235fd98cebe25e24ae256da792466b34e57f8ed7a66eab0ada83e2c175,189796,4,1,True,True,True,local_trade_no_swap_certified,1,1,False,True,True,False,False,383.0,2,156
810,54f3c6f50178ba57f08805456ad864fd3b387e3ef924b9722f59f130327feff0,112308,4,1,True,True,True,local_trade_no_swap_certified,1,1,False,True,True,False,False,605.0,2,110
811,62601e22e425976b1db2eda388275558384e7b454c5ff6f3839936a05e999481,175911,4,1,True,True,True,local_trade_no_swap_certified,1,1,False,True,True,False,False,3925.0,2,119
812,cb23fe09515cdd7e593ec7a0fcd643f7813b90762dbdbfbce9207d70ebc76cc8,267317,4,1,True,True,True,local_trade_no_swap_certified,1,1,False,True,True,False,False,293.0,2,85
813,be8c82c97bc0d22876ed341af1d6228d38adfcc1e9157ed7be42e13cdab66e0f,239266,4,1,True,True,True,local_trade_no_swap_certified,1,1,False,False,False,False,False,620.0,2,105
814,75b8867c554e38177741191be290a32779cf78be983e97e09a60b31ac115c763,38146,4,1,True,True,True,local_trade_no_swap_certified,1,1,False,False,False,False,False,380.0,2,113
815,eeee2591ec76116cbd377873d8389198bfd8cf6e91d83e3bccd3793385224dbf,209402,4,1,True,True,True,local_trade_no_swap_certified,1,1,False,True,True,False,False,379.0,2,85
816,debc02dbe4f4cfcbcf959027b3ce996e61d019659a770e1a94f518d3b8820ba7,121594,4,1,True,True,True,local_trade_no_swap_certified,1,1,False,True,True,False,False,309.0,2,242
817,0da2c52acb7065beb21756b43bb60bb9035d3b615028c956fc42d25b559b2625,128928,4,1,True,True,True,local_trade_no_swap_certified,1,1,False,False,False,False,False,506.0,2,111
818,caacb0ad897f361ad9d5988e44c7e153e57a66dfe75a43f05bdbe5d5abf33259,28499,4,1,True,True,True,local_trade_no_swap_certified,1,1,False,True,True,False,False,3123.0,2,764
819,9cfd8e48152044b8acd0460258a50561b10623100850539446f6f5529256984d,102969,4,1,True,True,True,local_trade_no_swap_certified,1,1,False,False,False,False,False,3018.0,2,92
820,5a69279f765ca0964a1accfdacdb1916c028101590e9761281dda21ab32cf0be,119723,4,1,True,True,True,local_trade_no_swap_certified,1,1,False,False,False,False,False,261.0,2,96
821,00459ca950cc3a866ee94f00da8c142728fd708e1686e6a61d3dad208f510f31,13065,4,1,True,True,True,local_trade_no_swap_certified,1,1,False,False,False,False,False,1175.0,2,101
822,3ef588558d26cccf3a31d816dbc8cff870481bf15737ea4ec4455a8df1144eb2,138190,4,1,True,True,True,local_trade_no_swap_certified,1,1,False,True,True,False,False,890.0,2,85
823,6f54009a23157035cd726fa5a56db1e04770e3180bc8589e728efd71586dd653,32183,4,1,True,True,True,local_trade_no_swap_certified,1,1,False,False,False,False,False,260.0,2,85
824,b9dd690d6df96bca1dffc0982b7c8b33902b2a086ee8d6dba366f1dd297e3a06,74874,4,1,True,True,True,local_trade_no_swap_certified,1,1,False,True,True,False,False,326.0,2,105
825,61dd033a60848035a4531a4cdfc9ac73b363e130a3855348dff3ccce253d22f7,120304,4,1,True,True,True,local_trade_no_swap_certified,1,1,False,False,False,False,False,795.0,2,187
826,d46b49ade0796f2338cc2d7e45ac188208f299edff97685895aac55d58f474c7,130678,4,1,True,True,True,local_trade_no_swap_certified,1,1,False,False,False,False,False,243.0,2,99
827,e077fc3d7d580eeb2b0528528bdc8cc98957842e29c3e252c4471184b4390409,285146,4,1,True,True,True,local_trade_no_swap_certified,1,1,False,False,False,False,False,521.0,2,85
828,e3f485f4ec295be8e786845507df3b77f4e0288969db2a22eb13c2b4793afe58,296615,4,1,True,True,True,local_trade_no_swap_certified,1,1,False,True,True,False,False,788.0,2,163
829,00c54c2fe081ef3a5f720169e653f69848656c339a98e4863f214c94ecd94d25,163056,4,1,True,True,True,local_trade_no_swap_certified,1,1,False,False,False,False,False,84.0,2,90
830,bcce523d5ea654658d0dbbd744b36820a4c84069e6df6ef28d00e577626e2ebd,182769,4,1,True,True,True,local_trade_no_swap_certified,1,1,False,True,True,False,False,4577.0,2,112
831,e62d17338c8b6f4e0b2d70a7470cd02263297ae938526ac0100115bc1ccca148,170906,4,1,True,True,True,local_trade_no_swap_certified,1,1,False,True,True,False,False,5194.0,2,124
832,1eb2891c0524524b6fd3e5ec690287fe8587466de6858dd1830e4c9a07535a0b,191479,4,1,True,True,True,local_trade_no_swap_certified,1,1,False,False,False,False,False,565.0,2,100
833,2032e3fc38b79dbbc87ffc50fef0a09427e222b490651a4129c9db741dce9004,283456,4,1,True,True,True,local_trade_no_swap_certified,1,1,False,True,True,False,False,471.0,2,121
834,baa0fa77bc23aebb4558214e25b87dffe69d27007d9ebdc1ae177d1d84fed79f,156619,4,1,True,True,True,local_trade_no_swap_certified,1,1,False,True,True,False,False,2459.0,2,203
835,66a1694710fa9b1ab651a6a895a2bbc6512ef0c7dddd6a8e10525862e8ce8f22,138657,4,1,True,True,True,local_trade_no_swap_certified,1,1,False,True,True,False,False,803.0,2,152
836,a42d3709c108b7c07b25209393db9bdd8b87ee26d3a20e9e95c3e727b5d00329,158745,4,1,True,True,True,local_trade_no_swap_certified,1,1,False,True,True,False,False,2347.0,2,132
837,fcf28fce3d5815805d3e29efc7026a2fc2c84675bf549529c5b226b73e17e5bf,124437,4,1,True,True,True,local_trade_no_swap_certified,1,1,False,True,True,False,False,831.0,2,85
838,a3c4bbba931f9ed0e14b2b071416e5d0a330fc704d4a36faee08ffecfdbaae16,297125,4,1,True,True,True,local_trade_no_swap_certified,1,1,False,True,True,False,False,430.0,2,87
839,068f52df65600649527673cc8e2c2e04cdb10be4464431343ebc05dd7ef5376e,215647,4,1,True,True,True,local_trade_no_swap_certified,1,1,False,False,False,False,False,248.0,2,137
840,0dd95deeee3c0ae7b9a25f27a09951b72f6cc04da01c931130452eec25008a4a,5792,4,1,True,True,True,local_trade_no_swap_certified,1,1,False,False,False,False,False,229.0,2,85
841,28d0ea0d568dd19d7bee41df20eb1bd7c0c90f089759dec2d1b8966a0f686815,231252,4,1,True,True,True,local_trade_no_swap_certified,1,1,False,False,False,False,False,1570.0,2,190
842,8166f696bf261761ad5ab1eb5bbc595253c8981806db6c8a04504ebd29618e2c,112097,4,1,True,True,True,local_trade_no_swap_certified,1,1,False,True,True,False,False,513.0,2,100
843,c892e62ccc5856bea8fe1171d01c0c65961fb4c63e2868f67368644b4b7f1d4c,270526,4,1,True,True,True,local_trade_no_swap_certified,1,1,False,True,True,False,False,1737.0,2,93
844,64d46ea652f1fb4b463062e3474289e4222ac612ada602556e4da771f5bee6a5,38384,4,1,True,True,True,local_trade_no_swap_certified,1,1,False,True,True,False,False,3596.0,2,113
845,7ef7ee75b6c94d6c760caf7b4adc503f7bfc09e210052306860177ef6a469975,52232,4,1,True,True,True,local_trade_no_swap_certified,1,1,False,True,True,False,False,324.0,2,98
846,e466337487d59aaac8a8d5882d7dda8c0874b52400009f5384daaddcc71da1b1,274680,4,1,True,True,True,local_trade_no_swap_certified,1,1,False,False,False,False,False,762.0,2,85
847,21b9686609299541ccb4d6ea72609ad5c3541e1d74069cc4ea3f8dd0be913f24,45437,4,1,True,True,True,local_trade_no_swap_certified,1,1,False,False,False,False,False,664.0,2,126
848,740ee7817e5d792bc3e4798116c3a318dec1c9eead6e08c90f99ef2e7ede457f,33615,4,1,True,True,True,local_trade_no_swap_certified,1,1,False,False,False,False,False,134.0,2,85
849,24c70f9728a353e95dd4dffd741244d9812264c061eebb66c83ddefd01a253c8,206597,4,1,True,True,True,local_trade_no_swap_certified,1,1,False,False,False,False,False,930.0,2,96
850,0b84a6495a2e1e14a244ca3e97c93e13dee923ea584c6f62a8bd503b70f29cab,263238,4,1,True,True,True,local_trade_no_swap_certified,1,1,False,False,False,False,False,1788.0,2,114
851,1b09591a19d51e0c9185baf19d9ec90e93fdd3d368d18c7a5339edd68baffbca,181158,4,1,True,True,True,local_trade_no_swap_certified,1,1,False,True,True,False,False,1036.0,2,85
852,0b31b128ad7f55e8a26f8eef6c67f451ead75ab1b70ae2977df34d418878efd5,593,4,1,True,True,True,local_trade_no_swap_certified,1,1,False,True,True,False,False,971.0,2,180
853,8ec1d098afe959a3f5418f508721415483c1765bca64ff8beecdc9f21577d12e,209931,4,1,True,True,True,local_trade_no_swap_certified,1,1,False,False,False,False,False,501.0,2,115
854,e9d7af95ff444b536275365287e89d05d5cdeed6644f8eb54cf289e43b5c1c8d,52480,4,1,True,True,True,local_trade_no_swap_certified,1,1,False,True,True,False,False,1189.0,2,183
855,497c9517e8641e39d17d5285c583c0ae7540f55fa12ad46b61a7b5811210f7ab,293087,4,1,True,True,True,local_trade_no_swap_certified,1,1,False,True,True,False,False,792.0,2,85
856,a78a901bb8c78c4cb505f5f93dd23270d44e12a09c1e981e3fd55dae2a8ca766,41621,4,1,True,True,True,local_trade_no_swap_certified,1,1,False,True,True,False,False,199.0,2,85
857,f039cae333a5fae7bc9ac6334015eaa6cedfee9ed395cc68e84aa86f5cb9263f,239992,4,1,True,True,True,local_trade_no_swap_certified,1,1,False,True,True,False,False,835.0,2,91
858,8806f233efa99fd75458c5691a5e5d75f95371274d91c4017b266127824b0de0,198693,4,1,True,True,True,local_trade_no_swap_certified,1,1,False,False,False,False,False,342.0,2,118
859,2e013b4a7de979be468e47a13a5633e3750ff1a09b1ee347cd7f8811fb2170af,265281,4,1,True,True,True,local_trade_no_swap_certified,1,1,False,True,True,False,False,119.0,2,92
860,6ee148f69cf4c6b9222728a038570d0cd1b6f9fc838f9ff5a6c0f29d6a70440c,46777,4,1,True,True,True,local_trade_no_swap_certified,1,1,False,False,False,False,False,474.0,2,125
861,f2451254730b011a64d8c4803b66de8c73451cccd41e1a02765d7db03538cc7f,12979,4,1,True,True,True,local_trade_no_swap_certified,1,1,False,False,False,False,False,315.0,2,85
862,1d64c3cace08115852457fba5d34aec6f540e117f68a3cd2d3141608d7efaa8e,119812,4,1,True,True,True,local_trade_no_swap_certified,1,1,False,False,False,False,False,2628.0,2,164
863,97546efbf87557e36b0d16f0b2d186c5bcca770ba45988e4c7dde654f0e28bc4,131093,4,1,True,True,True,local_trade_no_swap_certified,1,1,False,False,False,False,False,504.0,2,91
864,2ccdc06cc351b6d12b08a720e45fd04aeee7391256421c27b6a8ac076d180ce0,179620,4,1,True,True,True,local_trade_no_swap_certified,1,1,False,False,False,False,False,225.0,2,85
865,13c8694b3d27b8869ded6479f52a7422bb20ee045429938e818ab8a126c634fc,51611,4,1,True,True,True,local_trade_no_swap_certified,1,1,False,False,False,False,False,106.0,2,85
866,c2fa5a180b6b8cd4d857df20c7015a3e6f77c3da337cedd7090c27d72406cf1e,221237,4,1,True,True,True,local_trade_no_swap_certified,1,1,False,False,False,False,False,293.0,2,85
867,a87b6102416253528f08d0173c13856f3c24c26d85b805c59b5811514d0050f5,257878,4,1,True,True,True,local_trade_no_swap_certified,1,1,False,True,True,False,False,1608.0,2,85
868,b1c7494d19307fe70f2332b39bf02945bd3b6fb14d32c8576382bb1a71d4de60,298065,4,1,True,True,True,local_trade_no_swap_certified,1,1,False,True,True,False,False,618.0,2,85
869,7715854606e29a745b96b0c0f1de4534feb629c67d35ed343dab6fb1f119e472,122703,4,1,True,True,True,local_trade_no_swap_certified,1,1,False,True,True,False,False,203.0,2,105
870,adff5d1a34a5ad302e885226c1695107460d26c094e1eea8359a4e34f7c960f2,17871,4,1,True,True,True,local_trade_no_swap_certified,1,1,False,True,True,False,False,359.0,2,85
871,95e1caad5d78e05a9343442f03c1ac12b8561237f4af4cfcd06ee78ec73df904,51180,4,1,True,True,True,local_trade_no_swap_certified,1,1,False,True,True,False,False,2916.0,2,209
872,daddebf8a246332aefadb22a45cdfa17863186309fd899992d70d2daf107ab80,125871,4,1,True,True,True,local_trade_no_swap_certified,1,1,False,True,True,False,False,228.0,2,96
873,2d31f0a39eb2a464688c0f89c3aa38ae7150a1262c8dfd79ee6a784dbb096aaa,158734,4,1,True,True,True,local_trade_no_swap_certified,1,1,False,True,True,False,False,2612.0,2,274
874,eeb62d80450f171f2c08e35b3587f26c77c86d082bfbb9352c953c8a944c6772,275488,4,1,True,True,True,local_trade_no_swap_certified,1,1,False,False,False,False,False,687.0,2,85
875,7ed4f9c725057aaaa456a44f48fa1cb9dff37779be514339435c251359c84186,42224,4,1,True,True,True,local_trade_no_swap_certified,1,1,False,False,False,False,False,808.0,2,103
876,627a07c50911d5cd3d09282e8fb80646298a3007424988cf5713598b25d6b9cc,180717,4,1,True,True,True,local_trade_no_swap_certified,1,1,False,True,True,False,False,1575.0,2,133
877,a47869f4890a249e471add15972e8273f6427fa307fe6f0ea53f063d58dc468b,271799,4,1,True,True,True,local_trade_no_swap_certified,1,1,False,True,True,False,False,205.0,2,88
878,e45e631602e97216704ecbfa5c81db3aee4511e7f06f0b369f5a7a6e8dfb1d3e,124661,4,1,True,True,True,local_trade_no_swap_certified,1,1,False,False,False,False,False,1579.0,2,110
879,dfafeae39ae123df6555adfa224c540922735badd26211d9b91a9f5fbcbf63d7,3407,4,1,True,True,True,local_trade_no_swap_certified,1,1,False,True,True,False,False,5485.0,2,215
880,d3971a8e75a6513650d15a5fa9c6aa47e9377c697e84d686ee920cbc217e2fec,90297,4,1,True,True,True,local_trade_no_swap_certified,1,1,False,False,False,False,False,232.0,2,111
881,7510cef85eee0a8b0a5c807b84e3f1451be3cb0b52d1d28cf2e6491e0b815698,167027,4,1,True,True,True,local_trade_no_swap_certified,1,1,False,True,True,False,False,331.0,2,111
882,3c5180b206acf88aa2be32607794878863ae6e11f137abfc18968f2c9ec3e8cf,6851,4,1,True,True,True,local_trade_no_swap_certified,1,1,False,True,True,False,False,261.0,2,85
883,74efd1cc8b2edaddabe3a7983def38b04e3aa48dabb69972a1cfc65a1364b019,58605,4,1,True,True,True,local_trade_no_swap_certified,1,1,False,False,False,False,False,1754.0,2,85
884,c5647092cd19e65afecad955086c83e18cc2eb2adb3dce0bab98d015d2d9c4df,238580,4,1,True,True,True,local_trade_no_swap_certified,1,1,False,True,True,False,False,901.0,2,107
885,1a5e369be1cd448931a6e34081a06879778c0c8133e40ab1ffd92b5495785731,109778,4,1,True,True,True,local_trade_no_swap_certified,1,1,False,False,False,False,False,1863.0,2,169
886,3b355380ccbae077f256a14ccc37fdc03dff0c6d02501b66f48fe0b6cd1cd481,269651,4,1,True,True,True,local_trade_no_swap_certified,1,1,False,True,True,False,False,214.0,2,96
887,e22d89ad166bd66984dda0b8cfe0d7728f6f9a35b69e23fd3392747374c416bc,137145,4,1,True,True,True,local_trade_no_swap_certified,1,1,False,True,True,False,False,541.0,2,156
888,4631860db8b99dc5510f8d98fb5fbc4d86aefea0c157d68c3e967d01e2f2c0d5,203830,4,1,True,True,True,local_trade_no_swap_certified,1,1,False,True,True,False,False,1678.0,2,122
889,e645be9b825eae0e90904a43769e9b9a11fa32fd5d839a2b6066b09855e97893,119260,4,1,True,True,True,local_trade_no_swap_certified,1,1,False,False,False,False,False,3047.0,2,309
890,52cbf667f123e1b8c4b3d6a7e3e0bf6b6bf011bae0a7ccce6e1ee89b631f1902,75803,4,1,True,True,True,local_trade_no_swap_certified,1,1,False,False,False,False,False,6281.0,2,166
891,33c6ccc63ddf983670543e818e2aa123c9fc172faf1c6c7df8bba5068c8c762a,206186,4,1,True,True,True,local_trade_no_swap_certified,1,1,False,False,False,False,False,3181.0,2,253
892,9dcc63130c227b3b87e87b4fff2cc306ad22ae0627ae93fb48f8e2b748777304,101660,4,1,True,True,True,local_trade_no_swap_certified,1,1,False,True,True,False,False,763.0,2,85
893,1ff8ca8a6f60ef6c6f7bc0f33368b9ba8078bf9370db82af70d503a7a177048e,118775,4,1,True,True,True,local_trade_no_swap_certified,1,1,False,True,True,False,False,522.0,2,100
894,e4af5e051575f2f1708727aa02250607fb05e6048faf693170fb2739b2f015bb,174613,4,1,True,True,True,local_trade_no_swap_certified,1,1,False,True,True,False,False,770.0,2,141
895,266a5c0d1f2cd8932c3a0344a09aa30e03eef2bc6f8f71080ae4faa4b9acec13,175239,4,1,True,True,True,local_trade_no_swap_certified,1,1,False,True,True,False,False,1798.0,2,163
896,c31b431dc15195cf30a36a527aa2b81a40c412e3e20657177cd7425329291fd8,156774,4,1,True,True,True,local_trade_no_swap_certified,1,1,False,True,True,False,False,292.0,2,109
897,b8f0e24f52a485c52cb672898b2f9d3a212424734d7a3ca4c0632ca78db7e609,163758,4,1,True,True,True,local_trade_no_swap_certified,1,1,False,True,True,False,False,497.0,2,85
898,794a9dfb95c8b12a9761552171545a2c0d79ed5a4aefc0ce3c3631c391247aca,161774,4,1,True,True,True,local_trade_no_swap_certified,1,1,False,True,True,False,False,799.0,2,115
899,6e7c7297487581b3847709f961f60085c6bc481edcd26d57a7eb4e4c93abe449,156264,4,1,True,True,True,local_trade_no_swap_certified,1,1,False,True,True,False,False,77.0,2,88
900,1806dc957adeef05700deb776215bdd0f3a22a48d7baa42ed60d686945133db0,119567,4,1,True,True,True,local_trade_no_swap_certified,1,1,False,True,True,False,False,1203.0,2,85
901,9fa0005887b54ca194e685576b72da8371952ab1fa681815d7fd31b98ef595d1,288069,4,1,True,True,True,local_trade_no_swap_certified,1,1,False,True,True,False,False,142.0,2,85
902,b82dd7b83368590bd0e15798fd511f4f412a07ec61158be93b20fe7c59e15da2,25116,4,1,True,True,True,local_trade_no_swap_certified,1,1,False,False,False,False,False,949.0,2,85
903,75cbe27b68f352b2bf4f044b9a2b7030382519253a786ccaeada10221aab5d7c,130557,4,1,True,True,True,local_trade_no_swap_certified,1,1,False,True,True,False,False,11895.0,2,116
904,23666c2d7a5f3818949017a75ed8a7aca223a3c552e6a6f2ecba050d0eab103e,76044,4,1,True,True,True,local_trade_no_swap_certified,1,1,False,True,True,False,False,239.0,2,105
905,d7f3f0c29e45b0a41afc123da564674dedb2d67b28d5c0fbafdefefdb1e12781,195492,4,1,True,True,True,local_trade_no_swap_certified,1,1,False,True,True,False,False,8587.0,2,295
906,35f36da79efa9553402147f993d5b845d2039997c671138db9d566a72c1df620,116920,4,1,True,True,True,local_trade_no_swap_certified,1,1,False,False,False,False,False,549.0,2,85
907,a805b5d89724b772b02b0dd466ffe00a3c3dccdeefd40a71f2b7ecc4b8492762,232401,4,1,True,True,True,local_trade_no_swap_certified,1,1,False,True,True,False,False,313.0,2,113
908,05716a058cf44f171f565ee8aa60abc9dad5ddd06d9ec6e428c30f6d2ecf512f,53156,4,1,True,True,True,local_trade_no_swap_certified,1,1,False,False,False,False,False,358.0,2,86
909,2bfc91757794a1b9415533c18e7a3f418a54d0cd4553210166261ab28418a99a,210133,4,1,True,True,True,local_trade_no_swap_certified,1,1,False,False,False,False,False,6935.0,2,86
910,f91a1f10bf62ea862b307902f85222ef4173686e5fbe63ec0837a82e50387014,273960,4,1,True,True,True,local_trade_no_swap_certified,1,1,False,True,True,False,False,898.0,2,93
911,70820330bead345785f1e32d2af904b1fa9e5f214b6f6de12a54f76becca573e,184624,4,1,True,True,True,local_trade_no_swap_certified,1,1,False,True,True,False,False,950.0,2,85
912,ef3cd83614d368c2052e0d2688bb9736c66dcc15818d2ae11aa1d3a19a902c17,156773,4,1,True,True,True,local_trade_no_swap_certified,1,1,False,True,True,False,False,1763.0,2,107
913,2d215e10b83519e19face6d514d05fc010ebddf0f681e41bc47a738471e7c742,117004,4,1,True,True,True,local_trade_no_swap_certified,1,1,False,True,True,False,False,426.0,2,85
914,8d32546495364e91ac6e6b133230c75bd076a2de8aa1e119667ef6f5c506be0a,284649,4,1,True,True,True,local_trade_no_swap_certified,1,1,False,True,True,False,False,305.0,2,124
915,d607cffaaa4f150976487161d943bed8068368e179a83a5f5fbc05dd5bd00653,39633,4,1,True,True,True,local_trade_no_swap_certified,1,1,False,True,True,False,False,154.0,2,120
916,4400d632547515a8a670bc8394155d5cffaf11c5044f34ebc96513259c90c174,41379,4,1,True,True,True,local_trade_no_swap_certified,1,1,False,False,False,False,False,1753.0,2,95
917,f874c01b059030f4bb9c54e535a5bafaaa4d1e5e4fb1e1f5b5f991ce63c1d3b8,75022,4,1,True,True,True,local_trade_no_swap_certified,1,1,False,True,True,False,False,3992.0,2,85
918,d580a3b0d41c2d683b780feceb98b5940671217238d3f4af99fe90b05b0d5979,256435,4,1,True,True,True,local_trade_no_swap_certified,1,1,False,False,False,False,False,172.0,2,104
919,12a1793fd3c8423724b6ae49b31a8adafb7cb5c80501f89886481ae915e93799,174487,4,1,True,True,True,local_trade_no_swap_certified,1,1,False,True,True,False,False,707.0,2,89
920,a5229df8e43d540fe691d0067cbd1e22afb99ab2f9ae5c976dd3a1540128569c,224997,4,1,True,True,True,local_trade_no_swap_certified,1,1,False,True,True,False,False,161.0,2,85
921,77bc0fa553810f770929a7c99c28695eb7bccfbe7ac7fe294e1d82f564615421,198162,4,1,True,True,True,local_trade_no_swap_certified,1,1,False,False,False,False,False,343.0,2,85
922,9d987552ceeed60cbba124061aa00e828f0601bda95e5aa6ec593e7c4fb87171,175371,4,1,True,True,True,local_trade_no_swap_certified,1,1,False,False,False,False,False,731.0,2,85
923,c75853e13413c8b8e21a6d1214c0e7c4b77d85a3bdd445cfb3dda828743182a3,235165,4,1,True,True,True,local_trade_no_swap_certified,1,1,False,True,True,False,False,110.0,2,85
924,53e35f3687f428dd003ebb2f63c063ce5dce02c803b8ebf69ae0928dd37d287e,212761,4,1,True,True,True,local_trade_no_swap_certified,1,1,False,False,False,False,False,89.0,2,85
925,375e88ed372dd158e24d3690201022e56cb41125e8471fd77ab14a75027831ba,291696,4,1,True,True,True,local_trade_no_swap_certified,1,1,False,True,True,False,False,657.0,2,85
926,2766f61c1b6393bc8245d72513531700188a1f48b1a3a7f9f569314add75ec39,260880,4,1,True,True,True,local_trade_no_swap_certified,1,1,False,True,True,False,False,12517.0,2,85
927,7af3b0f8258d04b380c5921d0e04c7dfd6000c6b1d8f03c0314e138b18ea7afa,47571,4,1,True,True,True,local_trade_no_swap_certified,1,1,False,True,True,False,False,1883.0,2,197
928,8f85fea5cef6c33af0aaf41ae5206cacae42c6cff44138fda1079ca766ff0358,216928,4,1,True,True,True,local_trade_no_swap_certified,1,1,False,True,True,False,False,1595.0,2,507
929,442f95104176f01b1d83065597eff02f0534b29056209fb2426b1bfbe85532f1,99899,4,1,True,True,True,local_trade_no_swap_certified,1,1,False,True,True,False,False,1270.0,2,162
930,dec61bc0497feabf370c0e755f2c26901a7b550ff1c70e63b4cc5036e94cd049,202405,4,1,True,True,True,local_trade_no_swap_certified,1,1,False,True,True,False,False,217.0,2,85
931,8e429ecf2171e5376e2b4570a610dfca68efb55f8bbda622ecf073b9e2a59e8a,237077,4,1,True,True,True,local_trade_no_swap_certified,1,1,False,False,False,False,False,357.0,2,85
932,f8f4382c178224d9f5320f9b955efae6b8cc4af416b34490d2cb7a9a7cb87d48,64950,4,1,True,True,True,local_trade_no_swap_certified,1,1,False,True,True,False,False,109.0,2,85
933,cd0a021990564c3ee86105d8e6f66ea3f6fc8dc6ef02d01e85b8940a779345b7,240835,4,1,True,True,True,local_trade_no_swap_certified,1,1,False,False,False,False,False,226.0,2,85
934,ba1f21a3a60050f42f44d1199fc7c52ba32061af3a8970f6be51edc473e76bde,242686,4,1,True,True,True,local_trade_no_swap_certified,1,1,False,True,True,False,False,1227.0,2,190
935,281d972f52da1f32ea42074e1d130c4a2ce3dd8a495c08f37ae3a7cb19a14abd,140739,4,1,True,True,True,local_trade_no_swap_certified,1,1,False,True,True,False,False,3851.0,2,85
936,d593beec7056b67ce35d76cc6fb5d987f96406b063093f9b57af9b681b1fac20,249524,4,1,True,True,True,local_trade_no_swap_certified,1,1,False,True,True,False,False,3059.0,2,92
937,8c675b86559c88bcdb0b1eb056ddfb3f66ff8c3d8c58b6729a7b722f3b5d6225,167695,4,1,True,True,True,local_trade_no_swap_certified,1,1,False,True,True,False,False,393.0,2,161
938,b439267b65237f54996eee899804c30216d3850afdb0ddeef904bef6714da691,77790,4,1,True,True,True,local_trade_no_swap_certified,1,1,False,True,True,False,False,61.0,2,85
939,b9fc598eed11be6a48d6ae28db58036a05fab3d21a100881db83bf2921f5614f,32085,4,1,True,True,True,local_trade_no_swap_certified,1,1,False,False,False,False,False,1277.0,2,96
940,9612e3eea380176f11ec6e2c6f35ad18ec09bdcb08570e2b3b56fda1173a0fd0,229442,4,1,True,True,True,local_trade_no_swap_certified,1,1,False,True,True,False,False,2917.0,2,150
941,1276471d6f437845f9a10f3194491378d3e7dbb047757f81512e2c4485a833cd,178460,4,1,True,True,True,local_trade_no_swap_certified,1,1,False,False,False,False,False,610.0,2,120
942,f5f13e77c632d614dc01f77e90b4559e30582a2bad4918a4a6a0a555ef67b76c,174534,4,1,True,True,True,local_trade_no_swap_certified,1,1,False,False,False,False,False,1248.0,2,104
943,959a9266ffdd9cc3939ce3056c88623440db76c0a682a119db087868da84e493,101206,4,1,True,True,True,local_trade_no_swap_certified,1,1,False,True,True,False,False,447.0,2,85
944,11c65e47e13d558d7beb57713f61b1f1ccee49c189d2f5712ea049e38ff8de51,128410,4,1,True,True,True,local_trade_no_swap_certified,1,1,False,False,False,False,False,558.0,2,172
945,cdef97f70b222185c1764ba46640de8e1c982e2ecd76950a5ec481ee50c056e5,217962,4,1,True,True,True,local_trade_no_swap_certified,1,1,False,False,False,False,False,423.0,2,101
946,69569da5d32883e6467fde9f0e8f132177ca6d79e975cb26f6ee3bbc49646cf5,135458,4,1,True,True,True,local_trade_no_swap_certified,1,1,False,False,False,False,False,601.0,2,85
947,c9e14c63d4e8ee0eb94836728f24800542cb9f0fb415746a0b726b26001bf12c,269549,4,1,True,True,True,local_trade_no_swap_certified,1,1,False,True,True,False,False,448.0,2,85
948,09137fc2a703b7ecb9af635e6c4980d5c43db6c9ef8fcc99efc4af6219558da1,110903,4,1,True,True,True,local_trade_no_swap_certified,1,1,False,True,True,False,False,3176.0,2,194
949,8d77471c9bc40302566902a7ef63beccb72f04b1560db47a1d28220a8153921e,284073,4,1,True,True,True,local_trade_no_swap_certified,1,1,False,True,True,False,False,236.0,2,117
950,10139dbf58192c4b9c4a658dbdf19b5e15b04009d08269543dbc424810e9a3d2,47456,4,1,True,True,True,local_trade_no_swap_certified,1,1,False,True,True,False,False,157.0,2,85
951,d33af00e4c3433b0efd6f2e1b440647c1a6bf45aadc61b64f485c4c5a56b7101,265850,4,1,True,True,True,local_trade_no_swap_certified,1,1,False,True,True,False,False,163.0,2,85
952,ece569d5ab2d5a7274646b068a0501bcac43c2017f1658480cf9f67f75ebc8b0,76768,4,1,True,True,True,local_trade_no_swap_certified,1,1,False,False,False,False,False,204.0,2,127
953,bf002aef82249be2a4a4e8e394e0d3cc3083aa7960d675691d4bcfd9d21092ea,42952,4,1,True,True,True,local_trade_no_swap_certified,1,1,False,True,True,False,False,314.0,2,105
954,655b1131078421b2aa4fb2337c18ff49e2fdaed129ddcd315aa95c08da19eabc,44494,4,1,True,True,True,local_trade_no_swap_certified,1,1,False,True,True,False,False,1531.0,2,105
955,a4851a4231fa3aff331fb4da4d87ab7e6aafdd6b1f89822e75aa28eedd654b7a,140421,4,1,True,True,True,local_trade_no_swap_certified,1,1,False,True,True,False,False,233.0,2,117
956,92c2b011965f6255520ab23d1df2d6c32f86c4444e9668e92bf8326999647fe9,99987,4,1,True,True,True,local_trade_no_swap_certified,1,1,False,True,True,False,False,139.0,2,108
957,affc68d50d55243e663e7848df31862aa37fa3fac168a3fb9e6177523e31e4a4,113916,4,1,True,True,True,local_trade_no_swap_certified,1,1,False,False,False,False,False,2216.0,2,85
958,54ce283a49b90e0909c75e60153e2d5243dc50ee13750892b3bbf34c56ec21cf,269459,4,1,True,True,True,local_trade_no_swap_certified,1,1,False,False,False,False,False,1048.0,2,212
959,aaadb309174f87990fb6a15fe9f7b32574f24f290d2b0a4e94d8201da159cdb8,170137,4,1,True,True,True,local_trade_no_swap_certified,1,1,False,False,False,False,False,2229.0,2,106
960,080ca61fd43604327888f86574808ca68db602a00a97ef0e4a397fa9657d22e7,273448,4,1,True,True,True,local_trade_no_swap_certified,1,1,False,True,True,False,False,614.0,2,85
961,131b306c6a5b91a2b5f16534b24e39d28a7b7d8cc49f3f65610b9c0c0c442c9e,222466,4,1,True,True,True,local_trade_no_swap_certified,1,1,False,True,True,False,False,2092.0,2,151
962,206cfc04068e750eac0d59108e9c467948e0a34e6ddba4195f28d0818e43c6c3,289862,4,1,True,True,True,local_trade_no_swap_certified,1,1,False,True,True,False,False,2465.0,2,85
963,d1b93715be22685cc4b3383e2e1bac21eb9e9fc222a01ad1ce35cde6b3726102,277541,4,1,True,True,True,local_trade_no_swap_certified,1,1,False,False,False,False,False,277.0,2,88
964,7d66e9baf3a15e74b53f58af09622d423589aecee10a4a590dc71303a58a2c8a,114504,4,1,True,True,True,local_trade_no_swap_certified,1,1,False,True,True,False,False,1886.0,2,96
965,e1a2805d4bb415d88d8421d91694e911531d162d2c03f75a70c4657008116afb,19435,4,1,True,True,True,local_trade_no_swap_certified,1,1,False,False,False,False,False,1746.0,2,184
966,b8114a796935805dc248761ae668fdcdc3437c698752ac533c6470609df07ec9,172651,4,1,True,True,True,local_trade_no_swap_certified,1,1,False,False,False,False,False,2279.0,2,159
967,dca6c1673025fa95ba6b26c5fbb1e988de150611867207eb589dd89607c89003,180502,4,1,True,True,True,local_trade_no_swap_certified,1,1,False,True,True,False,False,721.0,2,113
968,3a39fa60b95f89ff1cf6a434e98cc744f537d4ed89c6268bb47506845cc0245b,207632,4,1,True,True,True,local_trade_no_swap_certified,1,1,False,False,False,False,False,1027.0,2,85
969,35956a9e64cb6525fd31b835404267da8552821285c060d9ce0c3ba4e29dfc73,277816,4,1,True,True,True,local_trade_no_swap_certified,1,1,False,False,False,False,False,521.0,2,90
970,bbdd171f532cc9f1253cc977248f9f613795f808f0ee22480a27240768f3df5b,223184,4,1,True,True,True,local_trade_no_swap_certified,1,1,False,True,True,False,False,416.0,2,85
971,03a99c5eca68b338b67be8afe7469165218a272f6b1fc3750dbe0e6922f24ecb,29620,4,1,True,True,True,local_trade_no_swap_certified,1,1,False,False,False,False,False,3322.0,2,194
972,3ea2644a3d84139bd19bfc1fab05ddf8cefb28baaabef3c00bc0a390c86656e9,270144,4,1,True,True,True,local_trade_no_swap_certified,1,1,False,True,True,False,False,540.0,2,85
973,a2c05e72e3ddb2ebe73aeb52725deb0a23a589c8e188bd4752d3d791b1e18495,17572,4,1,True,True,True,local_trade_no_swap_certified,1,1,False,False,False,False,False,325.0,2,85
974,5c47c4d9c8fab1c5df3081c8817828ca5f73e6bd87cf7baf6ca3dfe484a1e7cc,220269,4,1,True,True,True,local_trade_no_swap_certified,1,1,False,False,False,False,False,483.0,2,124
975,a596f0f9c24c56cfec9157a455656f1747603a944f1c3a6f7b34b6747c92d18b,201858,4,1,True,True,True,local_trade_no_swap_certified,1,1,False,True,True,False,False,720.0,2,115
976,054cf301e79014ec6f321b198b7ce965d12d89c0ce85fe20995d459b0bc7d6e3,85230,4,1,True,True,True,local_trade_no_swap_certified,1,1,False,True,True,False,False,664.0,2,114
977,e43c39c60c3ae3210abf5b56391623a06b581380d8a9fd5bc961591ef37f1276,157515,4,1,True,True,True,local_trade_no_swap_certified,1,1,False,False,False,False,False,1798.0,2,97
978,36e5f2b54d11221cf8384ce12840fdfa3482aeff146908e4727f070687af4687,257108,4,1,True,True,True,local_trade_no_swap_certified,1,1,False,False,False,False,False,102.0,2,93
979,a17cb430248125058ffa2b5d58efaad4b4e9f5dcb504a4f3c6e0ffa2f4ec015b,100155,4,1,True,True,True,local_trade_no_swap_certified,1,1,False,True,True,False,False,195.0,2,85
980,e80a32aca1d0c80cd862405ad5cb7d2c1fef7c2e41056d6aee60ecd9e5856f13,296944,4,1,True,True,True,local_trade_no_swap_certified,1,1,False,False,False,False,False,189.0,2,85
981,7f7682ce85182cc635af1e52879f2ef8c3a56a2da811a2ee319e05b77186fd74,173271,4,1,True,True,True,local_trade_no_swap_certified,1,1,False,True,True,False,False,148.0,2,85
982,ba31fb8554073d6761b31f2a1f7b3605ead2cdadfcf128387d5cf65c46703280,62672,4,1,True,True,True,local_trade_no_swap_certified,1,1,False,True,True,False,False,240.0,2,85
983,f8fb76ad39f7ebc19458c00972ffe6cca2a4c25340ccce899c6d88b57ba08d6c,231409,4,1,True,True,True,local_trade_no_swap_certified,1,1,False,False,False,False,False,238.0,2,85
984,5a713efc42bc7890546fe7200ef54b23d363b7e18223dee2998f91954949446d,267065,4,1,True,True,True,local_trade_no_swap_certified,1,1,False,False,False,False,False,259.0,2,85
985,e464133555754bbd55b963822c964374a1ed3035cc45feda6b2cd3bc0438ea2a,194862,4,1,True,True,True,local_trade_no_swap_certified,1,1,False,False,False,False,False,392.0,2,95
986,1ad6ed06e828d4e1933cc3880109a03fcfe364dd4aee1a12f33c847ec8fb2c8d,283335,4,1,True,True,True,local_trade_no_swap_certified,1,1,False,False,False,False,False,848.0,2,133
987,a746a9cd2a626363b56c9c4fe9aba91cf8091fcd43a00fde45b974328ca9c588,76832,4,1,True,True,True,local_trade_no_swap_certified,1,1,False,False,False,False,False,368.0,2,102
988,d6308143067ca70a6343d9441e56062232934aa2803a696e93719b202cb3f71b,86504,4,1,True,True,True,local_trade_no_swap_certified,1,1,False,False,False,False,False,507.0,2,129
989,a1e49d5c947cfddfbfec5b8eeda7e54438daa527452371467a1d05b50d2013f4,134554,4,1,True,True,True,local_trade_no_swap_certified,1,1,False,False,False,False,False,2240.0,2,85
990,a849ef134a1afea170c1fc4b94381792b08d9c42f56231d8e731c7a693a335cf,219874,4,1,True,True,True,local_trade_no_swap_certified,1,1,False,True,True,False,False,513.0,2,85
991,ef595b2bc4963d297591a84d51c1b0e823ffa7c1356a3bea3e4d619015cc3ae2,132866,4,1,True,True,True,local_trade_no_swap_certified,1,1,False,True,True,False,False,430.0,2,119
992,cd35ce0795417241c953d4f9b9ff65a9abe8bd2011284e64ed555178c3e585eb,23165,4,1,True,True,True,local_trade_no_swap_certified,1,1,False,False,False,False,False,1051.0,2,85
993,162628ea0e8bc669c8afbbc8543e50619b34fc8d261a837f2bbcd9e07ea5c02d,281587,4,1,True,True,True,local_trade_no_swap_certified,1,1,False,True,True,False,False,2415.0,2,238
994,04b95bca588acbd2b6f60c0b6f518109875d49166abbadafd596a578c813be5d,12193,4,1,True,True,True,local_trade_no_swap_certified,1,1,False,False,False,False,False,1118.0,2,124
995,03f9a87c750315fac0e7d8ad2ad704f97fd396861c083651f669f5dd545be76c,53504,4,1,True,True,True,local_trade_no_swap_certified,1,1,False,True,True,False,False,489.0,2,161
996,9f56d955cfc368ca9f9092df7701f5858ecbc4479b116bc92bcc04e501f09b46,96525,4,1,True,True,True,local_trade_no_swap_certified,1,1,False,True,True,False,False,113.0,2,92
997,3ee085f710f75fe5b1bc7e243d07980184f41910a813f72709d38a262dc9df58,35843,4,1,True,True,True,local_trade_no_swap_certified,1,1,False,True,True,False,False,143.0,2,85
998,2ae898ae6487ced26b1d16401fe7b37d30e84f1fb8c18976ca05260b0964fc83,72079,4,1,True,True,True,local_trade_no_swap_certified,1,1,False,True,True,False,False,829.0,2,85
999,4899f5885fe1e18b01465a78014df9f94e7eec93d11c378e28f41f5de1cad918,119079,4,1,True,True,True,local_trade_no_swap_certified,1,1,False,True,True,False,False,211.0,2,119
1000,287221e07c96994c7cb969ba12a6f7175d06ea33a4920f78f42cf19cc7e375d5,233518,4,1,True,True,True,local_trade_no_swap_certified,1,1,False,True,True,False,False,147.0,2,85
1001,f31653f8d80134afcd9b45c6ae8bd84f7fe66a737c5519e5ee1aef877407cf5c,177815,4,1,True,True,True,local_trade_no_swap_certified,1,1,False,True,True,False,False,1379.0,2,136
1002,227f334413c382677caf330ea6b8e45688189f8e8efc44baba9208842a672e20,129995,4,1,True,True,True,local_trade_no_swap_certified,1,1,False,False,False,False,False,2868.0,2,85
1003,5054425580aba97af3254d940984a9660efd5cbb78c7a4f369c3dd3472a8308a,86172,4,1,True,True,True,local_trade_no_swap_certified,1,1,False,False,False,False,False,1716.0,2,140
1004,c5ac7c711f027a7ff5a569e22960a507f069e0dc26065d087cf22e59a9653366,285821,4,1,True,True,True,local_trade_no_swap_certified,1,1,False,False,False,False,False,163.0,2,146
1005,2c21b6ef6e0d77fe597306ec65cbee64a21a1685fc9defd843e9aebb962957f0,67608,4,1,True,True,True,local_trade_no_swap_certified,1,1,False,False,False,False,False,516.0,2,85
1006,ebb2993f3f1bafb150ecc9f28f2a95241a0e79ab5675176b276201bc3bdbd9f7,2920,4,1,True,True,True,local_trade_no_swap_certified,1,1,False,False,False,False,False,890.0,2,144
1007,fc5a13052e7599b50b47fdebc22316e3783cbce21f9d266c51c05af7ac3a76ca,108828,4,1,True,True,True,local_trade_no_swap_certified,1,1,False,True,True,False,False,1394.0,2,98
1008,17c9d2841de64e5da8efd4d04f239eda98915a10d7ec617178dac28999a14f7c,248392,4,1,True,True,True,local_trade_no_swap_certified,1,1,False,False,False,False,False,204.0,2,85
1009,c53eee37ca2eb4663bfea2fac70726b7aa3fdfd9aa563af01d76dedb7b38cb0e,168166,4,1,True,True,True,local_trade_no_swap_certified,1,1,False,True,True,False,False,659.0,2,85
1010,b4e647d049b958ae8a14f5bceb02bd999b548e78d340541612325de16fa6cb65,93304,4,1,True,True,True,local_trade_no_swap_certified,1,1,False,False,False,False,False,1209.0,2,93
1011,5081d8953a760994b887282be16042e88e224e8b27161715bcb0c8324163ae4a,82882,4,1,True,True,True,local_trade_no_swap_certified,1,1,False,True,True,False,False,79.0,2,85
1012,383821224ccdd818f2631c646d7bbd90921531e13be5ab2ce43b76ebf9c6598b,121306,4,1,True,True,True,local_trade_no_swap_certified,1,1,False,False,False,False,False,300.0,2,110
1013,d247b66e5c7c4fe174810e926290ad9d434f1736abb8b5226208c44e0dca1341,13441,4,1,True,True,True,local_trade_no_swap_certified,1,1,False,False,False,False,False,5089.0,2,215
1014,fa0838aef57759bbd193a73036ba911d15544f8222c3d877fd18c6100e81481c,108939,4,1,True,True,True,local_trade_no_swap_certified,1,1,False,False,False,False,False,215.0,2,85
1015,8545b1a762c05bb2cb9ce1cc35b6cd535a1b4645329a5a33db4be1e61a3af2fb,189005,4,1,True,True,True,local_trade_no_swap_certified,1,1,False,False,False,False,False,770.0,2,233
1016,306138423f0110a44391fe65f6419410abb6da01c18619f88b2efb6f2c11956b,224686,4,1,True,True,True,local_trade_no_swap_certified,1,1,False,False,False,False,False,184.0,2,86
1017,0d4ccd112add2e8de96a828176697a20be527d47fe7a13b7f7c8224e3eee778f,159739,4,1,True,True,True,local_trade_no_swap_certified,1,1,False,True,True,False,False,406.0,2,112
1018,9959212defbd3ff11f6dd57369ea3bfeabd4a2adc8e070e0037f6386ddb00192,78674,4,1,True,True,True,local_trade_no_swap_certified,1,1,False,False,False,False,False,873.0,2,162
1019,143f34ed9d4ce8d0165be25dc843820d566499cc8c4d0fa2009a5ad07702beb2,249223,4,1,True,True,True,local_trade_no_swap_certified,1,1,False,True,True,False,False,271.0,2,118
1020,70eb82a14c5c86f7fe9e6ee788c9e9a0db4eb39c9fbc351cfc3b0d8c2158b630,81207,4,1,True,True,True,local_trade_no_swap_certified,1,1,False,False,False,False,False,388.0,2,85
1021,abcd4c12abd14473af4b4b919cac59eb2ac0f241b30545df7077fccda0608f79,292334,4,1,True,True,True,local_trade_no_swap_certified,1,1,False,False,False,False,False,69.0,2,85
1022,1d39d96c3136a475ff1fc66fa8fe28f80b81ee93bbfe7381581ea9d75f87a177,215762,4,1,True,True,True,local_trade_no_swap_certified,1,1,False,True,True,False,False,284.0,2,85
1023,c1e9d49fb8232c797d8a8132318d0afcae3cf1efe6c3ac939081f4dbd5926b4c,136857,4,1,True,True,True,local_trade_no_swap_certified,1,1,False,True,True,False,False,2187.0,2,85
1024,19395f7d7d023ffb0b8d42f77dcb6f90f13f22a3c50cbad8c486ba85f0271451,138497,4,1,True,True,True,local_trade_no_swap_certified,1,1,False,False,False,False,False,122.0,2,122
1025,4a514dbaf1f1a4ad653f1e47bed610ed7e8e69f69c716b444accafaf3a8c193b,606,4,1,True,True,True,local_trade_no_swap_certified,1,1,False,True,True,False,False,618.0,2,172
1026,1a83f4f4a2b4fc186438056d502d9f5b20d9ae097db14e4dd7684a114d276a8d,158569,4,1,True,True,True,local_trade_no_swap_certified,1,1,False,False,False,False,False,906.0,2,95
1027,429d09aee54ed25d0bce906c904e044247c47d7c6e573e51b99dda8090063e31,56811,4,1,True,True,True,local_trade_no_swap_certified,1,1,False,False,False,False,False,859.0,2,116
1028,94906e1c98972322fd8175f27c03b63de1dc94cfb37924c06c23be74d3f6f2a9,24797,4,1,True,True,True,local_trade_no_swap_certified,1,1,False,True,True,False,False,676.0,2,85
1029,d749bea57741ccd42caa2a784f8c48c309fe3ad9f6ab151be7e91944da23a76e,4683,4,1,True,True,True,local_trade_no_swap_certified,1,1,False,True,True,False,False,583.0,2,85
1030,4f09fe2139aca138beadd927975c2fceeb436e73d76c75c0d5376d0f8300daa1,77008,4,1,True,True,True,local_trade_no_swap_certified,1,1,False,True,True,False,False,944.0,2,115
1031,9a42e7ba382650b5defb6a6eaeadf87ba57e4e08378fcbe8e6978a4627c90e03,275895,4,1,True,True,True,local_trade_no_swap_certified,1,1,False,False,False,False,False,869.0,2,116
1032,c56e64a9c1f097fb7b3e7738bba9019c23ee96f8521c12b935c76d3ea44d9d33,209821,4,1,True,True,True,local_trade_no_swap_certified,1,1,False,True,True,False,False,1194.0,2,138
1033,9224d7f6499452b453648c024d27cefa666c21708f7a55738a5ad81d88da332c,42898,4,1,True,True,True,local_trade_no_swap_certified,1,1,False,True,True,False,False,222.0,2,88
1034,c13d389d6955eecd2483f928c5f29916336516164c80cf97fd8d680eb257fadf,158600,4,1,True,True,True,local_trade_no_swap_certified,1,1,False,False,False,False,False,134.0,2,85
1035,7cd328be58744e2c8ed18f5835396303076770cb30dc5a218a679a39d1940d7e,38977,4,1,True,True,True,local_trade_no_swap_certified,1,1,False,True,True,False,False,693.0,2,87
1036,522d4edcce8118c72935268ce21e6389ba3b1ff23239fb01f6bdc7e7fdbd82a3,12424,4,1,True,True,True,local_trade_no_swap_certified,1,1,False,False,False,False,False,2140.0,2,121
1037,255a18a0360f689160c59af5888eb101edc50eac81590e3112fd69eaad1504d9,279447,4,1,True,True,True,local_trade_no_swap_certified,1,1,False,False,False,False,False,1908.0,2,105
1038,7e7de9aedd60f4fc54b6ff2e9f0d2408c8348a2b2b2f979231bdac5622957c7f,46623,4,1,True,True,True,local_trade_no_swap_certified,1,1,False,True,True,False,False,928.0,2,85
1039,1ea74d43c55fd502dd88ec88d2523a7627bfd2ed67d154e36ead51567e98ac47,266663,4,1,True,True,True,local_trade_no_swap_certified,1,1,False,False,False,False,False,1175.0,2,126
1040,92b0f9b4775b2841279de69f452c590ba216a5cde39743db1baabb4bff71b263,118422,4,1,True,True,True,local_trade_no_swap_certified,1,1,False,False,False,False,False,165.0,2,85
1041,19d2e3162c05792400058c48c9bea07b8c407aec72df2ed11392736127d5123e,82578,4,1,True,True,True,local_trade_no_swap_certified,1,1,False,True,True,False,False,347.0,2,122
1042,e1fd1968c7c4fc4a1af3d54d935d461c96e15d06db056c1adc9169b173733a8b,179016,4,1,True,True,True,local_trade_no_swap_certified,1,1,False,False,False,False,False,1628.0,2,85
1043,98281a2339878576159155f89fdaf18d6a6a5702580f4e096acaf17067daa04d,155385,4,1,True,True,True,local_trade_no_swap_certified,1,1,False,False,False,False,False,2067.0,2,160
1044,0464af2391cac9f0cb7387169c71db494498c2ce89cb6fc8933d7c5d1e9b8092,46823,4,1,True,True,True,local_trade_no_swap_certified,1,1,False,False,False,False,False,1146.0,2,85
1045,29161ec6fbce2ced80f1d5b13a172238fc8f5ac3231eb2b146bef9bbf5ed3a7f,71239,4,1,True,True,True,local_trade_no_swap_certified,1,1,False,True,True,False,False,461.0,2,85
1046,bc7e2f78c51a1b46a8107aa8814387925270a296a7756e0e906ab488742ee1fb,214311,4,1,True,True,True,local_trade_no_swap_certified,1,1,False,True,True,False,False,688.0,2,98
1047,6ec755c4d447cbbbf9c86ae36380765ec98f13f07d309f24632fb5c44e43990d,178247,4,1,True,True,True,local_trade_no_swap_certified,1,1,False,True,True,False,False,1090.0,2,106
1048,60cd1970279b6921ff396d64c70e82e4c83488ef39b73711cb4c4b3938bbed15,299783,4,1,True,True,True,local_trade_no_swap_certified,1,1,False,True,True,False,False,143.0,2,85
1049,c849d28a1bc9f29b9692853b0511d82331b8331cd5c4640ba71845dd56916194,50710,4,1,True,True,True,local_trade_no_swap_certified,1,1,False,True,True,False,False,408.0,2,148
1050,302f5e43e1c52756cc576b1068ff67bffb10978825ead7ce0ade4381c146a003,59289,4,1,True,True,True,local_trade_no_swap_certified,1,1,False,True,True,False,False,702.0,2,106
1051,e286c9384204215cab89f8033737eec46bd5b485749390453e61fc6f8c1b634f,83607,4,1,True,True,True,local_trade_no_swap_certified,1,1,False,True,True,False,False,307.0,2,163
1052,d204f0186b121ea8228bd60a95025ecf9f56635205d1423086b2eb9d90ac8eaa,285227,4,1,True,True,True,local_trade_no_swap_certified,1,1,False,False,False,False,False,564.0,2,85
1053,107e1705e6cc30bfd177b8b1e2b81e5f145abdc3cd43de9e948837d8349dc6d6,241641,4,1,True,True,True,local_trade_no_swap_certified,1,1,False,False,False,False,False,125.0,2,120
1054,aa17e5e676546f10afbc7645b1032826fd18c046744e813fdbdaa0105c7c87fe,50195,4,1,True,True,True,local_trade_no_swap_certified,1,1,False,True,True,False,False,1588.0,2,95
1055,3c4b1f6984de366ee1b6636326a316302fc6aaf69cad988f25db6c07f6444086,171648,4,1,True,True,True,local_trade_no_swap_certified,1,1,False,False,False,False,False,564.0,2,85
1056,837182f6ad056cfb49aca6687935ce17c163e0197bc533bc23436f0bb0d61c2b,120127,4,1,True,True,True,local_trade_no_swap_certified,1,1,False,False,False,False,False,436.0,2,85
1057,fcb6757c3908d3699675ceaa1c64797e334ffed8adac31916b70ee737c84e03d,167426,4,1,True,True,True,local_trade_no_swap_certified,1,1,False,True,True,False,False,172.0,2,85
1058,f33a027d65cbf20514a6ae0b7f728d6df217ccc7cb72952d2532711bc6faac27,228778,4,1,True,True,True,local_trade_no_swap_certified,1,1,False,False,False,False,False,1422.0,2,94
1059,89f9769975892d8f820c11f03498b75f0f309f29d376570a9c7b211b981ad4bb,202687,4,1,True,True,True,local_trade_no_swap_certified,1,1,False,False,False,False,False,1560.0,2,153
1060,aecaf02d886c74d85416a625ff0f7b407d97c2f7243e047f1454a30e9e381c0b,33691,4,1,True,True,True,local_trade_no_swap_certified,1,1,False,True,True,False,False,4301.0,2,169
1061,68c27f2239facdbcfb9ffc61832d6e35fe84ad44da83a8b5168e8e38c780dd3f,3619,4,1,True,True,True,local_trade_no_swap_certified,1,1,False,False,False,False,False,605.0,2,224
1062,deb54159ef69bfdd9e40808c507e3d423f45fc17e4db86d3d4c400f7f4a0e9d6,83873,4,1,True,True,True,local_trade_no_swap_certified,1,1,False,False,False,False,False,219.0,2,107
1063,b1a525e991260b8e5d187decaf977aea5f176d37f0fe9803dcf203e3f86165ae,202089,4,1,True,True,True,local_trade_no_swap_certified,1,1,False,True,True,False,False,3655.0,2,88
1064,3649d2ee27aa9788e4e5e9d0ce5f4afd971fc8aa0c3e4702c697d5935df9445a,116267,4,1,True,True,True,local_trade_no_swap_certified,1,1,False,True,True,False,False,8194.0,2,456
1065,237e894e8e7833a8903055930896a6ce42d21ac60e8bed670eba510255c80e99,60436,4,1,True,True,True,local_trade_no_swap_certified,1,1,False,True,True,False,False,2845.0,2,131
1066,52e1272769588bdf3582c415de224931fdcaccf273f44c4bc8d53e7e38f662ce,280705,4,1,True,True,True,local_trade_no_swap_certified,1,1,False,True,True,False,False,62.0,2,85
1067,650dbf75fc338bc3583161ba7f53f25e2a2bc27b62bc03f0d1c32165b0238b66,53882,4,1,True,True,True,local_trade_no_swap_certified,1,1,False,True,True,False,False,281.0,2,85
1068,180635d73b44d56f2f96cd1f3a497ef52c98aaab13faa1f0e6018e378addda69,154758,4,1,True,True,True,local_trade_no_swap_certified,1,1,False,False,False,False,False,2883.0,2,311
1069,72604302e3695b35cfef21913f8bb4727ed5f8a753eca7606d1dc689686c59b5,207585,4,1,True,True,True,local_trade_no_swap_certified,1,1,False,False,False,False,False,443.0,2,85
1070,c09e871913c37e31b7ee0f6650999c1d60b7fb601b8bcd11acab76fa1408f6f9,172107,4,1,True,True,True,local_trade_no_swap_certified,1,1,False,True,True,False,False,298.0,2,85
1071,a810e4f3ea2a07583a0ab48931f1522c51d6fe64f9b9dbeba79ee9a8fcffb471,19990,4,1,True,True,True,local_trade_no_swap_certified,1,1,False,True,True,False,False,2108.0,2,95
1072,e5645f4f497362b9a2b5c3713b4aa6687b41d00896f560eb1bd69b0fc3601da9,129825,4,1,True,True,True,local_trade_no_swap_certified,1,1,False,False,False,False,False,255.0,2,85
1073,1b1fa1b85000d131a238949585bb3bddba33344f831ecc58035070a4bc40f324,65614,4,1,True,True,True,local_trade_no_swap_certified,1,1,False,True,True,False,False,743.0,2,146
1074,5c126bbdbc146435022e1bcec35f95cbf2a7bebf72ba031ac2476c555af0f5bb,12758,4,1,True,True,True,local_trade_no_swap_certified,1,1,False,True,True,False,False,838.0,2,116
1075,4962fd30d03572a8583e4898f9cc3a15daa45d15e02a18bd2d57e1fba6cc7920,83282,4,1,True,True,True,local_trade_no_swap_certified,1,1,False,False,False,False,False,484.0,2,103
1076,615ccc7ec3a92820ffc9ec07aa5605ffa5406ded37b6d979162604f0ae88d32a,45359,4,1,True,True,True,local_trade_no_swap_certified,1,1,False,True,True,False,False,749.0,2,144
1077,0c7cc78f2a5a0e2b66ed09cb6139d233fdf29418516a529bcae4e7f6e0f3bfe2,257606,4,1,True,True,True,local_trade_no_swap_certified,1,1,False,True,True,False,False,568.0,2,184
1078,86e7efbea766be9ffb208f0046a49391348fb13b15c6ddcb371e062f798e21cb,4111,4,1,True,True,True,local_trade_no_swap_certified,1,1,False,True,True,False,False,416.0,2,138
1079,ba03622fc29d566d24d41a57f862873cf20b60fb2b3a5dfe75358fd1a661d296,94835,4,1,True,True,True,local_trade_no_swap_certified,1,1,False,False,False,False,False,631.0,2,85
1080,b7c5577ef8fc5b63712e0dd66fa786fdacceb10f149b6f2dad8f50e7120897e4,253154,4,1,True,True,True,local_trade_no_swap_certified,1,1,False,False,False,False,False,160.0,2,85
1081,79c6f7a3bc09e589bd76b4a9da63d17a3829332609bece07dd99a17094cedab1,269658,4,1,True,True,True,local_trade_no_swap_certified,1,1,False,True,True,False,False,501.0,2,128
1082,47a555c31f78d647e6abc11c71cea0336f957d191cef6f13971290fad66450f6,55187,4,1,True,True,True,local_trade_no_swap_certified,1,1,False,True,True,False,False,163.0,2,85
1083,8a3ee888e45108896a2157b3e54e710017517cc0eb993f7d17f5142ef8655860,234179,4,1,True,True,True,local_trade_no_swap_certified,1,1,False,False,False,False,False,3106.0,2,164
1084,22ce24a0818927b1234261b5e3b9b181339d079ec8bd23be83a2be8121d5a81d,171496,4,1,True,True,True,local_trade_no_swap_certified,1,1,False,True,True,False,False,245.0,2,85
1085,2212bbfbfa3df6000918cc501e3e29c6d34a6d035aa9692dcc8d0767bc2d222e,198338,4,1,True,True,True,local_trade_no_swap_certified,1,1,False,False,False,False,False,138.0,2,85
1086,7409f4e882f091011567901b8a0200e9318c43c778710b33269ff519d65861f7,61918,4,1,True,True,True,local_trade_no_swap_certified,1,1,False,True,True,False,False,827.0,2,135
1087,0307e67b5ef06bf48b7fe0cd2652cf0017a27ec3705745e4e63bb5ead66677dd,129408,4,1,True,True,True,local_trade_no_swap_certified,1,1,False,False,False,False,False,5622.0,2,85
1088,945609a4a61d0e72b1c2d0ac253d941f8c5b9c8522ac8449b66703123563a5fd,170057,4,1,True,True,True,local_trade_no_swap_certified,1,1,False,True,True,False,False,1087.0,2,85
1089,95dae5bf158c81e39082793f5147282b582e54391830b6192df838a68c97839b,255319,4,1,True,True,True,local_trade_no_swap_certified,1,1,False,True,True,False,False,370.0,2,85
1090,2aca7266983dada843d057cceb9d30378e810ac94d9216f9fb5f31b2df57f607,133851,4,1,True,True,True,local_trade_no_swap_certified,1,1,False,False,False,False,False,1247.0,2,129
1091,44a2c3b46de925b18aba85a74116f3809e15a0266ed88c46c913e4bbf7664927,119767,4,1,True,True,True,local_trade_no_swap_certified,1,1,False,True,True,False,False,812.0,2,97
1092,5332d7003b7a6ba99e4f93706502e4f60c04fb6412cd44910daba7f7b1e47c8f,278237,4,1,True,True,True,local_trade_no_swap_certified,1,1,False,True,True,False,False,630.0,2,85
1093,b51293b8105b4bd396ac1eef0288607740514d0ef776f5f5aa5c19479f61efab,223774,4,1,True,True,True,local_trade_no_swap_certified,1,1,False,True,True,False,False,61.0,2,85
1094,86c164107f4f6d638a8c9b28a1da15c587493c052185fcdd1fe5d2639e08001e,272836,4,1,True,True,True,local_trade_no_swap_certified,1,1,False,False,False,False,False,2265.0,2,120
1095,5b6cbfbf5130df1600d93528287302caa04eea7669760889c286e8013e4e2e14,94721,4,1,True,True,True,local_trade_no_swap_certified,1,1,False,False,False,False,False,778.0,2,172
1096,08b0aea5262b0c70444e523b2c081d16a7da29ebf6eafa1a8bad3020ab45ad54,96441,4,1,True,True,True,local_trade_no_swap_certified,1,1,False,False,False,False,False,356.0,2,135
1097,003b29bc6115abd5414f50a93274863c731f63eab98464265d1909c75c82ef3a,189142,4,1,True,True,True,local_trade_no_swap_certified,1,1,False,True,True,False,False,290.0,2,85
1098,aa4c3673944eaa87bdc9348e2123e6015a9664a29d21b151028d62384972870f,251069,4,1,True,True,True,local_trade_no_swap_certified,1,1,False,True,True,False,False,2983.0,2,91
1099,8e3faf34b74e2208e5b86845f37782155a9bacf4cee82acff388d1aa6f0f847d,281926,4,1,True,True,True,local_trade_no_swap_certified,1,1,False,False,False,False,False,341.0,2,107
1100,29cb235937b0bea750f93d8143d65102a4b61f0be9b610e5a44b426514fc5d1d,31426,4,1,True,True,True,local_trade_no_swap_certified,1,1,False,False,False,False,False,74.0,2,85
1101,7208215161430044993092ed29c69c5d621a584aaa57da48fa460166ff1b5072,295112,4,1,True,True,True,local_trade_no_swap_certified,1,1,False,False,False,False,False,273.0,2,96
1102,4c5a5eef285a88c6d21efba7733260180a1738cd0905bfd00b3e5165010e60cf,239087,4,1,True,True,True,local_trade_no_swap_certified,1,1,False,True,True,False,False,522.0,2,85
1103,8f5aee54894f36981c3d6dbb3ed9dd2c0f7c5e358d36891905b217ba634e2a75,37683,4,1,True,True,True,local_trade_no_swap_certified,1,1,False,True,True,False,False,1691.0,2,85
1104,c303640272f5e7f27e1033efc305fb4442390c60b9d2b56030603c123e0d80dd,62950,4,1,True,True,True,local_trade_no_swap_certified,1,1,False,True,True,False,False,952.0,2,85
1105,e75673897e103937b24319812a09a655867a95061d856d9c89114d990107ae75,206071,4,1,True,True,True,local_trade_no_swap_certified,1,1,False,False,False,False,False,1216.0,2,85
1106,6b04edc2bd4ae5a7ee2506e402fc3bde0ffcdc81767141738323c21f9b12c9c4,82249,4,1,True,True,True,local_trade_no_swap_certified,1,1,False,False,False,False,False,160.0,2,85
1107,9a784cd5cbebd70cb2988abbd18aae21d7cc6fdcabe0adda5eb7754a0727c8f9,133404,4,1,True,True,True,local_trade_no_swap_certified,1,1,False,False,False,False,False,3429.0,2,199
1108,a2a82c241d3bb191e03b0ba865e7e3db730211a200b44b5874437d737234dd66,1986,4,1,True,True,True,local_trade_no_swap_certified,1,1,False,True,True,False,False,154.0,2,85
1109,181fbfb5092683784ad1d4b5f72b17029e712f9959d4cd541f55c615f9765986,103520,4,1,True,True,True,local_trade_no_swap_certified,1,1,False,True,True,False,False,3329.0,2,119
1110,adb05d3488c6939c67452b665f10167191a33f8496be899a52d960c1429f62d2,85584,4,1,True,True,True,local_trade_no_swap_certified,1,1,False,True,True,False,False,1262.0,2,85
1111,30e4ec8fe77dd0dea15c43adddaec6ae90a812b7e58f0d437b1ba96d27fce379,258164,4,1,True,True,True,local_trade_no_swap_certified,1,1,False,False,False,False,False,1232.0,2,120
1112,7dabfbf4f0fb2a593e254d242ec74d9bec9fe02e621f6fb45eb46f72c19ceefb,270293,4,1,True,True,True,local_trade_no_swap_certified,1,1,False,False,False,False,False,858.0,2,85
1113,f259b01a3bb0cb2ed3f1543b0082b6204c0d7aab9f749822c6279dfc7e663c6d,2784,4,1,True,True,True,local_trade_no_swap_certified,1,1,False,True,True,False,False,60.0,2,85
1114,5af67a5af1bd27338c38b8c5ab9d130ee340363258c17991e094a8402c3dce57,167835,4,1,True,True,True,local_trade_no_swap_certified,1,1,False,False,False,False,False,210.0,2,85
1115,53ebe52f3837051499904b37eb803222aa5f87a4e63fb56054f193904a673c4d,204756,4,1,True,True,True,local_trade_no_swap_certified,1,1,False,False,False,False,False,350.0,2,136
1116,09bc385bd921cac568b113a14f62a53366cba90029f5f23aab3fcc0a3d79d588,79015,4,1,True,True,True,local_trade_no_swap_certified,1,1,False,False,False,False,False,1728.0,2,85
1117,2b9ecbb1b8861a27f7ea5e9b508371508ba0f983c62cc42606680c0b6a2ef79d,68179,4,1,True,True,True,local_trade_no_swap_certified,1,1,False,False,False,False,False,5926.0,2,136
1118,e8be4b6068756c4ddf9a0e6bb42b746da86e995b91536dc6f535674d40726e99,289960,4,1,True,True,True,local_trade_no_swap_certified,1,1,False,False,False,False,False,672.0,2,219
1119,f97189c3b137e8f6984cd11ac15bb1a5ec6e7fb01fde410ea40748bcbccb2b22,73474,4,1,True,True,True,local_trade_no_swap_certified,1,1,False,True,True,False,False,149.0,2,85
1120,84f82db8db1a61613979cab3f1fa08a9686278a3c06e077314312bfb65ab86e5,94412,4,1,True,True,True,local_trade_no_swap_certified,1,1,False,True,True,False,False,2813.0,2,111
1121,332e91839a3ba4460d9f5b154d103aa3227e33a12259d0d12d1e11d7d66b9dbf,74561,4,1,True,True,True,local_trade_no_swap_certified,1,1,False,True,True,False,False,868.0,2,146
1122,088e70a5ac75b9dd50df4959cffb611c4700aec451a416b5846dbec06d3f82e2,292347,4,1,True,True,True,local_trade_no_swap_certified,1,1,False,False,False,False,False,817.0,2,85
1123,c618d23507a3c32a50f8deeef81d3445d68e1570e66b959cb60150e2aedf9450,257443,4,1,True,True,True,local_trade_no_swap_certified,1,1,False,False,False,False,False,167.0,2,85
1124,7cd33929d22f983870d99750fb6de490a1fd57c361d9966f10cc8d1b77fd36b6,108165,4,1,True,True,True,local_trade_no_swap_certified,1,1,False,False,False,False,False,271.0,2,85
1125,1b110b22a303d60f2dc83e8be19ab9e3fc6188cc2713c63a74a132b505fc5d48,223528,4,1,True,True,True,local_trade_no_swap_certified,1,1,False,False,False,False,False,968.0,2,305
1126,6976204d4a971071e00c1621b2deab1052eea9459acbe41d6887373413de7fb9,260071,4,1,True,True,True,local_trade_no_swap_certified,1,1,False,False,False,False,False,1862.0,2,85
1127,c7ee96e8d54d742dd20d2fcafe9691c94f74ee0e7fc47a5f281eb352c5324b40,169830,4,1,True,True,True,local_trade_no_swap_certified,1,1,False,True,True,False,False,193.0,2,85
1128,251348e7a97a83830a6a56642f713aa5237fc87b8df484c5866899b8e687afc4,225382,4,1,True,True,True,local_trade_no_swap_certified,1,1,False,False,False,False,False,1463.0,2,85
1129,7952bc286417670e69797ef2cfcde5b6531221ea7eb50e75126ab64f0b1e4efd,104977,4,1,True,True,True,local_trade_no_swap_certified,1,1,False,False,False,False,False,7493.0,2,85
1130,d542e64ff08b6dd3654d1f218538f65a1e61247c3e73d8762682e8da0cb6096e,231956,4,1,True,True,True,local_trade_no_swap_certified,1,1,False,False,False,False,False,6870.0,2,85
1131,dea38e235abdd1b2ddd253b0bb93fd8bc1c56bf3ecc3c459e622a4cde9cca859,189758,4,1,True,True,True,local_trade_no_swap_certified,1,1,False,True,True,False,False,401.0,2,93
1132,fc1f54474911d82a8ee6f0391214447e7ace9f3ef1e614c430d49268f729d037,296739,4,1,True,True,True,local_trade_no_swap_certified,1,1,False,True,True,False,False,926.0,2,85
1133,7b22746cb14f9c903afb05d23b4eddf3cc525b8b8129a8f84058e45ffbd7ba6a,114605,4,1,True,True,True,local_trade_no_swap_certified,1,1,False,True,True,False,False,2211.0,2,412
1134,1239d130c3bf4027f97e4617a6833a777786fb224b2dbb4e546b7b47de6109e5,119237,4,1,True,True,True,local_trade_no_swap_certified,1,1,False,True,True,False,False,954.0,2,85
1135,7ed3b43e8563b9cd418d7d18ce2a8ef3e110c1f4ac515174a703674a6e0984f7,46607,4,1,True,True,True,local_trade_no_swap_certified,1,1,False,True,True,False,False,336.0,2,98
1136,622ceac76c5e3645fef200225e8c36bbe6f13fa2e4b8848113ca3872b75c08ed,12601,4,1,True,True,True,local_trade_no_swap_certified,1,1,False,False,False,False,False,551.0,2,90
1137,9f94fefb2a2c59d6f2665faedb1a98f0dbb2bd8bdbf345301c0da5a46784a1ae,234778,4,1,True,True,True,local_trade_no_swap_certified,1,1,False,False,False,False,False,3509.0,2,265
1138,ff2ea102a53ec46fef8033a65dc1fba6f1c55c5f876ad39fc38c6c5f72d72dd2,293048,4,1,True,True,True,local_trade_no_swap_certified,1,1,False,True,True,False,False,236.0,2,85
1139,c92a18274f93d670589d93255eb3c34470b376bc13be30d0f48d66f3d7bf633f,30322,4,1,True,True,True,local_trade_no_swap_certified,1,1,False,True,True,False,False,1333.0,2,122
1140,b566223284cbe32b512f42a456c00572bdc6154ebfb9611ef0a24239c5bb053a,155114,4,1,True,True,True,local_trade_no_swap_certified,1,1,False,True,True,False,False,919.0,2,100
1141,5fe35edff8c5aee713f94c135f62134204ad789bd4bb3d34c78ca3574924ff50,236312,4,1,True,True,True,local_trade_no_swap_certified,1,1,False,True,True,False,False,3351.0,2,108
1142,f8636ed265fdb6ea4e20351049dba7f800e2834f28614b83af84e57815dead80,157735,4,1,True,True,True,local_trade_no_swap_certified,1,1,False,True,True,False,False,1334.0,2,235
1143,c7a3bbbb51e210619529a6d7a7170355da66df17c62b2a9cbfc32810128b2915,34687,4,1,True,True,True,local_trade_no_swap_certified,1,1,False,True,True,False,False,299.0,2,85
1144,479acb6a1dc1f310760514982b8b645253294dd410edb976bb3e3977781cdf15,236717,4,1,True,True,True,local_trade_no_swap_certified,1,1,False,True,True,False,False,1062.0,2,165
1145,f7d3838e19a76136ca7164f7fbda298362fed1759eb7617506c605d8eaa15e2f,232414,4,1,True,True,True,local_trade_no_swap_certified,1,1,False,False,False,False,False,923.0,2,240
1146,3bf78628c2084c7de1058483f63c6f527d4a6a29c2dcb660a1450a939f524ff1,99460,4,1,True,True,True,local_trade_no_swap_certified,1,1,False,True,True,False,False,396.0,2,92
1147,9a230f8ba89549f6b8c9eac84db3f227298fc02058219a0720fca035ad7c5dd7,165299,4,1,True,True,True,local_trade_no_swap_certified,1,1,False,False,False,False,False,80.0,2,85
1148,b145573524fcacfbfaa80716ded9bfc04c7f04d57c1eeaf73632eccd57bf6f1b,41289,4,1,True,True,True,local_trade_no_swap_certified,1,1,False,False,False,False,False,480.0,2,166
1149,9150e5f03640393b341860dcbd89c25fe8e40fe51a23df11a82f059645d73523,81059,4,1,True,True,True,local_trade_no_swap_certified,1,1,False,False,False,False,False,917.0,2,215
1150,164a7a05ec532a07d3f3130fd3c1f5ee29867a03f46e11537e0edaa1bb30d801,264503,4,1,True,True,True,local_trade_no_swap_certified,1,1,False,True,True,False,False,611.0,2,85
1151,3b3d2dbe747c9caed8af1640feadf42b2c272a1c236c360ca85b26ba87225b83,76284,4,1,True,True,True,local_trade_no_swap_certified,1,1,False,False,False,False,False,4550.0,2,108
1152,97307627db6716956a759e6967bc48ddc7f5b731a7e26daa70d27249ba18bf4c,127361,4,1,True,True,True,local_trade_no_swap_certified,1,1,False,False,False,False,False,272.0,2,85
1153,91ec6f533b5d22a2e65d5bb2633514c7f8f0e476180b3a9ca160132e0e536005,227745,4,1,True,True,True,local_trade_no_swap_certified,1,1,False,False,False,False,False,18930.0,2,229
1154,158e12274e12b169fa0e4868a083bef87c92a4b6e0a128cf0e52fb16f8629794,102334,4,1,True,True,True,local_trade_no_swap_certified,1,1,False,False,False,False,False,1342.0,2,118
1155,b678a8149dcf26d936a31343dba50055d965a5ed7ecdbab73f0c185cc1bae2c7,105754,4,1,True,True,True,local_trade_no_swap_certified,1,1,False,True,True,False,False,308.0,2,133
1156,8927469373da8b042b1a0fc66f673fa38c60ec7c38672f80becb2e7cfabf7fa0,256240,4,1,True,True,True,local_trade_no_swap_certified,1,1,False,False,False,False,False,1972.0,2,93
1157,0d33c80d9b65c651d1315ffec1349601decbddb5c76a9b87e84ef9f77965a8fd,240909,4,1,True,True,True,local_trade_no_swap_certified,1,1,False,False,False,False,False,130.0,2,85
1158,1c1bc349aa42eb96b221233dfdc958c1dcbe7b15b6defcdbe662d0132f8d4948,133664,4,1,True,True,True,local_trade_no_swap_certified,1,1,False,False,False,False,False,519.0,2,85
1159,8cdd2b54d96b227eb14046056e08cf4cefed19c55d80e1bcf8f50ce9a02afd5b,57913,4,1,True,True,True,local_trade_no_swap_certified,1,1,False,True,True,False,False,1001.0,2,88
1160,0e5a1ec646f161da66495021af9eadafcd8958db4005a8e163e3229c8f5852be,15374,4,1,True,True,True,local_trade_no_swap_certified,1,1,False,True,True,False,False,2082.0,2,135
1161,dfd32dccf32c2c834b5feef2a1698f6335ba363d3cb0cdb9f56ac9f3a36d32ff,40251,4,1,True,True,True,local_trade_no_swap_certified,1,1,False,False,False,False,False,191.0,2,85
1162,a9b75853bb43f5cd507d73997776fdfd5655c8a6c36b8b72f15c49b9d3c352a7,177453,4,1,True,True,True,local_trade_no_swap_certified,1,1,False,True,True,False,False,2896.0,2,85
1163,d1280a4557789b78b6b0bd86264d028c6c6dae1bbf2ef6edf51c42b77784eb27,238197,4,1,True,True,True,local_trade_no_swap_certified,1,1,False,True,True,False,False,2338.0,2,85
1164,395443654a9c724576588f291416c4659246b4cc61280c6b726d810b367b96df,221640,4,1,True,True,True,local_trade_no_swap_certified,1,1,False,False,False,False,False,1166.0,2,85
1165,0cf6509f3ea19076d6771649fd268d7120b953febd5847925ec4b77d84e61f9f,194221,4,1,True,True,True,local_trade_no_swap_certified,1,1,False,False,False,False,False,1111.0,2,93
1166,5b02fcb304c6602cc63dea2953ade5694861d0ab5c5186f4b2dbb49591e5f07f,108232,4,1,True,True,True,local_trade_no_swap_certified,1,1,False,False,False,False,False,2320.0,2,172
1167,2aaf33ac65c862c80afffd254ffa44aac44e1491760bbd8739283776542fe160,263356,4,1,True,True,True,local_trade_no_swap_certified,1,1,False,True,True,False,False,730.0,2,85
1168,9b9fca93cc025c8c4dafdb00c1e0bbc7ff2008ccc82b02237a43b91e28637ff4,33711,4,1,True,True,True,local_trade_no_swap_certified,1,1,False,False,False,False,False,1013.0,2,154
1169,60d38a5c5e62c98f7d97fde8ec7d1740b30c0c94488cf901c49dabf0f6473a2f,3218,4,1,True,True,True,local_trade_no_swap_certified,1,1,False,False,False,False,False,202.0,2,95
1170,4f565cc72069d41556e0a45924f9c934c9ce5a26784f9622c479bf5740aa3b57,166557,4,1,True,True,True,local_trade_no_swap_certified,1,1,False,True,True,False,False,267.0,2,183
1171,c5c72b7027fe1ab1916f3c4b9abef0ce716fb3ee23fe8cfc7ec7c9f5d444f387,55246,4,1,True,True,True,local_trade_no_swap_certified,1,1,False,False,False,False,False,89.0,2,85
1172,b03cd75f39be80c999d6c92a32024235fafc0fb5eb23f8838d13cfbab874637a,256518,4,1,True,True,True,local_trade_no_swap_certified,1,1,False,True,True,False,False,253.0,2,94
1173,bfecee29068c85ba9e5c00f95cad170a057f66e34777cf75046aac4f50e8b3f6,101957,4,1,True,True,True,local_trade_no_swap_certified,1,1,False,False,False,False,False,805.0,2,112
1174,26bf8ad86d3497c0d3f86318b0871e357460f42950bca799c768fd2033c06c80,71013,4,1,True,True,True,local_trade_no_swap_certified,1,1,False,False,False,False,False,2260.0,2,246
1175,a26baa5b3fa5b39bfd29c7925c4b311e6a4a0403706ad75a34dcc9458cb0e3b2,42287,4,1,True,True,True,local_trade_no_swap_certified,1,1,False,False,False,False,False,245.0,2,85
1176,5aec854bdcb8088c428d203c5176e8cc4414e932e65f53aab5efb367c581f693,177130,4,1,True,True,True,local_trade_no_swap_certified,1,1,False,True,True,False,False,855.0,2,111
1177,9dfaa50dd548f614132bba248da233cad637c36d5537807ada48c81876fba76f,258264,4,1,True,True,True,local_trade_no_swap_certified,1,1,False,True,True,False,False,934.0,2,99
1178,abd137223ec0bf661fbb066e51d80145924b9a537eea5ae7297b6ea60cc8f05e,265841,4,1,True,True,True,local_trade_no_swap_certified,1,1,False,False,False,False,False,319.0,2,164
1179,ddbea9c8c471a8c808f646268f0370574a4baa6cfabac6d2e57ecd887666d1a6,283462,4,1,True,True,True,local_trade_no_swap_certified,1,1,False,True,True,False,False,2762.0,2,95
1180,74fe78ec3436c0c8f25383f9cafd71dcf56ce8a0e3a320d16f024cd312fb7b3c,155587,4,1,True,True,True,local_trade_no_swap_certified,1,1,False,False,False,False,False,861.0,2,119
1181,6e6153658c13938a107f0bccdfe011e02a2c78e0d3ec5b4e6af570e0e44dffe5,116740,4,1,True,True,True,local_trade_no_swap_certified,1,1,False,False,False,False,False,1545.0,2,93
1182,1c48d0e37abd1f0c54f7f1ba8061215568860858bddf591afcff4e808e5fc208,143209,4,1,True,True,True,local_trade_no_swap_certified,1,1,False,True,True,False,False,258.0,2,85
1183,c9907951386a8c71b29cea95fbf0d39354f16bda1443edf4f0fa44a2c233323d,261503,4,1,True,True,True,local_trade_no_swap_certified,1,1,False,False,False,False,False,14773.0,2,137
1184,7dba9ced0ac89a256100ebba637db494da887a4e29c6d74630bd3f8e13a35be6,22191,4,1,True,True,True,local_trade_no_swap_certified,1,1,False,True,True,False,False,254.0,2,85
1185,3e804b3beee0ced34a8ecd33c185495f6d3c022e5714d7f62f2206ffc8fc4218,68224,4,1,True,True,True,local_trade_no_swap_certified,1,1,False,False,False,False,False,491.0,2,85
1186,48be98f6291f46702ff17397602ca8344318e6a6e0882d150c0e1e7a7de07014,27524,4,1,True,True,True,local_trade_no_swap_certified,1,1,False,True,True,False,False,785.0,2,102
1187,dc15b879a8a7572746e9a7b91f6bc19c90519c6e02767e7c2ec9c0b0ba3f88db,209407,4,1,True,True,True,local_trade_no_swap_certified,1,1,False,False,False,False,False,137.0,2,86
1188,6e83f6de3efc68412923558f3ce7a5e3f203e0e144cc60fb3f50831b709bc67e,289967,4,1,True,True,True,local_trade_no_swap_certified,1,1,False,True,True,False,False,399.0,2,184
1189,cd7ccf3a985898147981f75afb0ad72203be3feb0f02eb96af7494a2ac738b54,251349,4,1,True,True,True,local_trade_no_swap_certified,1,1,False,True,True,False,False,125.0,2,85
1190,8de1e7cb94570f417e9b0a60a6626f883e6245105f6f0bb173f6de214849f848,284953,4,1,True,True,True,local_trade_no_swap_certified,1,1,False,True,True,False,False,106.0,2,85
1191,146b8c77927423004d039d61183dc3edaf04c2543d5d2daaa719aa510fd1ba90,101253,4,1,True,True,True,local_trade_no_swap_certified,1,1,False,False,False,False,False,115.0,2,85
1192,a899907645b7456bb56e8833973b0eacfac49e938e7afbf0c6cd82eaebc325d0,34739,4,1,True,True,True,local_trade_no_swap_certified,1,1,False,True,True,False,False,332.0,2,85
1193,477d0be0d1a1a089e58144714d375880416f75f5ab0c11e028e02431f08dc830,226294,4,1,True,True,True,local_trade_no_swap_certified,1,1,False,True,True,False,False,1757.0,2,256
1194,0ddd4c502bd3db495b77bc271b47d515948c59cef7428f26ffa0cd231f9e097c,28494,4,1,True,True,True,local_trade_no_swap_certified,1,1,False,False,False,False,False,481.0,2,182
1195,c035530769c509c184dff3b4e2bb57cd559a1e3ef6739888e2991cc9104029f3,276322,4,1,True,True,True,local_trade_no_swap_certified,1,1,False,False,False,False,False,186.0,2,110
1196,9219c02f12c89dfabab0e798b0dfe7b2f5e8b15e199f43144ba20ec697626ca8,253096,4,1,True,True,True,local_trade_no_swap_certified,1,1,False,True,True,False,False,1290.0,2,102
1197,e7a656773a673ec90e35d86054d310a697d10e04ebbaea32f14224b421268644,52722,4,1,True,True,True,local_trade_no_swap_certified,1,1,False,False,False,False,False,7028.0,2,100
1198,944d304419ad20510c14642a52f1106e2526ec8ee2a089435064f130646747b0,106184,4,1,True,True,True,local_trade_no_swap_certified,1,1,False,True,True,False,False,2854.0,2,312
1199,ae5011a83d6c00bd06237088119719dcb8eb3f92fe92542a0c90677c6f42130f,44004,4,1,True,True,True,local_trade_no_swap_certified,1,1,False,True,True,False,False,600.0,2,85
1200,9402d3dbde1f0f3ecb5da81138258f4c559422bf728cbf481cc21cf02fbd1bba,283424,4,1,True,True,True,local_trade_no_swap_certified,1,1,False,True,True,False,False,337.0,2,85
1201,7b98e77e383a0cafade203857ae591d7c5f51e1e3a39fde3c4af83a122cd65d4,269538,4,1,True,True,True,local_trade_no_swap_certified,1,1,False,False,False,False,False,2601.0,2,85
1202,0cbd7ebf1fa36d0e67b9b5ec0a63c0f9e3f47c8a5d168099ee41e80f5a0fb282,244330,4,1,True,True,True,local_trade_no_swap_certified,1,1,False,False,False,False,False,3295.0,2,116
1203,9be80fea2eaba8a27794b981c6ebbfe23ce2cc3b2c7260260ba0b6568e8cf5e8,122237,4,1,True,True,True,local_trade_no_swap_certified,1,1,False,True,True,False,False,150.0,2,120
1204,01b965f03f65954cbda2e60bdda9d9ced7f59920a03576cdeffac178a39bab0f,223676,4,1,True,True,True,local_trade_no_swap_certified,1,1,False,False,False,False,False,401.0,2,133
1205,cf4b1f7b9098b5e4fea4161f97ea87b41f37f72cccc21536528d3a94e8d6d9c3,158348,4,1,True,True,True,local_trade_no_swap_certified,1,1,False,False,False,False,False,1552.0,2,128
1206,ca82ae9e5a4aee04cd7ab258833cbaee68539ea11ecc0f76b4a22f498dbb50ec,105220,4,1,True,True,True,local_trade_no_swap_certified,1,1,False,False,False,False,False,495.0,2,128
1207,5918d9b2bd6ee5e687fac31ad32811324292146a591c5d4b6cc232492523f6df,225209,4,1,True,True,True,local_trade_no_swap_certified,1,1,False,True,True,False,False,662.0,2,157
1208,f0e30524f60639e986a6dd21bf739ba9c71f4a6c7e99a2d42f04b5c7a9b95791,18801,4,1,True,True,True,local_trade_no_swap_certified,1,1,False,False,False,False,False,1182.0,2,126
1209,4fa799f20903f500833bd609e5ac2c40a340c86ef3b80b5aaf673229df078bfc,47512,4,1,True,True,True,local_trade_no_swap_certified,1,1,False,False,False,False,False,6202.0,2,209
1210,7a8a6408e2b48600baba49e755e9263dc8aabe73159209e7ba991008c0033609,120635,4,1,True,True,True,local_trade_no_swap_certified,1,1,False,True,True,False,False,572.0,2,117
1211,820c416692c734ca076191b908392bcd08455fed59e60252dae5d8a18fb1b87c,81692,4,1,True,True,True,local_trade_no_swap_certified,1,1,False,False,False,False,False,318.0,2,85
1212,84b9452fa937b071bb320f078e45fb5c8b18bbf7b672128171931cbd3fc9646a,32688,4,1,True,True,True,local_trade_no_swap_certified,1,1,False,False,False,False,False,792.0,2,85
1213,0991e5b4b73e3fed976903b498ba93edbcd3005c06743d6f3c039f6042b97f91,167015,4,1,True,True,True,local_trade_no_swap_certified,1,1,False,True,True,False,False,465.0,2,85
1214,2a455d80e79464b5e0b77baff8e1cc22c8c94582da343c83fc67d9297d77db7e,3165,4,1,True,True,True,local_trade_no_swap_certified,1,1,False,False,False,False,False,705.0,2,213
1215,385abeba06096457f88a8579777894f277503a3f0f07724bf2e8b2ab8adbb04c,869,4,1,True,True,True,local_trade_no_swap_certified,1,1,False,False,False,False,False,207.0,2,106
1216,e3a81a70802b20c1ba29eff3bd3a6d7fad198a54b8ee3ffdb8738a95198058f9,143843,4,1,True,True,True,local_trade_no_swap_certified,1,1,False,False,False,False,False,329.0,2,167
1217,e3768e6e8f1f00fccb2e62720e0159812211b5f7f281981b295bb20f249a37a0,197855,4,1,True,True,True,local_trade_no_swap_certified,1,1,False,True,True,False,False,2876.0,2,97
1218,d3d6c89d1f6f4ef99c9a316defe9f4fbce29a0c0e8d28e638f50d5bf68d1ed25,137080,4,1,True,True,True,local_trade_no_swap_certified,1,1,False,False,False,False,False,195.0,2,85
1219,e289b0074f7d314ac490811dab684f52eef8a88fac75f4e764fb7f2f26258b1d,10644,4,1,True,True,True,local_trade_no_swap_certified,1,1,False,False,False,False,False,521.0,2,124
1220,342edafeca94be0094a726a3d009e7a3f92952f3d5e6e9421e4b499731b2223f,272099,4,1,True,True,True,local_trade_no_swap_certified,1,1,False,False,False,False,False,315.0,2,85
1221,560c3bc75b4541447dfcfbd3d911609b7ba8d71d685077e9e7f8f2f3ba6b4eae,228964,4,1,True,True,True,local_trade_no_swap_certified,1,1,False,False,False,False,False,297.0,2,157
1222,3149a3b29e72b8f1c6affa7007b25a84fb67b5698059f8b49ad649e62fcaa1a6,132434,4,1,True,True,True,local_trade_no_swap_certified,1,1,False,True,True,False,False,11737.0,2,148
1223,575e38ef957d3a711677f3efe1a681f8b57593373a9f6a1a8ed7653a2777add3,30385,4,1,True,True,True,local_trade_no_swap_certified,1,1,False,True,True,False,False,238.0,2,119
1224,2bca17a179bd43c89deea507f5b9a94f45c710ce0126070ec12a6b545597ed5c,88723,4,1,True,True,True,local_trade_no_swap_certified,1,1,False,True,True,False,False,863.0,2,118
1225,4ce800fa2f09805a1fbcf7b71e7bc07be36b81fa2a1e48d5908e072675c7b310,100933,4,1,True,True,True,local_trade_no_swap_certified,1,1,False,True,True,False,False,78.0,2,85
1226,7eeef49aa99456f17fa3c3bed66741ad6b2a3b2519cdb9d86626b38c262c9963,53837,4,1,True,True,True,local_trade_no_swap_certified,1,1,False,False,False,False,False,170.0,2,85
1227,dde59f819a8c9fb2c67dddf70472515511639338b20870ae32523f9759aa7d93,22355,4,1,True,True,True,local_trade_no_swap_certified,1,1,False,False,False,False,False,904.0,2,98
1228,14bfcadf6b60f61c8f3a71e76074a5ef0b99dea3a6d87819e554d242ad79ce64,141539,4,1,True,True,True,local_trade_no_swap_certified,1,1,False,True,True,False,False,408.0,2,85
1229,6686dcf988a3429279a9aa267ae7ff58592d2ad569d49aeb24fbb904a12256f3,56735,4,1,True,True,True,local_trade_no_swap_certified,1,1,False,False,False,False,False,527.0,2,85
1230,de172ec1113dd92c6e4a0403482177a000b5553cf386ffe4c1ddbb16f71f82b1,241467,4,1,True,True,True,local_trade_no_swap_certified,1,1,False,False,False,False,False,2467.0,2,85
1231,7f2fda0a8721c2e9a5c44da553c460b46906b7d559d0499d78f42a430fe59f2e,225206,4,1,True,True,True,local_trade_no_swap_certified,1,1,False,False,False,False,False,95.0,2,85
1232,60df83e876c950d1dc2e25334d0c978b5938d727428e6f90e1202923daa44e39,282961,4,1,True,True,True,local_trade_no_swap_certified,1,1,False,True,True,False,False,84.0,2,85
1233,f339b368f5441a2fdca9ea3dcd383ad02f2a89cf8b3f2c65935b09bf9cc91f5a,38220,4,1,True,True,True,local_trade_no_swap_certified,1,1,False,False,False,False,False,4049.0,2,555
1234,f911ed48fa574d3c4980e079af8dba7dadbc306ca5614f9eed9d2b2d358ee640,152347,4,1,True,True,True,local_trade_no_swap_certified,1,1,False,True,True,False,False,1494.0,2,96
1235,db07b88c39a6717aac03ed68c0793d296bae0031e6a268d266bbadfc402b3b0a,68408,4,1,True,True,True,local_trade_no_swap_certified,1,1,False,True,True,False,False,1429.0,2,98
1236,ea4716227344a7d992fb68ca22a35779fb9b36111a700503a92fb7ddf82a00c9,77286,4,1,True,True,True,local_trade_no_swap_certified,1,1,False,False,False,False,False,3354.0,2,85
1237,382e53f86541248891595aeddf38cc0b59b7c3eadaaf28e7da71c940c9f81622,249295,4,1,True,True,True,local_trade_no_swap_certified,1,1,False,True,True,False,False,2175.0,2,145
1238,e0324df841055a9d0b4963e900cdbd1e13614e628ecf13d4401339972aa732dc,86937,4,1,True,True,True,local_trade_no_swap_certified,1,1,False,True,True,False,False,755.0,2,95
1239,cfab54841bb897a8fdb5d83baa7cfe61432c687eaa175c85b9df8f61f8bf330e,13432,4,1,True,True,True,local_trade_no_swap_certified,1,1,False,False,False,False,False,1605.0,2,85
1240,984f4cfea4853518ac6d0525b20dd446a125a87232488736ef7e3030507e7dae,137302,4,1,True,True,True,local_trade_no_swap_certified,1,1,False,True,True,False,False,2151.0,2,95
1241,e13fda76bc20da8a208d8696ba25a523c2c8e9519c80092d22d2ca4e31b68e17,51522,4,1,True,True,True,local_trade_no_swap_certified,1,1,False,True,True,False,False,10577.0,2,261
1242,34bbbad05c85ae91a5a75044b7a2d9f487aeb443404de12c76378a16cd0c560f,103319,4,1,True,True,True,local_trade_no_swap_certified,1,1,False,False,False,False,False,60.0,2,85
1243,080d32145c8efecf6bd64ac5df258f030681ed98dd3a3593733893e81412b4a1,56598,4,1,True,True,True,local_trade_no_swap_certified,1,1,False,True,True,False,False,634.0,2,143
1244,458ccb2a325e554c255e65255e58846eddc3591c33d850f95525ff3cd8061d17,265225,4,1,True,True,True,local_trade_no_swap_certified,1,1,False,False,False,False,False,1001.0,2,85
1245,d9ebf8b93fe23abfcd1f80e02301950816584ac1998222fd78ec700063d8c9b2,148780,4,1,True,True,True,local_trade_no_swap_certified,1,1,False,False,False,False,False,656.0,2,117
1246,994d931c0e5d37797c36170b151cfa82aa0ee7ca2e40ed0d62270e078106455b,54321,4,1,True,True,True,local_trade_no_swap_certified,1,1,False,True,True,False,False,3116.0,2,85
1247,bc1f698b780c4deaed2af6ebae5798f8716a30ee44de57144176b457c78565e1,98585,4,1,True,True,True,local_trade_no_swap_certified,1,1,False,True,True,False,False,387.0,2,85
1248,d593066841265302a95fd79cc7210f290cf672e789985400ef7c33056c9392e8,199190,4,1,True,True,True,local_trade_no_swap_certified,1,1,False,True,True,False,False,780.0,2,109
1249,c0365774390b87085fda17e00e306ee42ad336ef7cb97de3a0d29a569cf9611a,21359,4,1,True,True,True,local_trade_no_swap_certified,1,1,False,True,True,False,False,170.0,2,85
1250,318f4f10afd3f73e97c8519fa6440649e942e4c95054cc143925df4d30fb09bb,63251,4,1,True,True,True,local_trade_no_swap_certified,1,1,False,False,False,False,False,2070.0,2,85
1251,063c48871b658880543f1d999164633e392d8ea139509b1dfdfd63a79a06c20d,208173,4,1,True,True,True,local_trade_no_swap_certified,1,1,False,False,False,False,False,779.0,2,92
1252,04834643196e3aa29bfa00c9788fb2eae5fe38eb32ff05305660e72c12309cb8,51996,4,1,True,True,True,local_trade_no_swap_certified,1,1,False,True,True,False,False,226.0,2,85
1253,719bf1de66c181dddb7f9dc85cf4dd73ca4726ad3662c62b875317dfedc55e5e,197575,4,1,True,True,True,local_trade_no_swap_certified,1,1,False,True,True,False,False,511.0,2,103
1254,0385be0962619b7fba7a536c7c54e5680d86c85836df835a1b0608588ae78506,290222,4,1,True,True,True,local_trade_no_swap_certified,1,1,False,False,False,False,False,886.0,2,85
1255,f4f14327ef509aa608f911e12e48c9c067416c976a1e5ce0366db582906905b8,242561,4,1,True,True,True,local_trade_no_swap_certified,1,1,False,True,True,False,False,134.0,2,85
1256,3f4be9b72663ad86a0a49749b34532389cdc5054c0494e323d52f4241d5ca9fa,5036,4,1,True,True,True,local_trade_no_swap_certified,1,1,False,True,True,False,False,1898.0,2,146
1257,a130f881dbbf8b1cce862a7e236782b8a01ff9bdef44614fd13ba5aa4dab10c7,272369,4,1,True,True,True,local_trade_no_swap_certified,1,1,False,True,True,False,False,242.0,2,99
1258,444dfb6665bc1f6ad9f4da0aeb097c3ed1e022be97af502e68601046d9a261af,8868,4,1,True,True,True,local_trade_no_swap_certified,1,1,False,False,False,False,False,1427.0,2,85
1259,861c08466f989670fe62748d4fd5b5e70d2875b7f18f5754a9449a469a77b22c,113561,4,1,True,True,True,local_trade_no_swap_certified,1,1,False,False,False,False,False,69.0,2,85
1260,0791e40975aee4f2525b7a83e68f21f3a74eeb8d411e49e800529566481a7329,129477,4,1,True,True,True,local_trade_no_swap_certified,1,1,False,False,False,False,False,3813.0,2,164
1261,0c094a7aedf766411cd9dfd321c5a005478d66c2fab924fe2464639ac6ebb7b4,13805,4,1,True,True,True,local_trade_no_swap_certified,1,1,False,False,False,False,False,737.0,2,107
1262,0dcde8827af04f18634f5719829acf7443ccbdc40c6f9fb6f803061c41b91a88,75056,4,1,True,True,True,local_trade_no_swap_certified,1,1,False,True,True,False,False,640.0,2,93
1263,a697a16fd9c6d5a05e59d3d13ed2d076a4e214fb3d7f10e6a5332810ddf2905e,135238,4,1,True,True,True,local_trade_no_swap_certified,1,1,False,False,False,False,False,3195.0,2,115
1264,bf7af205e6baa95c6dcdcf93e698b5c358fb9b1b6c8202a3298dcf6dc5979c32,30869,4,1,True,True,True,local_trade_no_swap_certified,1,1,False,False,False,False,False,1018.0,2,85
1265,a575944069c3769595563d6d27be51dc010f1d3dd98a4461f19057ec2b274b50,29618,4,1,True,True,True,local_trade_no_swap_certified,1,1,False,False,False,False,False,1249.0,2,87
1266,2bc74fcc49cdd292101d982d7c4f8cb4558aaa634d99a0cac2f2201b6ffe5ff2,75276,4,1,True,True,True,local_trade_no_swap_certified,1,1,False,True,True,False,False,221.0,2,85
1267,da6e973f31befb3449709a7c48627f7e66c9eed28ce40b07bd377796f9411fed,68693,4,1,True,True,True,local_trade_no_swap_certified,1,1,False,True,True,False,False,2310.0,2,220
1268,2951874db158eaca2f07cfb6945014d73bbfdd4db69580b0d53eff736d921c13,111356,4,1,True,True,True,local_trade_no_swap_certified,1,1,False,False,False,False,False,1008.0,2,85
1269,bb3304c2fd67b4076846388de59991b6fdd9047090d9b31330ef9627a04511b6,267346,4,1,True,True,True,local_trade_no_swap_certified,1,1,False,True,True,False,False,572.0,2,109
1270,61308ac410e9a86c60792fe686450c62e2cd6953415cbb44c9c33d9ec7aaf5eb,270603,4,1,True,True,True,local_trade_no_swap_certified,1,1,False,True,True,False,False,189.0,2,156
1271,120b1f0e8af9197749e53886102496f10b8d9dad5bfefda1acce72f28dd8f2cd,154865,4,1,True,True,True,local_trade_no_swap_certified,1,1,False,False,False,False,False,502.0,2,89
1272,008f2e5bdf853db75fa0ff47e121a017f5bc6fad8a397a766a90bb385f5cfb53,218124,4,1,True,True,True,local_trade_no_swap_certified,1,1,False,False,False,False,False,657.0,2,85
1273,470bfe6c520f4f6ea04c393760cb9978fd410d66a8a819042e5c1bcf0ba6fe3a,80149,4,1,True,True,True,local_trade_no_swap_certified,1,1,False,False,False,False,False,162.0,2,94
1274,4b50e71593a4354b60bf406877e6aa7035624646e03aacd68c52450313910fd0,192588,4,1,True,True,True,local_trade_no_swap_certified,1,1,False,False,False,False,False,599.0,2,184
1275,cf83a413ac5a167f38d3d2dc08d152a9630059adb8f8749da227099958383932,114848,4,1,True,True,True,local_trade_no_swap_certified,1,1,False,False,False,False,False,119.0,2,85
1276,74bdee50dd2eaf15e88332be369e1d9ab2668e855eb8edb43d6fd6f471070df2,49408,4,1,True,True,True,local_trade_no_swap_certified,1,1,False,False,False,False,False,928.0,2,85
1277,740118a13d558869706a9875feea7f0205195ae35d1e71a13c7632daf7280d61,288648,4,1,True,True,True,local_trade_no_swap_certified,1,1,False,False,False,False,False,227.0,2,85
1278,5637b387e336d57d15156cfdbf6edcaefc4d07c35c35246f7771d9c6c706f551,228700,4,1,True,True,True,local_trade_no_swap_certified,1,1,False,False,False,False,False,271.0,2,85
1279,0b3449b72c41a6e0708277bd567454d214f94203183d033f9d3bdbdbe21945ec,278322,4,1,True,True,True,local_trade_no_swap_certified,1,1,False,True,True,False,False,297.0,2,117
1280,46d047ade83d73308972b6b584f811f600f80d71964ebc5f8d20fc7494e0ce3f,108475,4,1,True,True,True,local_trade_no_swap_certified,1,1,False,True,True,False,False,1346.0,2,134
1281,50ceb82e9893816159c0773af681cb35b9e1b27192e8997e88cd8a6410ee00c2,202197,4,1,True,True,True,local_trade_no_swap_certified,1,1,False,False,False,False,False,195.0,2,117
1282,e0ba4272592dda800c35d6d979c3a2a84f7722a7aa2d5a283afe4e8c9b515c49,120205,4,1,True,True,True,local_trade_no_swap_certified,1,1,False,False,False,False,False,711.0,2,98
1283,fede6ad21bc6d0018730f3249264dcab20704478f622668bf150078ed716d33f,236150,4,1,True,True,True,local_trade_no_swap_certified,1,1,False,True,True,False,False,556.0,2,85
1284,fa24578d4a79c2dbaefc47b93caa7f27f4526ee0aae86276c3e36e3b0cb1e87a,253813,4,1,True,True,True,local_trade_no_swap_certified,1,1,False,True,True,False,False,235.0,2,89
1285,3208c2a6dba54278b12fee360e2cd6ea091c73d2ad7e18f6b228f713516d86f4,122030,4,1,True,True,True,local_trade_no_swap_certified,1,1,False,True,True,False,False,557.0,2,265
1286,35ea9f491aaaace1560b6bfe191fd0191a5fb03d6bd401c9eed7b61aa18f2fa9,293798,4,1,True,True,True,local_trade_no_swap_certified,1,1,False,False,False,False,False,324.0,2,109
1287,9370479db40607c8ceaa849efd1a3c952dff9fb25814fc482f367dafc3a0d9c1,255522,4,1,True,True,True,local_trade_no_swap_certified,1,1,False,False,False,False,False,997.0,2,147
1288,31f25119f7420c5c7057a2aa3082047e9114223e4a8a938f731843ddf29938ac,288975,4,1,True,True,True,local_trade_no_swap_certified,1,1,False,True,True,False,False,939.0,2,85
1289,9e6f2249350b0e0ec8c3ca1ba52b52187814f8db7b44f909f65cb80e83585759,48565,4,1,True,True,True,local_trade_no_swap_certified,1,1,False,True,True,False,False,195.0,2,85
1290,a7eea59d2401be01ae373a9230bcb7b3c70ab91667d90eeb73f67ba1ae46d3c3,75138,4,1,True,True,True,local_trade_no_swap_certified,1,1,False,False,False,False,False,890.0,2,224
1291,dd238528708718f6bd86ed332a170acbe85d07dde19f39085865c2efd304392b,93393,4,1,True,True,True,local_trade_no_swap_certified,1,1,False,False,False,False,False,78.0,2,85
1292,ed8ee6529b14901989e9dba13b8f510f12cf30e994d72573c19c4035cae91db0,200482,4,1,True,True,True,local_trade_no_swap_certified,1,1,False,True,True,False,False,214.0,2,85
1293,139cfda4fe64e549b926c3f23279d2b9b0ccfbecf5d1becbb20c36b8d66ea964,113912,4,1,True,True,True,local_trade_no_swap_certified,1,1,False,True,True,False,False,2942.0,2,113
1294,a52f2fc17e08f9b26a56da11f6e9b3d936910033383ec6903c98535996639359,131867,4,1,True,True,True,local_trade_no_swap_certified,1,1,False,True,True,False,False,532.0,2,85
1295,5cbd79b57099125386ae6f370dbcb6d1aa09e6c6890598a8ea7db8a55e7af03c,258351,4,1,True,True,True,local_trade_no_swap_certified,1,1,False,True,True,False,False,229.0,2,96
1296,8ac6324c2e071ac119c91563c222750d3dc527808bcd851f805cbf68c67679c0,132487,4,1,True,True,True,local_trade_no_swap_certified,1,1,False,True,True,False,False,333.0,2,85
1297,88d525c778d3de5fc2f671ebe5b6f883f164f3c3777cd0f02458e4c4d594279c,131866,4,1,True,True,True,local_trade_no_swap_certified,1,1,False,True,True,False,False,753.0,2,232
1298,aa13db13934b0b8a294ea130da653ff45f38175cb0c5b2dabda449b2e06b4848,98118,4,1,True,True,True,local_trade_no_swap_certified,1,1,False,True,True,False,False,809.0,2,256
1299,e3ab462d66bc01a533868b8f7342df7e7f1efe8c51c2d96b254f8a19cf126c43,105370,4,1,True,True,True,local_trade_no_swap_certified,1,1,False,True,True,False,False,937.0,2,85
1300,29fc66c35559aa72404e5f648c15139b3a2122a88baed10fc5acb7c1ef138b36,208833,4,1,True,True,True,local_trade_no_swap_certified,1,1,False,True,True,False,False,626.0,2,85
1301,a3c091bb4f50843e9d5007e541ab640dc65eb4d7bb04d6799012b6c7dc79b60c,112272,4,1,True,True,True,local_trade_no_swap_certified,1,1,False,True,True,False,False,550.0,2,116
1302,adad05b9eb83ac1fe59dd910d19a1f95917b7b7d8d8afe3cc17ba3655e602722,70574,4,1,True,True,True,local_trade_no_swap_certified,1,1,False,False,False,False,False,489.0,2,106
1303,e3a9e62c250e4979da65d74afe101d39eafded248e0ecfe74c9adb8bbda8e6f3,86627,4,1,True,True,True,local_trade_no_swap_certified,1,1,False,True,True,False,False,443.0,2,85
1304,299220874e9e36251bc0be0d4e71b240068ce0d2bf1d40b2af0692fd7c2b719b,1023,4,1,True,True,True,local_trade_no_swap_certified,1,1,False,False,False,False,False,9149.0,2,112
1305,d0151f99625671b49ce61871343325d96fbc44953950189a83a1a1373231bb94,27125,4,1,True,True,True,local_trade_no_swap_certified,1,1,False,False,False,False,False,5236.0,2,108
1306,75b3e478c7f08c72e17aff1933c7ff36786375ca5f7a010519867cff814283a1,21913,4,1,True,True,True,local_trade_no_swap_certified,1,1,False,False,False,False,False,1571.0,2,187
1307,7a89f4bddc1915094b4865acacb56159bd5d1dff9482bad54d3a5da6dd247ae4,90793,4,1,True,True,True,local_trade_no_swap_certified,1,1,False,True,True,False,False,307.0,2,85
1308,f2622e61109cc3665b5c9c676283d9cec1a2f4141d92d0d0156535249a27c32a,252788,4,1,True,True,True,local_trade_no_swap_certified,1,1,False,False,False,False,False,12940.0,2,136
1309,abb7b2577b4b4b28f96156e702a8209a33e34af742a3c8751185828d94ac6e32,111693,4,1,True,True,True,local_trade_no_swap_certified,1,1,False,False,False,False,False,4364.0,2,85
1310,b86ef235ff7a3915ea03b1a55d6ab82fedd2e02000102216758efb026bfe4227,172905,4,1,True,True,True,local_trade_no_swap_certified,1,1,False,True,True,False,False,2311.0,2,131
1311,cc1297087ea2c7fb5af424ae1acf98a4583b601293ca968e51856b44f6b0c832,250319,4,1,True,True,True,local_trade_no_swap_certified,1,1,False,True,True,False,False,846.0,2,222
1312,f6c1f26827718e29051a2589056991a9106655b7822c24483d1bd5cc679a5152,242416,4,1,True,True,True,local_trade_no_swap_certified,1,1,False,False,False,False,False,1898.0,2,212
1313,355a7e5d5bcda880f43e4ec977ebb6a4361f6673d7a0b4c4e6139197b3587017,248912,4,1,True,True,True,local_trade_no_swap_certified,1,1,False,False,False,False,False,824.0,2,85
1314,85ff0d651561deb920926265c56afb2e216c24774793ef30173910c62d27b444,89112,4,1,True,True,True,local_trade_no_swap_certified,1,1,False,False,False,False,False,265.0,2,122
1315,9ffe9338ae8b1d1f738c1450e0a0b44e2abf6386159932eae99a04f3224d099d,191770,4,1,True,True,True,local_trade_no_swap_certified,1,1,False,False,False,False,False,2036.0,2,131
1316,8faf08645821c0eeee6e5d680099a204f08e8500c0323546297af4138294309f,197027,4,1,True,True,True,local_trade_no_swap_certified,1,1,False,True,True,False,False,188.0,2,176
1317,90612d76d10015eb5072fa0aed5efca3b90c5b6baeb0bcd7f20d5e7b2f35567e,112195,4,1,True,True,True,local_trade_no_swap_certified,1,1,False,True,True,False,False,9111.0,2,121
1318,00c922201f702001c42bcb07a5b64f5b4b2441153183078e6b98463f34f6f6de,48087,4,1,True,True,True,local_trade_no_swap_certified,1,1,False,True,True,False,False,662.0,2,85
1319,aaac11900df727150437f7b7b1a207126ce594febc6ef820c799f5f05411c4b8,252079,4,1,True,True,True,local_trade_no_swap_certified,1,1,False,False,False,False,False,338.0,2,85
1320,d47d6055ac4bc5d7762cad536aba37612df1d3d0c560f6bc35ca658adf5ca81f,201967,4,1,True,True,True,local_trade_no_swap_certified,1,1,False,False,False,False,False,269.0,2,114
1321,94902f9f3f321cab953bad8bb79ea86a9d89cad3efa4f301ffb7f6fe76cde6f8,245742,4,1,True,True,True,local_trade_no_swap_certified,1,1,False,False,False,False,False,189.0,2,85
1322,277ce01e9f4655cc4fe1053f6dcb36257ef9a9ee59e2004123e0215ae4ac0535,84080,4,1,True,True,True,local_trade_no_swap_certified,1,1,False,True,True,False,False,2475.0,2,97
1323,f0f4b3971d7c587833d9a1be2eb6c6b6b01be98b79bbde9a1f68269f643a9245,73741,4,1,True,True,True,local_trade_no_swap_certified,1,1,False,False,False,False,False,511.0,2,128
1324,8faa0f030ea73a0e687ae40e750a02feba15b4bb2982bfd89c9c18b42ea36285,120491,4,1,True,True,True,local_trade_no_swap_certified,1,1,False,False,False,False,False,93.0,2,92
1325,07df8d979008879eacb396515e072befc094d46cad68835aacb39fa5abae14dd,287379,4,1,True,True,True,local_trade_no_swap_certified,1,1,False,False,False,False,False,2664.0,2,118
1326,0413fc4c258bad5c80d2657e8cd99fc021ffc8404fe286e92db5fd48fbadf9cd,224195,4,1,True,True,True,local_trade_no_swap_certified,1,1,False,False,False,False,False,1112.0,2,94
1327,41c890d83238f351d327cc0bbefdf0645758fe0e0fe209dd8252ef9934812e68,191959,4,1,True,True,True,local_trade_no_swap_certified,1,1,False,True,True,False,False,1118.0,2,85
1328,4d98ca4ef41b6eb23bef1e930188f412aa6ccf28e2d47da119418d8d77f7b19e,95207,4,1,True,True,True,local_trade_no_swap_certified,1,1,False,False,False,False,False,117.0,2,85
1329,ce1d8ed1c1bad9d90600528e7b6942f3dc31aec29af85438779052e1cded25a7,36742,4,1,True,True,True,local_trade_no_swap_certified,1,1,False,False,False,False,False,1217.0,2,208
1330,39dd3a03d5e440cd38d1f7c5ad2c2164a2ddbc078751349dbac30dac96dca3f8,67336,4,1,True,True,True,local_trade_no_swap_certified,1,1,False,True,True,False,False,1865.0,2,205
1331,bbf7bb310033062f9851d700c7a238ff26ae67a02e0e398c2bd78fa58017c733,129243,4,1,True,True,True,local_trade_no_swap_certified,1,1,False,False,False,False,False,4745.0,2,360
1332,98b11cf6c5fa4591aea065d9c080bbe7c4c864b70e07c781bee03cf79a58da16,283870,4,1,True,True,True,local_trade_no_swap_certified,1,1,False,False,False,False,False,932.0,2,109
1333,2a7e2efa4fda729bdab4960dd6c48219a119762a6cb087956be175b900f5735c,26634,4,1,True,True,True,local_trade_no_swap_certified,1,1,False,False,False,False,False,1544.0,2,124
1334,e2369ba19056e89170b2a18e614586e89ffe4f29979dbbb3ad4e73df5142827b,110883,4,1,True,True,True,local_trade_no_swap_certified,1,1,False,True,True,False,False,350.0,2,128
1335,cd10f568039d868c34b9d3972b23ca9f2a027aba09cdf00a30ba0a272b174cfb,158387,4,1,True,True,True,local_trade_no_swap_certified,1,1,False,False,False,False,False,1002.0,2,116
1336,c0983ec84ad3d60d9ce07c99c9e1a2d8eb8a31a81d15e8428107f1ec8f40045b,90857,4,1,True,True,True,local_trade_no_swap_certified,1,1,False,True,True,False,False,2417.0,2,165
1337,e732a7edfed40ddfd261745c62b7d70ae52999f6ab49c5a0c71ac6bce3b23ffb,282365,4,1,True,True,True,local_trade_no_swap_certified,1,1,False,True,True,False,False,1012.0,2,110
1338,1ea56bb3001abe7e09739af4eca196f3c4ce049c2f7bf50d48dd63aa48f17007,258944,4,1,True,True,True,local_trade_no_swap_certified,1,1,False,False,False,False,False,578.0,2,145
1339,6a72ecaf072b8e8982982382d58fdc4cebd322e68788d4eabadc0229f77d9c1b,262728,4,1,True,True,True,local_trade_no_swap_certified,1,1,False,False,False,False,False,1791.0,2,85
1340,58348a2242aa91505e6dca9ff218dbe5ed643d2d1159bad26245534f575409b9,167741,4,1,True,True,True,local_trade_no_swap_certified,1,1,False,True,True,False,False,567.0,2,148
1341,cd71c2d88d9c0b74f14e655f2a9c97470a05f6dbb764b176234e648eea15c736,160597,4,1,True,True,True,local_trade_no_swap_certified,1,1,False,True,True,False,False,149.0,2,85
1342,d9579d84ea76f530f8042a94312ab39494aa1c74769b55eca14da764fedcfb86,283036,4,1,True,True,True,local_trade_no_swap_certified,1,1,False,False,False,False,False,3305.0,2,99
1343,e9f048e8a4b627d962c18af80508c762eafb5c68b7ee8975853bc931a6ff7968,252458,4,1,True,True,True,local_trade_no_swap_certified,1,1,False,True,True,False,False,3106.0,2,280
1344,9397fc3a3c05da5de5882e956a7d6431c23f4aec484aa23db0206047575e4a15,116958,4,1,True,True,True,local_trade_no_swap_certified,1,1,False,True,True,False,False,2234.0,2,106
1345,c2ddd95c8fa77f3410ae9a2b02b6e5e4b70ab4dfaaf69e78ca448e599632973a,122884,4,1,True,True,True,local_trade_no_swap_certified,1,1,False,False,False,False,False,347.0,2,104
1346,daa5984fdfb0b63a9e0dd81880a880e874302bc7cddd32e21eaebf5760970519,62321,4,1,True,True,True,local_trade_no_swap_certified,1,1,False,False,False,False,False,753.0,2,107
1347,6d75ada128d46d9162152aded7ac2cee61561ae06e981828d52510f5eee9c653,188139,4,1,True,True,True,local_trade_no_swap_certified,1,1,False,True,True,False,False,917.0,2,85
1348,bcfaf7e3f2cb576b868b4bcd445e06faed8cde8888367804fcc0b92bebfc961f,194739,4,1,True,True,True,local_trade_no_swap_certified,1,1,False,False,False,False,False,3535.0,2,185
1349,c794ea2f8a6b683a7c2afb111137f018b4bb5201978c67f9baa679d782727d61,15623,4,1,True,True,True,local_trade_no_swap_certified,1,1,False,True,True,False,False,114.0,2,85
1350,5d615d310f90a376fda076c3efba7bf9128c691e421c05c81210d7017ad82b62,263334,4,1,True,True,True,local_trade_no_swap_certified,1,1,False,False,False,False,False,389.0,2,85
1351,063d127fd6cc0319447f594d179763c86c229002908f0ae2ea0b1efb55a33557,221480,4,1,True,True,True,local_trade_no_swap_certified,1,1,False,True,True,False,False,645.0,2,85
1352,b2564ed9a9db571896923571934cd6657791ddb2db559badecf0b8d03ad1b527,284594,4,1,True,True,True,local_trade_no_swap_certified,1,1,False,True,True,False,False,347.0,2,85
1353,9196e05531bceb512ae66ca21a53cbd82020e69263f17388debf435848a76776,242422,4,1,True,True,True,local_trade_no_swap_certified,1,1,False,False,False,False,False,2215.0,2,215
1354,f60ac4ab966f6f5e5fcf7226e4e0027d857429d4fdc67fb5264a794cd407206a,268404,4,1,True,True,True,local_trade_no_swap_certified,1,1,False,False,False,False,False,495.0,2,118
1355,c08f17e7b3dd9b4b971c6a45ffa2385feb41fbe8cb788092f8887c1347284d68,121136,4,1,True,True,True,local_trade_no_swap_certified,1,1,False,True,True,False,False,673.0,2,298
1356,586b95b77c0b0c5fbd886cb48b80bd8b5d1bc2562e1fcc0fb65e9b064ba2abfd,175856,4,1,True,True,True,local_trade_no_swap_certified,1,1,False,True,True,False,False,506.0,2,85
1357,9a8f28738973fc6d3f892a8ca2925bec2c32b8e0e84e29c7c005265aa45b101a,278898,4,1,True,True,True,local_trade_no_swap_certified,1,1,False,True,True,False,False,163.0,2,111
1358,edec2855cf29fc2b91b17737baf21a4465c816d264f104d34ad56bc34828fe31,125238,4,1,True,True,True,local_trade_no_swap_certified,1,1,False,True,True,False,False,536.0,2,85
1359,67bf042c6fd685c8e522c86782b8bf429d5db9767f1625078841887051609517,262849,4,1,True,True,True,local_trade_no_swap_certified,1,1,False,True,True,False,False,2345.0,2,488
1360,35239c9d49bc120715cef0f718a62f5387ac418f93170c64bce3486de51f3275,51742,4,1,True,True,True,local_trade_no_swap_certified,1,1,False,False,False,False,False,417.0,2,160
1361,19ecc206fa17fde4665b176973527fe4fc6bfc7edd294a7265e2848dff96fef4,222607,4,1,True,True,True,local_trade_no_swap_certified,1,1,False,True,True,False,False,1319.0,2,175
1362,6b9df2d7c57cab203b49757d7e16d9f64e9923614dd239f4a78afcc63ab73924,212686,4,1,True,True,True,local_trade_no_swap_certified,1,1,False,True,True,False,False,235.0,2,85
1363,2201b5b65556dc9db1ff90fc8f7ffc15b12e32dae7ad5f03e5676132dfcb3591,124236,4,1,True,True,True,local_trade_no_swap_certified,1,1,False,False,False,False,False,2251.0,2,122
1364,ef998de3f8e5fdddf8d62b280de632ba6eec8a8a869afed29584a08b1b404972,198817,4,1,True,True,True,local_trade_no_swap_certified,1,1,False,False,False,False,False,1473.0,2,85
1365,3cbc74396f3491767b70c891e315af013d3a65ce1f539a76db771753997be2e8,112743,4,1,True,True,True,local_trade_no_swap_certified,1,1,False,False,False,False,False,254.0,2,102
1366,efa155da7a46f7069a95c3aae6c4866960f52cc1a682af68aa265066ef30388f,131288,4,1,True,True,True,local_trade_no_swap_certified,1,1,False,True,True,False,False,218.0,2,113
1367,276b68d4af69725f085b65841382b81f9199a684e5b46eac10d9dbaf16baf3ee,19453,4,1,True,True,True,local_trade_no_swap_certified,1,1,False,True,True,False,False,1638.0,2,85
1368,9775a90c0459452b0e6894dcfb8237508cca49c300ea2056c51bb2b28dea4337,83415,4,1,True,True,True,local_trade_no_swap_certified,1,1,False,True,True,False,False,7346.0,2,85
1369,32367fc88cbdde99f610a84dc8b8f20013544795adcb13f6e0ea37332535dfc8,228785,4,1,True,True,True,local_trade_no_swap_certified,1,1,False,True,True,False,False,3637.0,2,515
1370,2f970a737b40b330b8e68fdf346411f07183ecd9937a80ebe739bc452bebe4f7,22394,4,1,True,True,True,local_trade_no_swap_certified,1,1,False,True,True,False,False,1482.0,2,108
1371,e8b46e2fb265df371c3a376153572f560727ac0c1adfc6256cf472b2ae0c9923,30257,4,1,True,True,True,local_trade_no_swap_certified,1,1,False,False,False,False,False,3127.0,2,85
1372,dde9b502534b14af6df3862313686566566505487cd77734a5e1e57a00d78e9b,223522,4,1,True,True,True,local_trade_no_swap_certified,1,1,False,True,True,False,False,600.0,2,119
1373,e5c6150967630331989d333615d57177d07b98f0649e528c7f1885b380ef6f25,209400,4,1,True,True,True,local_trade_no_swap_certified,1,1,False,False,False,False,False,3139.0,2,166
1374,1abe91c00a6e70b06ffa5528d6449ef766fca80eded532e98e3cf0593f297154,121037,4,1,True,True,True,local_trade_no_swap_certified,1,1,False,False,False,False,False,9431.0,2,356
1375,a9b86c705a21c390ad94da5f34f6832d15a001e7b0d444d3a692ed2944175913,133140,4,1,True,True,True,local_trade_no_swap_certified,1,1,False,True,True,False,False,777.0,2,85
1376,8a199a3727e6ff5b212ef77a5a616293f8365588f48dc1e8db1f42bca3acc100,234940,4,1,True,True,True,local_trade_no_swap_certified,1,1,False,True,True,False,False,463.0,2,190
1377,e64eeca201a5fedb3ed8b92c9d82290f9a864760e20c8397f51b40848ee81517,227102,4,1,True,True,True,local_trade_no_swap_certified,1,1,False,False,False,False,False,1268.0,2,153
1378,b099023b634a84c34e8fa24f337c9d10aec729e3fcb969b89bdcc08e2cad28b0,218054,4,1,True,True,True,local_trade_no_swap_certified,1,1,False,False,False,False,False,435.0,2,144
1379,985168d7a867a3061db2a0f6eca0f7b5b46ebbb954da0c6bf94dc31f13372892,143109,4,1,True,True,True,local_trade_no_swap_certified,1,1,False,False,False,False,False,13473.0,2,195
1380,7209b2bd9eeb02aa2c8a49c32f03134add35cf7ca133cf6351cf8518b7e3712a,9910,4,1,True,True,True,local_trade_no_swap_certified,1,1,False,True,True,False,False,647.0,2,93
1381,a6a6486089ace04d4a31a184f5e4ae6f67e8723b9ee31780eb97abf0523f382e,170432,4,1,True,True,True,local_trade_no_swap_certified,1,1,False,True,True,False,False,3570.0,2,206
1382,09e0387918f3192c60ad25fe0e6cc6761acb45b92e09babd3f371d053fcbb6b8,220844,4,1,True,True,True,local_trade_no_swap_certified,1,1,False,False,False,False,False,198.0,2,98
1383,d2a375d7144e318c162014afcdd2c6464efdcd82c77425b8d9a755b5f387fc87,171700,4,1,True,True,True,local_trade_no_swap_certified,1,1,False,False,False,False,False,588.0,2,85
1384,875bb3d430e32d256c81763541236f2526577b276dfa4f5e0a66186fca6c1090,106899,4,1,True,True,True,local_trade_no_swap_certified,1,1,False,True,True,False,False,1125.0,2,104
1385,c985fdd731644d6e59fbd22615059e0e6f437419ff99adbf14a8fc6dd6c43d2c,281904,4,1,True,True,True,local_trade_no_swap_certified,1,1,False,True,True,False,False,394.0,2,85
1386,112a8ccd92f2c619489c5f5e9d828ad9d6bea955af924261710efc5aff01639d,207263,4,1,True,True,True,local_trade_no_swap_certified,1,1,False,False,False,False,False,227.0,2,85
1387,a4eb0c6d82774cfb82410c7501a371e8c62f9b41c26ae99f5ce7eaa0876186c8,227494,4,1,True,True,True,local_trade_no_swap_certified,1,1,False,False,False,False,False,6122.0,2,566
1388,4e23c407e32497625c08c3df64beec4a6a5b2a7cf69ec51be056a571d10fed8a,100502,4,1,True,True,True,local_trade_no_swap_certified,1,1,False,False,False,False,False,529.0,2,103
1389,89d3e23beb20620d04f91302fbdb9dd136b0e83566146689d3e5578bfc142750,48707,4,1,True,True,True,local_trade_no_swap_certified,1,1,False,True,True,False,False,605.0,2,148
1390,a801498aaea022f36becabb59933dc5e56d6c6213d69c0c6ddcaea593cd33783,256306,4,1,True,True,True,local_trade_no_swap_certified,1,1,False,False,False,False,False,279.0,2,104
1391,eba52d11b7d660bb69fced01e81240bd148a42803b03982cd250e9dcdc7488fa,10947,4,1,True,True,True,local_trade_no_swap_certified,1,1,False,False,False,False,False,1708.0,2,85
1392,901b9922874718dd69073ae688bb3de11b40221b3aaed7f7879f046d9e6bbf41,14135,4,1,True,True,True,local_trade_no_swap_certified,1,1,False,True,True,False,False,710.0,2,363
1393,4ff6a3018a9ed7a11eaf2bb01bf4e6321449d55651d3c7514bc2fdae75657158,118124,4,1,True,True,True,local_trade_no_swap_certified,1,1,False,False,False,False,False,1021.0,2,85
1394,47f9571666482533e8e92e8d5d394625892b5d7116eea6edb0908f17d389a732,210972,4,1,True,True,True,local_trade_no_swap_certified,1,1,False,False,False,False,False,1058.0,2,92
1395,0aeb44801974c1f086a3da1cec742f2376993c287f5859444578ce055bd32099,291691,4,1,True,True,True,local_trade_no_swap_certified,1,1,False,False,False,False,False,242.0,2,94
1396,2a332fc18249dc2d44fdc588c200aa7d50e13661291dce179138b0c8c1a4e3d1,117187,4,1,True,True,True,local_trade_no_swap_certified,1,1,False,False,False,False,False,257.0,2,104
1397,49a2fa95cda2b14dad7e1b9579d142f2c84fb38f801ff57d8b3c0c1a3ff73634,213572,4,1,True,True,True,local_trade_no_swap_certified,1,1,False,False,False,False,False,823.0,2,151
1398,8abd3747324209f9766c9d60ea8a6e6adca8195f20f587ff787b5e3f1297fd99,129742,4,1,True,True,True,local_trade_no_swap_certified,1,1,False,False,False,False,False,358.0,2,85
1399,cd1eaad1141798568fc7f0f970f7bdec6847df5fbb9e179cb05bc6382a67bbd6,117783,4,1,True,True,True,local_trade_no_swap_certified,1,1,False,False,False,False,False,426.0,2,85
1400,e8001bbf404f938a00db1d0eb64bb5faed54fbf08c0a9a6ef38f480b7cb49f4a,124701,4,1,True,True,True,local_trade_no_swap_certified,1,1,False,True,True,False,False,2124.0,2,85
1401,0fcc0a4609d6ab659dda32e66965f9dc98e9d3bbf3223c2f6fdb2b59086cf490,213012,4,1,True,True,True,local_trade_no_swap_certified,1,1,False,True,True,False,False,673.0,2,85
1402,97415d7616bbcef445a2e54f3b9a43c9bac126a69f462d1ec03dacbf9f151d87,268361,4,1,True,True,True,local_trade_no_swap_certified,1,1,False,False,False,False,False,238.0,2,130
1403,96ce3045eb56085da83328e55e9c74240e5f68ce81fb34b8032dfc2e79621fe5,7110,4,1,True,True,True,local_trade_no_swap_certified,1,1,False,False,False,False,False,739.0,2,85
1404,2de3eefbb3d1f69ab461f74ddd488e11ae944c17bd10175444476000da38cb04,62739,4,1,True,True,True,local_trade_no_swap_certified,1,1,False,False,False,False,False,111.0,2,96
1405,f232c6f3d81c720572f4c1af8b217774b5c60b15b353066a83f139e5d2decfc5,66760,4,1,True,True,True,local_trade_no_swap_certified,1,1,False,False,False,False,False,1589.0,2,85
1406,a6a35d1ab102bc8a8ce30fdfa34ce78356a9d21c40bbdbb40c9cf0669c615693,255570,4,1,True,True,True,local_trade_no_swap_certified,1,1,False,False,False,False,False,448.0,2,104
1407,e2f837414eeb18d35c6b3d8bc62e94f769439aac8a27ab822a8fd3bf0f48633d,101028,4,1,True,True,True,local_trade_no_swap_certified,1,1,False,False,False,False,False,366.0,2,152
1408,59d7ef04354a8b20d8eba563e807fb10626f6481c26b81fa5052adfbac6256aa,164362,4,1,True,True,True,local_trade_no_swap_certified,1,1,False,True,True,False,False,156.0,2,86
1409,e51dfa90690ccfdafc2effeb5a3b61a836b9657c7424050bc41673a572a62a7d,292266,4,1,True,True,True,local_trade_no_swap_certified,1,1,False,True,True,False,False,91.0,2,85
1410,5f02166bd47bf757ed7ada796792c6bee6179f7828a047ca49f15c18cff37c5a,44622,4,1,True,True,True,local_trade_no_swap_certified,1,1,False,False,False,False,False,1052.0,2,85
1411,9d9a04ac75ac6e31b4fe42d363e472e921b15b8cbdef4e159ad3c588f7d55675,221476,4,1,True,True,True,local_trade_no_swap_certified,1,1,False,False,False,False,False,470.0,2,104
1412,9dfdc83a34b81eeb3b1136682acb6ec48ee330b3ce92bbf853c1534d362bc3fc,214932,4,1,True,True,True,local_trade_no_swap_certified,1,1,False,True,True,False,False,12513.0,2,247
1413,d3aba2743b3c786a44269710f7bc4de472119d9434e16c7fd05036ea153835a2,245452,4,1,True,True,True,local_trade_no_swap_certified,1,1,False,True,True,False,False,120.0,2,85
1414,88719739474f3d57d951297897ec918b4191ea5207b85bd107d7f0a21a0a9da2,70752,4,1,True,True,True,local_trade_no_swap_certified,1,1,False,True,True,False,False,163.0,2,85
1415,464f1044cd2499ad75f636ef199c26f759868886d68bbbb0833532c0eb5fc21e,260335,4,1,True,True,True,local_trade_no_swap_certified,1,1,False,False,False,False,False,1011.0,2,85
1416,330a0b894076f694881e06fe0315c8324f121ff4d9d4fadb1fdc4205f21ad52c,19246,4,1,True,True,True,local_trade_no_swap_certified,1,1,False,False,False,False,False,254.0,2,85
1417,2f2cbeb3859ee9a294466512ffd63196c7ec4ea0cfb445d755790aeb65ab25b5,236033,4,1,True,True,True,local_trade_no_swap_certified,1,1,False,False,False,False,False,644.0,2,124
1418,2cbfd73dc1909950dd3ca1350612a183b76e008dff62560d73eda199cb85bed6,41814,4,1,True,True,True,local_trade_no_swap_certified,1,1,False,True,True,False,False,2084.0,2,366
1419,aa32af2b566e98e84d1d0d682296d319fc75314535e7f21f111f02e1c3580ead,141134,4,1,True,True,True,local_trade_no_swap_certified,1,1,False,False,False,False,False,1042.0,2,141
1420,dd18189ef969b7ea8e5ea5f2f6bb7bd89be867a020ad1fa2471f665b9c730b59,290380,4,1,True,True,True,local_trade_no_swap_certified,1,1,False,True,True,False,False,1838.0,2,228
1421,5cfca38a653d82b200984454623deaf41114925b27f97e4dba32ec4b186113e6,274062,4,1,True,True,True,local_trade_no_swap_certified,1,1,False,True,True,False,False,499.0,2,105
1422,8a31047c3fe26695091d273d25332c4e7fbbe6a6a443ed5ac2d1d4be9ac9221a,15366,4,1,True,True,True,local_trade_no_swap_certified,1,1,False,False,False,False,False,776.0,2,123
1423,df9c7066723e919e5ec02bd9f6cf3026ccee20d4bdc7879e160bef5372900069,85328,4,1,True,True,True,local_trade_no_swap_certified,1,1,False,True,True,False,False,3486.0,2,108
1424,d1842e11368d0f88a7eb1f1b2aa734ade4c7edbc2960a6e7b5a29b5422229928,97204,4,1,True,True,True,local_trade_no_swap_certified,1,1,False,True,True,False,False,458.0,2,95
1425,4461dc376b7de2e88a065b9fa00f0023272afd92c05c4c637292fccfbb885dc0,213720,4,1,True,True,True,local_trade_no_swap_certified,1,1,False,False,False,False,False,1142.0,2,85
1426,c330970069068a5ca6e996b702cecbc7c4fb705ebbf471221bd2069fa7125e0a,23045,4,1,True,True,True,local_trade_no_swap_certified,1,1,False,False,False,False,False,137.0,2,85
1427,f1591d37b20f88f4d13f8490cea9a0c82a9fe4fb656e79e8caabe11ada97b0fb,68120,4,1,True,True,True,local_trade_no_swap_certified,1,1,False,False,False,False,False,152.0,2,85
1428,77bb5fb4f5cb5cadbfc538946e297e073cc179af116fe3833e1024da61ef2a2e,73403,4,1,True,True,True,local_trade_no_swap_certified,1,1,False,False,False,False,False,1133.0,2,95
1429,9aecd2581f8fec6c38704021d64181421d1e9dab167b406c1c6478acf6a6cc97,121827,4,1,True,True,True,local_trade_no_swap_certified,1,1,False,False,False,False,False,1888.0,2,85
1430,317aff63c4d45d0f10932d81a3ee4acd9c0549fb4ecf63f1b3554ca9385023ec,124971,4,1,True,True,True,local_trade_no_swap_certified,1,1,False,True,True,False,False,3377.0,2,85
1431,6c1c935d75024836407faf27cf7945c2f9ab07e5add1c4962837a4c5b5e9ebb2,249109,4,1,True,True,True,local_trade_no_swap_certified,1,1,False,False,False,False,False,3353.0,2,88
1432,ab243016234543fd2380e21d6a959c1b13d058e3bb5a81e7732f06d693c8a18a,292956,4,1,True,True,True,local_trade_no_swap_certified,1,1,False,False,False,False,False,925.0,2,113
1433,eee3467383b218bcd76fde3564dc6b5fdd204e7fcc400d9fdb455d2b12628e06,148704,4,1,True,True,True,local_trade_no_swap_certified,1,1,False,False,False,False,False,572.0,2,85
1434,b0056d5b1b1a9e5ae06d44a42dc463d5261c05da14caaad6379aabe634ceb373,41811,4,1,True,True,True,local_trade_no_swap_certified,1,1,False,False,False,False,False,1045.0,2,113
1435,b1816afb08814eb65356c8aed7f2064e601f0431cbecea761ca860b9b650477b,1824,4,1,True,True,True,local_trade_no_swap_certified,1,1,False,False,False,False,False,652.0,2,174
1436,db9cfc8ac823c0107a7160608c9c3f1c67a796d9b60dc857a2826845b1306c28,260965,4,1,True,True,True,local_trade_no_swap_certified,1,1,False,True,True,False,False,1781.0,2,116
1437,0f7c769d901140cda4482a3e8fe792f2f1ee4508a91e263b75690a3d2306f99b,85982,4,1,True,True,True,local_trade_no_swap_certified,1,1,False,True,True,False,False,4785.0,2,122
1438,5ce552f188a56b4afb14e5bcf20de489e0ebb5909ba7da44932964028aa387b1,133048,4,1,True,True,True,local_trade_no_swap_certified,1,1,False,True,True,False,False,872.0,2,108
1439,1b84f776c90e48f6a3ff4a4d14fd4ede98e32f7ae25f16369de899a7a81318ed,127058,4,1,True,True,True,local_trade_no_swap_certified,1,1,False,False,False,False,False,1046.0,2,396
1440,b95ae5f6702af44a4db6f205d5557d7b2cff91bfc44bf7bc71a4a95936c80d1f,94236,4,1,True,True,True,local_trade_no_swap_certified,1,1,False,False,False,False,False,74.0,2,85
1441,1c0756a8ad42b47f58de297e78195209e6327f2d569e795911df81c4626c722f,258107,4,1,True,True,True,local_trade_no_swap_certified,1,1,False,True,True,False,False,1907.0,2,318
1442,28d1e78d768f09ab2766e8a3b3c082a710e30f9ad19be782393bc58f055af3e8,121895,4,1,True,True,True,local_trade_no_swap_certified,1,1,False,False,False,False,False,2261.0,2,100
1443,8c748e4067d447070265a5ebb65755d41fd6012d8819a309b60ba87511cf18eb,48699,4,1,True,True,True,local_trade_no_swap_certified,1,1,False,True,True,False,False,519.0,2,85
1444,a8c3a75e6f7ecc2d597c5f9ba319bf0b711f544a43e77269c33e74d4c631edd3,227203,4,1,True,True,True,local_trade_no_swap_certified,1,1,False,True,True,False,False,565.0,2,85
1445,c425c0d6ebda75db43f824800e9f934dc638de84895d7a63b83eb2f9e39db150,202907,4,1,True,True,True,local_trade_no_swap_certified,1,1,False,True,True,False,False,375.0,2,85
1446,ab9e7e2fc75225d7e2ae6121e1065521982eec12305f547db776513c45b34daa,82759,4,1,True,True,True,local_trade_no_swap_certified,1,1,False,True,True,False,False,1316.0,2,261
1447,63e60052b7e164e969c7215ccc7238b4518078d87a06936f743a3e79882a925c,182145,4,1,True,True,True,local_trade_no_swap_certified,1,1,False,False,False,False,False,459.0,2,85
1448,4fc1e842874120d4b3005f5f8f430afe488ba9e188546b0bfd3a30471c67728b,54061,4,1,True,True,True,local_trade_no_swap_certified,1,1,False,True,True,False,False,359.0,2,85
1449,9417aaf4b81588eab2f4969724072a5a8680df47158301504981eb19bf3d1875,237884,4,1,True,True,True,local_trade_no_swap_certified,1,1,False,False,False,False,False,221.0,2,85
1450,34e2b5a8bdd6e58c7e8e6fab875727e72550eedb49bc241d7261df559db18ef0,268075,4,1,True,True,True,local_trade_no_swap_certified,1,1,False,False,False,False,False,1344.0,2,85
1451,858f86ce82cd6f1c18122ea5e29084d4ab624b326754d136a16a60b868da6300,108741,4,1,True,True,True,local_trade_no_swap_certified,1,1,False,False,False,False,False,2565.0,2,286
1452,5ecdde86ca3f5a6893d83c08ccf51475b9f30ac7636b070154aea6bd3d0e11b3,203192,4,1,True,True,True,local_trade_no_swap_certified,1,1,False,False,False,False,False,1731.0,2,88
1453,8735da634774e3efa57db807d68debac8af1e2982fc1093c9e63ff99fcdf4bfb,259804,4,1,True,True,True,local_trade_no_swap_certified,1,1,False,True,True,False,False,808.0,2,133
1454,65f93b78d242c150e882912c21678e9c3f4dfcb6043f759ac7df6381a3ce5fad,297821,4,1,True,True,True,local_trade_no_swap_certified,1,1,False,False,False,False,False,881.0,2,85
1455,e0c4ea898776183aa4dd35f1410d3bf681fda2c5d8c86856f66786a7fe436399,253922,4,1,True,True,True,local_trade_no_swap_certified,1,1,False,False,False,False,False,1619.0,2,159
1456,ab363631a5d05706946c5989718ef9765cb4cfeaaff828a71714d808cb1035ce,184979,4,1,True,True,True,local_trade_no_swap_certified,1,1,False,True,True,False,False,421.0,2,85
1457,169631c0cd001856a9b7f1ade5b7e0ba8f371a388406a3a2b7fc5a211f2c4ea2,197324,4,1,True,True,True,local_trade_no_swap_certified,1,1,False,False,False,False,False,701.0,2,153
1458,ce6164e0a3c25a8fc5aa10d371856863e30e136db3b5cbd4d06fcd8967af9caf,289389,4,1,True,True,True,local_trade_no_swap_certified,1,1,False,False,False,False,False,209.0,2,86
1459,b5b0fb0fdd80d49ed9a87790f80adee4baa61649f0521195436693f43bda7268,20679,4,1,True,True,True,local_trade_no_swap_certified,1,1,False,True,True,False,False,654.0,2,88
1460,bc5bd15039b3bb837a366f322696fd9b28d865187e347f18a5b5464360ebd1bb,14445,4,1,True,True,True,local_trade_no_swap_certified,1,1,False,False,False,False,False,139.0,2,85
1461,ef229d6d37f47161765bdcc12f86553539bd90d7bbb9e3cb15172ae52a1b43b4,212483,4,1,True,True,True,local_trade_no_swap_certified,1,1,False,False,False,False,False,172.0,2,85
1462,b934167cae7b46cc41064c00dff4100a7b1c317b64eacb6679810f71e0cead61,135291,4,1,True,True,True,local_trade_no_swap_certified,1,1,False,False,False,False,False,996.0,2,85
1463,6f8f981ce901081e66b3ad64c99aa32c49df794c9a5f530460ce540fd8aa6546,30883,4,1,True,True,True,local_trade_no_swap_certified,1,1,False,False,False,False,False,397.0,2,85
1464,ea3edaf1122bad48a91a2ece04ca9254addd087d9d480fb56115e0ab065f3625,132435,4,1,True,True,True,local_trade_no_swap_certified,1,1,False,False,False,False,False,2933.0,2,124
1465,c86ad432740b66602c683bfdf0140c248b6d18f81834980c726c2406952789ed,166522,4,1,True,True,True,local_trade_no_swap_certified,1,1,False,False,False,False,False,320.0,2,128
1466,967860da655ea4456284cc9745a8e5d3b3014cb1666716ffedb1908e196d18a6,210825,4,1,True,True,True,local_trade_no_swap_certified,1,1,False,False,False,False,False,453.0,2,135
1467,553b058305c59398ece94809a5ca21ebe46df18f361f6139c89f038e107b0b2d,247418,4,1,True,True,True,local_trade_no_swap_certified,1,1,False,False,False,False,False,1945.0,2,362
1468,1d857d5f6ab4fd546d659223c9fdbe9c320ac9ba66044f7d6b469457a540b07d,247636,4,1,True,True,True,local_trade_no_swap_certified,1,1,False,False,False,False,False,1818.0,2,93
1469,a994c202296e029d595fa36b9d60575d88c8d19315a5699669b0d45fc7c3217e,282663,4,1,True,True,True,local_trade_no_swap_certified,1,1,False,True,True,False,False,470.0,2,85
1470,e6fcc542fcfcce1c4295482512fe10fbced1e788cc41bc414e2b3ec401f8b8e3,217529,4,1,True,True,True,local_trade_no_swap_certified,1,1,False,True,True,False,False,1096.0,2,94
1471,fb6c9429e2c913fc3ca2b8c1280148a5cb381fcce49e19ae8d6c140b5dbc0aec,26870,4,1,True,True,True,local_trade_no_swap_certified,1,1,False,False,False,False,False,180.0,2,85
1472,cedbaa5e5010e4cf5dec54dbf4522558b1c0e62ec4bd5d96a6288b59481a03bb,188204,4,1,True,True,True,local_trade_no_swap_certified,1,1,False,False,False,False,False,503.0,2,107
1473,5d495a71f5830896ccee9e4565a586369c40614c75ad76b11f9b0c7ee3591321,90211,4,1,True,True,True,local_trade_no_swap_certified,1,1,False,True,True,False,False,1463.0,2,85
1474,deea2b7d0f9d8b083ad1c5bc256cf874229a2b1350a24a0a8a2d903fa8cc1c1b,195717,4,1,True,True,True,local_trade_no_swap_certified,1,1,False,True,True,False,False,388.0,2,104
1475,8ab82eeb4f00d2ea328ea29e1d33808a736c41ae07e978279b945fa90c2e3484,105186,4,1,True,True,True,local_trade_no_swap_certified,1,1,False,True,True,False,False,4788.0,2,85
1476,8c4b5f4fbc6956808fa8afb37b6dec6190d9f2bd330071969adb6a9d9c506dd2,42322,4,1,True,True,True,local_trade_no_swap_certified,1,1,False,False,False,False,False,362.0,2,102
1477,34bbd2d6a35613e7533a4e5131b5727dabc11645b0f8ac2850722bc5c9364cfa,185196,4,1,True,True,True,local_trade_no_swap_certified,1,1,False,False,False,False,False,4446.0,2,87
1478,36a11f32a7411b03b4c07249e19e64ff512d61ffeaca64e24e6701bdac4a73a7,1166,4,1,True,True,True,local_trade_no_swap_certified,1,1,False,True,True,False,False,2583.0,2,122
1479,e5d0975afe8d625bfd77e4398fc116479bf73f1d1d8610c8c39f18ec1f1adc4a,265917,4,1,True,True,True,local_trade_no_swap_certified,1,1,False,False,False,False,False,637.0,2,85
1480,2e0ab47eafc7175ee6b9d1e2dd7db595c110f56136db5fdd32cd672d0632551d,82235,4,1,True,True,True,local_trade_no_swap_certified,1,1,False,False,False,False,False,2170.0,2,86
1481,9d8570328d8b5f065ad4381eacefb7142d8aa153cf22d9cd7ce8cb9afa282f1b,165635,4,1,True,True,True,local_trade_no_swap_certified,1,1,False,False,False,False,False,959.0,2,85
1482,35bad9719d93931c85803810baeda25b55c4a589c62aefff8d84c5908472b8ab,203774,4,1,True,True,True,local_trade_no_swap_certified,1,1,False,True,True,False,False,535.0,2,124
1483,f388997a64888209269da185a45bdd9a4e04263ef77d1fa78fe8eeb9efced833,272205,4,1,True,True,True,local_trade_no_swap_certified,1,1,False,True,True,False,False,1912.0,2,174
1484,5ccdf88bf3e1cd0fb9d7029a3e8ea8a69145008729b205d3b22d36921c15d543,202427,4,1,True,True,True,local_trade_no_swap_certified,1,1,False,True,True,False,False,62.0,2,85
1485,415e5e4d529aa68f5c48142fe092b8d431842711d70115a07f3866b61ce47e5c,248001,4,1,True,True,True,local_trade_no_swap_certified,1,1,False,True,True,False,False,5697.0,2,85
1486,977778ed9f51a6d265bd33e83e410e91cff261df3145969fe03314214cc75333,257708,4,1,True,True,True,local_trade_no_swap_certified,1,1,False,False,False,False,False,196.0,2,110
1487,c48cbb40f211b2c6f47d8811653efe9c2d15a5a3a6cfb48962da196970334d8b,136968,4,1,True,True,True,local_trade_no_swap_certified,1,1,False,False,False,False,False,1552.0,2,85
1488,38a13aed07b796752c645f53085a3c72ea4037ec164e721931ec0f27db5efece,147673,4,1,True,True,True,local_trade_no_swap_certified,1,1,False,True,True,False,False,1308.0,2,118
1489,0f2f359523a9fd3b6e5adf4179c1c76349d7b7103ee44b7860c1af882124a105,51100,4,1,True,True,True,local_trade_no_swap_certified,1,1,False,True,True,False,False,654.0,2,85
1490,283fb864e132de9a4c4e6ce4862c8c6f75ae38278d2518d6ceb888532e06eaa0,80442,4,1,True,True,True,local_trade_no_swap_certified,1,1,False,True,True,False,False,2169.0,2,85
1491,fdf4353575aed0fea6e559a0f76ef278025c19c22c179c8c353e68b33474a651,243804,4,1,True,True,True,local_trade_no_swap_certified,1,1,False,False,False,False,False,631.0,2,169
1492,23005253b7a72ecc939bd6ba7bc9550585839becb6143cb0fb0cf3ae5fd293ea,160480,4,1,True,True,True,local_trade_no_swap_certified,1,1,False,True,True,False,False,239.0,2,90
1493,f79b27a77da58f2b317c4c33d2d70d583d590a9291b02a6af641064e71860311,259283,4,1,True,True,True,local_trade_no_swap_certified,1,1,False,True,True,False,False,576.0,2,85
1494,cb11ef2dea6772c4029f8d15aabcb535659828705d96e53f03a2aec9570181f4,207111,4,1,True,True,True,local_trade_no_swap_certified,1,1,False,True,True,False,False,465.0,2,92
1495,bbd0fd7dde4e52388993239095c0ac62ed55eeb530f053a58ffb483f2b2ef041,73808,4,1,True,True,True,local_trade_no_swap_certified,1,1,False,True,True,False,False,2256.0,2,146
1496,de22b70b197f6050fd00b3ecd03e36796455466bcb7d6b1107f2119847a15704,75265,4,1,True,True,True,local_trade_no_swap_certified,1,1,False,False,False,False,False,419.0,2,85
1497,f017bc9dd4a6f34f700a7acf5733e768dcc261ba3bf6ec327017dfd63fc5bc19,31910,4,1,True,True,True,local_trade_no_swap_certified,1,1,False,False,False,False,False,593.0,2,99
1498,739b4f69cadae36e220ff437dd4678ef421dcb22aefd9ccc709997791547a9f0,228986,4,1,True,True,True,local_trade_no_swap_certified,1,1,False,False,False,False,False,121.0,2,85
1499,a00d2c67a93a385b2971f2e8747b950a7624daedb9b9f72463a1432e1e1b7cea,9957,4,1,True,True,True,local_trade_no_swap_certified,1,1,False,False,False,False,False,624.0,2,151
1500,b40eb0667ad64b833b9be1b605d9421c4a1df24670c324b69e11c84f04454bca,250104,4,1,True,True,True,local_trade_no_swap_certified,1,1,False,True,True,False,False,1746.0,2,150
1501,8090ed9de01f195e454c589dd98349f996bd213e06a64179c8fd1c0910008c2c,269583,4,1,True,True,True,local_trade_no_swap_certified,1,1,False,True,True,False,False,781.0,2,85
1502,88cf6b99964e735b741ebe7fedc36509a1de69494189502e9943ebc0eb7a1b6f,103125,4,1,True,True,True,local_trade_no_swap_certified,1,1,False,False,False,False,False,1367.0,2,163
1503,e38a33d0c7588b6ddb4bb4d1fd01de8f40627a0df9253187b57d0b4e9676fcf7,25977,4,1,True,True,True,local_trade_no_swap_certified,1,1,False,False,False,False,False,342.0,2,85
1504,7d3cae9627b17267769426f704bcf18e3b8a1a4ec3a510f8ef3412e8cf34beb3,146505,4,1,True,True,True,local_trade_no_swap_certified,1,1,False,False,False,False,False,484.0,2,102
1505,3fb88639fef3a787282b37b720538fab1ca153b8e437e75f83ef64f415a01e8d,143444,4,1,True,True,True,local_trade_no_swap_certified,1,1,False,False,False,False,False,497.0,2,94
1506,6c24615e1d6280e528d0a26fc0b357cc6c9139a832e7e64a655b9786e03c3d21,187577,4,1,True,True,True,local_trade_no_swap_certified,1,1,False,True,True,False,False,406.0,2,85
1507,387ac7c8eea10558510dd96d1fe6fff670a2d25dca2ba700b887ab6754b6d6af,35153,4,1,True,True,True,local_trade_no_swap_certified,1,1,False,False,False,False,False,208.0,2,85
1508,ed739a44a2a78f830f3aa17a86226e7e7cb8f4280a8f1fa350b7d382f620d68a,172699,4,1,True,True,True,local_trade_no_swap_certified,1,1,False,True,True,False,False,8554.0,2,2754
1509,0b86a38ba60063476b36844b2b3181334e433a30339f43429388fb2be9629bc9,270891,4,1,True,True,True,local_trade_no_swap_certified,1,1,False,True,True,False,False,143.0,2,85
1510,977919a93afc816c55c5f8ff7a7fb086ffce0d270bdf1103f9683872e683d110,217330,4,1,True,True,True,local_trade_no_swap_certified,1,1,False,True,True,False,False,347.0,2,100
1511,a073f7b9f2d0b02e624337ab93eebc8c83963d9ce6405b96057cd603b2fd164d,144617,4,1,True,True,True,local_trade_no_swap_certified,1,1,False,True,True,False,False,2517.0,2,237
1512,3b9985241ff324f4650ab7aa24106dba6fb2a4ca90ccd35d0f41f455e4b9ced3,205588,4,1,True,True,True,local_trade_no_swap_certified,1,1,False,False,False,False,False,752.0,2,259
1513,30ccf36162e5262fca0d0094b56b6e6b567a69e860cf6907f83bc0fa6a8d0ed6,48800,4,1,True,True,True,local_trade_no_swap_certified,1,1,False,False,False,False,False,420.0,2,128
1514,1cf2f4fd71eed83076ad2acd09b1b6bcb9ce3986ee0ee90275dee0dfa18bfbec,140713,4,1,True,True,True,local_trade_no_swap_certified,1,1,False,False,False,False,False,1759.0,2,130
1515,cdcb29e05992f548128727ff1eaf282e7285d55c2f5f14fa44b8027850743a89,268221,4,1,True,True,True,local_trade_no_swap_certified,1,1,False,True,True,False,False,4052.0,2,85
1516,daa3dc82efbaba1599eb8679631febde1e6306c6bbcd16924156242b327ecac0,202988,4,1,True,True,True,local_trade_no_swap_certified,1,1,False,True,True,False,False,617.0,2,98
1517,c0bba92ff858d7de39c808faec250789c12bea583383ab5dba290710a53f4c05,30352,4,1,True,True,True,local_trade_no_swap_certified,1,1,False,False,False,False,False,2371.0,2,185
1518,5673024b181bafbe8abd339872ec1cf99732d7b26121496e2776c47e3ddb690a,279965,4,1,True,True,True,local_trade_no_swap_certified,1,1,False,True,True,False,False,4321.0,2,211
1519,824416b0fda89a0fbb119186c7c4193041f967b60533f5b15fb16455a02dc532,225073,4,1,True,True,True,local_trade_no_swap_certified,1,1,False,True,True,False,False,352.0,2,109
1520,a7031a985a17abcc7da7d703674d0a3e5629de94278513fb24c018c505c42335,80517,4,1,True,True,True,local_trade_no_swap_certified,1,1,False,False,False,False,False,4083.0,2,85
1521,9155494aa099046bae90e90e48d7792bcde98c532d978a1a7e4480c09ffc569b,3460,4,1,True,True,True,local_trade_no_swap_certified,1,1,False,True,True,False,False,2164.0,2,85
1522,9ca02f73e225cc3b2b36723b2cd67b54cb40ab9a34ded2034ff0f0fbc688cacc,110555,4,1,True,True,True,local_trade_no_swap_certified,1,1,False,True,True,False,False,4081.0,2,273
1523,44e02cd0836c3c7733350eb0c196985749968157850dec9d0f47229ff0dd52a5,233109,4,1,True,True,True,local_trade_no_swap_certified,1,1,False,False,False,False,False,1417.0,2,161
1524,55c6f9d8d383c2052d3e6bf6a657a7316632a773c2b11d6da08268e3e844d7fa,207534,4,1,True,True,True,local_trade_no_swap_certified,1,1,False,True,True,False,False,2999.0,2,298
1525,82f0a00c94587559a21609b14d131a8670536458da202889f4277b337526ff0c,255187,4,1,True,True,True,local_trade_no_swap_certified,1,1,False,False,False,False,False,710.0,2,85
1526,7793102ffb49e18c70d0d6bd2989499a9b776771acb220af615f94294d695b0f,259357,4,1,True,True,True,local_trade_no_swap_certified,1,1,False,True,True,False,False,234.0,2,108
1527,dc7647589b7d2ec67bff2b76642baf5b5af4af4176dd1d9eb549b7bac8a1be3e,286015,4,1,True,True,True,local_trade_no_swap_certified,1,1,False,True,True,False,False,740.0,2,105
1528,ece1322db9bf077015f4093fe2f89a15f7390a940bc2862bc7a59f0c974e403f,54441,4,1,True,True,True,local_trade_no_swap_certified,1,1,False,False,False,False,False,5075.0,2,100
1529,08df309108ffea24aee69d0b7e871354eac24885ebf632c2c82ab9f6f1c1ba14,14057,4,1,True,True,True,local_trade_no_swap_certified,1,1,False,True,True,False,False,201.0,2,92
1530,f821401f3219630d7c30de39961e8ebe4d53d28fe6e06c5d692694f620d91aa4,113368,4,1,True,True,True,local_trade_no_swap_certified,1,1,False,False,False,False,False,1358.0,2,132
1531,01733f6d4d52b57ea0a06bcef45bdd6125272adcc9f9c684a1cb006356a53289,289031,4,1,True,True,True,local_trade_no_swap_certified,1,1,False,False,False,False,False,1154.0,2,131
1532,6717f81d76f484d15b4bccc17e3bd43ffcdd45ba2fe3f35771749fc4d67e65e1,128706,4,1,True,True,True,local_trade_no_swap_certified,1,1,False,True,True,False,False,288.0,2,85
1533,238d39ec5df47d4bb9e97e4267bf77d3d61defc4d25525dfbf60308603db2c94,229473,4,1,True,True,True,local_trade_no_swap_certified,1,1,False,True,True,False,False,1439.0,2,85
1534,edffc25d8643ed807f31b879463fdd3595576c831c8552b4a02730fd44b01981,291743,4,1,True,True,True,local_trade_no_swap_certified,1,1,False,False,False,False,False,534.0,2,85
1535,373f4b1d357b6bfbc05a86ddaf204a4be0cd76cfa033022ae1e4103a1a910a77,118163,4,1,True,True,True,local_trade_no_swap_certified,1,1,False,False,False,False,False,1893.0,2,232
1536,60a581b6032fdab88af840945e60679efc3846f91f4d2fc572f7e14e33b2144c,144819,4,1,True,True,True,local_trade_no_swap_certified,1,1,False,True,True,False,False,151.0,2,85
1537,020224f38c02c7a899cf3aa6727951b1416f30044364a837d39888f64fb903bd,269934,4,1,True,True,True,local_trade_no_swap_certified,1,1,False,True,True,False,False,1129.0,2,94
1538,10297adfa22be85a01223dd1e498fe8bbf3428b14e1b572e45567e6af51ccf05,13230,4,1,True,True,True,local_trade_no_swap_certified,1,1,False,False,False,False,False,917.0,2,90
1539,225fc1c5805eceae5762a031cc7cb158d5440a306924706f0516025663739b3f,281468,4,1,True,True,True,local_trade_no_swap_certified,1,1,False,False,False,False,False,1124.0,2,381
1540,83c4fd1fe2b1acf321b2405901c5f783f1a8cdc8e33098ec92047235b61d6442,19010,4,1,True,True,True,local_trade_no_swap_certified,1,1,False,False,False,False,False,2092.0,2,396
1541,302819e544a9ff9c32ea986b2e8d87346d5de9d12b6b6825d7672ae3570693f7,195355,4,1,True,True,True,local_trade_no_swap_certified,1,1,False,True,True,False,False,971.0,2,97
1542,ca4568080c0dfca8a86263888f2c9bde66c7c36b3a464505a04dd97482d0ea03,209142,4,1,True,True,True,local_trade_no_swap_certified,1,1,False,True,True,False,False,2590.0,2,124
1543,41bd4c11eb701834956c219e75c67d16f7860b714ca773324d38eac05265e261,44934,4,1,True,True,True,local_trade_no_swap_certified,1,1,False,False,False,False,False,381.0,2,85
1544,74c4c0f238dba2e37150963e4b779e155c3708d6eb067841bbe3522529abcafb,230309,4,1,True,True,True,local_trade_no_swap_certified,1,1,False,False,False,False,False,163.0,2,97
1545,d481beb88ad89ae8b5569e94fdfba1358d911c70321a51ea2e7e8ca356da0544,287964,4,1,True,True,True,local_trade_no_swap_certified,1,1,False,False,False,False,False,712.0,2,128
1546,e73332444351a0962099016f8e0fcafcc58434f925ad9c0a1ad88a2be5ccc1f9,21777,4,1,True,True,True,local_trade_no_swap_certified,1,1,False,False,False,False,False,1280.0,2,116
1547,6fe7f3cbd304b33e6ebd62b007ac1c3ce64744d6e252b8da66b9d79ce952c71c,5455,4,1,True,True,True,local_trade_no_swap_certified,1,1,False,False,False,False,False,2454.0,2,85
1548,8ccfa129fe3bf1837151f4c7b93bdf4471205ded616e7a7e3affc6337c1bcbbe,4220,4,1,True,True,True,local_trade_no_swap_certified,1,1,False,False,False,False,False,1758.0,2,111
1549,dea8aca0661e1e5c11c6444db292dd92670d406d03dadc06876296bea538e762,52642,4,1,True,True,True,local_trade_no_swap_certified,1,1,False,True,True,False,False,812.0,2,126
1550,255fc37a89db0a473204d960a263f536226ad912c031e9009b482c84a2b6acda,64779,4,1,True,True,True,local_trade_no_swap_certified,1,1,False,False,False,False,False,956.0,2,153
1551,6cfa4323d101d9c70a965a7d30704f0d3fe1bd1dadbd90728e0c0f0c398f39d7,193049,4,1,True,True,True,local_trade_no_swap_certified,1,1,False,False,False,False,False,398.0,2,98
1552,dab6806be42afce98e6e45cd8a79c317cad4d7c926877cc101b773e46e04a247,45659,4,1,True,True,True,local_trade_no_swap_certified,1,1,False,True,True,False,False,508.0,2,85
1553,dbd80026565fd786ada3832867d7aac25b4472401c03f815bfcef4d0e091be23,251782,4,1,True,True,True,local_trade_no_swap_certified,1,1,False,True,True,False,False,1790.0,2,85
1554,ca27e848871531cf1d5d311f80f12dd297eb77ae1311d4daf22b223871805a99,190964,4,1,True,True,True,local_trade_no_swap_certified,1,1,False,False,False,False,False,22618.0,2,85
1555,ae951b696d872a9a4dac503a1324c4c18b3bf703415ea0acaef3d3e3ff0038fe,36823,4,1,True,True,True,local_trade_no_swap_certified,1,1,False,False,False,False,False,74.0,2,85
1556,5d8364a2b3fb373ae5e3a508ac18dd58b6a224a80f403975a77ba63857230d8c,27361,4,1,True,True,True,local_trade_no_swap_certified,1,1,False,True,True,False,False,87.0,2,102
1557,cdcc962615ff1f66e1cddce67a9d7ec1d7bb5377f6be7740420615f6770e422a,145791,4,1,True,True,True,local_trade_no_swap_certified,1,1,False,False,False,False,False,4040.0,2,217
1558,55c233aba6decd3d301680a4489b165d584fb1a320331447b5c32d7272c4b336,293868,4,1,True,True,True,local_trade_no_swap_certified,1,1,False,True,True,False,False,7503.0,2,90
1559,8d0a50e18bc52726eabc9d7a6b48435a2fe2150cd4bb4f39a4c994e149cea12b,148429,4,1,True,True,True,local_trade_no_swap_certified,1,1,False,False,False,False,False,777.0,2,85
1560,3a107736f1236c8bf442570663caeac835d41822d0b6b5cb6b16addc464fef1d,288987,4,1,True,True,True,local_trade_no_swap_certified,1,1,False,True,True,False,False,10294.0,2,94
1561,11285c79ee68c48038eea5c059cd6db50638ffdeb5887381783ebc1f03e6b839,284686,4,1,True,True,True,local_trade_no_swap_certified,1,1,False,False,False,False,False,3790.0,2,142
1562,3499cb2c28e514e953b22e47a4192e48df9c9341b029b2dc0cb06231d5db7a68,187013,4,1,True,True,True,local_trade_no_swap_certified,1,1,False,False,False,False,False,345.0,2,85
1563,73043747cb679113834dfc10c06f2ac9c7780c35152b863de48e0df86a7e0ff2,132813,4,1,True,True,True,local_trade_no_swap_certified,1,1,False,True,True,False,False,450.0,2,85
1564,586b32a7f7a661cdea89bdfe4276e6080cde09cb2152499684fb73aeb5843395,153728,4,1,True,True,True,local_trade_no_swap_certified,1,1,False,True,True,False,False,744.0,2,94
1565,2aab2ac529be6ebddf58011af831b6ffa1fc994473932143ab9a5f1e1f8d6e53,298432,4,1,True,True,True,local_trade_no_swap_certified,1,1,False,True,True,False,False,974.0,2,197
1566,f279c8fb6dbde0ccd813229d7d9211bc697673f261498ac9abe3adb9c30994fc,189633,4,1,True,True,True,local_trade_no_swap_certified,1,1,False,True,True,False,False,106.0,2,85
1567,2e1781f94bdc3b488563db47705a3ba475e3d1711f9359d34a2d8840c015c3dd,207332,4,1,True,True,True,local_trade_no_swap_certified,1,1,False,False,False,False,False,603.0,2,114
1568,86efea879a68964934e9f2ddbda6a835e17f45c0ed69fb8332518082d85f4494,48504,4,1,True,True,True,local_trade_no_swap_certified,1,1,False,True,True,False,False,569.0,2,85
1569,4c2f0cde94ec6cb435b45caee0cef22be5d577a74acd81cc6a8f22db2fd0d0b9,79671,4,1,True,True,True,local_trade_no_swap_certified,1,1,False,True,True,False,False,423.0,2,161
1570,c59e2b38986b706b64b0a2995e6d48b01bbf73e9e75f9a68c0989110d34b7ffe,229523,4,1,True,True,True,local_trade_no_swap_certified,1,1,False,False,False,False,False,4126.0,2,100
1571,4de86bd0d1743d2fce30bdf713a214f460da1109efd1dd55d868e9bab313fb23,112287,4,1,True,True,True,local_trade_no_swap_certified,1,1,False,True,True,False,False,705.0,2,182
1572,cf4d54180949c82ea048e4151e3e7b9a0fbb43c38cca5d78219120d8c9ac3b9f,17622,4,1,True,True,True,local_trade_no_swap_certified,1,1,False,True,True,False,False,273.0,2,85
1573,f038b89e8efb1b3414a791d576403a36dc7ce7ae02fdc0317438a0f6fdbed09d,123517,4,1,True,True,True,local_trade_no_swap_certified,1,1,False,False,False,False,False,284.0,2,104
1574,abdafa86ed6b3b5d0e9311991d6e6a7d8a498a4f46243523942e2e38dd5e7b17,156333,4,1,True,True,True,local_trade_no_swap_certified,1,1,False,False,False,False,False,232.0,2,103
1575,5027485ad6832485f1288a8ede79a78d86357e6ca2a82a0fe4ab48c0ae0fcc8b,129924,4,1,True,True,True,local_trade_no_swap_certified,1,1,False,True,True,False,False,963.0,2,89
1576,853065d3d1cba59ccca4948fd0dffa2d45f8b13a2ed8d64cb320c8d15fde9cc8,162980,4,1,True,True,True,local_trade_no_swap_certified,1,1,False,True,True,False,False,656.0,2,85
1577,139a80426a83518ea73bb8fcaaecc6f625b890593696f94938f909081e81c735,77254,4,1,True,True,True,local_trade_no_swap_certified,1,1,False,False,False,False,False,302.0,2,142
1578,0e6e950b2937472635272fa6e00880c80767b9412cbd1b9a88eed4af42ea2cb0,23018,4,1,True,True,True,local_trade_no_swap_certified,1,1,False,True,True,False,False,939.0,2,171
1579,decfc321ccfe1e1f72f572d4df1d51d8b863de89b26e9c04412cfd59be9a8b02,263594,4,1,True,True,True,local_trade_no_swap_certified,1,1,False,False,False,False,False,803.0,2,118
1580,412184d7b1a0b5a432fa14c5b64dfe70241e434c9972822dae0c3961d767b700,163847,4,1,True,True,True,local_trade_no_swap_certified,1,1,False,False,False,False,False,648.0,2,85
1581,9857b3e30969baea5b851b15aa73b5e42b822257983eaadb4f8dd8885f10a634,96969,4,1,True,True,True,local_trade_no_swap_certified,1,1,False,True,True,False,False,2261.0,2,85
1582,4b3c5864d9dd3b4ca3fda4e27533d1dbdc551b082054cb5991eafb2f6bce4b9a,192074,4,1,True,True,True,local_trade_no_swap_certified,1,1,False,False,False,False,False,762.0,2,85
1583,166827eae0e22a455ac0a5dc7d6a13d73fdf727e4ec7bcda9749717c28c813e0,115636,4,1,True,True,True,local_trade_no_swap_certified,1,1,False,True,True,False,False,4758.0,2,183
1584,7b608a41fc45bb26786d68cd14647911ea01e709308dcf3ea22e9482e5abefda,93036,4,1,True,True,True,local_trade_no_swap_certified,1,1,False,True,True,False,False,301.0,2,130
1585,511f6c308651a7d1af2957637a2f6991174a94d823c9ba71ad2ce734996e573d,56326,4,1,True,True,True,local_trade_no_swap_certified,1,1,False,False,False,False,False,3089.0,2,151
1586,556723471b5ef480ae09da13bd37563c7913f79d3aa3d19a0ee8e90ce3c6ed29,263388,4,1,True,True,True,local_trade_no_swap_certified,1,1,False,True,True,False,False,118.0,2,96
1587,3ff968adb40e2c5adce41cc1e09b241181530940f41250d923a01fae13af0bdc,244069,4,1,True,True,True,local_trade_no_swap_certified,1,1,False,True,True,False,False,220.0,2,85
1588,08192a7c0d33719c957d4c4391c0270030858ddfa2aa996516a914b43587b7f9,286480,4,1,True,True,True,local_trade_no_swap_certified,1,1,False,True,True,False,False,168.0,2,94
1589,f8bae979a8c3424e4c1d539bcafe87bb5bacc593631ce1f838380e4b4aad60a4,132882,4,1,True,True,True,local_trade_no_swap_certified,1,1,False,False,False,False,False,540.0,2,85
1590,c4bb618e6937107c55d48a6e1f88fbfb4d290f3dbbe716c996495769e3c84891,63018,4,1,True,True,True,local_trade_no_swap_certified,1,1,False,True,True,False,False,2579.0,2,115
1591,8e5c10d9b7622f13385072ba23212b8f61f514ebf63db1a8424c855862a334c3,70932,4,1,True,True,True,local_trade_no_swap_certified,1,1,False,False,False,False,False,229.0,2,85
1592,f84ca969f76e76e5684dce86931ba742b9559ad3c51f58fd8ca6d4f7a7c2d67c,158203,4,1,True,True,True,local_trade_no_swap_certified,1,1,False,False,False,False,False,3575.0,2,85
1593,b23de0ab35c652a78004665a9f1d9d79b6503ec9dcb3341f467a2d2b09adbcea,52883,4,1,True,True,True,local_trade_no_swap_certified,1,1,False,True,True,False,False,2749.0,2,161
1594,5120ccc4aabe8ce5884fc211deea10fdcacc9684145ed2403c9aff92420e08cd,283051,4,1,True,True,True,local_trade_no_swap_certified,1,1,False,False,False,False,False,176.0,2,136
1595,873c064a89399d4c9d138ba872c0d0d1a9c22ffe567bbdffd4dd8f78f915c02a,249586,4,1,True,True,True,local_trade_no_swap_certified,1,1,False,True,True,False,False,1269.0,2,195
1596,145779bd9cd76858f88ed2ce523f41fb377ed64dd116584a2014c44efedbbab8,195753,4,1,True,True,True,local_trade_no_swap_certified,1,1,False,False,False,False,False,1783.0,2,85
1597,ffd7b3bf93ba95cf8e4b65456319af5474352d0a6ee84cf0a16f013d8e2eaeaf,183566,4,1,True,True,True,local_trade_no_swap_certified,1,1,False,False,False,False,False,615.0,2,85
1598,cc9be65c8197acb5d4279878bcf56dd868da287ec00746e325999ac6876cc8a0,61879,4,1,True,True,True,local_trade_no_swap_certified,1,1,False,False,False,False,False,216.0,2,85
1599,f7cf94216abba620bdd50944df5e325f38256d24ef94df678cd281673a8170fa,149549,4,1,True,True,True,local_trade_no_swap_certified,1,1,False,False,False,False,False,810.0,2,144
1600,c067ea323e6ed0ac9efffd9f576080d99586decfd6db89e42e66eebbeb7cfc6f,227402,4,1,True,True,True,local_trade_no_swap_certified,1,1,False,True,True,False,False,925.0,2,85
1601,96198735d9ab9545c48d43bdd0a778579fb0e59b434cd3427ca2cb877e5fdc29,274,4,1,True,True,True,local_trade_no_swap_certified,1,1,False,False,False,False,False,867.0,2,178
1602,b61aec449be305cbf221c271b5b5db210db600a3d0acdeefed9fc36158d85ebe,86908,4,1,True,True,True,local_trade_no_swap_certified,1,1,False,True,True,False,False,370.0,2,130
1603,042646d72ff55a98f14c690237a2bc325aef2fb12670150e289052faa941df4a,124329,4,1,True,True,True,local_trade_no_swap_certified,1,1,False,False,False,False,False,2463.0,2,172
1604,c38f44d0c59eb325c556f3fd76e84906a6e79ddbef384ae61dc1f2d2ae274d3d,237285,4,1,True,True,True,local_trade_no_swap_certified,1,1,False,False,False,False,False,10076.0,2,99
1605,2440c65aaebd7cbb0005612da8c1dcb4c17eaa468bafaa3c7c84fde19faa82c6,286364,4,1,True,True,True,local_trade_no_swap_certified,1,1,False,True,True,False,False,570.0,2,85
1606,89ea33602ae13226d3d5bd8745b042215959231e6f283f0133f3a73cfafd305b,241837,4,1,True,True,True,local_trade_no_swap_certified,1,1,False,False,False,False,False,2120.0,2,85
1607,bfe05811d07d160bb1eb586dfd351d63cbe5a6448dc1e6fab1bd4567447a10d6,135636,4,1,True,True,True,local_trade_no_swap_certified,1,1,False,True,True,False,False,175.0,2,85
1608,92b077d1c9f7b4768b382b53491196c1ee646b4e88ed288a2f024d0db0d35ae0,156603,4,1,True,True,True,local_trade_no_swap_certified,1,1,False,True,True,False,False,475.0,2,105
1609,98db816204fdde40a53bbd4717904a3a1a0d38b709ba7a998aac0ae733125f95,13219,4,1,True,True,True,local_trade_no_swap_certified,1,1,False,True,True,False,False,1846.0,2,85
1610,32b5af0701cb65098e882fbb2ec3ed3cce1b0867b70c5ad738338bab34570dab,194659,4,1,True,True,True,local_trade_no_swap_certified,1,1,False,False,False,False,False,1811.0,2,85
1611,966217b5f9eb5e502f6d6d04679f76446b5cc416d24bbf4b88ce169fa28ca519,189164,4,1,True,True,True,local_trade_no_swap_certified,1,1,False,False,False,False,False,460.0,2,293
1612,616735dff662eb5049595f1b06d43dfe6b168369fd8ff17afe3153b902c9ed2f,162254,4,1,True,True,True,local_trade_no_swap_certified,1,1,False,True,True,False,False,1841.0,2,86
1613,171deb9d6f0a22120b7ba7bb290abd10523df8baf6b91a3dd038a9a3e32c4afb,113313,4,1,True,True,True,local_trade_no_swap_certified,1,1,False,True,True,False,False,475.0,2,122
1614,ff60cf5a44e5e1d239550f7cd0e8f998636b5d2422f1c63bdf1681de0a241af7,215346,4,1,True,True,True,local_trade_no_swap_certified,1,1,False,False,False,False,False,1392.0,2,99
1615,b8fa3b90fe71511008cc0c1f9231852484d0fd34af609cd6e2f0d5cea557c66c,184194,4,1,True,True,True,local_trade_no_swap_certified,1,1,False,True,True,False,False,1269.0,2,85
1616,aa4804ecf2c69353f0287ebc0aab2fb1bbfc5fd3c69ca29b7e2f8e9adec1ee1c,43104,4,1,True,True,True,local_trade_no_swap_certified,1,1,False,True,True,False,False,642.0,2,96
1617,edb0819d30b78c15d81042402462ef64441cad79b609da62469866862d8f9fb2,57094,4,1,True,True,True,local_trade_no_swap_certified,1,1,False,False,False,False,False,977.0,2,93
1618,54c0dcc3dfbef0942adee52f86af68ba9774d59d5b496a29c698fc757b8ca7e4,208422,4,1,True,True,True,local_trade_no_swap_certified,1,1,False,True,True,False,False,860.0,2,163
1619,5852a67f2ff3bd0e85ddd4a0655a985481ffeb27a49236a8f83182905bfd4298,105877,4,1,True,True,True,local_trade_no_swap_certified,1,1,False,True,True,False,False,1266.0,2,97
1620,889d1481d17508706af389fe3d62f6929e5319147c17ac89a8b0347fb47638e6,222830,4,1,True,True,True,local_trade_no_swap_certified,1,1,False,True,True,False,False,607.0,2,132
1621,024a26fc5a205e7c3ae55c4a20b5325223de08d85ec20dc579d86d71326cbd50,256851,4,1,True,True,True,local_trade_no_swap_certified,1,1,False,False,False,False,False,784.0,2,105
1622,a3b2ee3368a2a24e953423b5db7b0a78ab726351786f16ef0dbe5b7bb1eff595,6223,4,1,True,True,True,local_trade_no_swap_certified,1,1,False,True,True,False,False,2872.0,2,102
1623,be36ed94b1d659485c046832afdb9aba70427b35ee955e2d993d92cc40c13f10,181868,4,1,True,True,True,local_trade_no_swap_certified,1,1,False,True,True,False,False,438.0,2,85
1624,0a3c8dbbfde4980b4e71acf0fba2cdaccd96a5bbeebacfc1c651b4725de02ebf,222099,4,1,True,True,True,local_trade_no_swap_certified,1,1,False,False,False,False,False,390.0,2,85
1625,f76e64dfbe326da60406be1a1fd10592b8e151a6f489646b834e5f94a945706e,12786,4,1,True,True,True,local_trade_no_swap_certified,1,1,False,True,True,False,False,272.0,2,85
1626,431bc74b9b978f46f8cb0222a7c53dd4a82c4456537987d9dc627ffdc5673b2d,96172,4,1,True,True,True,local_trade_no_swap_certified,1,1,False,False,False,False,False,1077.0,2,85
1627,b7d058ed72ffbc5d2f3a3af53353e7176c9ff4a93682c65620987123309d5637,32893,4,1,True,True,True,local_trade_no_swap_certified,1,1,False,True,True,False,False,4363.0,2,85
1628,5f4ee1c78e1f16c2c513dfec30096415da4b4eef818d271f55f92aa2c1dd4ba8,202052,4,1,True,True,True,local_trade_no_swap_certified,1,1,False,True,True,False,False,206.0,2,85
1629,ad7f9e583ede21f25126c941fdcf76109e77e5b5ce1402d1d5caf3edfbdd85a0,232271,4,1,True,True,True,local_trade_no_swap_certified,1,1,False,True,True,False,False,118.0,2,85
1630,29bbf20202df341fe7a8cadfbb2c4763032626a08807ea13c43f213c41488e87,255113,4,1,True,True,True,local_trade_no_swap_certified,1,1,False,False,False,False,False,1232.0,2,177
1631,e049141e1b4cae1e9b2435de3ddc992174c87ca9ab8209e308e424813b2a97ff,265039,4,1,True,True,True,local_trade_no_swap_certified,1,1,False,False,False,False,False,781.0,2,154
1632,856101ae1b43f8569c4d0adc1f724ec406fcfc64b14b846d538c17124d0da0cb,201466,4,1,True,True,True,local_trade_no_swap_certified,1,1,False,True,True,False,False,497.0,2,109
1633,254f543f0edf3e1e66b1b11ff7078d53d8d99df1d5dc3836dcd43ea9746e9427,214923,4,1,True,True,True,local_trade_no_swap_certified,1,1,False,True,True,False,False,1007.0,2,110
1634,2d3d6595ef634f88f5b06487659426a16a1d1ca540d5d7fcbcb48e325f58c7c0,245437,4,1,True,True,True,local_trade_no_swap_certified,1,1,False,False,False,False,False,405.0,2,85
1635,ae854fab3e7997c063ee199a877b5201fc777bca2a06b4075b88d58b83538a2a,237760,4,1,True,True,True,local_trade_no_swap_certified,1,1,False,False,False,False,False,60.0,2,85
1636,148a52ec64781aa1510dbcbeb41a3a009d1bb028dc764cd743bbce81303926cd,141851,4,1,True,True,True,local_trade_no_swap_certified,1,1,False,False,False,False,False,1485.0,2,85
1637,772e59ea0b1dffbd7f0568d8510b4077924ef4b154818eb6f74f73a29014e253,281256,4,1,True,True,True,local_trade_no_swap_certified,1,1,False,True,True,False,False,3593.0,2,85
1638,52dd8d3f4cb08d8ce294ff8c2234e857f3dd1ec1d31969cda764c74d73d4475c,1741,4,1,True,True,True,local_trade_no_swap_certified,1,1,False,True,True,False,False,118.0,2,96
1639,88dff4b80fdc290bfdb2d16d0a812d4fbcb87b6e9ba6144fa2ba94a16d3195ef,216159,4,1,True,True,True,local_trade_no_swap_certified,1,1,False,False,False,False,False,2287.0,2,307
1640,8fbd2719dba26a8409b3ac0fcce119f7f3c2a4d5cf4615ef5dc7b393661a25fe,169420,4,1,True,True,True,local_trade_no_swap_certified,1,1,False,False,False,False,False,1588.0,2,85
1641,c9ea5bdd263c01e3a5eaffd3945fe7ddb65a647e4447904da22075bdb15c4419,67375,4,1,True,True,True,local_trade_no_swap_certified,1,1,False,True,True,False,False,4383.0,2,112
1642,5e15c8a3e3e6022db9743b8041983764f0bb0b31e00dfc307bc6a425420dece6,229631,4,1,True,True,True,local_trade_no_swap_certified,1,1,False,True,True,False,False,621.0,2,102
1643,7eb914e8e313cf4c27fe6afdeff06b314408c3ca00979b70de63a0c729158aeb,19078,4,1,True,True,True,local_trade_no_swap_certified,1,1,False,False,False,False,False,436.0,2,104
1644,0ac23e851fb5eb94fea7336cfeb9119e7ddb12f1006bc2f14f15b767feedaf67,289360,4,1,True,True,True,local_trade_no_swap_certified,1,1,False,False,False,False,False,1339.0,2,85
1645,02e1ae1c4d910fe925827b6dec44f57ad2fb094ed145a3ce90d30309ee0c601f,264282,4,1,True,True,True,local_trade_no_swap_certified,1,1,False,True,True,False,False,178.0,2,109
1646,f50276a92843c43972245c5332e9291a45b8aa12b75a6756f8490a073a395dde,236778,4,1,True,True,True,local_trade_no_swap_certified,1,1,False,False,False,False,False,73.0,2,92
1647,1c19af43e1831afa7b8ad76e4fa6c1bdfced54fc12d3bc008a1a6facae1c457a,87322,4,1,True,True,True,local_trade_no_swap_certified,1,1,False,True,True,False,False,62.0,2,85
1648,060a26ad3e99d14b916a76b2ec6e2445d22f1339807f90e4f5676b0fe4a33602,215150,4,1,True,True,True,local_trade_no_swap_certified,1,1,False,False,False,False,False,88.0,2,85
1649,94e0fd6bf565596256d43f179aa3700946fc2a547df1b5490732c157d67a73d4,240180,4,1,True,True,True,local_trade_no_swap_certified,1,1,False,False,False,False,False,1210.0,2,85
1650,4d4b18a4f66b137172794ef2de71fbd5df8a4cb9d3a9539335f9b19fe7910fbc,260261,4,1,True,True,True,local_trade_no_swap_certified,1,1,False,True,True,False,False,77.0,2,85
1651,eebd295d1a56b71f72f872fdd17e13d48db625d8eab815392710fe5e4d1e47b8,159432,4,1,True,True,True,local_trade_no_swap_certified,1,1,False,False,False,False,False,3352.0,2,85
1652,5a5412da844c4d33d6144c81b28b4515df6938336aa6021c9929173f0ffa6093,84623,4,1,True,True,True,local_trade_no_swap_certified,1,1,False,True,True,False,False,597.0,2,131
1653,f422cacd41178756988072bc14bf7b58ed8d53d3c5a77253d74fe802080d8ef0,215555,4,1,True,True,True,local_trade_no_swap_certified,1,1,False,True,True,False,False,2870.0,2,85
1654,44aab239806d9c66548f43180f3e6a4492b177fdb08fd622924d37dda18deb34,202129,4,1,True,True,True,local_trade_no_swap_certified,1,1,False,False,False,False,False,2028.0,2,106
1655,23f750838a1203e4fa5bf6ffe58a12fc09eb8208046fff46bc4ba420a7889e12,265537,4,1,True,True,True,local_trade_no_swap_certified,1,1,False,True,True,False,False,1219.0,2,119
1656,85c87165ba1168443f60c3e3f6c613f006def04d7f5a45c7fe6f9e3da10e7c6c,98674,4,1,True,True,True,local_trade_no_swap_certified,1,1,False,False,False,False,False,166.0,2,85
1657,6a548459c23ded0b308aa34ca63ced36c2f9757a29b3f9152a3fbb2dafb147a4,278857,4,1,True,True,True,local_trade_no_swap_certified,1,1,False,False,False,False,False,381.0,2,167
1658,dbd1649ba2f280ad4c2a2742c62aa05600bcd653343e12f189d470a74eea9796,70436,4,1,True,True,True,local_trade_no_swap_certified,1,1,False,True,True,False,False,748.0,2,242
1659,a93701935d85def5dd853fc068626ed09126345a1081558a2fb476e72a0c7a7d,21925,4,1,True,True,True,local_trade_no_swap_certified,1,1,False,False,False,False,False,1413.0,2,85
1660,37de41179385c388e0470f3c03b2005b6213b88d1811c2489046af11212eaa4a,220618,4,1,True,True,True,local_trade_no_swap_certified,1,1,False,False,False,False,False,1620.0,2,183
1661,620e46437460535d10061c3b1c0359ffda541729a7c932dec2474bf7d6fe2260,241128,4,1,True,True,True,local_trade_no_swap_certified,1,1,False,False,False,False,False,870.0,2,178
1662,9c6c18e91cb63372c926ed17be3699b6ba845ae8412d40b8eb27777c91aedd64,51026,4,1,True,True,True,local_trade_no_swap_certified,1,1,False,True,True,False,False,380.0,2,115
1663,8a18111cf4510f389f6e05f018a2015053d9efa6745a65435b4c065937b941af,259819,4,1,True,True,True,local_trade_no_swap_certified,1,1,False,False,False,False,False,892.0,2,108
1664,e734ea721ae824069a11f6617120ef3bd070836fc46030e1b99189fc01b1347a,174133,4,1,True,True,True,local_trade_no_swap_certified,1,1,False,True,True,False,False,211.0,2,108
1665,e108f1f7ad96bd89848748c2917c8542e33a3bbb06e7604d2ac6a9156ab44fff,226573,4,1,True,True,True,local_trade_no_swap_certified,1,1,False,True,True,False,False,479.0,2,85
1666,d00a218c18ef1d6b70f00be9d9a456e729fd3995f8a8101cbb06fcbdc8f66f8b,6199,4,1,True,True,True,local_trade_no_swap_certified,1,1,False,False,False,False,False,298.0,2,144
1667,63b296dfb712e6dfe3372dd1dc1f9f02c7664bae9814007cb088fa6a0e7e12d1,10485,4,1,True,True,True,local_trade_no_swap_certified,1,1,False,False,False,False,False,1121.0,2,285
1668,1bbcd7d51c8ac958096e516f520637a525b1b26f580c7bdb0166fde2030e47ed,127446,4,1,True,True,True,local_trade_no_swap_certified,1,1,False,False,False,False,False,4324.0,2,85
1669,b05034f0f359204fdc6256f93bd0820b0c451eae8b05f4f4bffff505f96ca6f0,167187,4,1,True,True,True,local_trade_no_swap_certified,1,1,False,True,True,False,False,550.0,2,85
1670,ffb35efbe5d6463d6291e1a7b41ab9b06a11e83d0c6fbbff3f10dad9c0c16bfe,72353,4,1,True,True,True,local_trade_no_swap_certified,1,1,False,True,True,False,False,27626.0,2,549
1671,0939fae761a1516e7177128799401be883accab9c844fabfa1dc6034c6680be8,77380,4,1,True,True,True,local_trade_no_swap_certified,1,1,False,True,True,False,False,513.0,2,85
1672,2a4a15f18af2bd1c1d395eb74a23a56f38e67a096283d5a1a439281e29f3e12e,280359,4,1,True,True,True,local_trade_no_swap_certified,1,1,False,True,True,False,False,328.0,2,85
1673,614cc1abf4c05a8a3d59e485bdf5183b34a2dd57a7560a9bcb8c4f1ec5ef8027,163840,4,1,True,True,True,local_trade_no_swap_certified,1,1,False,False,False,False,False,1151.0,2,91
1674,12d7037ea18c42bb5a467d9620cfa7f5ef4e0a7478e1077ded6b76ef3e34c942,95141,4,1,True,True,True,local_trade_no_swap_certified,1,1,False,True,True,False,False,3249.0,2,146
1675,0c4bc7fe817b58d3bf85492947a521057330935a54c850b37fca1c04a0410bd3,249335,4,1,True,True,True,local_trade_no_swap_certified,1,1,False,True,True,False,False,474.0,2,102
1676,60e606f0ee43dac6532123acfbb200e636d5d3efb8ed507d98a4a1bda9e7d464,74049,4,1,True,True,True,local_trade_no_swap_certified,1,1,False,True,True,False,False,418.0,2,85
1677,e6f3840a16a4f08c009894f124e92c4fb5d4cc2fc5508c666e6c70ddaef548b4,97757,4,1,True,True,True,local_trade_no_swap_certified,1,1,False,True,True,False,False,1178.0,2,90
1678,3bd1c104b13f496443dc6e109c6ac37973d339b207ba4c83d65b7b9a8d531512,55768,4,1,True,True,True,local_trade_no_swap_certified,1,1,False,False,False,False,False,7588.0,2,126
1679,6f3b996bdad9d16f0b6a9658aa5cf250efd05fda54f291b7deac4c35ef910fe4,156493,4,1,True,True,True,local_trade_no_swap_certified,1,1,False,True,True,False,False,3636.0,2,557
1680,b41dad854f2154d09edd4bef10bc834752dbd2dcf70d9d449f01b8cec81547ef,38418,4,1,True,True,True,local_trade_no_swap_certified,1,1,False,False,False,False,False,992.0,2,334
1681,6e68c50c9eaaeb98daed81835bb6927813aa6cb62a654e386866b6bdef727ca8,209516,4,1,True,True,True,local_trade_no_swap_certified,1,1,False,True,True,False,False,927.0,2,89
1682,3f6dd9f78c2d281c253d015c86e6f7e03b96fda270f46f330009d9eac2d2abab,19750,4,1,True,True,True,local_trade_no_swap_certified,1,1,False,True,True,False,False,2142.0,2,105
1683,4f5f579daf00aa75d363f2f6f79a54ef142b82f400e4b79329a5563ac3c175ca,9299,4,1,True,True,True,local_trade_no_swap_certified,1,1,False,True,True,False,False,1009.0,2,106
1684,f08004a6d616cc8cf07d61d7c05977552797e0b599893c410defa750d98c2bcd,14156,4,1,True,True,True,local_trade_no_swap_certified,1,1,False,False,False,False,False,465.0,2,85
1685,d9895f91c6af120943a6cbf9b910d74552c47ee09f9671c42f49337b7d7129e1,134507,4,1,True,True,True,local_trade_no_swap_certified,1,1,False,True,True,False,False,1130.0,2,125
1686,ffe6e2b9c1030a8feb51e6ca33b52044858ba632469764e8a8d7ec5b2038eadb,85345,4,1,True,True,True,local_trade_no_swap_certified,1,1,False,True,True,False,False,925.0,2,115
1687,2491641e765607a2874ce8dc288479232a7442c776878f7fb20afcbd660a6ba9,103654,4,1,True,True,True,local_trade_no_swap_certified,1,1,False,True,True,False,False,1492.0,2,85
1688,52300931255555140893800d0860a9f352c4635949ac1977d06aa3c52e62b1f4,11916,4,1,True,True,True,local_trade_no_swap_certified,1,1,False,True,True,False,False,2070.0,2,107
1689,7d004f4aff728a995d49e1fe4c60126a3e56c9a2c6444c3b29954e94b7cb76c4,251707,4,1,True,True,True,local_trade_no_swap_certified,1,1,False,True,True,False,False,3558.0,2,85
1690,9e02ced140b218651abc0a56a624d88ba394caf72df5b66643574ce21747e8f1,167135,4,1,True,True,True,local_trade_no_swap_certified,1,1,False,False,False,False,False,2471.0,2,458
1691,e466d2a8f2c64a85d3ade0c08048f47fc08478401d8ed914380dceea15610f83,65885,4,1,True,True,True,local_trade_no_swap_certified,1,1,False,False,False,False,False,1234.0,2,103
1692,9aaf7f3bb27aa436de7d85aa2352ab177ba8594c81d5caffee1a028da70bb808,221685,4,1,True,True,True,local_trade_no_swap_certified,1,1,False,True,True,False,False,9526.0,2,109
1693,604ce1251d298944b70b122f6524df24ffe4a86db986f68caf2627ad5d739f28,191099,4,1,True,True,True,local_trade_no_swap_certified,1,1,False,True,True,False,False,1734.0,2,169
1694,8a64dc63913db2cb6a878eafb74656ff37c570c15a44d0d63e67badc090c8954,251496,4,1,True,True,True,local_trade_no_swap_certified,1,1,False,True,True,False,False,1725.0,2,93
1695,1c3e9da91ed84e754873d6a9ff35f8d89d5a99e6087c352030181174999fceb5,290623,4,1,True,True,True,local_trade_no_swap_certified,1,1,False,False,False,False,False,338.0,2,124
1696,3367fc6e9436cb2a6836d9cdf50748341748b5c72bd9b6cf6dbbbd4234d9b744,256675,4,1,True,True,True,local_trade_no_swap_certified,1,1,False,False,False,False,False,1343.0,2,88
1697,89fdbe2c5c4e23f8b2384180a71c07056cf52dd0dbfa14a0c103186d841eac1d,228697,4,1,True,True,True,local_trade_no_swap_certified,1,1,False,True,True,False,False,739.0,2,85
1698,ec3a66e5e126cdce7d97eb571e8293832d9f87f86e72b79d36dc62473e7bb14d,164531,4,1,True,True,True,local_trade_no_swap_certified,1,1,False,True,True,False,False,1654.0,2,94
1699,4156e4356e47e30f03261b2cd5e7b17fd45009c2e91e94277b6701b773e6ed80,2838,4,1,True,True,True,local_trade_no_swap_certified,1,1,False,True,True,False,False,1177.0,2,134
1700,cdc8215422f6aabafddf7d96c45c4891c3d8b1c66c0f812fd9b1d9dba1d58196,240874,4,1,True,True,True,local_trade_no_swap_certified,1,1,False,True,True,False,False,869.0,2,150
1701,30602d7f09fdcbce8bdbb98f9a634c2e535fb425719f83d283bb5cb9cf6dd21d,269179,4,1,True,True,True,local_trade_no_swap_certified,1,1,False,True,True,False,False,712.0,2,195
1702,b6cfee8e0fad3c1ce4eddee85d9ce4a3a1a02e2326fc94baaa1fe605287ad9b3,43451,4,1,True,True,True,local_trade_no_swap_certified,1,1,False,False,False,False,False,84.0,2,85
1703,f2c4f7bf43030c5e4f327f676c9b851617d6f72be9d5f0e34858bb1967fbcb95,248967,4,1,True,True,True,local_trade_no_swap_certified,1,1,False,True,True,False,False,3197.0,2,122
1704,17b5eb6b83c961287b78663dc5f8efb63fda02944fa3d5300324e42f9621400d,161613,4,1,True,True,True,local_trade_no_swap_certified,1,1,False,True,True,False,False,2646.0,2,224
1705,887e1d2eedfeda6b0a5c9c31a3cf4a794c017f260ca61f74af60a421c35a887c,4142,4,1,True,True,True,local_trade_no_swap_certified,1,1,False,True,True,False,False,2304.0,2,93
1706,76978d95189b6b08edf0484f65db89afc27aa8a161c45728cf4646045cd8c50c,58420,4,1,True,True,True,local_trade_no_swap_certified,1,1,False,False,False,False,False,1263.0,2,185
1707,efda16e82304ee49827791cbc52eb08c370d0e66f3a40d964fe345c4d00381ef,189786,4,1,True,True,True,local_trade_no_swap_certified,1,1,False,False,False,False,False,708.0,2,159
1708,8ed7025993157ed4aa31d9214b9a775e2efa4420bd5a055f8e540f4fed083ea8,113542,4,1,True,True,True,local_trade_no_swap_certified,1,1,False,False,False,False,False,2023.0,2,102
1709,128e2c3386dcea0b718cba82625a9205a83b6837fe8d6d35e9dd84bbf6b8bafe,204328,4,1,True,True,True,local_trade_no_swap_certified,1,1,False,False,False,False,False,79.0,2,85
1710,2ea63c406029895119f3c0593459476fd399cd9b5c26eb740b1311ed8f06601e,283926,4,1,True,True,True,local_trade_no_swap_certified,1,1,False,False,False,False,False,966.0,2,145
1711,1847ddb0f428c65ac49b8114f51f84b89db5148247e01610dc6fb0a7fe9db23a,235788,4,1,True,True,True,local_trade_no_swap_certified,1,1,False,False,False,False,False,1081.0,2,86
1712,7f464796ee61552bb392ee9d4478bdbb44a51061e7413489855652811e72abc4,166523,4,1,True,True,True,local_trade_no_swap_certified,1,1,False,False,False,False,False,433.0,2,85
1713,8dd896ff22d149ee40a1cb82866ca0c2cdee0ea4dc5ec5d9c4f6945551cffa06,242696,4,1,True,True,True,local_trade_no_swap_certified,1,1,False,False,False,False,False,161.0,2,85
1714,c6265707786ddc4f9b0d6e679bfb1753cad869b167b14de9daa5aae426a0513f,51291,4,1,True,True,True,local_trade_no_swap_certified,1,1,False,False,False,False,False,1613.0,2,198
1715,89ad360150dfdfb1127f291e577eeb398d171be0284e87b90f3f0f5e77c0b5ca,160043,4,1,True,True,True,local_trade_no_swap_certified,1,1,False,True,True,False,False,319.0,2,85
1716,e50411d135da3ac528a2553b8f1c86dcaf230a2b32a9e6af5d805671b9fe20c3,98670,4,1,True,True,True,local_trade_no_swap_certified,1,1,False,True,True,False,False,2719.0,2,85
1717,fdfa1db304a24c2e2c18828f59ae53fba743d70da06594cf16f1aececac25300,29216,4,1,True,True,True,local_trade_no_swap_certified,1,1,False,False,False,False,False,2670.0,2,104
1718,f9d006afef764b8e47e52270d366bc53db84dc8e7a2fc914f295957596b3d725,128792,4,1,True,True,True,local_trade_no_swap_certified,1,1,False,True,True,False,False,2675.0,2,141
1719,28883c7459b20ad98150e7f3897eccbd9ed97ec911fb1fa12756d7c0c6ce427c,112247,4,1,True,True,True,local_trade_no_swap_certified,1,1,False,True,True,False,False,122.0,2,85
1720,958d25faa470bc71786bc6c95bba64991b44f2c7e1a316059c190e2f991b281a,202001,4,1,True,True,True,local_trade_no_swap_certified,1,1,False,True,True,False,False,1283.0,2,85
1721,ea371249acee415939c1d86f1e93a5f27b7360183439e0e8e016278a1d3b7546,73253,4,1,True,True,True,local_trade_no_swap_certified,1,1,False,False,False,False,False,1055.0,2,103
1722,6c2d9a4d0cf3f1c54c3dbd034f6e89e8bcc2555c4df14feb026bae7c4709ca14,1216,4,1,True,True,True,local_trade_no_swap_certified,1,1,False,True,True,False,False,89.0,2,85
1723,360131c2cd4e604b2a641eebe8de36a612485665301641807adb02e903f1ff29,127477,4,1,True,True,True,local_trade_no_swap_certified,1,1,False,False,False,False,False,129.0,2,85
1724,f4159113a033c549c0fcc6e12260c67f49a175edd6720e6588c650f2955d60e3,271766,4,1,True,True,True,local_trade_no_swap_certified,1,1,False,False,False,False,False,137.0,2,85
1725,9c5d83039672d5ab7defcf0d3f73d98f77f10aa8f712aa75563411b3a14a4a39,225311,4,1,True,True,True,local_trade_no_swap_certified,1,1,False,True,True,False,False,513.0,2,85
1726,e791d8ed1756b0637695358565c5e9b794ded18f0baa6c8dbb0dcb046d160581,45827,4,1,True,True,True,local_trade_no_swap_certified,1,1,False,True,True,False,False,284.0,2,85
1727,f9fd323e30342dae3e4ea6e1cf6ffd7a8cdea936b0a65108b40402164c830a44,230596,4,1,True,True,True,local_trade_no_swap_certified,1,1,False,False,False,False,False,83.0,2,85
1728,2e115b2a790ef82d26ec310b7488ec09335741bbc606aac027be1de0aa32264a,25614,4,1,True,True,True,local_trade_no_swap_certified,1,1,False,True,True,False,False,106.0,2,85
1729,397543eecb65ff153242d2a516b5e1c679cdcc4d9bbe2df56e9ae2e82116b8a3,93091,4,1,True,True,True,local_trade_no_swap_certified,1,1,False,False,False,False,False,697.0,2,149
1730,5f112200e011b043360f37727217d0774d04bf636dea65c4936b5c1622fc438d,79972,4,1,True,True,True,local_trade_no_swap_certified,1,1,False,False,False,False,False,327.0,2,85
1731,52b47c417bf511930ef6f712af81e7eb026a80ec745a73596320b958b2d3e1f7,242662,4,1,True,True,True,local_trade_no_swap_certified,1,1,False,True,True,False,False,834.0,2,104
1732,31182fa3e4e5fa0237561d4489e76e5f6cbc4af7188a8473997ffed7c52d0855,264747,4,1,True,True,True,local_trade_no_swap_certified,1,1,False,False,False,False,False,144.0,2,85
1733,19d8120ee7ab3ac25e84349795fce58af06931e96b3597bfcc55022ab70cca2e,7375,4,1,True,True,True,local_trade_no_swap_certified,1,1,False,False,False,False,False,657.0,2,97
1734,f13d87acff05cd7a9d03f7217a5fc09a302011f39b1007016a6af079dcde7fc5,11787,4,1,True,True,True,local_trade_no_swap_certified,1,1,False,False,False,False,False,908.0,2,184
1735,90d3b58fe1a930396f7276482747778a4fd821c6d77e322036c764e8c1e018b4,100189,4,1,True,True,True,local_trade_no_swap_certified,1,1,False,True,True,False,False,3594.0,2,92
1736,9fed62b723709800c4521217ed85083d76dc8c9c123846c956b39364d8fcbe95,273768,4,1,True,True,True,local_trade_no_swap_certified,1,1,False,False,False,False,False,422.0,2,85
1737,4f51dd3d73d653f920d77c0db3dc78c70d45a330b7932a55415b43cf7f6f8803,180761,4,1,True,True,True,local_trade_no_swap_certified,1,1,False,False,False,False,False,328.0,2,85
1738,247b712e10fd957acf55f6971b150d0925801d4852d2c586abff0e9dfe7e2ffb,214874,4,1,True,True,True,local_trade_no_swap_certified,1,1,False,False,False,False,False,830.0,2,231
1739,098d509ea09ab8cd04961a67e43042d41d4da6c5d51c11cdbcc7ce4321c3525d,6888,4,1,True,True,True,local_trade_no_swap_certified,1,1,False,True,True,False,False,568.0,2,149
1740,8f910275a4af4f91e14545e317ecb951e01735e668be39707024be40f52e4cd2,83711,4,1,True,True,True,local_trade_no_swap_certified,1,1,False,True,True,False,False,1177.0,2,115
1741,160f08b267d7ec99d00d49e5f170098ffd8b353023d230497a14fb285b6bd74b,138835,4,1,True,True,True,local_trade_no_swap_certified,1,1,False,False,False,False,False,223.0,2,87
1742,76024953e4f0e9d51951c3677789b52e0b3dcf090a3c1742c7d1b01bbd93a3e5,103208,4,1,True,True,True,local_trade_no_swap_certified,1,1,False,True,True,False,False,105.0,2,85
1743,633defcef59bac27d05e7efe0483e34b2113812c70acc275e7650c356d3f4bd4,232292,4,1,True,True,True,local_trade_no_swap_certified,1,1,False,True,True,False,False,461.0,2,203
1744,162f4440691b3175a2cc7ad525c3049e5c890c49a71f20b64a7aead134ec91a0,189114,4,1,True,True,True,local_trade_no_swap_certified,1,1,False,True,True,False,False,2752.0,2,632
1745,68b737b852719382d38748ff4be6fe1114903d466daeed89f323f254d8a01c95,280273,4,1,True,True,True,local_trade_no_swap_certified,1,1,False,False,False,False,False,1148.0,2,120
1746,de4f069da637ccf4ca1e4ae1b3ef5c002b0b74d8ee3da5637e938182e39951a6,127485,4,1,True,True,True,local_trade_no_swap_certified,1,1,False,False,False,False,False,260.0,2,150
1747,8c6dae232de80c703fd522d2b6d7de1c265c31935963d1a71372d348ac75b994,33946,4,1,True,True,True,local_trade_no_swap_certified,1,1,False,True,True,False,False,699.0,2,120
1748,5556ada78e2cb3c46174d4cc269e0908b0d4c10c347171ddf3cc97fa99cae32a,186957,4,1,True,True,True,local_trade_no_swap_certified,1,1,False,True,True,False,False,6675.0,2,130
1749,7c7cf73c9705a20c3349d0425ecb4085444571ce2458c6d22f0d579bef4829ae,88046,4,1,True,True,True,local_trade_no_swap_certified,1,1,False,True,True,False,False,756.0,2,203
1750,4bc77e6738f78ac9cf5b4cd9e52d24e60c93e28c288a916261c6904d1b921259,87145,4,1,True,True,True,local_trade_no_swap_certified,1,1,False,True,True,False,False,187.0,2,99
1751,0e960cf9ad4e4c53e9aff20aacc11373f96d74df169caed9121717b7e51b3011,158095,4,1,True,True,True,local_trade_no_swap_certified,1,1,False,False,False,False,False,209.0,2,85
1752,7ec1db105f523460868cdc2208009d81c9dacb7a0df652bd8e430546b988530d,188247,4,1,True,True,True,local_trade_no_swap_certified,1,1,False,False,False,False,False,735.0,2,85
1753,40f13c29c55447eecde80bccebbefc8a64f32cfa5373b922e4eb99260dde4545,130099,4,1,True,True,True,local_trade_no_swap_certified,1,1,False,False,False,False,False,3342.0,2,131
1754,f6422f7d092e7802366adaf764797c7b544c3c99bccedfa84cca9fe3bfd8eac1,53164,4,1,True,True,True,local_trade_no_swap_certified,1,1,False,False,False,False,False,1015.0,2,266
1755,8accb088900eadfbd00fbd5fb4caec949be6c2815f4a259ee899617773243941,112693,4,1,True,True,True,local_trade_no_swap_certified,1,1,False,True,True,False,False,1181.0,2,116
1756,0509904f6a25c38d7f7b5f03ce15bbe6f7f11fdf10a05a7f0e9f17765fc7fb06,274233,4,1,True,True,True,local_trade_no_swap_certified,1,1,False,False,False,False,False,192.0,2,85
1757,4ca37d6ab36e7d4b49fa91304c2f88749374071cc98f48c81e776bc4084bce24,26658,4,1,True,True,True,local_trade_no_swap_certified,1,1,False,False,False,False,False,906.0,2,261
1758,563fb2a832547284bb19ad672dfeb9eae439cdf133f5791f8c4a6fd3d626387e,184842,4,1,True,True,True,local_trade_no_swap_certified,1,1,False,True,True,False,False,176.0,2,85
1759,6e705550f74a3fd84af689396cfc8aee7626886bafc83d53cb39f98172534a67,99871,4,1,True,True,True,local_trade_no_swap_certified,1,1,False,True,True,False,False,277.0,2,91
1760,21b4011395ed51844e31a4019b9a29a3b94c0d041319a401b5c0c75822494464,163050,4,1,True,True,True,local_trade_no_swap_certified,1,1,False,False,False,False,False,410.0,2,90
1761,3e17905d7166c7530eb0217ecaccd8dbfd2da88c30555cc22c065f0e79de2456,33011,4,1,True,True,True,local_trade_no_swap_certified,1,1,False,True,True,False,False,1519.0,2,86
1762,71e433540a5a4cf0ab364b50840da05228467a8ff3bf1ba59e51674f21f97cd9,156290,4,1,True,True,True,local_trade_no_swap_certified,1,1,False,False,False,False,False,1500.0,2,289
1763,9b911a1d0259752df5222bb41806f74dce63a2cd07be03308c7544da9d2c711a,96483,4,1,True,True,True,local_trade_no_swap_certified,1,1,False,False,False,False,False,394.0,2,109
1764,eb66341b8d2b72d439cf6abfe10a84c61b7437534d3f183110eb07d308ee356a,65798,4,1,True,True,True,local_trade_no_swap_certified,1,1,False,False,False,False,False,7087.0,2,91
1765,3b6bae78d281b2dfa1f2f6bd8a851c0e6076c7786d4b486f82445cde65d7f911,218850,4,1,True,True,True,local_trade_no_swap_certified,1,1,False,False,False,False,False,239.0,2,85
1766,19bf82867e17a8deff52836923f3f0e6ff73a314a11895616403b68ccc0c6e88,42371,4,1,True,True,True,local_trade_no_swap_certified,1,1,False,True,True,False,False,313.0,2,146
1767,4420debfa396eb30d77ec25fa3f9fbfe8b95c9b841eaa547ab195a9ce5cf5ba3,168418,4,1,True,True,True,local_trade_no_swap_certified,1,1,False,True,True,False,False,1228.0,2,174
1768,2008d7dc0be6225cc7b556b0224e4a5c477687b6c81170d6c068667d4110cf94,3813,4,1,True,True,True,local_trade_no_swap_certified,1,1,False,True,True,False,False,488.0,2,119
1769,df801947d71351ee3f6876b8cdb05ec2ca569223c11b477689c04e6a70008723,172235,4,1,True,True,True,local_trade_no_swap_certified,1,1,False,False,False,False,False,2890.0,2,286
1770,e09652c0b12c384e7bd8445afccd461446fd2509e5e3ce1b766428661a6b2288,155289,4,1,True,True,True,local_trade_no_swap_certified,1,1,False,False,False,False,False,506.0,2,133
1771,a7b4f3cbf080fb3db962e3660d4d1c85c3652fab0807c130d54651d32c8f27f7,186221,4,1,True,True,True,local_trade_no_swap_certified,1,1,False,False,False,False,False,1242.0,2,85
1772,737e5e01aec7565e7984956c71e3f9f2747f461b97a0a9967bdd7d4e798161db,194404,4,1,True,True,True,local_trade_no_swap_certified,1,1,False,True,True,False,False,452.0,2,85
1773,4fcdbcda52f257e06dd14b17fecbd0efff71ed59985526beafac8b44db4eed24,76873,4,1,True,True,True,local_trade_no_swap_certified,1,1,False,True,True,False,False,1348.0,2,246
1774,508900c165b249d595a60d1662db202ec57577357d1e76a3e9f68722497c1cf0,256829,4,1,True,True,True,local_trade_no_swap_certified,1,1,False,False,False,False,False,99.0,2,101
1775,b089d0bac9ac9c87ef5845105b4f7c69bad190b384f9154c780182e9a3bd69fb,138986,4,1,True,True,True,local_trade_no_swap_certified,1,1,False,True,True,False,False,321.0,2,105
1776,a0fec0378af8e84a49733894ac6239c29aaa8f3b38f5800b6273594cee98a9ed,213681,4,1,True,True,True,local_trade_no_swap_certified,1,1,False,True,True,False,False,739.0,2,159
1777,c6fd8597e1dc4a5dabb8632db6348a98b76b5c308b297b1b1dda729cbeb6fd18,39362,4,1,True,True,True,local_trade_no_swap_certified,1,1,False,False,False,False,False,149.0,2,91
1778,9e3d18150b2ade486501ef7f865ae240592fdb1c67d680a6d7871c2e298e92e3,242480,4,1,True,True,True,local_trade_no_swap_certified,1,1,False,True,True,False,False,1430.0,2,85
1779,425072a7785efb69a9c4cd82164f6262301e716676674e1c0e148eef7c617cb1,283063,4,1,True,True,True,local_trade_no_swap_certified,1,1,False,False,False,False,False,2239.0,2,193
1780,9d3141a0b510334925e817c1a81e942f4e6b8ef2227990e3c2ec66f785c2c3a8,238736,4,1,True,True,True,local_trade_no_swap_certified,1,1,False,False,False,False,False,1103.0,2,85
1781,4462e44c5f047a4c88447c5ff2d783fb2055f126708d1fd17fa38b653f6f1799,250535,4,1,True,True,True,local_trade_no_swap_certified,1,1,False,True,True,False,False,1435.0,2,85
1782,873f109ce27085b0318b8aa34ba5ee396139487452db191892b49f50e1d24976,244347,4,1,True,True,True,local_trade_no_swap_certified,1,1,False,False,False,False,False,342.0,2,220
1783,7f3855376697d2223511a7cbce230093faa43814ec0c515eef6070722aa3cc93,32421,4,1,True,True,True,local_trade_no_swap_certified,1,1,False,False,False,False,False,7001.0,2,132
1784,ea3cd47cde1a1b77279edc0dc358dfaf2924fa4c799ec50a385c4b0de52c4273,133921,4,1,True,True,True,local_trade_no_swap_certified,1,1,False,True,True,False,False,5665.0,2,162
1785,4fc14f7814ab13152c5563cc9a91ba81037ae6d4c987eb8a771673ed92e7b376,17286,4,1,True,True,True,local_trade_no_swap_certified,1,1,False,False,False,False,False,533.0,2,85
1786,07a04b7abdc3e753a3f70ec28e1250acb8f7a6e4cf51bccd6c40a51dcaf1fd08,150840,4,1,True,True,True,local_trade_no_swap_certified,1,1,False,False,False,False,False,184.0,2,85
1787,8555d36fc1a3c5b3700b714032e838d5f2fc21efa35c54ac3e12e0064ac7ef89,48624,4,1,True,True,True,local_trade_no_swap_certified,1,1,False,True,True,False,False,525.0,2,105
1788,0b47ee0534f8c1104dadf0db6f70f6b425396f88a8ba2ce324244168a7116629,227644,4,1,True,True,True,local_trade_no_swap_certified,1,1,False,True,True,False,False,411.0,2,85
1789,01cfa14ef20169bda6944a228fd9ec949884cdcba6723efb80dfcbab06b62b97,251662,4,1,True,True,True,local_trade_no_swap_certified,1,1,False,False,False,False,False,842.0,2,133
1790,5e2e06aae9c0e43f3b365964c4cdc9f9281bfac45deafd4b6bbdda5ecb2fc1ca,255806,4,1,True,True,True,local_trade_no_swap_certified,1,1,False,True,True,False,False,5934.0,2,90
1791,44f77ac5c869b30a5a5f52ff644c8517cc8e50911c04cb093ada84d83c673307,285329,4,1,True,True,True,local_trade_no_swap_certified,1,1,False,False,False,False,False,193.0,2,128
1792,b0e6297b0a9306bec387f4d69bda4ae547f52e30f3ecb63971d45045c4d033b8,235795,4,1,True,True,True,local_trade_no_swap_certified,1,1,False,False,False,False,False,328.0,2,85
1793,c364b7750c051944a5b39a12abb4ffa769b5f0a3574255211e0e5c910025ad4d,233422,4,1,True,True,True,local_trade_no_swap_certified,1,1,False,False,False,False,False,1192.0,2,111
1794,19f6f0c0784b3f1d8ebd6fb46452af7ddd14466192add551cea25408acbd7606,226809,4,1,True,True,True,local_trade_no_swap_certified,1,1,False,False,False,False,False,170.0,2,85
1795,9ba0cd55cc3f9e1a804957b4663ab0c5b5217a26f071f054bd041b8bb8a5ee8f,273694,4,1,True,True,True,local_trade_no_swap_certified,1,1,False,False,False,False,False,1030.0,2,135
1796,4a2009739b013fe245f862e72e92a55f7072fbc7b61ed737261007c4a43fce16,170207,4,1,True,True,True,local_trade_no_swap_certified,1,1,False,True,True,False,False,347.0,2,127
1797,bd7325f917667a1399d61cac05c05712fc6c94eddd6ee9d2be3b4a64c7933801,155543,4,1,True,True,True,local_trade_no_swap_certified,1,1,False,True,True,False,False,1070.0,2,142
1798,794f2f69b0fcee4d51447c3ab90f70a13fea1dd3edd66eb2ef21564af8c731b4,289544,4,1,True,True,True,local_trade_no_swap_certified,1,1,False,True,True,False,False,205.0,2,103
1799,b55af7bb91081861c91655b321699304d4c533feda3305c2326788895c861b9b,149201,4,1,True,True,True,local_trade_no_swap_certified,1,1,False,False,False,False,False,163.0,2,111
1800,a0d8fcadd3c1124653c3cf6d62edf41811b6d9913dcf5acaa5005afed3c6b84e,247590,4,1,True,True,True,local_trade_no_swap_certified,1,1,False,True,True,False,False,122.0,2,98
1801,0bfd50fe6f84a832de98791f331ae0e8c8a41e41b2a24ee61007ff0a2ec24af4,161206,4,1,True,True,True,local_trade_no_swap_certified,1,1,False,True,True,False,False,1376.0,2,85
1802,489c12a08ce1fc52c8bbabdb15098f90a6ecd27c58eab4f6edb4d10521b95698,200340,4,1,True,True,True,local_trade_no_swap_certified,1,1,False,False,False,False,False,636.0,2,85
1803,d8de46c028e18a315fda540cd225df5e92c18f48427644ded4a8025a1381429f,294082,4,1,True,True,True,local_trade_no_swap_certified,1,1,False,True,True,False,False,3988.0,2,182
1804,0d45430fd4bd92c05e9afa6c6d32f41e9740bccc5eef4ff2ba66567c78b0adfc,230776,4,1,True,True,True,local_trade_no_swap_certified,1,1,False,True,True,False,False,3488.0,2,127
1805,ca3aba4b4418d3c95b67ca7a9246168039a02c155d179748af1a11819b4239e3,38282,4,1,True,True,True,local_trade_no_swap_certified,1,1,False,True,True,False,False,1435.0,2,91
1806,2840454a9089b9d4f04b4aab2a7166559b3d70fc54aca440438e145e96d23718,25733,4,1,True,True,True,local_trade_no_swap_certified,1,1,False,True,True,False,False,113.0,2,85
1807,8c4c000a9ea1775be4742ab101f62637b0db884797c08fd6adb941889d939828,42788,4,1,True,True,True,local_trade_no_swap_certified,1,1,False,False,False,False,False,636.0,2,85
1808,e92b4716caf01eebd35acb8a252db4138828a38efb6b248b1cbd20479c59ae61,184213,4,1,True,True,True,local_trade_no_swap_certified,1,1,False,False,False,False,False,1932.0,2,85
1809,fbfb37b46c0c647fcb3eb23dfd0b9720dc8b8847a4400eab9db83689e9fa864d,87861,4,1,True,True,True,local_trade_no_swap_certified,1,1,False,True,True,False,False,806.0,2,85
1810,7c9c9de828604fcd1fc2c7c22d89b7e8f770f020177b6204e6b7b68536dcd469,270028,4,1,True,True,True,local_trade_no_swap_certified,1,1,False,False,False,False,False,1699.0,2,104
1811,1047a697b78a1af5f1a0e91ceba8d386d972c5b11400234d5bcf49d51a8dafe9,16860,4,1,True,True,True,local_trade_no_swap_certified,1,1,False,True,True,False,False,1682.0,2,94
1812,61845e61eeab14965ebe9f65bf48e630dd46215a5522b1b2d8976135aaf67d78,160635,4,1,True,True,True,local_trade_no_swap_certified,1,1,False,True,True,False,False,14536.0,2,322
1813,2771f3ecf6c0f21692a1b2d52d6089ef71995c1cecb7ae19786c6bc4ae98c5e8,284146,4,1,True,True,True,local_trade_no_swap_certified,1,1,False,True,True,False,False,4682.0,2,89
1814,d1c0afa2508153dc492a29e0d32907f425fcb4da1488101dade3c3916fb1d034,245661,4,1,True,True,True,local_trade_no_swap_certified,1,1,False,True,True,False,False,213.0,2,85
1815,6c8aeb85dca74e7bdde0c5f89658680f87e342f5ba581192f0eee3a7cdc31022,54211,4,1,True,True,True,local_trade_no_swap_certified,1,1,False,True,True,False,False,290.0,2,85
1816,459db3549e8738ca627ffacb8d2e01b838b60024607f7e5c767e786bef1c61b3,207807,4,1,True,True,True,local_trade_no_swap_certified,1,1,False,False,False,False,False,270.0,2,85
1817,39822d3637c504926b201ecfe7f014139f4cad0a2449c9f5f53f900f7b54c49b,26731,4,1,True,True,True,local_trade_no_swap_certified,1,1,False,True,True,False,False,349.0,2,85
1818,307ddf22ad5f42684fa84d5c7146e589eeb2f0cd1cd474ca23221b285ab3fd8a,39168,4,1,True,True,True,local_trade_no_swap_certified,1,1,False,True,True,False,False,412.0,2,85
1819,c13d213af673e0361b2e3b0aa47791814b5cd77229be981033b16460e70685a9,36279,4,1,True,True,True,local_trade_no_swap_certified,1,1,False,False,False,False,False,6517.0,2,110
1820,e8413add12b882fd0c9c69bc755df859c7dd23d26cb228ddd2e9ef8662f939e8,161248,4,1,True,True,True,local_trade_no_swap_certified,1,1,False,False,False,False,False,103.0,2,100
1821,b4eee4c5b4cd7d89dda6ab370f00762f4bdaed259490106fe350627551e136ba,55280,4,1,True,True,True,local_trade_no_swap_certified,1,1,False,False,False,False,False,273.0,2,85
1822,e4d7384b3e912b8919a951b89ad9247808fea2749d2fb63782d2af6d68f3b86a,28005,4,1,True,True,True,local_trade_no_swap_certified,1,1,False,True,True,False,False,609.0,2,85
1823,d3975b3fc10e58bbbde84e164b541c5ac8f921acc95ff7f83a66b80a92503fa4,261045,4,1,True,True,True,local_trade_no_swap_certified,1,1,False,True,True,False,False,2651.0,2,156
1824,86bc7fceb41955a014b6661cec32a871f6d8a05ca6a7c39281edda1c3aa2468e,57611,4,1,True,True,True,local_trade_no_swap_certified,1,1,False,False,False,False,False,2286.0,2,175
1825,ddac7a51e4ba60bb7931069060cd708c3cf68cd958a7a9e44918875706a0ac26,204746,4,1,True,True,True,local_trade_no_swap_certified,1,1,False,True,True,False,False,290.0,2,113
1826,6ff6bbb3bbe2b1ad7b4e2840c661d191a8ad23c059b65ad6681b17cb11489f86,236054,4,1,True,True,True,local_trade_no_swap_certified,1,1,False,False,False,False,False,214.0,2,108
1827,47c7dfb3fb679576ee337886adf83521a288fed725c1b2f7f88d1b37f2b07b57,202866,4,1,True,True,True,local_trade_no_swap_certified,1,1,False,False,False,False,False,530.0,2,108
1828,60f977a4d147a1f53b74148dfb1448b6b87d5c654d199768624d201b671a3028,106772,4,1,True,True,True,local_trade_no_swap_certified,1,1,False,True,True,False,False,806.0,2,85
1829,ded855c4b328ffab3755ad9fffb7f3f3ef85ade4157a89312364790f39909d82,219924,4,1,True,True,True,local_trade_no_swap_certified,1,1,False,True,True,False,False,345.0,2,85
1830,ce9a6eaee4262de701a9a3531680ca3c50c1edf0b47df112184044b7fafc97c2,248011,4,1,True,True,True,local_trade_no_swap_certified,1,1,False,False,False,False,False,1073.0,2,85
1831,ba45d9c93d9986d547f4ba41d30f0280e42e58c341c615252b9e9695c162850f,174772,4,1,True,True,True,local_trade_no_swap_certified,1,1,False,True,True,False,False,160.0,2,85
1832,63372782a302b8caacddbc6409e014513a4ac3684413701a0d90dc6d6dcb0c25,173074,4,1,True,True,True,local_trade_no_swap_certified,1,1,False,True,True,False,False,2534.0,2,85
1833,b4b171dbd4d425e64483a2e57a201674e2dd01ec08103572d2978a47b8161065,83866,4,1,True,True,True,local_trade_no_swap_certified,1,1,False,False,False,False,False,204.0,2,103
1834,11f0ff4b9bb22438a248b6567a481262ba59162be44c8a21a4740bd1080e76da,274047,4,1,True,True,True,local_trade_no_swap_certified,1,1,False,True,True,False,False,211.0,2,94
1835,6f5a1c28cfdb1246f16328f98a83a93a511e6be8720acf03a380cb6790275b06,94326,4,1,True,True,True,local_trade_no_swap_certified,1,1,False,False,False,False,False,3718.0,2,85
1836,f4c3e337d654125a58117251e3e0012f48cc69b3d663064b415b7217fe500ad3,277137,4,1,True,True,True,local_trade_no_swap_certified,1,1,False,False,False,False,False,761.0,2,109
1837,4f1fadfc81a609a91c1fe8e8d77c8d575389ecebf9511c1fe215dc1cd1ff952b,209620,4,1,True,True,True,local_trade_no_swap_certified,1,1,False,True,True,False,False,3798.0,2,110
1838,683e8ad5d9ec1ff6d6a515e6cb491804d2a2b613df7993e82840407c5adccd39,223732,4,1,True,True,True,local_trade_no_swap_certified,1,1,False,False,False,False,False,1374.0,2,128
1839,9805a0273e49b2d098a0aaad0e4083fe7350067522a9b72c89d9c453537466ef,72284,4,1,True,True,True,local_trade_no_swap_certified,1,1,False,False,False,False,False,965.0,2,85
1840,8c8bcc983f46d01de24ec8a97d36028f3dbc5fab76b5153105274580d7bd5c20,15413,4,1,True,True,True,local_trade_no_swap_certified,1,1,False,True,True,False,False,582.0,2,85
1841,b33ba8985acdb5ce71305bedd207b01bb1c04dd456944b6ddef00e4cd17d80a8,258454,4,1,True,True,True,local_trade_no_swap_certified,1,1,False,False,False,False,False,1187.0,2,164
1842,0b4dc6290a70ada13b96bad8d4a871a6a75d03183423944fe643b9a41961fba9,57525,4,1,True,True,True,local_trade_no_swap_certified,1,1,False,True,True,False,False,304.0,2,98
1843,eae123f47ccff33a1b24da5b03452f41a38533b75d88c399ebaaaca85924377f,274169,4,1,True,True,True,local_trade_no_swap_certified,1,1,False,True,True,False,False,139.0,2,93
1844,c17f180e75ea51cac4f7d177da62e3fe7e71a09c85d7ee59686e0ce08c3be31c,124780,4,1,True,True,True,local_trade_no_swap_certified,1,1,False,True,True,False,False,82.0,2,85
1845,a48b85eea70663692c26061d35735d01e63468150981ebe96f9fa3fad0eba695,127790,4,1,True,True,True,local_trade_no_swap_certified,1,1,False,False,False,False,False,235.0,2,85
1846,20696541e2d48ad198cd449939dd80a428df9e360a86d3262280b18e694669bc,267285,4,1,True,True,True,local_trade_no_swap_certified,1,1,False,False,False,False,False,550.0,2,85
1847,bf9a56748b229e80ff083374ab31fd920e62858d7e757ec52feddd3e71d8efbb,127768,4,1,True,True,True,local_trade_no_swap_certified,1,1,False,True,True,False,False,933.0,2,85
1848,b7831ce651b33edc6ec96c0a55fcf2fef2b59967d8a3651eecfe55e8398a6cb6,4187,4,1,True,True,True,local_trade_no_swap_certified,1,1,False,True,True,False,False,193.0,2,85
1849,62042dde741615e992e0dc83d1019215d3e76a58bc5fa63bdf6eb707facf0dec,39041,4,1,True,True,True,local_trade_no_swap_certified,1,1,False,True,True,False,False,1002.0,2,85
1850,19aceb981646fca635f4aa4bf50012e5b546224f2ed0ba2869fff990851ee0af,300279,4,1,True,True,True,local_trade_no_swap_certified,1,1,False,False,False,False,False,1856.0,2,119
1851,be9e2521cbc451c906a1cc1c189526f8d1622e74b72e7ce0a7374982f7b56ee0,97752,4,1,True,True,True,local_trade_no_swap_certified,1,1,False,True,True,False,False,424.0,2,106
1852,842117566653c122e13e11c40ddfc8d419382b03df8cf3d97ed3502a1598a225,222943,4,1,True,True,True,local_trade_no_swap_certified,1,1,False,True,True,False,False,137.0,2,85
1853,7cd93b31a4ccfe467d704f4b3cfe721f09899e5f522ceeb07910ee4af38f8148,158932,4,1,True,True,True,local_trade_no_swap_certified,1,1,False,True,True,False,False,349.0,2,85
1854,42df5dd388659d3245bcfe372e8a6d8686a3fe43fcd3ce1560ff4578f4d7377a,83565,4,1,True,True,True,local_trade_no_swap_certified,1,1,False,False,False,False,False,8140.0,2,186
1855,cc39ca67595f5077f271578e49e841b4ac4c9903a7be43dbd9a900bab3b208e3,22232,4,1,True,True,True,local_trade_no_swap_certified,1,1,False,True,True,False,False,289.0,2,162
1856,6b695a933fac373e157e2a48c3581157a1cef7a3679f3ff8d3efa639832a6a1f,112511,4,1,True,True,True,local_trade_no_swap_certified,1,1,False,False,False,False,False,1533.0,2,85
1857,b6c882b9b6d7e4f31418ae2e65f079058990348e2481ded8bd61e01200754db9,298997,4,1,True,True,True,local_trade_no_swap_certified,1,1,False,True,True,False,False,209.0,2,112
1858,ea455d7d88749703d6b1d19b2c15bcde60e62edd836c6476d2f9a6d66f4d10fe,107656,4,1,True,True,True,local_trade_no_swap_certified,1,1,False,False,False,False,False,1825.0,2,142
1859,25b614462387c303f63daf1a532f872ad5f7e435e91228beb8d5d7a1c8b53f00,77621,4,1,True,True,True,local_trade_no_swap_certified,1,1,False,True,True,False,False,965.0,2,85
1860,d11d99ca35f75eaf8f22547af9c563e23ffa5a393bc7c084117cb13db52b2d63,87362,4,1,True,True,True,local_trade_no_swap_certified,1,1,False,True,True,False,False,6564.0,2,211
1861,0af103a4c12e4c0cdb592cff67abf8a6288173b1d5eb60e2a9a98857b38b6501,243063,4,1,True,True,True,local_trade_no_swap_certified,1,1,False,False,False,False,False,2318.0,2,85
1862,2bbf6cab9c304c98eeca05263cc917b28304926074d446d36b0aa77de696565b,11335,4,1,True,True,True,local_trade_no_swap_certified,1,1,False,True,True,False,False,1180.0,2,178
1863,bf95b1ccf44a3e9c5d6ddb79323c6566fe5d9d0fdd605a73e85e549d1fba7d72,16638,4,1,True,True,True,local_trade_no_swap_certified,1,1,False,False,False,False,False,172.0,2,85
1864,2413118de6ead9db3e445743094213c4015cadea769c716864c8c31c5e85dbfa,40164,4,1,True,True,True,local_trade_no_swap_certified,1,1,False,True,True,False,False,156.0,2,90
1865,1404f7fe867dedb96e394829fa62a73e4e2c7e92fb86087fb5f2783a1410ebfe,271066,4,1,True,True,True,local_trade_no_swap_certified,1,1,False,False,False,False,False,474.0,2,98
1866,6c6223d9997308f1ccc16604a7d49fb70cad63e0733ca15a0012126200647e45,3918,4,1,True,True,True,local_trade_no_swap_certified,1,1,False,False,False,False,False,561.0,2,142
1867,5f61abdde49a500143ff6d0a3f70974021705fda4a810b24ea0b226d85db0755,246839,4,1,True,True,True,local_trade_no_swap_certified,1,1,False,False,False,False,False,2562.0,2,85
1868,87c30e917ad6e6033efc2c04c93c9b3b22cfd8a6dd60a3179bfe147b1566548c,184582,4,1,True,True,True,local_trade_no_swap_certified,1,1,False,True,True,False,False,1075.0,2,106
1869,2630d50877060a79a7cb09af053bd34741a665ba8dfe30ff697b3bf937f13b71,269297,4,1,True,True,True,local_trade_no_swap_certified,1,1,False,True,True,False,False,2099.0,2,85
1870,6f837751543375ddec7a9df1947e8e6b43f301b5dbd8922aadc0fcce30e5a5b1,112273,4,1,True,True,True,local_trade_no_swap_certified,1,1,False,False,False,False,False,69.0,2,85
1871,25751c8743219707cfce115843605542be7734681873ca16d5beb2292f4fa75d,14556,4,1,True,True,True,local_trade_no_swap_certified,1,1,False,True,True,False,False,582.0,2,150
1872,b275db9909a35b5ebb197412b3e3e91bc5014a4a613729b5c9ab2944b98c9c81,116600,4,1,True,True,True,local_trade_no_swap_certified,1,1,False,True,True,False,False,323.0,2,85
1873,548ff659114cf052615f971355ee42ca703152571e200325b17f56e68bedcb15,16466,4,1,True,True,True,local_trade_no_swap_certified,1,1,False,False,False,False,False,1677.0,2,85
1874,d4db05077fe8b51ab97a13f19d36a4e0740cd1f87ed66f1b2e94f5e7a07b516e,290984,4,1,True,True,True,local_trade_no_swap_certified,1,1,False,True,True,False,False,1060.0,2,119
1875,381ede714560717e146fbcc90600c5d0955139a9677c9ca9e82453a9b57b6df7,35973,4,1,True,True,True,local_trade_no_swap_certified,1,1,False,True,True,False,False,218.0,2,85
1876,b9a93dddb43261e09e78a2cf29dc8f497787e93f7a7553ee4431b05e1be8d2b8,233130,4,1,True,True,True,local_trade_no_swap_certified,1,1,False,True,True,False,False,113.0,2,85
1877,835ebcb061e2a934e9749b59836a874a188ce6e5f1124889c6657261c4828897,273553,4,1,True,True,True,local_trade_no_swap_certified,1,1,False,True,True,False,False,790.0,2,97
1878,a36c1dc5a4df00594c6e7a7786f11da21526baccd605f4a0a346ffd4194f5c52,234424,4,1,True,True,True,local_trade_no_swap_certified,1,1,False,False,False,False,False,1942.0,2,178
1879,93a39b3ed32f001fd97ae3f83b3238ad9807f2a674cddce9d8cd36242fa38ee8,213122,4,1,True,True,True,local_trade_no_swap_certified,1,1,False,False,False,False,False,615.0,2,96
1880,afe6509d84cd9c84278e8644e5f2accbba7efe643953d9b6736ac2960c36dada,161780,4,1,True,True,True,local_trade_no_swap_certified,1,1,False,False,False,False,False,845.0,2,90
1881,7957959972b1f6ac5e27111d106233c68634720e4aa816c9a92b3616b3be3d1e,94375,4,1,True,True,True,local_trade_no_swap_certified,1,1,False,False,False,False,False,304.0,2,110
1882,55836aa360af42a1d9203cad73aa6382833589367c5a4e322aa0f685ef347b4f,72146,4,1,True,True,True,local_trade_no_swap_certified,1,1,False,True,True,False,False,372.0,2,127
1883,fb19c6279f1e0e7cc2d155de0ae3b1dfd88e7af8a4e3ca44575bd464ce93853a,68833,4,1,True,True,True,local_trade_no_swap_certified,1,1,False,True,True,False,False,601.0,2,85
1884,135c2d68a91042602cd931c8fc24ccc7dc066dae21682fd097d97fa90803e74d,56202,4,1,True,True,True,local_trade_no_swap_certified,1,1,False,False,False,False,False,7343.0,2,120
1885,2ae09d8b644752007d47cb94bae1dc69f5ab8a3e7c0be864ec2f63243e1b530a,68596,4,1,True,True,True,local_trade_no_swap_certified,1,1,False,False,False,False,False,894.0,2,85
1886,04532df3d58f18f2c083f5313968d6d6baddf75f6ef730fc75a53a284e46e64a,123289,4,1,True,True,True,local_trade_no_swap_certified,1,1,False,True,True,False,False,5269.0,2,233
1887,2c4577db93d75e96dff4a8216a6631e566344fa67d66f489eaea804f2c166498,259178,4,1,True,True,True,local_trade_no_swap_certified,1,1,False,False,False,False,False,399.0,2,207
1888,d0e3e66a237f8e2f4dbdbbc6beb2d6fe605e8972e4313b4669216b46deaf5c1d,113038,4,1,True,True,True,local_trade_no_swap_certified,1,1,False,False,False,False,False,243.0,2,85
1889,b0ca2e4e5f114fd825ea59c2c1d5959a973508d83e2a1a8fffb533d85adf7939,71532,4,1,True,True,True,local_trade_no_swap_certified,1,1,False,False,False,False,False,208.0,2,127
1890,f87993445a0fc577b57c940cfd8b9dba61e5cfe7bab01fe02398d0f8f3eb0b1d,89513,4,1,True,True,True,local_trade_no_swap_certified,1,1,False,True,True,False,False,185.0,2,85
1891,29c621e1b1f3e2c7d42bdd5c4b26f2a51f337279ba1c9c5a0fb6952361bf3847,195071,4,1,True,True,True,local_trade_no_swap_certified,1,1,False,False,False,False,False,6727.0,2,85
1892,ee19306074c2914afd881e876eed7fb95c4390a50b123acf12f9c2f9d234ced3,64233,4,1,True,True,True,local_trade_no_swap_certified,1,1,False,False,False,False,False,165.0,2,114
1893,1308647f8a4ae7cfebb0afddd4899346f530fd548b6b1c63e8d92b442c6b8e8a,235034,4,1,True,True,True,local_trade_no_swap_certified,1,1,False,True,True,False,False,571.0,2,101
1894,cc7bc8ea736008a55043e9382bc55d26187e930bfe00f4e6bf0139f97e1de0d5,166904,4,1,True,True,True,local_trade_no_swap_certified,1,1,False,True,True,False,False,4133.0,2,130
1895,e2bcccc5fad0e6e94cee034605395262a3cf6157729920aa5ca2268493e94752,113131,4,1,True,True,True,local_trade_no_swap_certified,1,1,False,False,False,False,False,98.0,2,85
1896,6908e9c30bddb115726ff2b8a3c12dd3f43bf0d4018e4d3629bfb694afbc1d93,254667,4,1,True,True,True,local_trade_no_swap_certified,1,1,False,False,False,False,False,902.0,2,85
1897,2fae6f026d12f17b6576bea3443dd7d6ea7985a7dbf8fc4a2b882802f317921f,98949,4,1,True,True,True,local_trade_no_swap_certified,1,1,False,True,True,False,False,861.0,2,317
1898,1990972f3ca03655c0ed44a892f92f50b9c9b5e126e121636ac34b515672da82,294520,4,1,True,True,True,local_trade_no_swap_certified,1,1,False,True,True,False,False,2931.0,2,85
1899,806c12fbc06e335fa7b3e1c5c53bcb69ffecd6bfd2fba2d629718ef2d7f13cdc,166625,4,1,True,True,True,local_trade_no_swap_certified,1,1,False,False,False,False,False,102.0,2,85
1900,33df9120e517c4d745b9ed9c1f4ef88d796420519ec60e397249179157760aae,182444,4,1,True,True,True,local_trade_no_swap_certified,1,1,False,False,False,False,False,241.0,2,85
1901,a66b82071795c1ac1203c97ea34343bbe2c0801983228d990b4e4d653e397609,207708,4,1,True,True,True,local_trade_no_swap_certified,1,1,False,False,False,False,False,83.0,2,85
1902,65e60bf145680525a59bd7fde7bae4d561f244eca1c8ec5ed80156e497f242aa,59727,4,1,True,True,True,local_trade_no_swap_certified,1,1,False,False,False,False,False,321.0,2,112
1903,b55a9c2bf350b2cb4e89a046a67e369e6989d484485d3b7b84717fc900d8adf9,88403,4,1,True,True,True,local_trade_no_swap_certified,1,1,False,True,True,False,False,274.0,2,101
1904,b48bf60dd53a9c1681e5345a9cd96bb986f7185eeb7b404b3c27a6bc87606946,210122,4,1,True,True,True,local_trade_no_swap_certified,1,1,False,False,False,False,False,414.0,2,85
1905,e6bcedd01595c7519fa4695903841fad9b76ea8f5d0739d81670324e9ec960a3,255719,4,1,True,True,True,local_trade_no_swap_certified,1,1,False,False,False,False,False,6416.0,2,87
1906,de91431515d5828478db1a708b848376e37e06b9f5fc9472527a4a4d2e4b4098,205213,4,1,True,True,True,local_trade_no_swap_certified,1,1,False,False,False,False,False,1048.0,2,195
1907,e0bff71832c3c0f48afeb18ec9d6287e3d09b8ba1d17247448efd484f6044fdf,21169,4,1,True,True,True,local_trade_no_swap_certified,1,1,False,True,True,False,False,468.0,2,92
1908,4303f5f893dc8c040a7dfd23f87ffcda1190480f2fa2f361e287390244c38def,17294,4,1,True,True,True,local_trade_no_swap_certified,1,1,False,False,False,False,False,9508.0,2,85
1909,959fa3cbccd711c524627d15cae995b709c3c8f01323e4281d2034fe941f9a11,213663,4,1,True,True,True,local_trade_no_swap_certified,1,1,False,True,True,False,False,2242.0,2,187
1910,b417b8fe96f08c4c5f1fdbbc86e9604b79b00dd6d49385837e7991aeb68a9a14,171253,4,1,True,True,True,local_trade_no_swap_certified,1,1,False,True,True,False,False,126.0,2,94
1911,1503172812a5466c0f1e003e23d2284081d0eaea7a3021952f46239b3eafb1a4,35678,4,1,True,True,True,local_trade_no_swap_certified,1,1,False,True,True,False,False,275.0,2,85
1912,d43c0e688a9835f584dd9c1317155adb12d563944f7307379388aa9136fc4583,87283,4,1,True,True,True,local_trade_no_swap_certified,1,1,False,False,False,False,False,3407.0,2,85
1913,e34e7796e022bc8d80f4a94fb6e9a24c886eaac5fe44937dfd2563c168900cee,56313,4,1,True,True,True,local_trade_no_swap_certified,1,1,False,False,False,False,False,2974.0,2,85
1914,e8e052338d40548ce2aaa79abbd1dfcb25921e85cc47fa208893fb609ab1217d,65853,4,1,True,True,True,local_trade_no_swap_certified,1,1,False,False,False,False,False,1617.0,2,152
1915,601d82f6cd55e9646462da724c436fcaccfdd2fbca69e0ed7c02067dd170caac,77006,4,1,True,True,True,local_trade_no_swap_certified,1,1,False,False,False,False,False,355.0,2,85
1916,46c684da01ae2b658e30ad7b43fc3ef6d5a5e06bd69475448dd3cbed7895af97,183828,4,1,True,True,True,local_trade_no_swap_certified,1,1,False,True,True,False,False,1680.0,2,121
1917,dc29277699f983f1d079a7139add8c78928eb0eb8241f2e8b391557ca5d22692,211405,4,1,True,True,True,local_trade_no_swap_certified,1,1,False,True,True,False,False,382.0,2,101
1918,5ea7d098f3d506c3ea1b7b1aab0ce279ebe8c5cea473f277a3faa28caf1fa507,146411,4,1,True,True,True,local_trade_no_swap_certified,1,1,False,True,True,False,False,596.0,2,85
1919,5263fca3711575ff3487632805dce9cd5bb777098637a48c04ca9f71a7836d05,205690,4,1,True,True,True,local_trade_no_swap_certified,1,1,False,False,False,False,False,374.0,2,85
1920,7ebbeda29d237ae1b0989f935ace290dd99d8fc7988496e7b92e30d5ac96d004,278331,4,1,True,True,True,local_trade_no_swap_certified,1,1,False,True,True,False,False,629.0,2,85
1921,39ce16045020af9fa342acb189031cffa025db812b424d7b4943cb845e6dad6c,293299,4,1,True,True,True,local_trade_no_swap_certified,1,1,False,True,True,False,False,2298.0,2,109
1922,0e28407dc551676ec094cbc6cbfbeb57f49ef1529c0ffb3c91f9afe78087cf4b,9446,4,1,True,True,True,local_trade_no_swap_certified,1,1,False,True,True,False,False,423.0,2,85
1923,a4447fc8b6af69a84806e81c5d3e2810800a10b385d184d468853b6075e6b1bd,254350,4,1,True,True,True,local_trade_no_swap_certified,1,1,False,True,True,False,False,463.0,2,104
1924,4aaf10aa50d5551b6b6edf89c654e332811fddbde6ab711819ccae9cf7bf8e35,39064,4,1,True,True,True,local_trade_no_swap_certified,1,1,False,True,True,False,False,103.0,2,85
1925,7d7bc3319d83060ca82c60dfe410e03404a448a5d9d3a7a05588930c06366acd,12506,4,1,True,True,True,local_trade_no_swap_certified,1,1,False,True,True,False,False,2954.0,2,116
1926,07e6c8b7cfa8da4542dcdd4973c7744a3901a3a743e1da861f758c34e696fa41,205751,4,1,True,True,True,local_trade_no_swap_certified,1,1,False,False,False,False,False,297.0,2,96
1927,da96714b74a4045d32d6942d1df5628b1ca25d0ba2c5263ab4cd811a39f6935e,281764,4,1,True,True,True,local_trade_no_swap_certified,1,1,False,False,False,False,False,828.0,2,96
1928,9488ce660116f77b48650ca0d8ef62a479c72777a7ab340535560737afa99c10,284107,4,1,True,True,True,local_trade_no_swap_certified,1,1,False,True,True,False,False,1025.0,2,110
1929,18397f438345075bbfaad0b8827d90866533788526187098ee123f1ef394adac,282212,4,1,True,True,True,local_trade_no_swap_certified,1,1,False,False,False,False,False,156.0,2,88
1930,788b86df8b7a65fc4be0977b6a2eb3cf8802334fe692c0831380bdd7dcd5d16c,287363,4,1,True,True,True,local_trade_no_swap_certified,1,1,False,False,False,False,False,1895.0,2,103
1931,6e6dcc2e21401e5025f417eedd3eca4c729205577cef22f8d3f96e391ad424fe,79366,4,1,True,True,True,local_trade_no_swap_certified,1,1,False,False,False,False,False,1406.0,2,106
1932,6929becf365481b82b67ed6002516223cb7c468dbf1d714e54fb94568a5d51d1,191514,4,1,True,True,True,local_trade_no_swap_certified,1,1,False,True,True,False,False,192.0,2,103
1933,dc06913a3fc020d86605535e095a96845bab8141d610a622b3466500c566c184,284946,4,1,True,True,True,local_trade_no_swap_certified,1,1,False,True,True,False,False,7036.0,2,134
1934,ec5e538b37d7729440f310482b524be1fbcb7ec940c9f4784737c3a1a96e7710,108135,4,1,True,True,True,local_trade_no_swap_certified,1,1,False,False,False,False,False,414.0,2,190
1935,b0c76fa4474ed390e47f7d4dd5551f585879a7cd3382320dcf7e1552f69e0f97,133098,4,1,True,True,True,local_trade_no_swap_certified,1,1,False,False,False,False,False,687.0,2,89
1936,fddc6a730ec228fd040b920eb4601e7419f9e704ec22c547b6ab873b339440ae,285658,4,1,True,True,True,local_trade_no_swap_certified,1,1,False,False,False,False,False,611.0,2,203
1937,8a4eb0e465f2bcddb25bbb988b2c9801e3d4554bfa3b6092ec770a10e49fed61,129166,4,1,True,True,True,local_trade_no_swap_certified,1,1,False,False,False,False,False,542.0,2,85
1938,21ef516e4e76fd381a5d90de301ce558e5bf2a5f995a65053f2da5a15ca9760c,26016,4,1,True,True,True,local_trade_no_swap_certified,1,1,False,False,False,False,False,75.0,2,85
1939,7b2d164629b12a4cc35de05fbf7945fb681f42b02ab2ee5c02dcfebd7827ab43,162673,4,1,True,True,True,local_trade_no_swap_certified,1,1,False,True,True,False,False,626.0,2,205
1940,767a9b9f97bf321b23ba0731e2706143c9cded415d21d389873f5931712ae581,206929,4,1,True,True,True,local_trade_no_swap_certified,1,1,False,False,False,False,False,1414.0,2,161
1941,6db4a75b7f05d6b4821901c9c77988249da333f08c010a012dcae24ad15bb197,129368,4,1,True,True,True,local_trade_no_swap_certified,1,1,False,False,False,False,False,268.0,2,85
1942,8be8688a809feca6817128c6a5d82653b141a8cf5a53f1cc8d8c2377c18a829a,57949,4,1,True,True,True,local_trade_no_swap_certified,1,1,False,False,False,False,False,862.0,2,254
1943,3f3b64f71421ec67283e494bab92aecd7ebd0831bd934d86a90cffb426d154ab,63915,4,1,True,True,True,local_trade_no_swap_certified,1,1,False,False,False,False,False,982.0,2,99
1944,e20ad3868b1b6ee989adc9f0a8d4ba4c6dfcf8c1d3a9f858f1cbe27c92bd0d4c,292987,4,1,True,True,True,local_trade_no_swap_certified,1,1,False,False,False,False,False,280.0,2,85
1945,78eab226ea406d7be96e1c401ae7c377c6eea9aac0762ef3c4d450ae97e69da6,177444,4,1,True,True,True,local_trade_no_swap_certified,1,1,False,False,False,False,False,876.0,2,128
1946,0040ff21f7b4f26fd5050910b820c3d3d50bdfdd3bd334a668cff51919711f3c,109619,4,1,True,True,True,local_trade_no_swap_certified,1,1,False,True,True,False,False,424.0,2,85
1947,71ebb833ea4e296d7d0a1df1b7dff7a5506a935a9e4bc5bf5855c4ec009c1e6b,37231,4,1,True,True,True,local_trade_no_swap_certified,1,1,False,True,True,False,False,109.0,2,85
1948,918b648bdc6abfaf25f5cd0223317ecc51ae06b8e19b07cb944c3ec9f75dc641,212041,4,1,True,True,True,local_trade_no_swap_certified,1,1,False,True,True,False,False,1725.0,2,109
1949,5a79d0446ec5972341aa76c4de7ddff1f94edd22190b0b25b6aadc69de38950b,44162,4,1,True,True,True,local_trade_no_swap_certified,1,1,False,True,True,False,False,226.0,2,85
1950,4cdad9ab9a2e386b5bbc48fa39ee1a7887370b4a06718fcd87b10d7cccfe4055,50447,4,1,True,True,True,local_trade_no_swap_certified,1,1,False,True,True,False,False,1072.0,2,115
1951,4204a02914bdd3908e26e88eb8d930eb27ce0bbe8689b6ee6017b43eb53ce925,190426,4,1,True,True,True,local_trade_no_swap_certified,1,1,False,True,True,False,False,356.0,2,143
1952,c32638754cc7a1b5c0071b35115b97bcbb4cba4ad94777646e345f6cc3f77679,237583,4,1,True,True,True,local_trade_no_swap_certified,1,1,False,False,False,False,False,4101.0,2,723
1953,274b2f2d2fe646c0e464f504a4926b7782d67309d9dfd2bde62630df02a26816,326,4,1,True,True,True,local_trade_no_swap_certified,1,1,False,True,True,False,False,2846.0,2,85
1954,4bd96dbd8b54b80d228a7f3a1e11917c093dd8f7fd8642292a4a04aabd5c716e,212273,4,1,True,True,True,local_trade_no_swap_certified,1,1,False,True,True,False,False,853.0,2,99
1955,785d5a939ac206b3a8b413c81867f1ea59dcf65ff34eab5be5d9ca2c1de9f6bd,249276,4,1,True,True,True,local_trade_no_swap_certified,1,1,False,True,True,False,False,5632.0,2,85
1956,a074e5816a60d8472ac3b270174005ba685bf43f89dee3170fe9feeedb94db4a,62177,4,1,True,True,True,local_trade_no_swap_certified,1,1,False,True,True,False,False,438.0,2,109
1957,74ea4244b22c19cf31819813c04b965d03333c08301aae0b39910fbc3b894a8d,126581,4,1,True,True,True,local_trade_no_swap_certified,1,1,False,False,False,False,False,1159.0,2,85
1958,bb102d2b5573ce2155b6743034a928acfc92dc770b5cdfb4994d9a3ca99d9242,125075,4,1,True,True,True,local_trade_no_swap_certified,1,1,False,False,False,False,False,5571.0,2,216
1959,b06b7e72840418bd50c6cb7c95d3bfa37dba7ec8928d6a6c3c38f739f963599f,107142,4,1,True,True,True,local_trade_no_swap_certified,1,1,False,False,False,False,False,426.0,2,126
1960,1a90d08e2a2812846a33ef979930b00c0b86006de7b7b2496d6ea795c1d2467b,241418,4,1,True,True,True,local_trade_no_swap_certified,1,1,False,False,False,False,False,1020.0,2,229
1961,de8d35d356b53a129548f3036e1d02b4a525856fe98eaa2c18ceda4c464e8c7a,93755,4,1,True,True,True,local_trade_no_swap_certified,1,1,False,True,True,False,False,4205.0,2,144
1962,590986313907d8c89a639e4de38be7ba916fe85b8715aa640abf030b9050d08e,294653,4,1,True,True,True,local_trade_no_swap_certified,1,1,False,False,False,False,False,2458.0,2,203
1963,aa14a27ff6820808cf3bcd65ddf5aa101e46401991ebdeeabb93b5633136c10c,38167,4,1,True,True,True,local_trade_no_swap_certified,1,1,False,False,False,False,False,360.0,2,85
1964,2bda83f4eee1497497c03d2357d653be04029cd51bdeb2101316d3652a459a7a,27290,4,1,True,True,True,local_trade_no_swap_certified,1,1,False,True,True,False,False,216.0,2,116
1965,7b694b762ce5c6e29bcbe10cf8d30b9013d9b881746352c6fdc044a68c556dec,144603,4,1,True,True,True,local_trade_no_swap_certified,1,1,False,False,False,False,False,2932.0,2,93
1966,2f8fd8fd17aa9a730a0d7ee686c0483d312e4f667ca850c521cef2785f5fe22f,256917,4,1,True,True,True,local_trade_no_swap_certified,1,1,False,True,True,False,False,1919.0,2,85
1967,6850e8665380d030e08e18aeb277ddc3ce3ed00f01adfb463b154b0412840e26,161994,4,1,True,True,True,local_trade_no_swap_certified,1,1,False,True,True,False,False,643.0,2,95
1968,34869e3c076a4f60b652898d5977bbf3183318e0ed868c937b3ecec412a872b0,43438,4,1,True,True,True,local_trade_no_swap_certified,1,1,False,True,True,False,False,175.0,2,85
1969,897dde04d81e57ef7ce3213fd71a808c6c725c563b1304d9cc5c5354a442d2cb,41966,4,1,True,True,True,local_trade_no_swap_certified,1,1,False,True,True,False,False,3146.0,2,85
1970,fe99cbbf04c614fd373d647ad120a44f73cfa1e53741672d3cfc32de6ef5ffa1,281709,4,1,True,True,True,local_trade_no_swap_certified,1,1,False,True,True,False,False,3665.0,2,139
1971,b25286147918a090733dfb22c0095f8ba7ba4f83be78775c6eb2df4b75e835b2,1200,4,1,True,True,True,local_trade_no_swap_certified,1,1,False,True,True,False,False,174.0,2,85
1972,536ad8aa414ab9e08321d8b6de996b4781a387ad746b7794cf8c521cca2a31c5,231920,4,1,True,True,True,local_trade_no_swap_certified,1,1,False,True,True,False,False,4471.0,2,156
1973,2a484f111517cb715c51f186c271c3445326bcb3c2d9ba91ace2160837968817,111232,4,1,True,True,True,local_trade_no_swap_certified,1,1,False,False,False,False,False,518.0,2,137
1974,2ee4713db64fc0c7643bb528b773b738da48aa1cf1310f3cf3270bcd2f59556a,153709,4,1,True,True,True,local_trade_no_swap_certified,1,1,False,False,False,False,False,378.0,2,89
1975,bade38c2008d7cba1ef3bbf60ec49881410d85f850786e6e2c5d7d5c0fea24f7,273215,4,1,True,True,True,local_trade_no_swap_certified,1,1,False,True,True,False,False,80.0,2,85
1976,7366221fa176207b5ff976b523e9bd03a18f6dc8644a690f9d608e0727ab5d5c,265700,4,1,True,True,True,local_trade_no_swap_certified,1,1,False,False,False,False,False,65.0,2,85
1977,077f2df3cde1c0a2864cb216da03d32e78e96b788f25a15026fd30a33fc531c2,285746,4,1,True,True,True,local_trade_no_swap_certified,1,1,False,False,False,False,False,174.0,2,108
1978,001b6aec73a9b25a09f48ef163d47d815ba21c19fa164acc01f8adfb65cecc1e,233551,4,1,True,True,True,local_trade_no_swap_certified,1,1,False,True,True,False,False,9656.0,2,85
1979,54ce8ec07852f346ccacf06669abb08675f47427c6730f1a51ef19ff1249c89b,287460,4,1,True,True,True,local_trade_no_swap_certified,1,1,False,True,True,False,False,2077.0,2,85
1980,0349e23c1abf43b616d0a09ff2683dcd9dc0a56324451f80d0adead10d6cf890,248825,4,1,True,True,True,local_trade_no_swap_certified,1,1,False,False,False,False,False,792.0,2,119
1981,0ca49313769221f0eba10d0288387550a35ca308837cddfb47eeda6fe3c9e367,20796,4,1,True,True,True,local_trade_no_swap_certified,1,1,False,False,False,False,False,5249.0,2,146
1982,feaca777c4aec444bc3552b162d0b8d597649439e64b7c502604f51c889b0015,99846,4,1,True,True,True,local_trade_no_swap_certified,1,1,False,False,False,False,False,241.0,2,85
1983,4033cc3c47a8276de3224750477efcf0a68dd50b83ba2baf45a099565b452700,213738,4,1,True,True,True,local_trade_no_swap_certified,1,1,False,False,False,False,False,846.0,2,100
1984,1fdb901cd161d84d8de253f0e4234945dd4b8395a95cdf29e1931fad1b69b2de,173024,4,1,True,True,True,local_trade_no_swap_certified,1,1,False,False,False,False,False,1012.0,2,102
1985,acec82a4dc5ad9314b03f9f96cd172bd8b6fd8c3b6cdb41a80fa254c2dec39f9,97517,4,1,True,True,True,local_trade_no_swap_certified,1,1,False,False,False,False,False,636.0,2,109
1986,77f75acea6980439ebd4f49ef4855c75079ba04d9b9ce53fd89af989bd6df51a,274936,4,1,True,True,True,local_trade_no_swap_certified,1,1,False,True,True,False,False,415.0,2,113
1987,a8cadd46477c4575e077385b0c7eff73b5835345e6c09cf0c8c13bb2fb244b7f,197426,4,1,True,True,True,local_trade_no_swap_certified,1,1,False,False,False,False,False,5901.0,2,92
1988,2579274e49d6323d724f5c6d74e661bcdd35e8e1b4fde40336e6a23277f9bb8f,53524,4,1,True,True,True,local_trade_no_swap_certified,1,1,False,True,True,False,False,170.0,2,85
1989,ec356d87dcc049c09e37b2b6d313b508ee8f9d815f14016a174d7e91bb8af6e9,34901,4,1,True,True,True,local_trade_no_swap_certified,1,1,False,True,True,False,False,6265.0,2,88
1990,7bdeb6c19dc1244e48e8af126bef1aa57dccfc849a791d9a242212767fdb77d6,39604,4,1,True,True,True,local_trade_no_swap_certified,1,1,False,False,False,False,False,229.0,2,146
1991,2a132adf8031bbe54af6dfd63fb893de8302b1f353da8a199b8ce4d673576a4b,114125,4,1,True,True,True,local_trade_no_swap_certified,1,1,False,True,True,False,False,418.0,2,85
1992,03ed2663722b64bcb3f9547fa3c2d180651e46d0d6983f9a3bea1cc93478c291,43486,4,1,True,True,True,local_trade_no_swap_certified,1,1,False,True,True,False,False,1320.0,2,85
1993,7a9bc723cdcb3ed41827a87a7df276a7da7b20ed63f5bfd2fc85531073b6302b,134904,4,1,True,True,True,local_trade_no_swap_certified,1,1,False,True,True,False,False,2361.0,2,108
1994,66c7ef2cfc6e70ded08b6e5caddfb6d4319785f74b43d7c9aa6a7735f96ecd82,262711,4,1,True,True,True,local_trade_no_swap_certified,1,1,False,True,True,False,False,770.0,2,116
1995,8a5549ac0cd1c8a48dc682349d76143f4a4542e6f7dd3918a79b09ffb9808573,210392,4,1,True,True,True,local_trade_no_swap_certified,1,1,False,True,True,False,False,1645.0,2,101
1996,3fc84a2eb924252ef19e540f0f7ff8568570d271c463b4ff47ca1d6015e8f125,299311,4,1,True,True,True,local_trade_no_swap_certified,1,1,False,False,False,False,False,911.0,2,85
1997,f497aeffcdfd053afb8236804f54390afe356e1f1cd09ec5649d4af948b1df34,57263,4,1,True,True,True,local_trade_no_swap_certified,1,1,False,True,True,False,False,159.0,2,85
1998,104cfa3f3b3298080656b648a650281c4b241790c270a634ae75dd3c4d248386,213869,4,1,True,True,True,local_trade_no_swap_certified,1,1,False,False,False,False,False,569.0,2,85
1999,e1c7cdd2ccf3cc59a34345395d3525bf68b243035bb4b1fbb26284e0638c82f9,176913,4,1,True,True,True,local_trade_no_swap_certified,1,1,False,False,False,False,False,949.0,2,101
2000,0520566de221731407744a1b40781425f914925449749950208892c2ceb85ca1,8592,4,1,True,True,True,local_trade_no_swap_certified,1,1,False,True,True,False,False,2835.0,2,85
2001,8ed40944fe56cebff8b80e360bc30a57311cc9851415b9c39115d2cf79b6485b,268673,4,1,True,True,True,local_trade_no_swap_certified,1,1,False,False,False,False,False,274.0,2,85
2002,aa651b21eb1b1c0889896693c98fcdf6a45655269491a4885154916d4add954b,84161,4,1,True,True,True,local_trade_no_swap_certified,1,1,False,False,False,False,False,3230.0,2,85
2003,8be39f525f0cd1853b4d7afd1665917dd432afce7427d7683001a2f7fe6fd5a7,58418,4,1,True,True,True,local_trade_no_swap_certified,1,1,False,False,False,False,False,197.0,2,100
2004,4509fc0de5ce4cd0d49be0c5fee8e14ec93087df5f9046aec223813cacf43e48,174179,4,1,True,True,True,local_trade_no_swap_certified,1,1,False,True,True,False,False,1051.0,2,136
2005,1d1e542a9acd7623acda966326bdab279393c63338330163e2f9bf55350cde20,248030,4,1,True,True,True,local_trade_no_swap_certified,1,1,False,True,True,False,False,942.0,2,85
2006,e88137536fe3e4926c3641d344cea42c9e04ffb961cbb39c4f783fea14fb95d1,33430,4,1,True,True,True,local_trade_no_swap_certified,1,1,False,False,False,False,False,250.0,2,169
2007,aa2326b87452c2c4df2e3db7e05f9b92d78a2ccc8aa47997f671911354ea21ac,4343,4,1,True,True,True,local_trade_no_swap_certified,1,1,False,False,False,False,False,595.0,2,125
2008,507872de5fcfc9d2321f3b5efe462742bac826fcd1a83bbfb7125ad3517f861f,164524,4,1,True,True,True,local_trade_no_swap_certified,1,1,False,True,True,False,False,1037.0,2,85
2009,8f5d3d6e5c5561585a906751275ca297530143a3d48d12e1600c8bf941642f66,168222,4,1,True,True,True,local_trade_no_swap_certified,1,1,False,True,True,False,False,3835.0,2,263
2010,7a2f558915dc6deb6ff425ebcd02888f837deda8a6e54c6cd74fbaa16dc90979,300154,4,1,True,True,True,local_trade_no_swap_certified,1,1,False,True,True,False,False,2099.0,2,176
2011,9721559bab5462de872c07992896f6aa773197fc1f7aff36ddc0f0c9c0935e98,109039,4,1,True,True,True,local_trade_no_swap_certified,1,1,False,False,False,False,False,429.0,2,85
2012,9f7a6fe3fde5d24666b5edd803b10c265d05cad4374f5acf81c11053f6ea3720,290144,4,1,True,True,True,local_trade_no_swap_certified,1,1,False,True,True,False,False,992.0,2,93
2013,285be49d8bbb4559f800e1bc002c59122774933efe66f12017fd375ffb27a193,138598,4,1,True,True,True,local_trade_no_swap_certified,1,1,False,True,True,False,False,2625.0,2,157
2014,30b990f48458ecf72fa7acca1581f8ee500fdc31f0fbef4300d2b09b9cc57f38,213039,4,1,True,True,True,local_trade_no_swap_certified,1,1,False,False,False,False,False,1546.0,2,85
2015,cfd93c14969a582da584a13f319d510902a1b4169b2b994841f078e8646513b7,159911,4,1,True,True,True,local_trade_no_swap_certified,1,1,False,False,False,False,False,410.0,2,85
2016,06e7a89f065c4fed2e93b7b0a779e4c03ab735164352c136d9de36a12078009f,92848,4,1,True,True,True,local_trade_no_swap_certified,1,1,False,False,False,False,False,483.0,2,229
2017,301eb8fbdadd924f3f561e8e67246aac59d54f48a3441b770246267e104c3b05,118705,4,1,True,True,True,local_trade_no_swap_certified,1,1,False,True,True,False,False,4471.0,2,85
2018,4942acab8f4280a59cfaeaae6524a8687e485eb89f375fdbc842998015e6d58b,263279,4,1,True,True,True,local_trade_no_swap_certified,1,1,False,True,True,False,False,464.0,2,120
2019,ecabc40f2a2b8f373b08fb7540d14986cc2787692f46f86369a35eae728c7a65,8231,4,1,True,True,True,local_trade_no_swap_certified,1,1,False,False,False,False,False,23672.0,2,179
2020,cbca0b69fc52cf17f8549d330dbdc91eecd857c7705258275c62f7cce5b9f917,33143,4,1,True,True,True,local_trade_no_swap_certified,1,1,False,False,False,False,False,524.0,2,102
2021,873e096c417d51690b33bac82de8dfbb5ae530ece0721b40c571ba11374cfefa,127251,4,1,True,True,True,local_trade_no_swap_certified,1,1,False,True,True,False,False,855.0,2,85
2022,2c3694ccc55140c04bef56f95d76bb07c7878143071508a78cd76b937f64e1b2,273515,4,1,True,True,True,local_trade_no_swap_certified,1,1,False,False,False,False,False,1120.0,2,100
2023,f4ce2701de18b823dc009ef7e97ddbcf6bb87faecd6a93acc38dc4b6b2a1d756,224800,4,1,True,True,True,local_trade_no_swap_certified,1,1,False,True,True,False,False,2788.0,2,127
2024,d3af1387e2613cfb767e23ddf6fa3afd79d9818b3a1d694b55fa05592b994268,110511,4,1,True,True,True,local_trade_no_swap_certified,1,1,False,False,False,False,False,705.0,2,130
2025,9605930de470fc716b8de8c3bba4330658952511f779bc59054a4ac5de6ab64e,12776,4,1,True,True,True,local_trade_no_swap_certified,1,1,False,True,True,False,False,107.0,2,85
2026,eb76ae2bbe3cfe4afb3f33902b03106ead8a1b90943c7223bba7bf7b456b4536,16471,4,1,True,True,True,local_trade_no_swap_certified,1,1,False,True,True,False,False,438.0,2,91
2027,274ec07035d130f940ba1e11a13e1b594c9759a9c33289b9fb11791ab6ea8810,263393,4,1,True,True,True,local_trade_no_swap_certified,1,1,False,True,True,False,False,313.0,2,132
2028,2bb142a811df0feae845e83fa32861085fc5058fe920886c7e7b7f5b7f37862b,149563,4,1,True,True,True,local_trade_no_swap_certified,1,1,False,False,False,False,False,1870.0,2,125
2029,2f146580f4b812242f1bf7a6014735202f0428dc8d0818f72a2318fc9caf67f5,287875,4,1,True,True,True,local_trade_no_swap_certified,1,1,False,True,True,False,False,3084.0,2,106
2030,5415c30585695d3e68eeda654c3446d6a9bf3f44cefbf3d9238073bfe6e5557a,184796,4,1,True,True,True,local_trade_no_swap_certified,1,1,False,False,False,False,False,550.0,2,85
2031,307e35465dd6ac6f298a8551dbde304059e0e074f41ad4771cfefecc476c8480,28623,4,1,True,True,True,local_trade_no_swap_certified,1,1,False,True,True,False,False,140.0,2,133
2032,f38676efe0265238b845ffc1624832390719002d915abc8141d648e5ed794fa6,189530,4,1,True,True,True,local_trade_no_swap_certified,1,1,False,False,False,False,False,586.0,2,125
2033,c92b8361ed1fa6fb8a8738d81a751bcb7d673eb0524598150a992757d266f4aa,10568,4,1,True,True,True,local_trade_no_swap_certified,1,1,False,False,False,False,False,8221.0,2,85
2034,febcf738bcc6d05227bceb23bd0a51db26dd89a15ad5c4e73e5c1214e4ae61f7,1988,4,1,True,True,True,local_trade_no_swap_certified,1,1,False,False,False,False,False,1125.0,2,227
2035,dfcecd432f7996da9305417c5376359cff06ed343daa522c406513de7fc02c31,256122,4,1,True,True,True,local_trade_no_swap_certified,1,1,False,False,False,False,False,400.0,2,85
2036,ebcd6b5a36543eb64d30f00abef7b75d380fc817ba0165fefab208adc09db8e9,27157,4,1,True,True,True,local_trade_no_swap_certified,1,1,False,False,False,False,False,902.0,2,201
2037,f65c1d6825f5a2480d6bcc80a61e16d48fe85bebc3d348c65fe63acca74003a7,223712,4,1,True,True,True,local_trade_no_swap_certified,1,1,False,False,False,False,False,712.0,2,85
2038,a90a0bd904af533bf733aaf596a555a01a6ca1f4568bee0d7dff910a7536cda1,40738,4,1,True,True,True,local_trade_no_swap_certified,1,1,False,True,True,False,False,1050.0,2,101
2039,0538c3d73c0270cefd0abb031cc72f1daa0db36695fa1524afc8a0bbeefb0518,206952,4,1,True,True,True,local_trade_no_swap_certified,1,1,False,False,False,False,False,1103.0,2,157
2040,8aaf8aea7108a8f7216d96e9db5457951bf9b43d3996e0de23229f25e733f863,133875,4,1,True,True,True,local_trade_no_swap_certified,1,1,False,False,False,False,False,626.0,2,89
2041,617042480faeb56baa2c5aff74eca132b6c1337dcac07b53b1b73cc77caaea0d,134967,4,1,True,True,True,local_trade_no_swap_certified,1,1,False,False,False,False,False,175.0,2,94
2042,8e6402498339db1369613fcc028ce4beeee27463972dea0a552875eaeb746018,31990,4,1,True,True,True,local_trade_no_swap_certified,1,1,False,True,True,False,False,486.0,2,97
2043,7863e9a61a3c2e4f1913627fa0ec6ca5377449e9d78e7ca1b3e292365b17cdf0,12708,4,1,True,True,True,local_trade_no_swap_certified,1,1,False,True,True,False,False,288.0,2,85
2044,eed3f2c7901302d0f9f8fc45c76aa0f1e0a92d508ac2f2fd1fecd1b693ed48c6,71218,4,1,True,True,True,local_trade_no_swap_certified,1,1,False,False,False,False,False,2355.0,2,96
2045,55da238aadd70348c68cad9e54f1852a049853d8b46d8c78fd0fa19459baf348,149278,4,1,True,True,True,local_trade_no_swap_certified,1,1,False,False,False,False,False,1762.0,2,153
2046,501d2cbe6a96cd1a71826f7f2294ffd01bd8939bec05435d241783f56851884a,50625,4,1,True,True,True,local_trade_no_swap_certified,1,1,False,True,True,False,False,325.0,2,124
2047,bda8d068c00577ab9ce15036a31222555154eb966ae2e5cb65138e731e8cef30,93806,4,1,True,True,True,local_trade_no_swap_certified,1,1,False,False,False,False,False,477.0,2,102
2048,3c4127290b7c4f2a72479b20f24a15a6d25b34b3c14c8df15fc94c5849f663b3,243777,4,1,True,True,True,local_trade_no_swap_certified,1,1,False,False,False,False,False,1590.0,2,85
2049,741ae5de2e4520d92b9e206edecc8836ab37fdf35d2db0039bd3ccded9459322,252383,4,1,True,True,True,local_trade_no_swap_certified,1,1,False,True,True,False,False,2991.0,2,99
2050,c6144c8a1c832ec1abacc1c151d069eaa854acbc216f6bad98afaa2b1c563d89,111136,4,1,True,True,True,local_trade_no_swap_certified,1,1,False,False,False,False,False,3685.0,2,227
2051,414864649c91bf91c8a32625de0e0b2565f6a91b6623cf94689696557798a283,191697,4,1,True,True,True,local_trade_no_swap_certified,1,1,False,True,True,False,False,1218.0,2,105
2052,49a2d684561a820883ea62edb5135e0f83a147ba2b6426879048a16c540ed08b,247116,4,1,True,True,True,local_trade_no_swap_certified,1,1,False,True,True,False,False,521.0,2,108
2053,78ec647a1e8ed96f80bd85d4729d952b8c0a6df99e5e86e313424d03124fbc13,157245,4,1,True,True,True,local_trade_no_swap_certified,1,1,False,False,False,False,False,61.0,2,85
2054,166cda0ce15164df1e60fd40e180602402dc84ece56c004ee2a1234bc22b4658,89324,4,1,True,True,True,local_trade_no_swap_certified,1,1,False,False,False,False,False,858.0,2,197
2055,59fc69b1f3f58bdfa1810c997597bad722b8afd3c18f7fd12aaf5b21643b4482,138550,4,1,True,True,True,local_trade_no_swap_certified,1,1,False,True,True,False,False,533.0,2,85
2056,94ac3eee187dfc66e822e9855d97921945fa3bc5a7c41e834c52da25d4f23f77,6231,4,1,True,True,True,local_trade_no_swap_certified,1,1,False,True,True,False,False,940.0,2,99
2057,c1542b9ff75800becf7f82d5206717513da2c70cf5735cc97331ee2a618a7b97,219538,4,1,True,True,True,local_trade_no_swap_certified,1,1,False,False,False,False,False,1494.0,2,126
2058,526a32f23c042ab937ea763cac2e06f4e5e0f11fa68f45d027c69685db3852e7,71567,4,1,True,True,True,local_trade_no_swap_certified,1,1,False,True,True,False,False,3407.0,2,237
2059,c68eeedfda462795903244a1d13e8e0610e339650ab0e230d3aed29cd9fccb3a,190084,4,1,True,True,True,local_trade_no_swap_certified,1,1,False,True,True,False,False,142.0,2,103
2060,3faa951c28288fa6d8a4121dbecca43ef080349fd27f399e459fcf6906a272a2,156683,4,1,True,True,True,local_trade_no_swap_certified,1,1,False,False,False,False,False,78.0,2,85
2061,68f3b4ed2ddec5b104dcc82e20382eea1e5c74d0e2066618406333ba98e5c71b,130454,4,1,True,True,True,local_trade_no_swap_certified,1,1,False,False,False,False,False,1502.0,2,176
2062,ac31f97937520214aa9ca363f38ab283621042e176973dbd80a417c2567d10c0,20107,4,1,True,True,True,local_trade_no_swap_certified,1,1,False,True,True,False,False,496.0,2,85
2063,58451ed169395b18adc832580bce610000a8a5087d08d27ac4b41de7aa4a3450,214382,4,1,True,True,True,local_trade_no_swap_certified,1,1,False,False,False,False,False,18232.0,2,401
2064,f1acdd1c8b0c7e696e633df5efe3e55a41552fa262c1e8f5eaa13088ada60d84,30942,4,1,True,True,True,local_trade_no_swap_certified,1,1,False,False,False,False,False,377.0,2,85
2065,11d79429b01e055c13b227f5f5621c401df0a8ca95822aa8dbeb7dc56030a5a1,174723,4,1,True,True,True,local_trade_no_swap_certified,1,1,False,True,True,False,False,5888.0,2,101
2066,217d0a8f6fba038661cd1f3172b3366426a7758448ef0e14d200521f5d4920c7,3533,4,1,True,True,True,local_trade_no_swap_certified,1,1,False,False,False,False,False,537.0,2,128
2067,51da6f19bd1cf8ee85872d70b5a9dd7d68b041a97d8e9676308c5575a72ecd5c,11723,4,1,True,True,True,local_trade_no_swap_certified,1,1,False,False,False,False,False,975.0,2,108
2068,6f195f6557478e0527874629fb00b5241d9268f85ebd149c63053cb291d10cb0,19329,4,1,True,True,True,local_trade_no_swap_certified,1,1,False,True,True,False,False,2209.0,2,85
2069,8485d27c52cf24b8a23641665a2635f21b192266d005030e2a47cb2b2129bec5,130760,4,1,True,True,True,local_trade_no_swap_certified,1,1,False,False,False,False,False,3144.0,2,89
2070,a93a262cd9f12d79a115214322b4e6a9394220aaaba89979c5e06c19d3daa4be,231514,4,1,True,True,True,local_trade_no_swap_certified,1,1,False,True,True,False,False,425.0,2,85
2071,954384618ed59aa49aa620675696456c1d1c768d7535727d221b8d665e5d2253,77596,4,1,True,True,True,local_trade_no_swap_certified,1,1,False,False,False,False,False,1106.0,2,92
2072,83a135f8c4310573f53cc359b58cbce476a5b4e649bc70520307476718ed0ebb,107926,4,1,True,True,True,local_trade_no_swap_certified,1,1,False,False,False,False,False,295.0,2,245
2073,1f2fc70e8633dbe141c31583370c9c0288fb8230532f961412b5a2f01366618a,145124,4,1,True,True,True,local_trade_no_swap_certified,1,1,False,False,False,False,False,731.0,2,90
2074,3b201639f9f3bf0fb6261fe4f3fb21b8681c04603c78d4807ceafc9accba5b28,22761,4,1,True,True,True,local_trade_no_swap_certified,1,1,False,True,True,False,False,577.0,2,122
2075,dea73760c827eee10f5afbb0b31313ecb40f6221d26c226fe7faf13154180e05,30855,4,1,True,True,True,local_trade_no_swap_certified,1,1,False,False,False,False,False,4765.0,2,99
2076,71c8e38d636dc5099b8d4782a441bfb08bafdb3de8921bf0edc7a453214b9c3b,230998,4,1,True,True,True,local_trade_no_swap_certified,1,1,False,True,True,False,False,1904.0,2,85
2077,01a93d03bcc1618287ba0ff8356a33ab76ff7460cb66767bbb359c0c9720f28f,222423,4,1,True,True,True,local_trade_no_swap_certified,1,1,False,True,True,False,False,310.0,2,99
2078,d24712115092c33223ac582a990539fed5a41f3e27849ecbde0587db45ae6c33,18902,4,1,True,True,True,local_trade_no_swap_certified,1,1,False,True,True,False,False,576.0,2,95
2079,eafab21e13896cd22f10367dd63f8a545fa098c9104c549c208b7e6a3ab8bde8,76200,4,1,True,True,True,local_trade_no_swap_certified,1,1,False,True,True,False,False,247.0,2,104
2080,c2bc05215a2acce66eb1dd0cc74c5aa536d76fbf5cb79f1025f948ec112a8868,278526,4,1,True,True,True,local_trade_no_swap_certified,1,1,False,False,False,False,False,1592.0,2,89
2081,94b9ca9793f0da5623f90425b09a7d821c5245e08b3481aeb46c0b9866444dff,82030,4,1,True,True,True,local_trade_no_swap_certified,1,1,False,True,True,False,False,516.0,2,127
2082,fe2c452f4c9ea4b81d5d2de00041bb728eaa500e4a8760be378ddd01f40c9f78,273952,4,1,True,True,True,local_trade_no_swap_certified,1,1,False,False,False,False,False,482.0,2,85
2083,fd4e32ef4af37a4cb43fd7f9ba9aa647d9f05a738b67f8d74772f53a044ceee9,86498,4,1,True,True,True,local_trade_no_swap_certified,1,1,False,True,True,False,False,1087.0,2,327
2084,32a3221143d228bbae65cb81a61c900b9681765a6de0ac86054f0afaf3746238,256663,4,1,True,True,True,local_trade_no_swap_certified,1,1,False,False,False,False,False,1141.0,2,85
2085,c40b03556a501abe8c1e9b36eb0ad2df5ec6773c6a6021cd17412a657fa167b6,216910,4,1,True,True,True,local_trade_no_swap_certified,1,1,False,False,False,False,False,681.0,2,85
2086,2939dcdd4d046b529fd135ba30d3ccfdeeff84dfff17ef0f78746848f60b7b9e,258055,4,1,True,True,True,local_trade_no_swap_certified,1,1,False,False,False,False,False,395.0,2,85
2087,09cda6b889f5e3969072d6350396b60d6fa1763030a2c3d437ec1c98e4a3a52f,78802,4,1,True,True,True,local_trade_no_swap_certified,1,1,False,False,False,False,False,845.0,2,94
2088,5540e857fc76b5267ee2d49bf5a1b966300da39275142bb37c7aab21f4193643,193471,4,1,True,True,True,local_trade_no_swap_certified,1,1,False,True,True,False,False,1158.0,2,210
2089,f10a42c1c96ea49e8e51c203dd0246baf4737658382430f7d0fadd28b821fe44,266536,4,1,True,True,True,local_trade_no_swap_certified,1,1,False,False,False,False,False,110.0,2,113
2090,6758b295eda737a44cb8e353239ca7bf9e24cd080bd61580b07dea9f8ccb1a66,14184,4,1,True,True,True,local_trade_no_swap_certified,1,1,False,True,True,False,False,432.0,2,100
2091,5df4f84e6ea7f8d11c6d9f1097f6c7fc68f908108c05f64f965cec7f3286eea7,17044,4,1,True,True,True,local_trade_no_swap_certified,1,1,False,True,True,False,False,1801.0,2,161
2092,913db2da3838b461081f39539d5e035e6c815310ad3eabc9e9c9dfbbde3d6fa4,217278,4,1,True,True,True,local_trade_no_swap_certified,1,1,False,True,True,False,False,522.0,2,85
2093,02ad0255de6d90d5b607a15c57851469b8061fcbcf51a774dace7e48265a2a5b,293937,4,1,True,True,True,local_trade_no_swap_certified,1,1,False,True,True,False,False,745.0,2,166
2094,f7b156ae0aba93081ad627bc4cf93dfb8555993df8d3c1d616edcd7bf879ff76,178912,4,1,True,True,True,local_trade_no_swap_certified,1,1,False,True,True,False,False,2434.0,2,85
2095,702a4aecb680dd87c72fbaf8d2825b0ea46a0dc540c3161936bc74c55852df04,282997,4,1,True,True,True,local_trade_no_swap_certified,1,1,False,True,True,False,False,297.0,2,110
2096,c3bb6cd9d137ec06f6cb2a07893c44fc040bdd255b215d9c389ce8270dc1631d,288393,4,1,True,True,True,local_trade_no_swap_certified,1,1,False,True,True,False,False,94.0,2,85
2097,eec629f1fa15c3df1fd6b1c4d15507b63c762b340e9147e453f421634fac5ca3,42940,4,1,True,True,True,local_trade_no_swap_certified,1,1,False,False,False,False,False,197.0,2,112
2098,19ee3874742adb08c50e10fbed949cf817d257bd2ae90997cebed878075d4591,231765,4,1,True,True,True,local_trade_no_swap_certified,1,1,False,False,False,False,False,393.0,2,93
2099,f960d9c43607f40cc3532979121b1299d5dfc58bc3223bbd261abd394ac38e60,70127,4,1,True,True,True,local_trade_no_swap_certified,1,1,False,True,True,False,False,464.0,2,98
2100,8717cad371b74197bd0d1ebf0d4642f2c280fef47e77724772fa231073d7805b,107852,4,1,True,True,True,local_trade_no_swap_certified,1,1,False,True,True,False,False,271.0,2,85
2101,e3017ff95c4ff818b8d30d4898fbd6fb4f587cb4225582d1877aad1c9ee77a10,10209,4,1,True,True,True,local_trade_no_swap_certified,1,1,False,False,False,False,False,426.0,2,103
2102,64b75767a379ef5bd43dc09d7bf13b4b431801430887bb22f37c67ad58884bb8,193280,4,1,True,True,True,local_trade_no_swap_certified,1,1,False,False,False,False,False,182.0,2,175
2103,b5197cd0dabed803dbdb27e02222b1b76270a0255caa855a5c7f56788fe5f573,165392,4,1,True,True,True,local_trade_no_swap_certified,1,1,False,True,True,False,False,366.0,2,101
2104,66c398a374d38f6a505e7c0318ba4b9b30b74068fdf7e09895270bc1f5a32b6b,122577,4,1,True,True,True,local_trade_no_swap_certified,1,1,False,True,True,False,False,496.0,2,209
2105,4a059cf43c91bdcbf2c16ffc3c30d2b9143ae90b5c3b0e871ca0c6a1d7d3ab54,17587,4,1,True,True,True,local_trade_no_swap_certified,1,1,False,False,False,False,False,1392.0,2,208
2106,c614a5ce6708543eb4f8f5001232b46ad30aa49ecbfb2ae0bb9a3adc802274da,245673,4,1,True,True,True,local_trade_no_swap_certified,1,1,False,False,False,False,False,1078.0,2,158
2107,980a34f7f74ab72dd031b0a3e6205abf3dc1d9e4c1e6085ea5919bf372ab3b54,36628,4,1,True,True,True,local_trade_no_swap_certified,1,1,False,True,True,False,False,391.0,2,110
2108,39a733d848ad0bd61a498882c93935cb49f53cbfd8770619a2fc927de766918b,278389,4,1,True,True,True,local_trade_no_swap_certified,1,1,False,False,False,False,False,424.0,2,139
2109,b133238e20dc0e210cf04c5601ecdf2a34705b364f3495b4c1960fbeb7e68fba,100886,4,1,True,True,True,local_trade_no_swap_certified,1,1,False,False,False,False,False,317.0,2,85
2110,434ee96c657e5686ec44d7acaab8a09835ae759fcc315e84bf0327881e55b728,121462,4,1,True,True,True,local_trade_no_swap_certified,1,1,False,True,True,False,False,620.0,2,90
2111,c12649ca094bcd08bd4bd5889e3e007833f329202c49960ad847b6b7c29b3154,241839,4,1,True,True,True,local_trade_no_swap_certified,1,1,False,True,True,False,False,688.0,2,115
2112,852d6acd0f5358e8189d2771d798ab5c99a95d519dfac7885355b2c97b79e2f2,33405,4,1,True,True,True,local_trade_no_swap_certified,1,1,False,False,False,False,False,273.0,2,85
2113,e9ae529426a4efdf245ad595e124eca44dc7d7636336f500f142dce36e5bced7,214870,4,1,True,True,True,local_trade_no_swap_certified,1,1,False,False,False,False,False,495.0,2,122
2114,ae237f3da2bdad4e5726a635e06ad403341f993c48555cbad23946c236aa85c8,189157,4,1,True,True,True,local_trade_no_swap_certified,1,1,False,True,True,False,False,961.0,2,162
2115,d142d9181e3c866320534e593c4a0f7ce7659cd815ed6b05e2354211d2b27e9f,210333,4,1,True,True,True,local_trade_no_swap_certified,1,1,False,False,False,False,False,160.0,2,85
2116,e9032164fcbc99204f018e66876abc68554311e443c891bae03bba6c37881eb9,184463,4,1,True,True,True,local_trade_no_swap_certified,1,1,False,True,True,False,False,3965.0,2,86
2117,48e79f778357d051e98bbd3bdf66d9eebfad70e088e130ccb378db146da4ae95,189474,4,1,True,True,True,local_trade_no_swap_certified,1,1,False,False,False,False,False,1047.0,2,85
2118,9bae3ee9b4ff33750a3e140b29e98c75daaebf12fe1c87606f4b568a1d65234c,119225,4,1,True,True,True,local_trade_no_swap_certified,1,1,False,False,False,False,False,4845.0,2,85
2119,944c296e0345cae881560211da0091887cbbc5f46ef79929240ec6840183f3bd,102093,4,1,True,True,True,local_trade_no_swap_certified,1,1,False,True,True,False,False,688.0,2,94
2120,59938a2d6d44bf32f52da72ce70303ce2e0b9a90ef3b4a9cde200bd358d21490,15382,4,1,True,True,True,local_trade_no_swap_certified,1,1,False,True,True,False,False,469.0,2,218
2121,86abf59ff90730c654f3d868d343bec00c885e7b8630221addcc1dd5ff7f88cc,49091,4,1,True,True,True,local_trade_no_swap_certified,1,1,False,False,False,False,False,3111.0,2,185
2122,36fd316115da595c1c57e3149e1b4b99b239ade99ab368aabe0c2199da8afe1d,43530,4,1,True,True,True,local_trade_no_swap_certified,1,1,False,True,True,False,False,362.0,2,168
2123,f75b864a42cc66f0472c468bc4b5c960f8510cb56dc9c560117ac15243b1299a,278276,4,1,True,True,True,local_trade_no_swap_certified,1,1,False,True,True,False,False,223.0,2,85
2124,fa006655b3d1d02b9588d77623ad6ac0b1148e5ee901cd2f31fc5761477d6c32,211668,4,1,True,True,True,local_trade_no_swap_certified,1,1,False,True,True,False,False,1223.0,2,85
2125,b6d36e3c9c0838a8d80776735cc85ac545ca9380b3da272a964273852f97b95c,6133,4,1,True,True,True,local_trade_no_swap_certified,1,1,False,True,True,False,False,361.0,2,101
2126,b15778242e141dd4a746373011d2e0ecb46d753cb89ae10ba89265656286ac4a,221360,4,1,True,True,True,local_trade_no_swap_certified,1,1,False,True,True,False,False,130.0,2,121
2127,2e37aca660895b29b33ceba815c3a2d4d8215a9cb705c5989486ad3a44de0875,237479,4,1,True,True,True,local_trade_no_swap_certified,1,1,False,False,False,False,False,2475.0,2,85
2128,6c3814817e6288f8faf6ab065816524db906e5ae5310edb871684a72801a2b9d,72107,4,1,True,True,True,local_trade_no_swap_certified,1,1,False,False,False,False,False,224.0,2,88
2129,39c5946ba482c0a520370c9d2d3a5099dd6f32ba013e4b3edece07152d239c1c,132651,4,1,True,True,True,local_trade_no_swap_certified,1,1,False,False,False,False,False,4440.0,2,106
2130,1ad9a6b165e0d92acb929e2f06562a8e8b9524c45c13ea6554003c26dac3dba7,55969,4,1,True,True,True,local_trade_no_swap_certified,1,1,False,True,True,False,False,107.0,2,94
2131,871857b5821b465146fb524429dffffe31b0cefb1085bc17e1b863fbaec645fb,173446,4,1,True,True,True,local_trade_no_swap_certified,1,1,False,False,False,False,False,1509.0,2,146
2132,a1863b05bf5b559d7b050e3ccf199cb16175a9f85a55b6eef646dc595a81b915,86837,4,1,True,True,True,local_trade_no_swap_certified,1,1,False,False,False,False,False,136.0,2,85
2133,33872a1dc4eae1175ad9de61fb0f1790e327ed9da13b3038916a286102f89515,223929,4,1,True,True,True,local_trade_no_swap_certified,1,1,False,True,True,False,False,137.0,2,85
2134,667b14d8731683095ea9d1eca6eba6da97150cfe70accce3c8549b9820acdf7c,276274,4,1,True,True,True,local_trade_no_swap_certified,1,1,False,True,True,False,False,11182.0,2,89
2135,76866063e7273f01401b09737876dd36fb80d3d03eae06aa28b18693d049eff7,250200,4,1,True,True,True,local_trade_no_swap_certified,1,1,False,True,True,False,False,350.0,2,85
2136,a1ddd5032379249d670af5f58403db88366ae889a710e0c47391bb0012e8e5a4,80882,4,1,True,True,True,local_trade_no_swap_certified,1,1,False,True,True,False,False,1100.0,2,100
2137,dd11c91aabd2372b91c148f649a2097fc59ad1b00ce08586c4cdda2f646677db,248265,4,1,True,True,True,local_trade_no_swap_certified,1,1,False,False,False,False,False,438.0,2,112
2138,5abf58293faa270ab5a68fc929666ea7ba4d02774eb043511beffd22d39498eb,247035,4,1,True,True,True,local_trade_no_swap_certified,1,1,False,False,False,False,False,367.0,2,94
2139,05c8efdb0035549cf28ea6b1b8c214980eddb132215a895e97a0c07b7ba7a32b,70218,4,1,True,True,True,local_trade_no_swap_certified,1,1,False,True,True,False,False,3228.0,2,152
2140,ada671bf88a27fc38201e5d11900e106223325f3527d9ac722d027766cb4969a,146728,4,1,True,True,True,local_trade_no_swap_certified,1,1,False,True,True,False,False,1481.0,2,85
2141,5f30d4b0427313dbe6ad334bb0c8496c9e747e0cfc41444f2b4c151787b5edd6,93254,4,1,True,True,True,local_trade_no_swap_certified,1,1,False,False,False,False,False,6370.0,2,86
2142,5b67037247f2d29a50c31276a66a6c0eeb013a8c25dc054c75d1095e1e8422fb,277785,4,1,True,True,True,local_trade_no_swap_certified,1,1,False,True,True,False,False,513.0,2,93
2143,1cd3d1ee278855ea10bcd46c064dd11f9773bedde7008785c5a7ba9b41a61760,196526,4,1,True,True,True,local_trade_no_swap_certified,1,1,False,False,False,False,False,364.0,2,85
2144,bf1bd73305d283bcb4b6f43b569f35d826d6151cf4935c90a871ad284ab8980b,69735,4,1,True,True,True,local_trade_no_swap_certified,1,1,False,True,True,False,False,590.0,2,151
2145,be60f159db97e1ec38e67e61f76e9e0ed458e6c5d961aa1ce64eb074f3790465,111552,4,1,True,True,True,local_trade_no_swap_certified,1,1,False,False,False,False,False,161.0,2,85
2146,f55d7acb013488fc09a5482410c532d2ade20c7e67c1aaa019913fd14cdfa6af,66002,4,1,True,True,True,local_trade_no_swap_certified,1,1,False,True,True,False,False,1886.0,2,120
2147,9383c4b5a3df5c6b0b16c487bd83ad71fccd0aed9b934f064d1b9ec5e4937a01,157521,4,1,True,True,True,local_trade_no_swap_certified,1,1,False,False,False,False,False,908.0,2,85
2148,e3fb08162542dbadeb83553807ff25de0f6d668c9aa05d48fa73b90e7e95467c,251318,4,1,True,True,True,local_trade_no_swap_certified,1,1,False,False,False,False,False,205.0,2,85
2149,c3b7cebb5fab3984f8468501716886f5ec79e279ca957798c5edc704233ea36e,106886,4,1,True,True,True,local_trade_no_swap_certified,1,1,False,True,True,False,False,695.0,2,85
2150,4fb81867d26adcd4ee8752132aad6b958aa33c9e13cfca727ddd39914154cc36,11116,4,1,True,True,True,local_trade_no_swap_certified,1,1,False,True,True,False,False,742.0,2,90
2151,fdc52b6a0afa36e0fdf192ffb119e98e67316c3d1b898feb3a811e93247a6f75,177811,4,1,True,True,True,local_trade_no_swap_certified,1,1,False,True,True,False,False,125.0,2,85
2152,ffb7802695ee4249e18af43fcea7d5109cd6e89840939c2f294798baf0007ff5,43854,4,1,True,True,True,local_trade_no_swap_certified,1,1,False,False,False,False,False,208.0,2,85
2153,051b643832e95d709f13160505b059f0918a30ad37ed47b4602ea9d5877af03c,219729,4,1,True,True,True,local_trade_no_swap_certified,1,1,False,True,True,False,False,211.0,2,104
2154,f2a7f9fa5a77c6a78235201113f64d5f3ba74000547396e29ba1153b3c966652,29802,4,1,True,True,True,local_trade_no_swap_certified,1,1,False,True,True,False,False,267.0,2,85
2155,e795c2fa48fbe6f9575fe5449a27daaabbd7209486949b8f36351657559dea94,160017,4,1,True,True,True,local_trade_no_swap_certified,1,1,False,True,True,False,False,2768.0,2,85
2156,55b401027b5c54d86bc14095294dc3a665acc8069fb4d20f7a09e05b691d705f,247092,4,1,True,True,True,local_trade_no_swap_certified,1,1,False,True,True,False,False,138.0,2,115
2157,89c28d8031c16e73c7b3e49122ac3838e3079db5260a1fee952d338982950f2d,150807,4,1,True,True,True,local_trade_no_swap_certified,1,1,False,False,False,False,False,421.0,2,145
2158,dd0f159547db2bb1f14110a255cb591bd7931eff9379f34334bc3645dc21104a,165049,4,1,True,True,True,local_trade_no_swap_certified,1,1,False,True,True,False,False,1371.0,2,86
2159,ef5a313655dbd2c09aa16b8cb7860f91a7c14e291e494d4d88da38a5fcaae2c7,61357,4,1,True,True,True,local_trade_no_swap_certified,1,1,False,False,False,False,False,315.0,2,85
2160,5507e7de74c1344692ab7d9b64f3bc502c501dc0c9b120dfe42cb565257839d1,43883,4,1,True,True,True,local_trade_no_swap_certified,1,1,False,True,True,False,False,721.0,2,212
2161,7305b404aa4f2ef913dcd084a34ad374a0a2f09e45c3cd5aa8b21e7e0be6d9c4,164671,4,1,True,True,True,local_trade_no_swap_certified,1,1,False,False,False,False,False,2156.0,2,329
2162,3dbc110dd6408e9432be965a6ab8acec29d51f5bded1ca822308aa3f6053fc48,87841,4,1,True,True,True,local_trade_no_swap_certified,1,1,False,False,False,False,False,690.0,2,116
2163,5fd0131126130e5fffd8387a2331de67f2483bca9af53234ea02b39cfc47ce18,292272,4,1,True,True,True,local_trade_no_swap_certified,1,1,False,False,False,False,False,2942.0,2,85
2164,9feeb964040ab684684e3f3ad56fae911fe4cae4fb980e3481860c2ba197b401,21409,4,1,True,True,True,local_trade_no_swap_certified,1,1,False,True,True,False,False,1527.0,2,197
2165,9195a1b78672e5cb3c9adda70aa537978e3476a02d330cbe8321270a4c449038,187045,4,1,True,True,True,local_trade_no_swap_certified,1,1,False,True,True,False,False,1091.0,2,85
2166,dc4fedc2231cce629306e8ccee1a993ad2d489c280878c5972ad4ebdcf22a1e5,101712,4,1,True,True,True,local_trade_no_swap_certified,1,1,False,True,True,False,False,2579.0,2,85
2167,4dbc128322e83b70dfd6ede4c279ed3e6b6d6c081c40f47cacf33b759d731678,224710,4,1,True,True,True,local_trade_no_swap_certified,1,1,False,True,True,False,False,449.0,2,85
2168,7f3467f4e1bd0ac63ccb39944c55764f82a4f1bfa7be3882fa42c32cddf4ff9c,251616,4,1,True,True,True,local_trade_no_swap_certified,1,1,False,False,False,False,False,9646.0,2,92
2169,0edf9567f120c1b63d15ac0da882661432efc25a2366426c7b305d50a7e33ef3,180198,4,1,True,True,True,local_trade_no_swap_certified,1,1,False,False,False,False,False,176.0,2,102
2170,a01b937f30d79c71bea56936edd7cde88c611e78740829d6bc83e93ce213618c,147464,4,1,True,True,True,local_trade_no_swap_certified,1,1,False,True,True,False,False,566.0,2,91
2171,93b03963873d589dfee21f27913398b8009fe904b3e44c5618d3932ab044c19d,285641,4,1,True,True,True,local_trade_no_swap_certified,1,1,False,True,True,False,False,1215.0,2,138
2172,b4b43e59b87e56abeb7d8ce3991f02df3b88c265c627d67730075ff5c58cabb5,120889,4,1,True,True,True,local_trade_no_swap_certified,1,1,False,False,False,False,False,6855.0,2,85
2173,af5c2cc1867f7ef10dd3b182087c3eeec766bf411804193d9f65ca03777ff8f4,197513,4,1,True,True,True,local_trade_no_swap_certified,1,1,False,False,False,False,False,164.0,2,85
2174,beb09635f5ce27fa7e9940101c140b313b8f12d2dfb7fb73bc9595cd53b1738f,114511,4,1,True,True,True,local_trade_no_swap_certified,1,1,False,False,False,False,False,1167.0,2,85
2175,15f11a58b1e0240e569fc91d04d017ceadc0190107142e487cbfc1153650e25c,69034,4,1,True,True,True,local_trade_no_swap_certified,1,1,False,False,False,False,False,221.0,2,85
2176,88393528cb05832e33e952559c9f277c4855fcadbafed277132e21449b8794b9,11152,4,1,True,True,True,local_trade_no_swap_certified,1,1,False,True,True,False,False,1178.0,2,123
2177,631c6bd7d361a0e85ee31dc9bb1b830afecdd1e15f3f79d58865b3fb8978bbe8,206729,4,1,True,True,True,local_trade_no_swap_certified,1,1,False,True,True,False,False,738.0,2,136
2178,c1fb05c1bbd15a3146b0964203792944c8b935d328f85b5687249721a805fe8b,2919,4,1,True,True,True,local_trade_no_swap_certified,1,1,False,True,True,False,False,1208.0,2,85
2179,05ded291a9fcab41b9a70c2e7f6989373c777eef2f55996f296153767e20228b,29944,4,1,True,True,True,local_trade_no_swap_certified,1,1,False,False,False,False,False,158.0,2,85
2180,b93a07ffe97a77f873addc991c228de8cbc7a4991f7911de2cb94bd00b0220c8,179253,4,1,True,True,True,local_trade_no_swap_certified,1,1,False,True,True,False,False,2435.0,2,281
2181,c303aadf9192e5e8a74e380e7a8114f7bb7c45af3add9233592add0e95ce8293,117727,4,1,True,True,True,local_trade_no_swap_certified,1,1,False,False,False,False,False,311.0,2,133
2182,a98c3056e847088f4a855c3d34db375c331bf864b33fcbe87fb6ece1bd216191,152038,4,1,True,True,True,local_trade_no_swap_certified,1,1,False,True,True,False,False,734.0,2,109
2183,8ca8f5865245f4fabfd669a46f5fceb529ab7d82c6a86c0a2603cc0c8f023631,191182,4,1,True,True,True,local_trade_no_swap_certified,1,1,False,True,True,False,False,232.0,2,109
2184,b94e3c877d863d46909bc00908a3283a6e302c8aac56b26703c4506357087d67,197355,4,1,True,True,True,local_trade_no_swap_certified,1,1,False,True,True,False,False,115.0,2,85
2185,756d5a25ec298e88d36723b7f6e7c92fd5c7b0648964984eb7a065620f094bfd,184128,4,1,True,True,True,local_trade_no_swap_certified,1,1,False,False,False,False,False,900.0,2,85
2186,df616dd76d9105ff29f0e6afd03388e2a0c84c1d688a1b69d5c27f1c2da6b820,256443,4,1,True,True,True,local_trade_no_swap_certified,1,1,False,True,True,False,False,541.0,2,85
2187,d30e02c7937827d3180e136dd987ef27eceee632d29167b0c8985494e1305029,64019,4,1,True,True,True,local_trade_no_swap_certified,1,1,False,False,False,False,False,1244.0,2,140
2188,4bf717709ad73efebfb639e51c83f3cb71d5adf3cddcbcc3eaca3b0246c15744,123958,4,1,True,True,True,local_trade_no_swap_certified,1,1,False,False,False,False,False,105.0,2,85
2189,403120f22a94e3d8cf2227c92932514c14805618c4e07b14776f85f2f6d41268,202802,4,1,True,True,True,local_trade_no_swap_certified,1,1,False,False,False,False,False,704.0,2,215
2190,b0aa6d2bd15114a9c74f28d0f0eba110df325212cf06de7d8ca1f820510051f8,200157,4,1,True,True,True,local_trade_no_swap_certified,1,1,False,False,False,False,False,465.0,2,85
2191,db033593f99d8350acd26074641d9817475532863d1d5e78f1c451d7c4202715,144885,4,1,True,True,True,local_trade_no_swap_certified,1,1,False,False,False,False,False,810.0,2,193
2192,46d578cf181c7f45e6b0f09dbb300a177e2e5c0b30ee5e2f278570db5f64c54d,93836,4,1,True,True,True,local_trade_no_swap_certified,1,1,False,True,True,False,False,1756.0,2,85
2193,b01c38b6ec06f76bce10354f7ada28015ee1a25d7dc8981a770b33570ab24a94,81979,4,1,True,True,True,local_trade_no_swap_certified,1,1,False,False,False,False,False,371.0,2,100
2194,bc1bd5bf0a1b24ad7f0d1385fb8b82acd1a0808d5267d6868b9aae3439661bba,85035,4,1,True,True,True,local_trade_no_swap_certified,1,1,False,False,False,False,False,565.0,2,85
2195,6e4430cc8abc92d6440c2ec437839e4bc42b7abc78130773819ee1142acea8e6,293395,4,1,True,True,True,local_trade_no_swap_certified,1,1,False,True,True,False,False,502.0,2,85
2196,851e758ae0873ef9c0911a99b88dd53b608b81b308779b98e9a21447fc04b91e,219439,4,1,True,True,True,local_trade_no_swap_certified,1,1,False,False,False,False,False,1764.0,2,85
2197,c9f018072e75caad07132ff7ddf0a0cbf563043e0ad4c278502544bd717f4849,190082,4,1,True,True,True,local_trade_no_swap_certified,1,1,False,True,True,False,False,2900.0,2,207
2198,2c0a56834e465a70963abed7c5bce0cc2b39bc67ca064aca6b2fdef48bea9bca,48124,4,1,True,True,True,local_trade_no_swap_certified,1,1,False,False,False,False,False,124.0,2,126
2199,204438f7c8608c79370a6951b07e4c4018b0e82510821511175ce5c5dd78841a,222431,4,1,True,True,True,local_trade_no_swap_certified,1,1,False,False,False,False,False,541.0,2,85
2200,d1ca4efd585507c4317831be96a32abaf70dd423c7d48d88fbb008ce7d8f152d,119297,4,1,True,True,True,local_trade_no_swap_certified,1,1,False,False,False,False,False,225.0,2,85
2201,9d8f5b74dfd78d099526c0485a007a2881dc8994f3c86c4a0d11869e20db5f78,287584,4,1,True,True,True,local_trade_no_swap_certified,1,1,False,True,True,False,False,818.0,2,94
2202,fb1011dd7ec4c0efd9de81c353f0a23f9ddd48fb12bc1aad708abd3f170e97e2,264676,4,1,True,True,True,local_trade_no_swap_certified,1,1,False,True,True,False,False,1987.0,2,85
2203,df1d1ddc5697e7c1108e761eb642ab7ed9580cd4f670e1fa7616f494a1711c99,34427,4,1,True,True,True,local_trade_no_swap_certified,1,1,False,True,True,False,False,1061.0,2,100
2204,494abcd7118d68202b40f59eae35737db2992464d051d38dfb7558a92a9d9290,129247,4,1,True,True,True,local_trade_no_swap_certified,1,1,False,False,False,False,False,726.0,2,88
2205,adcf4fc12789088b7c534818ee5b4632d0a03c506d76707619a136e25226547d,88633,4,1,True,True,True,local_trade_no_swap_certified,1,1,False,True,True,False,False,2619.0,2,305
2206,9ec8020a9b99f0dd60ee622e763be8adaa3ecdb0188c17a29099ac00a6d70661,5337,4,1,True,True,True,local_trade_no_swap_certified,1,1,False,True,True,False,False,6945.0,2,85
2207,d5c50ed2a5ccf91389b5c924a879b9b80c78e7d1f55bf206d54f8cf49b9a5fdf,145623,4,1,True,True,True,local_trade_no_swap_certified,1,1,False,False,False,False,False,447.0,2,93
2208,606dadafd2946e5be9d92cef9de7ab2b4b53bf8c6ae522914f95f127bc49f74f,57616,4,1,True,True,True,local_trade_no_swap_certified,1,1,False,True,True,False,False,1132.0,2,124
2209,8e32c42d47a1ecb22703c0e5c464004d595d7de3f5ab4a4c2de7b7880e09e523,98767,4,1,True,True,True,local_trade_no_swap_certified,1,1,False,False,False,False,False,2660.0,2,146
2210,2892a83041984f9b5d950a8af08435bf8a063078f39db200ac781acae7047900,295768,4,1,True,True,True,local_trade_no_swap_certified,1,1,False,True,True,False,False,431.0,2,131
2211,0fa992265390342eb705464cb16b89cec4c0ff215054c6534fff3f20aadc9275,7053,4,1,True,True,True,local_trade_no_swap_certified,1,1,False,False,False,False,False,11724.0,2,640
2212,740ca3d0b5e8de3eb3f7ce2f9862067e66d75b1983754e64fa79d892d976570e,44569,4,1,True,True,True,local_trade_no_swap_certified,1,1,False,False,False,False,False,2478.0,2,210
2213,def445a5922fa954051b618de0195c71921859f894d373df5f9d6dc2f1419219,154202,4,1,True,True,True,local_trade_no_swap_certified,1,1,False,False,False,False,False,141.0,2,85
2214,3992d0d205c69c30851830cad43eb04c7b05e8f907e071c11dff947b1fd5261a,288549,4,1,True,True,True,local_trade_no_swap_certified,1,1,False,True,True,False,False,419.0,2,107
2215,c876c1c97976f6d29c9a495f75272fad515160f5959ad2b392188a46129e0222,169161,4,1,True,True,True,local_trade_no_swap_certified,1,1,False,False,False,False,False,231.0,2,85
2216,9c8769fd1a231b383314c20ba95744f28eadb16369ae9b6409799c660000591a,206977,4,1,True,True,True,local_trade_no_swap_certified,1,1,False,True,True,False,False,327.0,2,85
2217,0f6684c8a34629ac09b06d411bf6923028c8c23e374559631c909aa1dacb2dea,249185,4,1,True,True,True,local_trade_no_swap_certified,1,1,False,True,True,False,False,713.0,2,106
2218,31de6e75e6496b9cc101c2bc01a78fa28f58b3df1aa69181ba846258da21bedc,221797,4,1,True,True,True,local_trade_no_swap_certified,1,1,False,False,False,False,False,418.0,2,85
2219,285b55302a92e4852e5d59c0e95deddee9b1a93fc29cbc4368c56bf857b0e7b2,279456,4,1,True,True,True,local_trade_no_swap_certified,1,1,False,True,True,False,False,751.0,2,85
2220,4faf5d799b8597bfd0cc64ce09810b932dc86430e05d66db9c7ac5b5b87606d8,144572,4,1,True,True,True,local_trade_no_swap_certified,1,1,False,False,False,False,False,1365.0,2,85
2221,d7d4007f67cddffd04487bc5830976b877269741f6a57ec195a667e1c1a79e86,226173,4,1,True,True,True,local_trade_no_swap_certified,1,1,False,False,False,False,False,861.0,2,85
2222,3e3a01c398182118b0029b2994ae612dcfe8b836247b48a5233fde5362db4abc,6356,4,1,True,True,True,local_trade_no_swap_certified,1,1,False,False,False,False,False,239.0,2,85
2223,31a3789a15de1f62d0b04b1825e7e1c53c34a786016783732756c16e7922809a,22657,4,1,True,True,True,local_trade_no_swap_certified,1,1,False,False,False,False,False,325.0,2,85
2224,0df402e4172bf38eadd9eda24b3203436087bd9f0351fb7b204cd64ade010164,64727,4,1,True,True,True,local_trade_no_swap_certified,1,1,False,True,True,False,False,754.0,2,85
2225,a054f852e367346fd8fd790f5393d5e757de6e97ea24eb76a15d83702765064a,178427,4,1,True,True,True,local_trade_no_swap_certified,1,1,False,False,False,False,False,446.0,2,153
2226,e9ea9e3ee8db88936cfd9a4fde0850116feb0b6c59389bb0590094614ac3dc5e,6792,4,1,True,True,True,local_trade_no_swap_certified,1,1,False,True,True,False,False,428.0,2,122
2227,9ce5ede25d01b3a3c99d22199e94089c8460840331c9d075b2d139f679b55939,256095,4,1,True,True,True,local_trade_no_swap_certified,1,1,False,False,False,False,False,290.0,2,142
2228,a8e5acfcd676452e802724bb1f9a4adae02149e1a0ff6a2a2f1ede00483ac67c,42244,4,1,True,True,True,local_trade_no_swap_certified,1,1,False,True,True,False,False,705.0,2,168
2229,67a3378406e10f58b06e41c6e4a5f5fc7b886bbf6fff126387346f4bb421ce1c,75139,4,1,True,True,True,local_trade_no_swap_certified,1,1,False,True,True,False,False,108.0,2,85
2230,dc962e05b3601524fed2585da148e6181f64fe5a1594498405a18aade389e706,282735,4,1,True,True,True,local_trade_no_swap_certified,1,1,False,False,False,False,False,1140.0,2,182
2231,d8d0051ff72078297df4431bfe25d8043a6c1ca9c344446b95a06fed3b79980a,42477,4,1,True,True,True,local_trade_no_swap_certified,1,1,False,True,True,False,False,3044.0,2,189
2232,0cc83199698ea6f54e2e36a4b76027a9437e6564746ac261f702fbc228b92062,212186,4,1,True,True,True,local_trade_no_swap_certified,1,1,False,False,False,False,False,153.0,2,85
2233,f035fffdbdaf819de998b9d85e03427bad0ba2cdf3486acb83fe9848cdbbcf1b,221940,4,1,True,True,True,local_trade_no_swap_certified,1,1,False,True,True,False,False,800.0,2,140
2234,82b0242ba7888911ddab9f058149049b8064421c9602f308b73d7fdf0e37dab4,201601,4,1,True,True,True,local_trade_no_swap_certified,1,1,False,True,True,False,False,3295.0,2,85
2235,446026f9b7f5585d226797af6b628ffb7c327d6b37c89367520ecd3e3f689991,20126,4,1,True,True,True,local_trade_no_swap_certified,1,1,False,True,True,False,False,6742.0,2,87
2236,5f171628807415fc78885cabf576d4e0494238deeed3f5e41e58f57ecce01840,263854,4,1,True,True,True,local_trade_no_swap_certified,1,1,False,False,False,False,False,464.0,2,95
2237,9db6b84d96f6035110282b3682ae5db95f2ac61c3ed4e95d64b1acc5972c5a8e,191744,4,1,True,True,True,local_trade_no_swap_certified,1,1,False,True,True,False,False,1255.0,2,85
2238,911713138da1cc4219354a8d66e9a53b578f3d1d44877bad1a5a1caffad36f1e,208646,4,1,True,True,True,local_trade_no_swap_certified,1,1,False,True,True,False,False,3303.0,2,85
2239,bfe013be27f98c1922542d546d29beda79807317649f83d7b4e18309cb4118ed,598,4,1,True,True,True,local_trade_no_swap_certified,1,1,False,False,False,False,False,468.0,2,93
2240,6cd5b53089473cb38180460a9fe0086e8f1bc5f5b7c33605d746999e84f800c6,222160,4,1,True,True,True,local_trade_no_swap_certified,1,1,False,False,False,False,False,1139.0,2,85
2241,3d6e9fe1a665483f3f656bd342a8afeb4ccb6293f2b8ac5829afd84e6a70fa90,292663,4,1,True,True,True,local_trade_no_swap_certified,1,1,False,True,True,False,False,949.0,2,174
2242,a808bd2f4b203374bf851e3571cedc844d8184d899dc6fd79344ce2395d865db,204726,4,1,True,True,True,local_trade_no_swap_certified,1,1,False,False,False,False,False,1347.0,2,93
2243,29a0a66f9a03ad42c63c32a9c742ade5e9ed4e6c626d32e915a1c1f8d8afc015,216738,4,1,True,True,True,local_trade_no_swap_certified,1,1,False,True,True,False,False,315.0,2,93
2244,b623f03661fb4baee9ede449a6b2fc6baff6be05a49857bfa9d92d62b93905cd,111399,4,1,True,True,True,local_trade_no_swap_certified,1,1,False,True,True,False,False,208.0,2,91
2245,93136f8268b6201dce5469c094130911fd09e159c682425c6f390bada9c96a55,104732,4,1,True,True,True,local_trade_no_swap_certified,1,1,False,False,False,False,False,925.0,2,85
2246,bcc4e43ecc4aa6a0bbbef04568e612f1019a81d8636b68c2c68a2bfd1e85a712,139080,4,1,True,True,True,local_trade_no_swap_certified,1,1,False,False,False,False,False,1113.0,2,99
2247,bc5878d15397737bb061bdc13f3396f63dc108f73a205fa218a0479b4e2cfdf5,195097,4,1,True,True,True,local_trade_no_swap_certified,1,1,False,False,False,False,False,510.0,2,93
2248,c5dacb7bcceaa7ac18df22a90e0e65d92a52e535b09b6b03695b768905f528dc,60058,4,1,True,True,True,local_trade_no_swap_certified,1,1,False,True,True,False,False,341.0,2,106
2249,44fa5a7d9f9911630669b6226ae130ca353d16b7d36ec7a5da4d26bf69e9a3fa,67756,4,1,True,True,True,local_trade_no_swap_certified,1,1,False,False,False,False,False,2096.0,2,85
2250,7b3ba16acb834bb9d0124659ad77380b35336b606da34eb45182ddb1d154d700,295195,4,1,True,True,True,local_trade_no_swap_certified,1,1,False,False,False,False,False,1553.0,2,152
2251,3618c6039c5e3237f57bbf7a55b598b79b3408cbf2659bd9882a34f66bd2ef7f,273573,4,1,True,True,True,local_trade_no_swap_certified,1,1,False,False,False,False,False,633.0,2,85
2252,48b2f1344c117f6ae28337bfba44066f41ada10f972c7c5c199e04651abfd700,243537,4,1,True,True,True,local_trade_no_swap_certified,1,1,False,False,False,False,False,374.0,2,94
2253,32e580aa1ba0c0483b5aa43b950eac32b7bed0f1bc020f7fd7b4c515eb199104,191119,4,1,True,True,True,local_trade_no_swap_certified,1,1,False,False,False,False,False,948.0,2,296
2254,58ae1d001a51c94ca05547f82fa1d04b0dc59b7dd3b29fdef0043809a083cdea,196165,4,1,True,True,True,local_trade_no_swap_certified,1,1,False,True,True,False,False,2218.0,2,85
2255,e518009d0d470cbd62808b5024639ea8fdbe9ce338191a9cbefcc6491bd65a83,136419,4,1,True,True,True,local_trade_no_swap_certified,1,1,False,False,False,False,False,2003.0,2,104
2256,6c7d08392817bda17675e3a0d633c7d36bbb6679f4284fe5c163fd307b601704,150593,4,1,True,True,True,local_trade_no_swap_certified,1,1,False,False,False,False,False,1235.0,2,85
2257,30e0065b7686152dac6eec972c4c2be7f7b6b2f79bcfabcf2e63670f00b0c56e,226612,4,1,True,True,True,local_trade_no_swap_certified,1,1,False,False,False,False,False,303.0,2,102
2258,5ca8f8d0b0158dc4d6380ebe27b1a09faee81f6d70f92f7333c60956d6f750b2,34188,4,1,True,True,True,local_trade_no_swap_certified,1,1,False,False,False,False,False,283.0,2,85
2259,d047b4a47e8868eeaae20afed1c1bd925c52f110b7acc632e007b59375564e85,165412,4,1,True,True,True,local_trade_no_swap_certified,1,1,False,True,True,False,False,2297.0,2,85
2260,6d5ab52294766fc0ffb712ac3022e7ae3ef85084eedc31bc68889a745bcfd04c,263716,4,1,True,True,True,local_trade_no_swap_certified,1,1,False,True,True,False,False,417.0,2,85
2261,2339adca2309b4172ec8302755e8dccb1d5e369d9f8ff8d56f8b256340b1d56e,287838,4,1,True,True,True,local_trade_no_swap_certified,1,1,False,False,False,False,False,304.0,2,85
2262,daa4c0e67184e4a0c959e8bf388cfa36539a6f3d63df1cca88c734a1dffd0304,1076,4,1,True,True,True,local_trade_no_swap_certified,1,1,False,True,True,False,False,155.0,2,85
2263,929da7bf8ad3d8ec822ebd0a20f5eb7b4251232711cd1739d3335f736dfa09de,162881,4,1,True,True,True,local_trade_no_swap_certified,1,1,False,False,False,False,False,2950.0,2,386
2264,13a9e04ed04d3cff2f037ca30e6bedc247e7daf8abfbf9c5bcfec7487c9ea502,273112,4,1,True,True,True,local_trade_no_swap_certified,1,1,False,False,False,False,False,296.0,2,85
2265,38ed08eb81beb5bc4a38b403e29a7d93249644f86afe499106d7e674169c3825,70766,4,1,True,True,True,local_trade_no_swap_certified,1,1,False,False,False,False,False,1253.0,2,142
2266,a6c7df299d1463872982d78ab8e698f1c52f7ddaae68d8eafee18aa6c345a916,82367,4,1,True,True,True,local_trade_no_swap_certified,1,1,False,False,False,False,False,1739.0,2,322
2267,a509cad8f6ce67f116c8de5621812bdcaa49343051279c2529b708aa286e6f71,216822,4,1,True,True,True,local_trade_no_swap_certified,1,1,False,True,True,False,False,253.0,2,197
2268,b85fd43c7f6f01f4b1287e4b61d750cf46365014a2a686d0ca783c9c369bf95b,41996,4,1,True,True,True,local_trade_no_swap_certified,1,1,False,True,True,False,False,347.0,2,85
2269,c6d0535718c8d74100e5e3135656087e78be44bb3676b7097431145ae3f3e334,104569,4,1,True,True,True,local_trade_no_swap_certified,1,1,False,False,False,False,False,1349.0,2,320
2270,a9571fc283b5b83c894f8738acc54bd473d7a035db4fe5d63d37dadb95ebcfde,100943,4,1,True,True,True,local_trade_no_swap_certified,1,1,False,True,True,False,False,213.0,2,124
2271,d995eec4ef605703bcfe3eebefa04def04f2fd40d350fde5b95bbcfa35e02436,74645,4,1,True,True,True,local_trade_no_swap_certified,1,1,False,False,False,False,False,1025.0,2,91
2272,2b56edd574dbb5120c3e3425bb0a7fba73ecb74643fec33188547004193ccae9,87353,4,1,True,True,True,local_trade_no_swap_certified,1,1,False,True,True,False,False,1576.0,2,113
2273,cf7a929b395973d42f25870293107df3bf9c9237b7c289672d0eb83beb30cdc7,185963,4,1,True,True,True,local_trade_no_swap_certified,1,1,False,False,False,False,False,2108.0,2,118
2274,fde64720b2bd922ca67af660ae4f125a63c5c439b93e60308427c70c7b0bec65,263983,4,1,True,True,True,local_trade_no_swap_certified,1,1,False,True,True,False,False,366.0,2,143
2275,ada29d6d9a2e4399b40ca41400b301e187fe5faefb27fafcd5b26a9bf39ecc4c,78098,4,1,True,True,True,local_trade_no_swap_certified,1,1,False,False,False,False,False,211.0,2,92
2276,7b59c68a92a1b42aa64a8938291a79299cf61a7ce3371961bfb112410368e1bc,97902,4,1,True,True,True,local_trade_no_swap_certified,1,1,False,True,True,False,False,341.0,2,85
2277,92e1c1e3b6c642ca2d153645fe341c659b0a2565af91692bd05a675bae6c354a,27352,4,1,True,True,True,local_trade_no_swap_certified,1,1,False,True,True,False,False,3574.0,2,146
2278,768c6247c603efbb19174bcc7805737737abffdd5508c184be475ed82853bb86,277011,4,1,True,True,True,local_trade_no_swap_certified,1,1,False,True,True,False,False,877.0,2,175
2279,88a13d6b8372374910313a101858d24d17da44216ca39cf08d3a9d16c7862b49,105993,4,1,True,True,True,local_trade_no_swap_certified,1,1,False,True,True,False,False,401.0,2,89
2280,ad9cb4f800ca63c699f41bfdd9793463c38ebaa27f5afba6328b9dce96219f6a,175717,4,1,True,True,True,local_trade_no_swap_certified,1,1,False,True,True,False,False,356.0,2,85
2281,8903b89bd81e8def4254a6fd69eb661f102912bfdcdc950c8551683fb6df0cf9,68671,4,1,True,True,True,local_trade_no_swap_certified,1,1,False,True,True,False,False,188.0,2,102
2282,36fb9b712d3552e71e82034b06c4d0e7531d54d5f1834d3a8047f1a52d2e64fb,128617,4,1,True,True,True,local_trade_no_swap_certified,1,1,False,False,False,False,False,486.0,2,85
2283,052545c3ff407832465b9f8a2854e1d548b4d525e53f94e949dd80d0bb5598d1,101885,4,1,True,True,True,local_trade_no_swap_certified,1,1,False,True,True,False,False,4544.0,2,85
2284,31f857b7cfedf97c24e99eba35d930a932302eee764ac4c07890d3d395b3c2a0,26101,4,1,True,True,True,local_trade_no_swap_certified,1,1,False,False,False,False,False,1633.0,2,151
2285,d5675d9a0ba4c511778dd81b5eb39712b6c9f316a3ff24412a8b9801d08fce56,210748,4,1,True,True,True,local_trade_no_swap_certified,1,1,False,True,True,False,False,4153.0,2,85
2286,7dfe649297bb879eff48a0691b369c648645659acf2f33573c5b931ad0de565b,117921,4,1,True,True,True,local_trade_no_swap_certified,1,1,False,True,True,False,False,420.0,2,96
2287,bab97011b69196f91e01142f337f497bda29bc5b64c7865048da00396e181cb9,222566,4,1,True,True,True,local_trade_no_swap_certified,1,1,False,True,True,False,False,525.0,2,109
2288,ebe71157a749afa5478d1f3d61e4b7f38d48cc6ea6ddd4949e796ef686fdea00,116570,4,1,True,True,True,local_trade_no_swap_certified,1,1,False,True,True,False,False,293.0,2,134
2289,0bbf16cde6200fea853e90bf22a2b45d291b1b3e15079c6316ae488e20528563,66765,4,1,True,True,True,local_trade_no_swap_certified,1,1,False,True,True,False,False,4842.0,2,112
2290,d3f2d2f144d9932ea2471e7092e591039614e4b010ef934aab60a7d1b9ecdc1e,2597,4,1,True,True,True,local_trade_no_swap_certified,1,1,False,True,True,False,False,436.0,2,104
2291,d69a4791c437164719c54b08856a6ac3341c18c2d1428f7d50d3340537abaaf3,140603,4,1,True,True,True,local_trade_no_swap_certified,1,1,False,True,True,False,False,1437.0,2,85
2292,6175406287054e6fa24357f94634d7aacf52a624f04c1b339131a00c8c2854a1,189075,4,1,True,True,True,local_trade_no_swap_certified,1,1,False,False,False,False,False,733.0,2,106
2293,58e832f372814308cbe9453ea13847b43ec1db9aa5385bd4afd6dae7ba4a059e,41156,4,1,True,True,True,local_trade_no_swap_certified,1,1,False,True,True,False,False,1565.0,2,144
2294,b84bcc7306e096c890243fcb3e0e52bff00fda53f47ea319945e5dd8296b69b0,178617,4,1,True,True,True,local_trade_no_swap_certified,1,1,False,True,True,False,False,3529.0,2,171
2295,0ccada3d507d8d7357b26842f08c50f66732bb0dabda64faad463af092bd5ede,215723,4,1,True,True,True,local_trade_no_swap_certified,1,1,False,True,True,False,False,468.0,2,85
2296,8f3b53a675833f86015f75637dc5c338d9ce306bcf6068f9adb2592b2a43874e,300281,4,1,True,True,True,local_trade_no_swap_certified,1,1,False,False,False,False,False,174.0,2,85
2297,6f7d5e647eb6a669e7783006d860ff9d9ed22b1e92353c45a787cf8fe66f09f3,271377,4,1,True,True,True,local_trade_no_swap_certified,1,1,False,True,True,False,False,126.0,2,127
2298,64048c2f853e78ffcdebe335d3f41efd18a3eb3b59fff68fc5494465d61e0f83,42655,4,1,True,True,True,local_trade_no_swap_certified,1,1,False,False,False,False,False,190.0,2,90
2299,099b7163a148b00ce69365a14dc81f8074b80c0584de4f5975bb92c5a730bebc,1126,4,1,True,True,True,local_trade_no_swap_certified,1,1,False,True,True,False,False,675.0,2,234
2300,efef8330d179bf896648836dc02ff4d0e811d96e858c01ba3672fc6da5cd6fb3,91567,4,1,True,True,True,local_trade_no_swap_certified,1,1,False,False,False,False,False,311.0,2,85
2301,eee63a486c6e8b94c25ed52c6a987a10e48af117f8e09a623b501334a8e83fe5,236857,4,1,True,True,True,local_trade_no_swap_certified,1,1,False,False,False,False,False,506.0,2,85
2302,4097dc9ef5ba9441402ee4663be2528c693f149e68aaac9cbdb7c568c0014ea5,279933,4,1,True,True,True,local_trade_no_swap_certified,1,1,False,False,False,False,False,452.0,2,85
2303,b1335f7045bbd234d5e392f3213ae8ce20212a587fc2c7a0c9a4e71d3e5ff72d,190909,4,1,True,True,True,local_trade_no_swap_certified,1,1,False,True,True,False,False,441.0,2,95
2304,7d3b676e5b815ade102540178414578b6a9eab3e4d45b836989b6a45c12d45cf,274304,4,1,True,True,True,local_trade_no_swap_certified,1,1,False,False,False,False,False,959.0,2,85
2305,7ac578f12553c1e1c607aff2795a520d9892ccc21fcc4f89bb1f30fbcdba08e7,189122,4,1,True,True,True,local_trade_no_swap_certified,1,1,False,True,True,False,False,160.0,2,92
2306,0e97a5a3dd72e6bce389b2cc81be26f3b552109dda09358407f29840f69331a1,162236,4,1,True,True,True,local_trade_no_swap_certified,1,1,False,True,True,False,False,2894.0,2,87
2307,eb64586a204a823d43facd406967620d067ce38738a606ad6e585ea55abc3f0c,268502,4,1,True,True,True,local_trade_no_swap_certified,1,1,False,True,True,False,False,1459.0,2,218
2308,fb94329c306690fbce2ac5bf4cb7d437b6e3b26b2ccd8ab6542586bd2be22ae8,242989,4,1,True,True,True,local_trade_no_swap_certified,1,1,False,False,False,False,False,270.0,2,85
2309,17819a584eb89ff3778eb8fb5e82bcc0c0d515e9f82ce5d7f7958dc5e9bbde67,136188,4,1,True,True,True,local_trade_no_swap_certified,1,1,False,False,False,False,False,3013.0,2,85
2310,27f052ef9f9a3ceff8d5afcf3151eb04f5d912694cbad6861a6c79384285cf05,164563,4,1,True,True,True,local_trade_no_swap_certified,1,1,False,True,True,False,False,2270.0,2,134
2311,386492c12118b33655205faef27bd3cceceadda7d356404650195b43e6296e41,41318,4,1,True,True,True,local_trade_no_swap_certified,1,1,False,True,True,False,False,354.0,2,125
2312,7c38fb24ff48d9fac241fa6904e5cd463eb932dfffef19c82789b448fc7f4585,43018,4,1,True,True,True,local_trade_no_swap_certified,1,1,False,False,False,False,False,1522.0,2,125
2313,29a0e0b839019c4e6f090fa1e6515088112280975f39ae6113872a50277f4741,60764,4,1,True,True,True,local_trade_no_swap_certified,1,1,False,False,False,False,False,1523.0,2,106
2314,227b6b54f86e6d81649137a7532b47c28f1c15d1fa212ad0ed4d49b9ad81e5eb,103011,4,1,True,True,True,local_trade_no_swap_certified,1,1,False,True,True,False,False,1323.0,2,223
2315,5bc0f23c8cd652c3b04287ecb4c382569348a96a565b8e523f4ad75bb255c6eb,86822,4,1,True,True,True,local_trade_no_swap_certified,1,1,False,True,True,False,False,234.0,2,85
2316,0d7d9e0bcd49783b8520a99e9b7f26be2dc0445de38fb98a7007f750424b6a14,49943,4,1,True,True,True,local_trade_no_swap_certified,1,1,False,True,True,False,False,1852.0,2,85
2317,f57f7b7f2e4ea948ca2c2ed7d08f356625e98f0ffe16416c8cdfc2776709d540,269969,4,1,True,True,True,local_trade_no_swap_certified,1,1,False,True,True,False,False,236.0,2,97
2318,8e517619d1cbc59e999900d5e3471ec63227fdd5346c6c3674c2cfc87acf6d88,80036,4,1,True,True,True,local_trade_no_swap_certified,1,1,False,False,False,False,False,352.0,2,89
2319,102c8a2d7c34c384787d8a14faa6406cce2377857e38a98df7c030a38e3396f6,56481,4,1,True,True,True,local_trade_no_swap_certified,1,1,False,True,True,False,False,335.0,2,85
2320,ec48d8240a0e8c918bfbe3a4edfc34f89299647104f303806f96e34828646708,101145,4,1,True,True,True,local_trade_no_swap_certified,1,1,False,True,True,False,False,457.0,2,97
2321,7cd27b29975a09ad3dad670ed6b96422d9bea23e0c9b7256c208943150e86f4f,47068,4,1,True,True,True,local_trade_no_swap_certified,1,1,False,False,False,False,False,1520.0,2,85
2322,a6e172d65f924b89f925117417033124df787ef2ece562736cc68b84d4787c55,257270,4,1,True,True,True,local_trade_no_swap_certified,1,1,False,True,True,False,False,933.0,2,85
2323,4ad13c709bd9020ad9c24010a7fe6fb44d2e74869fc6fa58c3429f0bf7d8c3a2,44260,4,1,True,True,True,local_trade_no_swap_certified,1,1,False,False,False,False,False,630.0,2,85
2324,4193b2cb6a8197ebb6387134360cd221566cc70684141a8fbc3a06072a8953e6,238206,4,1,True,True,True,local_trade_no_swap_certified,1,1,False,True,True,False,False,656.0,2,85
2325,2b645f9d464d6d835479420e569771021d843d337f80bf40f6f2a83fa0acf3fe,188908,4,1,True,True,True,local_trade_no_swap_certified,1,1,False,True,True,False,False,1167.0,2,120
2326,2b589b6b82d1e0a0037961a8a683423cb5c03869fc8b6037166c9d3fa5a5543d,53704,4,1,True,True,True,local_trade_no_swap_certified,1,1,False,False,False,False,False,936.0,2,85
2327,448906f92955db01889645c999188b3d6c9cfadf2f7fb11fd905cdd58fa2fffb,76039,4,1,True,True,True,local_trade_no_swap_certified,1,1,False,True,True,False,False,3796.0,2,85
2328,6293daee4aa618bb1c24598c1af0bcca2e3c99e1719e4e97551ce22b28a84483,264610,4,1,True,True,True,local_trade_no_swap_certified,1,1,False,False,False,False,False,141.0,2,85
2329,a2c978d9d2392fc87ec810fd7549874a2b2a050c321fd9b0bc080db1df142005,296617,4,1,True,True,True,local_trade_no_swap_certified,1,1,False,True,True,False,False,901.0,2,85
2330,4d7c1d2bf43b44adc5dbcc4fffbebac83f6c7a52585e212e42100b23e579d5ae,99195,4,1,True,True,True,local_trade_no_swap_certified,1,1,False,True,True,False,False,892.0,2,188
2331,493a53c3dc234c76dd7c9b207ec927b4ccdcb4e197a75d43d73dc69b1b5be683,47549,4,1,True,True,True,local_trade_no_swap_certified,1,1,False,False,False,False,False,568.0,2,178
2332,b5d35b70a030d29567b830d63d917214064aca8f149f18da4919bdc15355c321,224397,4,1,True,True,True,local_trade_no_swap_certified,1,1,False,True,True,False,False,8088.0,2,140
2333,65a47fb36dd079e1074e312144a88cd300f960c4561d80fc35f0a10579e94d4a,24834,4,1,True,True,True,local_trade_no_swap_certified,1,1,False,True,True,False,False,2333.0,2,248
2334,8c3592f9998cd4595bb9da3eab76b520c78d38d013986f9bed08031e847b5b1f,198133,4,1,True,True,True,local_trade_no_swap_certified,1,1,False,False,False,False,False,3276.0,2,290
2335,1a7a01b96e1b11055b30d2b23983aba63ac2af23b4dbd2895c8bde7c756365b8,203712,4,1,True,True,True,local_trade_no_swap_certified,1,1,False,True,True,False,False,599.0,2,117
2336,9838a401d197e314283d3145aa1430b8c2a2d0d81ada360ba24fc5035b11decc,224141,4,1,True,True,True,local_trade_no_swap_certified,1,1,False,True,True,False,False,1982.0,2,97
2337,76b7db00789427360a20e56c28a0dee72566dc0bd7bfe16f70dc9df14ca13c84,270024,4,1,True,True,True,local_trade_no_swap_certified,1,1,False,False,False,False,False,2017.0,2,191
2338,b388cf6ca8ebcac51b712ce3654db244b103c2f87d9f73ead4384a21937b9d80,110961,4,1,True,True,True,local_trade_no_swap_certified,1,1,False,True,True,False,False,2238.0,2,100
2339,0da216f5e78e869c06657e64664c0dec58f88c5cba95038424f049007cd8e3f7,124282,4,1,True,True,True,local_trade_no_swap_certified,1,1,False,True,True,False,False,461.0,2,94
2340,17f865170680c0b64be0b3a8da2fc7e61323fbc35442eb54e0fe607807895c28,234351,4,1,True,True,True,local_trade_no_swap_certified,1,1,False,False,False,False,False,1158.0,2,124
2341,34dbb63ef1af20c2d385afe53fe31465a798c347e73c94c2f8b919a2d7bd58cd,108244,4,1,True,True,True,local_trade_no_swap_certified,1,1,False,False,False,False,False,891.0,2,95
2342,8190de3e73ef772c9b40007272d147c531d5092d152ec8afa1401bf52871ecbf,280976,4,1,True,True,True,local_trade_no_swap_certified,1,1,False,False,False,False,False,239.0,2,101
2343,273cd4a9d16ef94353012b7ee844e9a4b133ef13bf1be47445c3f56dd8849e5d,59767,4,1,True,True,True,local_trade_no_swap_certified,1,1,False,False,False,False,False,1023.0,2,94
2344,8617d30c908ad134e84a3611d926505c53b5f795d6ddc7389034e8fc7067c261,128333,4,1,True,True,True,local_trade_no_swap_certified,1,1,False,True,True,False,False,232.0,2,85
2345,403e1481b24001f620804a191399c90fd4a705e6209a97089f21a09c0371890e,279433,4,1,True,True,True,local_trade_no_swap_certified,1,1,False,False,False,False,False,1174.0,2,85
2346,a875a548bf6a6a156a8b2074c65efd392a19eeef7674b9aa1877f843ab3ab099,45070,4,1,True,True,True,local_trade_no_swap_certified,1,1,False,False,False,False,False,449.0,2,139
2347,b4dd32b813f58a4206dacaa7f9a6e9c002fc3634eb379dcaa930919793f4545c,18255,4,1,True,True,True,local_trade_no_swap_certified,1,1,False,True,True,False,False,611.0,2,116
2348,efa9d29046c4cf47e6e8874768c0a2e71b073b9762b6b30e4c373823a54ee576,63982,4,1,True,True,True,local_trade_no_swap_certified,1,1,False,False,False,False,False,1113.0,2,118
2349,128736cffed3ae2aaf1725d327b0006f6a5161b4082f7442c857ffa758a2a33b,190455,4,1,True,True,True,local_trade_no_swap_certified,1,1,False,True,True,False,False,1615.0,2,85
2350,e9971d2116b2ec6ce204e736aa7eb47e215edbc82745c017dc7fb9793fd9dfb0,28925,4,1,True,True,True,local_trade_no_swap_certified,1,1,False,True,True,False,False,332.0,2,98
2351,c6cb7bbd803cc642a9ff39a768d48c4c87f99541d76e59b825e5cf039c99831f,101055,4,1,True,True,True,local_trade_no_swap_certified,1,1,False,True,True,False,False,467.0,2,152
2352,e38aee0bd400b44d31ccf55b91061ac33fa22868e8170032ad2af9d8366b4fe6,236189,4,1,True,True,True,local_trade_no_swap_certified,1,1,False,True,True,False,False,545.0,2,106
2353,46356a30e1730be3292e0a45fa7049c6ffd71b405fc0e6fa7e10ae13c5d67522,196242,4,1,True,True,True,local_trade_no_swap_certified,1,1,False,False,False,False,False,813.0,2,85
2354,5b1c49e8db3bdcc0434304ffd27ddb0730e2f7e1a275ed6555ef2c5ffaa7791a,235526,4,1,True,True,True,local_trade_no_swap_certified,1,1,False,False,False,False,False,127.0,2,85
2355,dd1f8e4acdc667e9bda8ad48cb0bf09d011406a6148c142cc17886cf9afb8fef,218488,4,1,True,True,True,local_trade_no_swap_certified,1,1,False,True,True,False,False,2605.0,2,96
2356,e5052b226c44baa4c8184b6552b0b6cb453bc903cccadf71c7f233ed81d3076a,28523,4,1,True,True,True,local_trade_no_swap_certified,1,1,False,True,True,False,False,3498.0,2,116
2357,9c46de727dd0b8012e36622abc02bff0abea4d8a051df17e307aa0b946086f74,25609,4,1,True,True,True,local_trade_no_swap_certified,1,1,False,False,False,False,False,453.0,2,95
2358,17141fccec73a92bf105b7c42a4cfeeac6d5a29aed18d2991ee5e4788af7a278,118344,4,1,True,True,True,local_trade_no_swap_certified,1,1,False,False,False,False,False,207.0,2,96
2359,4e4eb24433c21ed9883b788ffe822910c03ddc70442f02160420dd60159be3df,249473,4,1,True,True,True,local_trade_no_swap_certified,1,1,False,True,True,False,False,144.0,2,85
2360,9da8b1b2cd3a70a2c780b77d39cf625bf43fb93d38c1e9f93f38c1c5977c0868,11420,4,1,True,True,True,local_trade_no_swap_certified,1,1,False,False,False,False,False,156.0,2,142
2361,5852b05894597fc2a6a13a1d1dee9de7b3d2661b515f9ef9106e8aa78f3ef162,85620,4,1,True,True,True,local_trade_no_swap_certified,1,1,False,False,False,False,False,197.0,2,85
2362,053a653961283a467c70d9042588b97fcfe9075cb285ac9085e69a49cdafbf59,12477,4,1,True,True,True,local_trade_no_swap_certified,1,1,False,True,True,False,False,478.0,2,138
2363,b97d1368f08fd3a465079dff897d5bb513bba7769366fd353a74721fb7538de4,212823,4,1,True,True,True,local_trade_no_swap_certified,1,1,False,False,False,False,False,2191.0,2,329
2364,c76a5e6f05af5db920aff30470b1ce6d0dc93a36a5dbfa2d80e45d35d9f06cd5,188786,4,1,True,True,True,local_trade_no_swap_certified,1,1,False,False,False,False,False,420.0,2,100
2365,36f859766790f7fe2ce71d12da2bfbed60475ff93b9f06b98850b0d4591a46aa,6099,4,1,True,True,True,local_trade_no_swap_certified,1,1,False,True,True,False,False,617.0,2,90
2366,c9f0ca5875a217e47e83b89b925dc22f4d36ded09411d4ae2ccd216901c9021b,221172,4,1,True,True,True,local_trade_no_swap_certified,1,1,False,False,False,False,False,236.0,2,85
2367,b0453f0c6481336273263aecc35737a160dff6a936364e5852d0e9ffce90910a,244229,4,1,True,True,True,local_trade_no_swap_certified,1,1,False,False,False,False,False,2185.0,2,300
2368,e32616fdf849d2417cf98ad6ac6232555e37623a897bb4051e4eb49d1d28d332,79469,4,1,True,True,True,local_trade_no_swap_certified,1,1,False,True,True,False,False,1062.0,2,370
2369,a690d6df9a2c69f38a5fc5c34a4d6961a003857e0863e994e9c2d2bd16792967,40098,4,1,True,True,True,local_trade_no_swap_certified,1,1,False,True,True,False,False,142.0,2,85
2370,12c0ec84b9ab56227a5e00c771fc9531c7bb21aa69c0137a4889e77904f60256,17216,4,1,True,True,True,local_trade_no_swap_certified,1,1,False,True,True,False,False,487.0,2,91
2371,c22a6c133325b7e173097bf370471c19df1e402bf8354ac93fbbc486b19a1ab0,212392,4,1,True,True,True,local_trade_no_swap_certified,1,1,False,True,True,False,False,828.0,2,115
2372,bb401727e8a9ea32ab80575856d365b8c265c3f5a33cd1969320e672d47ef565,75280,4,1,True,True,True,local_trade_no_swap_certified,1,1,False,True,True,False,False,3528.0,2,114
2373,1d4f3b7ba19f2b1dd1ea66e1b948a0dd791360b4713314c5cb74bc7bfe119c3e,280616,4,1,True,True,True,local_trade_no_swap_certified,1,1,False,True,True,False,False,4378.0,2,465
2374,4bcb5736b2bff57a28e0f47ab1c6672ffa701d06998ce918c45801613e95ed21,92225,4,1,True,True,True,local_trade_no_swap_certified,1,1,False,True,True,False,False,253.0,2,123
2375,f9bf957433095db917b5cc3e2603e13077ba8888b7af1c110e0f95826fd4446f,160617,4,1,True,True,True,local_trade_no_swap_certified,1,1,False,False,False,False,False,572.0,2,88
2376,9da25023aeb38b2f482e8d250480f1981d09ac3b643f8eede3fc122146ba5e9d,183665,4,1,True,True,True,local_trade_no_swap_certified,1,1,False,True,True,False,False,459.0,2,85
2377,e846f83f3c6993126bbb9d6f78fd1ee2652593e2becfa0e4e16639f65985b1de,208221,4,1,True,True,True,local_trade_no_swap_certified,1,1,False,True,True,False,False,130.0,2,163
2378,e211cccc5598e5f3ad81da83f095eefd906d98c6eee53b38877c6a83ab344550,183163,4,1,True,True,True,local_trade_no_swap_certified,1,1,False,False,False,False,False,159.0,2,94
2379,14e4ffac4480421d46ad9bd9cfae17c88f0b0bf0c1b485c87f4874e6526f2b4c,139434,4,1,True,True,True,local_trade_no_swap_certified,1,1,False,True,True,False,False,1869.0,2,85
2380,b932a20940b872e784bdcd5478c35caa25a3c358d14acb56b3d7086634c43f07,208426,4,1,True,True,True,local_trade_no_swap_certified,1,1,False,False,False,False,False,240.0,2,88
2381,02974dfaa023a4eeda4df8243f9499fc8b2cfb7e108ff028f89a068c33c30232,244138,4,1,True,True,True,local_trade_no_swap_certified,1,1,False,True,True,False,False,793.0,2,100
2382,55d2d28a0bfcfbca29ffdeafe46a8448b8aa30c078a60055ff433fa5be2d90ab,297048,4,1,True,True,True,local_trade_no_swap_certified,1,1,False,False,False,False,False,157.0,2,122
2383,f37e29cc97f57283d8003e37eb729864f7d38ca90c4a29fb604720f0ba99a47e,66491,4,1,True,True,True,local_trade_no_swap_certified,1,1,False,True,True,False,False,335.0,2,133
2384,bef37d0806121cd7a674520630723919e348f71df60488b88df8f77db78bff60,299127,4,1,True,True,True,local_trade_no_swap_certified,1,1,False,True,True,False,False,672.0,2,100
2385,418631798aa450f23efa09557437afc559e283784fdd99aebf140d2f32bc1f09,190923,4,1,True,True,True,local_trade_no_swap_certified,1,1,False,True,True,False,False,3834.0,2,85
2386,539d1ec9417343e1e90147e09c085a8304cf8fc6a34c38bcac41f25cb273c623,183673,4,1,True,True,True,local_trade_no_swap_certified,1,1,False,True,True,False,False,942.0,2,85
2387,97be241e2d8d14f4e9abd9722e3a62b242ec2dc538f4cf064437498fae45f0f7,41439,4,1,True,True,True,local_trade_no_swap_certified,1,1,False,False,False,False,False,2598.0,2,586
2388,51df794cadcead9bcc992eb66fb79b2c73dc8f542874e284756d3d3c02a17a70,120045,4,1,True,True,True,local_trade_no_swap_certified,1,1,False,False,False,False,False,466.0,2,85
2389,95332c06b791f1a7acfa420f1ca83f0de6e03c7d0c92366b73228979d3d60f43,5255,4,1,True,True,True,local_trade_no_swap_certified,1,1,False,False,False,False,False,501.0,2,85
2390,a2e7d167e16da95a48d4b7432e555cb82aa84c73fb080f5ce5ba0f0b0f7d95d3,108435,4,1,True,True,True,local_trade_no_swap_certified,1,1,False,False,False,False,False,324.0,2,85
2391,622a1b51a8e4b249bafbaf6ca88922a050f3bf7212b6f0e78a5967ab0dff81d8,142146,4,1,True,True,True,local_trade_no_swap_certified,1,1,False,False,False,False,False,559.0,2,286
2392,6c616bd30aa5e046e18e4150bfafeeb54ee451c440aeb71abcb052c34f0f4eb8,203034,4,1,True,True,True,local_trade_no_swap_certified,1,1,False,True,True,False,False,1967.0,2,311
2393,9af753a0141a00fe691ce097cb37fc26eeb98c661e5a378869654a28a9300b39,185516,4,1,True,True,True,local_trade_no_swap_certified,1,1,False,False,False,False,False,752.0,2,85
2394,ce6e569473022b4d3a39d53336076abe1c1d7551f128a240500a9e29c3524961,121502,4,1,True,True,True,local_trade_no_swap_certified,1,1,False,True,True,False,False,1000.0,2,245
2395,d989cc2698768244a242cd2b40ea6614b7e1d164ed1c6161603cd1b00b420a01,230148,4,1,True,True,True,local_trade_no_swap_certified,1,1,False,True,True,False,False,321.0,2,97
2396,ec6763f883271627ed6fef5e3b65bf8e25fa1772a545c5d1c27a329818fda7d4,293965,4,1,True,True,True,local_trade_no_swap_certified,1,1,False,False,False,False,False,931.0,2,85
2397,a5225fc4c4dd93a5b6574b5f1c24dade64047d2212aae9271c099e58d0ab827d,123542,4,1,True,True,True,local_trade_no_swap_certified,1,1,False,False,False,False,False,393.0,2,126
2398,a8f8f85bfbaedd3ec7c347c75ab06f6adc8b9d3daf8294b6c5f48e7acdacbbd7,129910,4,1,True,True,True,local_trade_no_swap_certified,1,1,False,True,True,False,False,664.0,2,104
2399,43a180a9568e781388f9575e1bce64fc783ddb2d693a616b0abd849553e99570,63904,4,1,True,True,True,local_trade_no_swap_certified,1,1,False,False,False,False,False,540.0,2,85
2400,a90c00cc6e965188e76ed1b7d261b7ee96b22316bbbd813416664e19e8e771cb,244992,4,1,True,True,True,local_trade_no_swap_certified,1,1,False,True,True,False,False,604.0,2,105
2401,52fe234a8b08ecc20c87e51822e06edb7687760df2286966b126e23f1f0ea550,81612,4,1,True,True,True,local_trade_no_swap_certified,1,1,False,False,False,False,False,465.0,2,85
2402,39272702777d9ba257ec754cab5117b6e8c2ffdb1230b12c10d0ae0fd13caefc,214794,4,1,True,True,True,local_trade_no_swap_certified,1,1,False,False,False,False,False,1873.0,2,85
2403,1d99e369d33a73b758e6c425660d1d51f467c2c4a64d4f797e058cd225d3d21d,118262,4,1,True,True,True,local_trade_no_swap_certified,1,1,False,False,False,False,False,772.0,2,112
2404,36ac68deb06280e00d20761c7a7df583400e9a12e0dd8e12a1a9a5581e2be174,6499,4,1,True,True,True,local_trade_no_swap_certified,1,1,False,False,False,False,False,162.0,2,90
2405,4751b69a7f284dd3f18880b1f20e64ec50f05009c411e172ecea8914892578f7,210461,4,1,True,True,True,local_trade_no_swap_certified,1,1,False,True,True,False,False,747.0,2,223
2406,5e0ef46d624fbd94a12ec39ebe6582d97a16f4b527c9ccd8b29e6c91f0b25b6d,98746,4,1,True,True,True,local_trade_no_swap_certified,1,1,False,True,True,False,False,740.0,2,85
2407,f937f3e174016da19a0b62bd560182bacd8fccb3201f46280e5ee18e5de4abe9,143279,4,1,True,True,True,local_trade_no_swap_certified,1,1,False,True,True,False,False,534.0,2,85
2408,e6f1c73b3e2c634b7a78f1339a278d57ab3c1e7686ca7db6b7c1d9150b4230f6,62843,4,1,True,True,True,local_trade_no_swap_certified,1,1,False,True,True,False,False,90.0,2,85
2409,935d8898ef3d607909e79300c43a6b60d7c9ed74178fdaa3787056d54a7a0964,273481,4,1,True,True,True,local_trade_no_swap_certified,1,1,False,True,True,False,False,148.0,2,85
2410,b34776ab830ef8449ea3f262e99cda7822a2215474d65569ef45123723fa0e33,122225,4,1,True,True,True,local_trade_no_swap_certified,1,1,False,True,True,False,False,579.0,2,98
2411,5e48561c16a40e1016421101ab9dda8bb7f9020595c0fa74bde5a45059184df2,289653,4,1,True,True,True,local_trade_no_swap_certified,1,1,False,False,False,False,False,2875.0,2,85
2412,46e54fb257e126d6bad2593ece11dc97714ba82abc6998c20996f918cbcda69c,102231,4,1,True,True,True,local_trade_no_swap_certified,1,1,False,True,True,False,False,220.0,2,85
2413,be10a5699bf39bf6c6f52328c3242efb5bc70d8f099fd395cd98a13ef683e549,267595,4,1,True,True,True,local_trade_no_swap_certified,1,1,False,True,True,False,False,126.0,2,97
2414,0d9d7287b2254f6b47f54acca4776eb805bc2e8ed2d1c95e485a7ccff2506ffb,201093,4,1,True,True,True,local_trade_no_swap_certified,1,1,False,True,True,False,False,334.0,2,97
2415,f094cd7df4f16c89843c3b91cd8efd9b0b0434e8acd0752ea0dbacea4cce21d6,218775,4,1,True,True,True,local_trade_no_swap_certified,1,1,False,True,True,False,False,724.0,2,85
2416,5bd3e950c7c85292c556346a30c4dffc68fdd89652c8c68427e955844d7d8737,69910,4,1,True,True,True,local_trade_no_swap_certified,1,1,False,False,False,False,False,569.0,2,114
2417,392d47cbda6d02364ab5a39f598cc1ed4b97381777e0c10f391cf13ff6bdca5e,146462,4,1,True,True,True,local_trade_no_swap_certified,1,1,False,False,False,False,False,309.0,2,234
2418,2397cd7547f06c586a1a438a1907a749800f2a5416947219134b7c4d4c36144c,227580,4,1,True,True,True,local_trade_no_swap_certified,1,1,False,True,True,False,False,1156.0,2,85
2419,03bc898cb2bba276c18370bc0720a140e37bcc153570ebc947af717f3e63c679,228924,4,1,True,True,True,local_trade_no_swap_certified,1,1,False,False,False,False,False,615.0,2,92
2420,269b4ccecdf419c60e2389e4fc5e25f6352a83b2b29ba23915881a747e3011b7,236331,4,1,True,True,True,local_trade_no_swap_certified,1,1,False,False,False,False,False,1357.0,2,85
2421,e5f3eb6fa7bbaba83cd2692e740487270d7fd6c16b25c693bdf1ab84a5eeefe2,66125,4,1,True,True,True,local_trade_no_swap_certified,1,1,False,True,True,False,False,1748.0,2,345
2422,f000bfb1ef74d11a4bb999ab0c92fec13ea38e20eba33e9e04f52ca73256c043,149295,4,1,True,True,True,local_trade_no_swap_certified,1,1,False,False,False,False,False,6175.0,2,136
2423,2893f36aa3d231c1c5dcdedea2d50d4d4bb6df77031b66939adc14bc60b02d9d,39323,4,1,True,True,True,local_trade_no_swap_certified,1,1,False,False,False,False,False,3214.0,2,85
2424,b52437c2bc5b722771b9765f135859560556db905d80600e35b727772a2feb56,192468,4,1,True,True,True,local_trade_no_swap_certified,1,1,False,True,True,False,False,1080.0,2,86
2425,b9344645944799f9d7956e6501f90968a07023885adf21d62344948d5f252a27,80610,4,1,True,True,True,local_trade_no_swap_certified,1,1,False,False,False,False,False,1146.0,2,85
2426,cd43fe7624623509ba9c8b140c5932f2a2551d535086c8050aa459d6b37e516a,202269,4,1,True,True,True,local_trade_no_swap_certified,1,1,False,False,False,False,False,1246.0,2,175
2427,4af117ea9a23484c0237316734520f33cb8ab911ed36702f612821873b54e71a,183464,4,1,True,True,True,local_trade_no_swap_certified,1,1,False,True,True,False,False,206.0,2,85
2428,2f55dae3adb53454dc4880f3db2bfc610080435819bc0669add57d0710a2831c,219789,4,1,True,True,True,local_trade_no_swap_certified,1,1,False,False,False,False,False,5066.0,2,125
2429,9d8cd4eefefb2596106cc578ae9a004d07350de631962af86543b8e41520ae4e,176467,4,1,True,True,True,local_trade_no_swap_certified,1,1,False,True,True,False,False,744.0,2,85
2430,39e47267c63b9b340d37bbef879b8b91b10c7ad5a740d04a15404bf6d6d5f950,215829,4,1,True,True,True,local_trade_no_swap_certified,1,1,False,False,False,False,False,287.0,2,147
2431,cecd795908e94332cef9f402d35ee27400e528d29083391be7e55a2fd0cfbfc1,197734,4,1,True,True,True,local_trade_no_swap_certified,1,1,False,False,False,False,False,1191.0,2,374
2432,280b9c368aea5e807df595944e663d3166df8fdc78d431e085fb3144298e1018,26398,4,1,True,True,True,local_trade_no_swap_certified,1,1,False,False,False,False,False,357.0,2,114
2433,e4702dfe4cb3e452d2448c314e3f83e46220e099db8d72f0a4fd52eb9ccc0d38,3443,4,1,True,True,True,local_trade_no_swap_certified,1,1,False,True,True,False,False,753.0,2,85
2434,0dc536d5e80e7920707cef32dfb2a3dc3c7ab094479e4af22e5d67553c3b4352,259989,4,1,True,True,True,local_trade_no_swap_certified,1,1,False,False,False,False,False,1128.0,2,137
2435,795f962bb99ba24b94d83ab40a09f40bca0d8f39d0834e7ba3bbf5b8c10cf50b,263405,4,1,True,True,True,local_trade_no_swap_certified,1,1,False,True,True,False,False,255.0,2,132
2436,f88989c2406a33c003fe31d9dac27f7ab11f9dd0c2b17d68546cf55f2a5397d1,278444,4,1,True,True,True,local_trade_no_swap_certified,1,1,False,True,True,False,False,429.0,2,85
2437,b09d425d16dd9f5377caa12aeab227ecc6f4677f77d469f44ed38436bb49aeff,74355,4,1,True,True,True,local_trade_no_swap_certified,1,1,False,True,True,False,False,1517.0,2,223
2438,f0cf33175a0d57654209d17d5c19302c2aa3e0870a47136693445211cc0469de,123221,4,1,True,True,True,local_trade_no_swap_certified,1,1,False,True,True,False,False,1349.0,2,193
2439,524aaf905cb38634f8ab75ad29b5c0c78cc1761ee7ede88e6071ec7eb0f0a12b,105694,4,1,True,True,True,local_trade_no_swap_certified,1,1,False,False,False,False,False,145.0,2,85
2440,2fb6d6636593890dcca5f3c81b905b88b116ba13772579d1432394aad66af1fa,245524,4,1,True,True,True,local_trade_no_swap_certified,1,1,False,True,True,False,False,727.0,2,85
2441,9e5aaffbc307bec1c724121a1a7932192fd48d49432569160eb50c480ca847d2,186621,4,1,True,True,True,local_trade_no_swap_certified,1,1,False,False,False,False,False,209.0,2,85
2442,65948460389a8739e99afee0a911c3da95041abf0a39371a8d87e2e7f80cc985,282260,4,1,True,True,True,local_trade_no_swap_certified,1,1,False,True,True,False,False,719.0,2,378
2443,fd4c573bf05e6c129c2e3625c58bb62d61fe360fae561dae162ea7d31b82fc29,206484,4,1,True,True,True,local_trade_no_swap_certified,1,1,False,False,False,False,False,116.0,2,85
2444,a36b3e17f296eacc10444d3d7d298924d8f293cb1d9ec4d3662d1179dfbafe34,214184,4,1,True,True,True,local_trade_no_swap_certified,1,1,False,True,True,False,False,766.0,2,106
2445,c0bcf17576452f50cc22f0db8076d142dd47ad9496a6db2f9ef110d89bb9606a,264044,4,1,True,True,True,local_trade_no_swap_certified,1,1,False,True,True,False,False,1112.0,2,143
2446,440e04d5a764244aeb12c59384797450a6a8650ddf933ba1ed97d5f544e2c55c,71556,4,1,True,True,True,local_trade_no_swap_certified,1,1,False,True,True,False,False,149.0,2,103
2447,793979c19c15ee7a29409aa2b1a3aaf49431ca851ffe246fac111558afd93e26,282262,4,1,True,True,True,local_trade_no_swap_certified,1,1,False,True,True,False,False,361.0,2,117
2448,4c1f3d16e9ef3f14b07018ae9fa53526d4a744adf344a1aa46076bf506acc117,286250,4,1,True,True,True,local_trade_no_swap_certified,1,1,False,False,False,False,False,540.0,2,105
2449,140538fccd618e8d3c41607c291dcf0712c52228bbccebad2a86d9de69dc89c9,190634,4,1,True,True,True,local_trade_no_swap_certified,1,1,False,False,False,False,False,4779.0,2,85
2450,71dcf04046bcf57eaf78a75419ad4129d26e3e9510fb01c84b78b889e3e7db5c,285980,4,1,True,True,True,local_trade_no_swap_certified,1,1,False,False,False,False,False,232.0,2,85
2451,2f4fefa20cba660d62ebf9e428f9be75c66dc834ae811e00ea877ed3e3a4e999,279748,4,1,True,True,True,local_trade_no_swap_certified,1,1,False,False,False,False,False,2822.0,2,159
2452,a7ffe685f1cf83421a1d1cb0830b42ec132b41195a9abc5fe2edb862df01bd0c,62465,4,1,True,True,True,local_trade_no_swap_certified,1,1,False,True,True,False,False,462.0,2,103
2453,f7e704dc44473a979aeed6d6dfd91676195da689513fca75bfb36e0d3c17b2ab,9032,4,1,True,True,True,local_trade_no_swap_certified,1,1,False,False,False,False,False,2613.0,2,190
2454,316dcdf4f3402f91d054af3aace5402fc2bcd34dcd6877a42e88820386f7aaea,249439,4,1,True,True,True,local_trade_no_swap_certified,1,1,False,False,False,False,False,2073.0,2,85
2455,07033e6a1c7ad2c3dc3d04ad03de12708f641a0bd1b3bdb8543eb8f0fccc9905,162287,4,1,True,True,True,local_trade_no_swap_certified,1,1,False,False,False,False,False,434.0,2,85
2456,de93f60536b4543f7281ea77a536eedd1b5a3f44d9adee9c4cba62c089eac24b,209445,4,1,True,True,True,local_trade_no_swap_certified,1,1,False,True,True,False,False,2880.0,2,105
2457,e8bc1af6e94826a59aa80e1bbc1755a0fede2f43796297da4202f1857fcc78dd,245888,4,1,True,True,True,local_trade_no_swap_certified,1,1,False,False,False,False,False,416.0,2,98
2458,872a1bfa4b671f72e692b8611227a0cc06c9fe6cacfd6b815b77a98b1a621546,290288,4,1,True,True,True,local_trade_no_swap_certified,1,1,False,True,True,False,False,1796.0,2,97
2459,849dd60ea170f0b081906e1a5755e677fd74dab73a062f44863700fb87184a81,74189,4,1,True,True,True,local_trade_no_swap_certified,1,1,False,False,False,False,False,1255.0,2,328
2460,f90ac82de415a067babd73e27037f4c0981cd0047d9e2c77c4e7c393eadaaaa6,228368,4,1,True,True,True,local_trade_no_swap_certified,1,1,False,False,False,False,False,170.0,2,85
2461,7694157464610777a9f4a1cc828db91698106f0f84e9089ba07cbe081656463a,3138,4,1,True,True,True,local_trade_no_swap_certified,1,1,False,True,True,False,False,170.0,2,85
2462,a0f890a2616510d6df20a4a7379bd2e5bb6591249d12e44e0982703c3c4fa7d0,211362,4,1,True,True,True,local_trade_no_swap_certified,1,1,False,False,False,False,False,377.0,2,120
2463,842e66d0bd88a67fca98ce18c064c2b42eb13b3684eeb0f4bb377632190cfc29,242388,4,1,True,True,True,local_trade_no_swap_certified,1,1,False,True,True,False,False,1249.0,2,85
2464,93dcd29e469d18d858c5fb4f8ac8df90e0a9433b79b025662b623cddc5d8f872,262920,4,1,True,True,True,local_trade_no_swap_certified,1,1,False,False,False,False,False,644.0,2,85
2465,75bd477fd6f0ded87bc2e6bdb59150c3f6f8aa4c1ae7136347cfb05491140e47,233191,4,1,True,True,True,local_trade_no_swap_certified,1,1,False,True,True,False,False,1832.0,2,180
2466,d12cf38aa8b25f4445f75fd395acfecc4cce58105f161d9fde6eb81ffb5649a4,172278,4,1,True,True,True,local_trade_no_swap_certified,1,1,False,False,False,False,False,1821.0,2,311
2467,114214aeb83c82385bb49adc6a8e3bc0aae0c07f58bf354e58145654d8a74959,298644,4,1,True,True,True,local_trade_no_swap_certified,1,1,False,False,False,False,False,1994.0,2,147
2468,57a30535d020ff9feb2870e154a483ad115b39e226d3b01485bcbab150e86c4f,203676,4,1,True,True,True,local_trade_no_swap_certified,1,1,False,True,True,False,False,373.0,2,134
2469,83e797895cbbf241dd77bf39e5cb8bd6193eacadfb5a086e5bb85b14296a847a,132942,4,1,True,True,True,local_trade_no_swap_certified,1,1,False,True,True,False,False,272.0,2,85
2470,c841ced7c821670ead753106b023fd3804422b4ea15813871f1d09d771feaee4,7054,4,1,True,True,True,local_trade_no_swap_certified,1,1,False,False,False,False,False,571.0,2,91
2471,e3656b5f2d78fad76d76f3b9197f55e37fed65000f61d433b6a139702d60c940,254703,4,1,True,True,True,local_trade_no_swap_certified,1,1,False,True,True,False,False,767.0,2,85
2472,a3d9b20c7561e3a34077e8c69a0431857ee30c1af68ec025c0749124d8da6666,35741,4,1,True,True,True,local_trade_no_swap_certified,1,1,False,True,True,False,False,282.0,2,85
2473,8817cc20db65751abfaddfb26346ac4d57884f506df48a99f7631d6ddcc9aff7,164988,4,1,True,True,True,local_trade_no_swap_certified,1,1,False,True,True,False,False,669.0,2,160
2474,b631195d314948785346bd96eb9993e6ceda59e147ff1895d19408f587978aec,173191,4,1,True,True,True,local_trade_no_swap_certified,1,1,False,False,False,False,False,217.0,2,85
2475,a3b123177bbfb2af80e0f8f104c356e86abadb91e98ad56906308c0a26b8f794,121239,4,1,True,True,True,local_trade_no_swap_certified,1,1,False,False,False,False,False,3782.0,2,134
2476,40868a3617898ba3847f8181ea6da121bda8c2805c148a68176cf34d44462001,231695,4,1,True,True,True,local_trade_no_swap_certified,1,1,False,False,False,False,False,41728.0,2,85
2477,62c0962b1b842472a11b68d1ff80fc582fb0caab616f246b65530847093e211b,227570,4,1,True,True,True,local_trade_no_swap_certified,1,1,False,False,False,False,False,782.0,2,85
2478,1a346de2e4715ac3e8f3ba1a1056c4b8fcf5d14e630220783e141308c9a7f658,104301,4,1,True,True,True,local_trade_no_swap_certified,1,1,False,True,True,False,False,8611.0,2,85
2479,b32f0b9f746f3c6bcdbd69905242bf90b6b8a79997b59750de05655452118336,225933,4,1,True,True,True,local_trade_no_swap_certified,1,1,False,True,True,False,False,1547.0,2,161
2480,5b5d5156ebce12c1c8df65e30881178e23429d252e644c2fa05b3499f0c9ace2,234262,4,1,True,True,True,local_trade_no_swap_certified,1,1,False,True,True,False,False,357.0,2,191
2481,4f06dc767ed6b750a914a2b953fc77ebf8456aafc8e84d47a5f63945b1547372,153309,4,1,True,True,True,local_trade_no_swap_certified,1,1,False,False,False,False,False,408.0,2,101
2482,d47d0df6b1288778d044d70335d22592113ec076ba0087d450009e4672746e7c,10794,4,1,True,True,True,local_trade_no_swap_certified,1,1,False,False,False,False,False,2913.0,2,85
2483,e8f99ca1783fe599bf24860cd885706e19beb6b98bdff8b49dbc6629deed31cb,276438,4,1,True,True,True,local_trade_no_swap_certified,1,1,False,False,False,False,False,79.0,2,85
2484,d6e6ac114c5c30aa9a889b1fd157eb07f34cb58f6f8940677db7965c2849968f,270727,4,1,True,True,True,local_trade_no_swap_certified,1,1,False,True,True,False,False,11204.0,2,725
2485,9ea7d0a5fd13bdbef516945fa495eaa04d1d86cfacfb62ec7a706199514cc4b6,257291,4,1,True,True,True,local_trade_no_swap_certified,1,1,False,False,False,False,False,873.0,2,191
2486,cf7075ac46d9c7d7ab73ee8898e672b7eb304c00cb823e3a67199f63ef98d750,49800,4,1,True,True,True,local_trade_no_swap_certified,1,1,False,True,True,False,False,315.0,2,155
2487,e71c3c7bfe5c656ae295bfdfcabe3abbb1f6efec32b226d9a9308ddf3bf3135b,247805,4,1,True,True,True,local_trade_no_swap_certified,1,1,False,True,True,False,False,4275.0,2,114
2488,7dc5511bcc08a048da309553912014c25c670b13ed31ebcde71c616d469129b4,267789,4,1,True,True,True,local_trade_no_swap_certified,1,1,False,False,False,False,False,3378.0,2,112
2489,e3435e99aff66f7a30e0501a674796807713b87db31be7981f07b52091c84ea1,295523,4,1,True,True,True,local_trade_no_swap_certified,1,1,False,True,True,False,False,1539.0,2,169
2490,a115fea6f7bb950467034c5aca4200fa887a3b0f1dd20716730ae9d968c030f4,67494,4,1,True,True,True,local_trade_no_swap_certified,1,1,False,False,False,False,False,1714.0,2,235
2491,6bec3d9dd29df0db31009532923c394c2d7fd226d4ce84153c7aea4cb08eeacf,256441,4,1,True,True,True,local_trade_no_swap_certified,1,1,False,True,True,False,False,1290.0,2,85
2492,520765c0f5c82d33d69533d7bd9a493c706091e492642c351ebcbc2c4677bce2,53854,4,1,True,True,True,local_trade_no_swap_certified,1,1,False,True,True,False,False,152.0,2,85
2493,a8c53c42ab1cfe5bee55952db6aaaab62f1ad7671801bd8ba67aa1c7b458e5d8,1967,4,1,True,True,True,local_trade_no_swap_certified,1,1,False,True,True,False,False,170.0,2,100
2494,c291c8e753d96b3df8a04643e168b62c00c0726f62140d82d458c89049800bcf,208698,4,1,True,True,True,local_trade_no_swap_certified,1,1,False,False,False,False,False,1578.0,2,85
2495,17a26183336344a88f1cd851c3a244dfe4e242951727ec8c84abe571bceb451f,38817,4,1,True,True,True,local_trade_no_swap_certified,1,1,False,True,True,False,False,676.0,2,138
2496,7132abd1c1af9e2fc1345a82c7a561bf7924365d608c6ea1f07cac0b128f9a83,134101,4,1,True,True,True,local_trade_no_swap_certified,1,1,False,True,True,False,False,1384.0,2,121
2497,2ef611fd5e0789b8f69a9a3d080632517c9ccb2ac8891815839f25f2d4102835,224117,4,1,True,True,True,local_trade_no_swap_certified,1,1,False,True,True,False,False,2941.0,2,105
2498,33c7a41f50c5149cd700928c85e312f5a273fd876491fcdb262074229f7da55a,298730,4,1,True,True,True,local_trade_no_swap_certified,1,1,False,True,True,False,False,692.0,2,112
2499,dd00f0d85376fe0fdde5663798d6ed6a903da0ee3a616a52b5706dd02932c642,13195,4,1,True,True,True,local_trade_no_swap_certified,1,1,False,True,True,False,False,750.0,2,89
2500,97525105df0ac68959fd3480f02c0c4c98fe8dd009c685af75c0949a7575e158,186292,4,1,True,True,True,local_trade_no_swap_certified,1,1,False,True,True,False,False,1473.0,2,91
2501,7540ea498d7295b6a5e35a9481fe5f55cb478e4100ed0dc9c767127b3084aafc,220028,4,1,True,True,True,local_trade_no_swap_certified,1,1,False,False,False,False,False,1300.0,2,105
2502,f4f91cf2a2644375841271a2480f9df0e986327c4f13f1f12c5ea02b29dc3d52,275128,4,1,True,True,True,local_trade_no_swap_certified,1,1,False,True,True,False,False,4001.0,2,268
2503,c2da3254bd4e6f6043aad3c7af960bd42a113d428920389d43e1241670582d47,101404,4,1,True,True,True,local_trade_no_swap_certified,1,1,False,False,False,False,False,560.0,2,85
2504,37a67ebdb5e99e374f9b8409250198ff8f66ac1178a0c08b448d6b09bd39dc5d,16862,4,1,True,True,True,local_trade_no_swap_certified,1,1,False,True,True,False,False,10949.0,2,188
2505,f5eb305b823d929456df7e853eae720c34642b78ccaca9b481659fc7e7aae0f3,193423,4,1,True,True,True,local_trade_no_swap_certified,1,1,False,False,False,False,False,1119.0,2,85
2506,494b9192eb508fc1597e1230222d6da7d5428d5abf200f16a1f5b03f616361a0,93552,4,1,True,True,True,local_trade_no_swap_certified,1,1,False,False,False,False,False,99.0,2,85
2507,124603605f8acb058b9f070498a1dc4286802a93af4c3fedc940290d1c47fcea,3739,4,1,True,True,True,local_trade_no_swap_certified,1,1,False,True,True,False,False,2327.0,2,85
2508,dba0f67a612d576a23b6c9cbd5c0c2a10c506adbffadebe7e89177f664e05331,191388,4,1,True,True,True,local_trade_no_swap_certified,1,1,False,True,True,False,False,1028.0,2,102
2509,33fc4bf11d5a7e13edb0890e20e503ac9bd175593229a5d4f456a1c2f7e16ab8,277533,4,1,True,True,True,local_trade_no_swap_certified,1,1,False,False,False,False,False,2184.0,2,366
2510,0db26200c71e560165051297479b31e225835b362ce17c85c4a15420bcc48bb2,250441,4,1,True,True,True,local_trade_no_swap_certified,1,1,False,False,False,False,False,118.0,2,121
2511,f5e29a399fd21bed30f2018ae07dce14917a24bfe65fcc7e6a55fb2afc503040,58449,4,1,True,True,True,local_trade_no_swap_certified,1,1,False,False,False,False,False,291.0,2,85
2512,f31428acac77489d81bde0c92bc08e218e90e13c77269b19b177472338a3abc2,128587,4,1,True,True,True,local_trade_no_swap_certified,1,1,False,False,False,False,False,202.0,2,113
2513,32ec3ac0f1f018e267b2a2f87fe52683120a43b3913c66bdc9bbe5d5a07e9271,204155,4,1,True,True,True,local_trade_no_swap_certified,1,1,False,False,False,False,False,305.0,2,111
2514,d7f6e43dff31653ad9e45e38baef336db647fb568f5ca59f0a266dbb69313f94,159842,4,1,True,True,True,local_trade_no_swap_certified,1,1,False,True,True,False,False,577.0,2,139
2515,af69a26df2003565771110ec3b6ecaee9ebe6c529ccade7a2d871c8412337d8e,166607,4,1,True,True,True,local_trade_no_swap_certified,1,1,False,True,True,False,False,470.0,2,103
2516,0228677d3304fa98221610daf7d1fa1bae8c5baed289e3cd942a7758b12b0105,143593,4,1,True,True,True,local_trade_no_swap_certified,1,1,False,False,False,False,False,842.0,2,85
2517,608454143cf6792c7f764f33c5e543e5d77d633926c827d547c184da2b3c6c41,270627,4,1,True,True,True,local_trade_no_swap_certified,1,1,False,True,True,False,False,721.0,2,115
2518,b0df33b019fd69ba4f9de3640230142fe9065124af98a8b6d5e7f1778448164e,18938,4,1,True,True,True,local_trade_no_swap_certified,1,1,False,False,False,False,False,556.0,2,85
2519,96bc52e7f290330a512e1c1e0dfa477f510515f7f56adcbfe71e426144eb49e8,182057,4,1,True,True,True,local_trade_no_swap_certified,1,1,False,True,True,False,False,1728.0,2,90
2520,30e9cecf845b4fbc3ba1b4da92fc46040bf70f813267aa562ae5f354d2916bb7,238412,4,1,True,True,True,local_trade_no_swap_certified,1,1,False,False,False,False,False,589.0,2,85
2521,f31552299754434a430e4e71ec9470c3d85ba8374b385dbb55aff208812bb1ca,74552,4,1,True,True,True,local_trade_no_swap_certified,1,1,False,True,True,False,False,143.0,2,85
2522,04690b8753031221177480b049457b93a1b3ccf3fac0d0546f66a35603abbf22,6343,4,1,True,True,True,local_trade_no_swap_certified,1,1,False,True,True,False,False,97.0,2,85
2523,9d1880ac1cdf3f7bd42172970f0cf6708267518938a5f75d8a2d7d4c8ba9e94e,199904,4,1,True,True,True,local_trade_no_swap_certified,1,1,False,False,False,False,False,539.0,2,127
2524,f79ff1f42612f8b09cbbc53fb88e6345489eddb72b4507060fdc93d67c41e281,300450,4,1,True,True,True,local_trade_no_swap_certified,1,1,False,False,False,False,False,4027.0,2,137
2525,c8e802c6f10c896a1d46044bcd5705bc39d43bd7632a0f337a8df721deecda79,93262,4,1,True,True,True,local_trade_no_swap_certified,1,1,False,False,False,False,False,74.0,2,85
2526,1d0879b1d42c64c1d84e150e5459ebbe3d0c271d391449137c314806944c7c8a,108948,4,1,True,True,True,local_trade_no_swap_certified,1,1,False,True,True,False,False,933.0,2,114
2527,1d9d39336aae62c8c31989f84085d628b55512dd57ea3f061e25252e859f01dd,149023,4,1,True,True,True,local_trade_no_swap_certified,1,1,False,False,False,False,False,1617.0,2,115
2528,0906f1cd520a707bac55df0a88d500b8257c5959157e9bbdb8527dfb07998a39,84514,4,1,True,True,True,local_trade_no_swap_certified,1,1,False,True,True,False,False,510.0,2,97
2529,a1ad50df9e12345510b87af94fbdcecaa3b1716e359e6bd6468ce183b1ddd965,99545,4,1,True,True,True,local_trade_no_swap_certified,1,1,False,False,False,False,False,89.0,2,85
2530,cdce46509f622a11f07b3d65ed0640c89c27b3cf5b9ae60402087fe836e73e2d,8176,4,1,True,True,True,local_trade_no_swap_certified,1,1,False,True,True,False,False,2630.0,2,166
2531,f02a3ec3932b81abd9201ce574bc868690050bfbc2d7a611ee95e31d4c7e91d7,157138,4,1,True,True,True,local_trade_no_swap_certified,1,1,False,False,False,False,False,586.0,2,85
2532,65428987d4de1daf042a393a141e0ab1d564fd21935eecaaff68f31579f07399,190175,4,1,True,True,True,local_trade_no_swap_certified,1,1,False,True,True,False,False,419.0,2,122
2533,ac71c8502bbcb64d19ade02976efbca33eec7e56b59df952f91fa148c160fd01,215465,4,1,True,True,True,local_trade_no_swap_certified,1,1,False,False,False,False,False,4678.0,2,107
2534,ca8deffb0bca8a069a88265a833a961a0e2e60b914c7d4dcde7fcaee395c2f16,139266,4,1,True,True,True,local_trade_no_swap_certified,1,1,False,False,False,False,False,134.0,2,89
2535,4965b1cd7e01c4d5b4878cc50f500fd454db67fc354688165794c580bb998384,94253,4,1,True,True,True,local_trade_no_swap_certified,1,1,False,True,True,False,False,511.0,2,123
2536,99c85bb2281f932f24e629ca52f2dc3006398c67513229fecfbb84972a48dfd6,65335,4,1,True,True,True,local_trade_no_swap_certified,1,1,False,True,True,False,False,174.0,2,85
2537,5cc5ec3ac6ed80c133279ae5873a4043e3e623a6282e07db0059a55b55602c5b,111580,4,1,True,True,True,local_trade_no_swap_certified,1,1,False,True,True,False,False,183.0,2,85
2538,97f5943f9c2d98fa86b8cf2576c0426a6ad37de61bd0ff0dc0beee9ce487d07f,52517,4,1,True,True,True,local_trade_no_swap_certified,1,1,False,True,True,False,False,172.0,2,85
2539,19b0ea8304cf9df1b505ce8af9614277c6a8b5886088e15d19083a76f7200db8,84790,4,1,True,True,True,local_trade_no_swap_certified,1,1,False,True,True,False,False,235.0,2,117
2540,11a8363b08a90ee4d2c22de625257d1aa2acb921409424f73c4dba366eda945a,189526,4,1,True,True,True,local_trade_no_swap_certified,1,1,False,True,True,False,False,126.0,2,85
2541,d4bb3b75879afe0d84f9e5e191ca51bc5b6ae35eba303ae7e049a7a18b029e97,223476,4,1,True,True,True,local_trade_no_swap_certified,1,1,False,True,True,False,False,1733.0,2,169
2542,ceee9f321b3e7a4962a249b30839a7791a0ac83211294bd79e9f40cf9c093d1e,42272,4,1,True,True,True,local_trade_no_swap_certified,1,1,False,True,True,False,False,977.0,2,85
2543,93492d93380d1c27a3a7a05a767e2444766505df57290a96b52afbd857ab10c1,267286,4,1,True,True,True,local_trade_no_swap_certified,1,1,False,False,False,False,False,1210.0,2,172
2544,5aafb6ea9b9849a8fc4901107714bc4905d870eb9c82afd2608a262367cc58ae,6334,4,1,True,True,True,local_trade_no_swap_certified,1,1,False,True,True,False,False,8285.0,2,85
2545,75722a70f144e0ed0f8084c9a61c3059db731c347310238663f8d977186f9be5,270875,4,1,True,True,True,local_trade_no_swap_certified,1,1,False,False,False,False,False,492.0,2,133
2546,9ddd71ef8bbe417752f14d52cc77e0cfb0192573f52443728f67cb3ef26e1d05,8553,4,1,True,True,True,local_trade_no_swap_certified,1,1,False,False,False,False,False,265.0,2,85
2547,1e0db3af8cf6538461f9a29038aaa0c8a3a5f6ac9f859d102a1b46c2cfccf5d0,124278,4,1,True,True,True,local_trade_no_swap_certified,1,1,False,True,True,False,False,712.0,2,85
2548,30ffb792178c0ead3186246f3b4d7390839cad65a49de16547f92220880b36bc,275205,4,1,True,True,True,local_trade_no_swap_certified,1,1,False,False,False,False,False,103.0,2,85
2549,72594940f43cd5862b17a81e1a864e85d79ab68a36023f6607a4c66f0e155bb4,124584,4,1,True,True,True,local_trade_no_swap_certified,1,1,False,False,False,False,False,2001.0,2,152
2550,20b6800dd5d466147f30b4634694aef75029d4690875f12bea89d9d626c58634,147400,4,1,True,True,True,local_trade_no_swap_certified,1,1,False,False,False,False,False,143.0,2,85
2551,85ec3dfe3e2b089005c4a26c17c6e3378e6cc1c51f0b4f79117cd39fed2cf64c,71855,4,1,True,True,True,local_trade_no_swap_certified,1,1,False,True,True,False,False,308.0,2,85
2552,a26665e53b2f31a558c924fb9d2f4a5ed24259a9380b2ebb0a7f02be1e449509,231047,4,1,True,True,True,local_trade_no_swap_certified,1,1,False,False,False,False,False,264.0,2,114
2553,4ba494964fc4e7d4f630ed7f957055c4b2bf9e12840ee5fc9ecdf5ee2464d3f0,199172,4,1,True,True,True,local_trade_no_swap_certified,1,1,False,True,True,False,False,927.0,2,94
2554,a8035ebddc3135abda01454db7c4a738b56f83e32f9997c5dafd30a83eac6e02,196746,4,1,True,True,True,local_trade_no_swap_certified,1,1,False,True,True,False,False,487.0,2,124
2555,bd9fd5f0281c255e1cd5643c9368b18b184902fef2aaf5eba0598ca5cc0e2165,290960,4,1,True,True,True,local_trade_no_swap_certified,1,1,False,True,True,False,False,283.0,2,120
2556,aafe508467ff4574e66414f0cb9e333363fc441a8de7b5a08f22333fdcae85ef,207824,4,1,True,True,True,local_trade_no_swap_certified,1,1,False,False,False,False,False,1803.0,2,120
2557,5d417a4fa963581eaa90046c4920725d611d07f40de59c26942e2d16762eaf02,37088,4,1,True,True,True,local_trade_no_swap_certified,1,1,False,False,False,False,False,4395.0,2,89
2558,f65657da2f24f4aab7c6d0cb36dec1de482eb75904b5312c30f56e533c2c81ac,74105,4,1,True,True,True,local_trade_no_swap_certified,1,1,False,False,False,False,False,290.0,2,85
2559,da3fe097e76226cfc80df23ce9db14e07dc6f5561f11a38554af1f7bd772ed57,28393,4,1,True,True,True,local_trade_no_swap_certified,1,1,False,True,True,False,False,10559.0,2,274
2560,3de5df379079c52608f46fe39742c897f4eb263de58f5a9cd782ffc64eee0a6e,123299,4,1,True,True,True,local_trade_no_swap_certified,1,1,False,True,True,False,False,3189.0,2,101
2561,a0d28836e70acbf9fd1b9e5b9af44864823b7464ad45b9e73a27d01b1c180d69,92913,4,1,True,True,True,local_trade_no_swap_certified,1,1,False,True,True,False,False,203.0,2,103
2562,1240068edfc166eecf39b23a827f086b73c1f63184d38056ee5ae49fb56d818d,267569,4,1,True,True,True,local_trade_no_swap_certified,1,1,False,False,False,False,False,4456.0,2,192
2563,b3c93ce5f16e7579aca72177110ab612c7e2e6f2d28e4f6793830eecda03d3f3,153222,4,1,True,True,True,local_trade_no_swap_certified,1,1,False,True,True,False,False,781.0,2,213
2564,fa3147dcb3679abe9642dffb9989836eae1eb8a8fdafee94d221df2e24fb84a1,267788,4,1,True,True,True,local_trade_no_swap_certified,1,1,False,False,False,False,False,489.0,2,151
2565,f962dce058c301e28b014119dcce25035f9569b180ade08cd04b90a76c94baeb,297486,4,1,True,True,True,local_trade_no_swap_certified,1,1,False,False,False,False,False,660.0,2,170
2566,c656c3951e59ce52c30c02e26a01c026b219aa0f8c1e81114dcfd78fedd76c40,223196,4,1,True,True,True,local_trade_no_swap_certified,1,1,False,False,False,False,False,2234.0,2,85
2567,1f9d004709e55e3d700c714bf10f7a0cf5a4dad4b8038b6624c1edf008a32187,109551,4,1,True,True,True,local_trade_no_swap_certified,1,1,False,True,True,False,False,426.0,2,177
2568,fe92f57e81e49ad8dc658648b3a66aa4e54b08bdf4503e4098154629e781bc80,147955,4,1,True,True,True,local_trade_no_swap_certified,1,1,False,True,True,False,False,1259.0,2,124
2569,4bd04ad0d5bd3ea62216c96a7ba8fcd9603afbfc032015f3332a019bd1bb24db,249753,4,1,True,True,True,local_trade_no_swap_certified,1,1,False,False,False,False,False,230.0,2,85
2570,0c5713f61f3d2af63cc55c912d399a56c605840f10bdf37918e753a09deda681,289051,4,1,True,True,True,local_trade_no_swap_certified,1,1,False,False,False,False,False,180.0,2,108
2571,c915436f48041815862df5059b721cb77092d459f25e255777af4823607c0025,6347,4,1,True,True,True,local_trade_no_swap_certified,1,1,False,True,True,False,False,285.0,2,85
2572,c9a0301f6b139fb9fce115c37c388ac047e96224a2999739e8b6fcb720b368ec,285535,4,1,True,True,True,local_trade_no_swap_certified,1,1,False,False,False,False,False,1802.0,2,85
2573,51aafab3ce99697f7464598f20e19f526f929a58940dea84b79c614a1875f6b6,150292,4,1,True,True,True,local_trade_no_swap_certified,1,1,False,False,False,False,False,1681.0,2,91
2574,69ae274d6da5c123f1d4725b05cf08d1613cd1f305a006ca6d0e5249e688145c,15507,4,1,True,True,True,local_trade_no_swap_certified,1,1,False,True,True,False,False,98.0,2,85
2575,f1d467a8cba4efab182133496df4e70db646663d81ee6852afb4344048aeac30,181368,4,1,True,True,True,local_trade_no_swap_certified,1,1,False,False,False,False,False,1273.0,2,85
2576,4c7b8cb31d80cb1d6c2cb456d148d91ae7d17dac570834060f0af418407e2046,49023,4,1,True,True,True,local_trade_no_swap_certified,1,1,False,True,True,False,False,1119.0,2,132
2577,3c6dbd063482966e3a428583f84731963771113320872fdb2d4b5cd6ec52b39a,243905,4,1,True,True,True,local_trade_no_swap_certified,1,1,False,False,False,False,False,75.0,2,85
2578,4c99d5f219da464c36abebe37d1d82c99a0cf17f41168018e39b934013911b48,215915,4,1,True,True,True,local_trade_no_swap_certified,1,1,False,True,True,False,False,254.0,2,91
2579,91ed2c196d56a3446e50dd902c0e75339dd85339e1562d75854e373c3e5e5348,200915,4,1,True,True,True,local_trade_no_swap_certified,1,1,False,True,True,False,False,225.0,2,120
2580,33ad92143e04acafd2240e5a292b2b383ee9f92dadb01c9a399f2401d5dbc885,102706,4,1,True,True,True,local_trade_no_swap_certified,1,1,False,True,True,False,False,332.0,2,85
2581,914973af373fcd9df85c9b0487d432f1d9b4d0ee4c8da18614747cd7fa0497d0,58255,4,1,True,True,True,local_trade_no_swap_certified,1,1,False,True,True,False,False,137.0,2,85
2582,eaf876146cfe25f9e01fd3756b4d81a03f06b86d466db06fe1e407137d5d4e98,35889,4,1,True,True,True,local_trade_no_swap_certified,1,1,False,False,False,False,False,711.0,2,93
2583,46dabd21abe2dc6f701e66d55dd284ff7fe7db4d2e6f9d580bc5a79cf8130192,73805,4,1,True,True,True,local_trade_no_swap_certified,1,1,False,True,True,False,False,2014.0,2,120
2584,5d7df99ea9d6691e716bfb5c8cb29174fe52a27cc795c294c7e7608c97a51c28,5979,4,1,True,True,True,local_trade_no_swap_certified,1,1,False,False,False,False,False,331.0,2,85
2585,c147b0522e82a8c5c9b8e4866cf71ec49c4be67fb8a53f636dd59d75ed50b91c,127119,4,1,True,True,True,local_trade_no_swap_certified,1,1,False,False,False,False,False,289.0,2,85
2586,65b3947ba5da7a627a11b2fc24f6e5ca55aecac847f5434122022c729712d191,118314,4,1,True,True,True,local_trade_no_swap_certified,1,1,False,False,False,False,False,172.0,2,85
2587,ee7165a7641cfe9a393ebf3aabbff53844a83ed4bd91f0d2cf27835bfd6fe041,242770,4,1,True,True,True,local_trade_no_swap_certified,1,1,False,True,True,False,False,2187.0,2,110
2588,c74a2df59c6afe0d238685ab116ad28b6b09fd4ea4d359a261a9d781254a9afd,180366,4,1,True,True,True,local_trade_no_swap_certified,1,1,False,False,False,False,False,5885.0,2,85
2589,52d64ec4a4e193ccb2020951f82bf414d808fcba41f996fe135719fceb950b8e,149174,4,1,True,True,True,local_trade_no_swap_certified,1,1,False,True,True,False,False,771.0,2,166
2590,1abb098683b92ddd5f153699a7bce03a744e1397c7cccfaa365c18b32076c226,190742,4,1,True,True,True,local_trade_no_swap_certified,1,1,False,False,False,False,False,1216.0,2,105
2591,27434e887556e3cd592185dfcdd6384e34970e638b0cd084daa1fa731a8cbc51,148662,4,1,True,True,True,local_trade_no_swap_certified,1,1,False,True,True,False,False,1529.0,2,101
2592,5c3f8709542fef341ce8050debb8df4800e2b5bd44174f9360b48ce734fc0448,206327,4,1,True,True,True,local_trade_no_swap_certified,1,1,False,False,False,False,False,134.0,2,85
2593,4413a578b0e14aca86f801ac43419fdb72fee8c655893a4e234146c1b392db81,238919,4,1,True,True,True,local_trade_no_swap_certified,1,1,False,False,False,False,False,180.0,2,85
2594,832a069bd945f6896d6eb71ca815fce75844e999dd3e2dfb9d8dda91347a2e93,12320,4,1,True,True,True,local_trade_no_swap_certified,1,1,False,False,False,False,False,3823.0,2,85
2595,09f79a14025bc355df4cdf1e4b383fea29a335cd3e049ce6e4cb7da978978ff0,25161,4,1,True,True,True,local_trade_no_swap_certified,1,1,False,True,True,False,False,86.0,2,85
2596,8e4f82646566038efaed0d1e55ee9cd691b270c7e8df2c853aad0fc2f4038bc0,177709,4,1,True,True,True,local_trade_no_swap_certified,1,1,False,True,True,False,False,4304.0,2,316
2597,5e9a59239ff4e390c069f10e0ec34b70347ec33414f1f0801ed08cf17ed12de6,133253,4,1,True,True,True,local_trade_no_swap_certified,1,1,False,True,True,False,False,754.0,2,85
2598,abd727311accd77f846945c7b3a2434c93cbeb95856939911fb899dea280b283,243587,4,1,True,True,True,local_trade_no_swap_certified,1,1,False,False,False,False,False,451.0,2,85
2599,5ac8f0b0d838c369cdfeb9c2426a5a304392126d528a7ba8c48774fbf7926bb5,214505,4,1,True,True,True,local_trade_no_swap_certified,1,1,False,False,False,False,False,200.0,2,85
2600,9881885102cf6e8511f1be1cfe2b1aa0564a1a64e3208302c0dd58e4be4fb44d,34288,4,1,True,True,True,local_trade_no_swap_certified,1,1,False,False,False,False,False,225.0,2,85
2601,5d66cc58f08af3f5fbbcd1aff1d3d423ba292bcc560f891d8e59824d0b569220,290060,4,1,True,True,True,local_trade_no_swap_certified,1,1,False,True,True,False,False,139.0,2,110
2602,0a7338f0245335c676c6f7ab1eb1d4115162181e752ca5da5124c125044a6f39,295805,4,1,True,True,True,local_trade_no_swap_certified,1,1,False,False,False,False,False,219.0,2,96
2603,32fdfe96fd04854e68591ae0bb09c2a8edcbbd422f9a529d8e86ea17ef5ee29c,171918,4,1,True,True,True,local_trade_no_swap_certified,1,1,False,True,True,False,False,2363.0,2,103
2604,382b994e7debc1edc2d34dcc656d4c04419932a9c65aa10ce121a2047bb5ab53,218293,4,1,True,True,True,local_trade_no_swap_certified,1,1,False,False,False,False,False,1541.0,2,125
2605,aaf8678a0ca6a350c29433123714d679aea7e037b0c26ab93518ac1b9618b218,187448,4,1,True,True,True,local_trade_no_swap_certified,1,1,False,False,False,False,False,1484.0,2,151
2606,3c75a0cd31d0c858f893d9698484335052e453ef7a30d302660d57c8ec51e9bb,21371,4,1,True,True,True,local_trade_no_swap_certified,1,1,False,True,True,False,False,1006.0,2,157
2607,7d6d4c9a272c98e873c34d883262fdf37eb8b7f78f5ea5e79565989291bdeaf3,69445,4,1,True,True,True,local_trade_no_swap_certified,1,1,False,True,True,False,False,126.0,2,89
2608,8a2e16b886cc32187799a590eba3e6a7f3e58f4b60fcb07db73a1efb66a73197,114976,4,1,True,True,True,local_trade_no_swap_certified,1,1,False,False,False,False,False,155.0,2,95
2609,9802541ede2d4e215db139091c8455a4d4d1649e2922456eeb4ff173b23f9fab,182903,4,1,True,True,True,local_trade_no_swap_certified,1,1,False,True,True,False,False,779.0,2,188
2610,8752d241629fb6f8020752bef3cd52b83b7e06b2876f853e96103cf630939d16,250769,4,1,True,True,True,local_trade_no_swap_certified,1,1,False,False,False,False,False,694.0,2,85
2611,51015bd9b1be775af6b40b907162641017737012011e44941b6dcc64e217d23f,92889,4,1,True,True,True,local_trade_no_swap_certified,1,1,False,False,False,False,False,2741.0,2,85
2612,f8f9435d0bb675d2f80d917d474e5452fab79476ce77917fb62c1bc4472bc940,271236,4,1,True,True,True,local_trade_no_swap_certified,1,1,False,False,False,False,False,316.0,2,85
2613,87798d82b6033d82556e8bb108f60cb1a6b52bbda9dbda653f47470170dd9205,156665,4,1,True,True,True,local_trade_no_swap_certified,1,1,False,True,True,False,False,263.0,2,85
2614,16cd3321b331eca78b544e7ad53cded3e947b15423cbd8198b847cd8eaa13b17,198096,4,1,True,True,True,local_trade_no_swap_certified,1,1,False,True,True,False,False,8229.0,2,323
2615,95798191ffbe7d2e9fe3ebe093401a78399274bf9716d82a99e0a91d771a9e72,237924,4,1,True,True,True,local_trade_no_swap_certified,1,1,False,True,True,False,False,165.0,2,85
2616,ff9a08522e48229204863792b9909b833028a735c325b2a3e35e5d27c6e70f54,258435,4,1,True,True,True,local_trade_no_swap_certified,1,1,False,True,True,False,False,1327.0,2,165
2617,601454ac155910a9208ac66943b2776673ec5c856bf4a01527cc04e8202ba9ef,209322,4,1,True,True,True,local_trade_no_swap_certified,1,1,False,True,True,False,False,2067.0,2,85
2618,cf43e62d2d70ff9fee3f17711e9eda287f52e6e335fc0cc9cc7a6ed162ccc931,152823,4,1,True,True,True,local_trade_no_swap_certified,1,1,False,True,True,False,False,1361.0,2,181
2619,9e409b39b7eaa6a9136535215da25b291f28da53dbd80f6be87a222f1d208f1b,168347,4,1,True,True,True,local_trade_no_swap_certified,1,1,False,False,False,False,False,892.0,2,85
2620,9c09616c97063633476edab9dc303feea23d147cf0e6c444f5ebc4911bc8c714,194118,4,1,True,True,True,local_trade_no_swap_certified,1,1,False,False,False,False,False,546.0,2,153
2621,0695c750faa19de17a9b4b076083985ebd4c34110a666842e3aa224b9ea41b48,78253,4,1,True,True,True,local_trade_no_swap_certified,1,1,False,True,True,False,False,167.0,2,85
2622,4ca2377b7801d039332363d31ab4726a9f6fcde1437c1df4e95c98476dda4d57,192034,4,1,True,True,True,local_trade_no_swap_certified,1,1,False,True,True,False,False,505.0,2,153
2623,fb1c6287a52233661dc343e14c5eefedcc6bee8817fcbbecdeb2020364703fbf,100450,4,1,True,True,True,local_trade_no_swap_certified,1,1,False,True,True,False,False,725.0,2,85
2624,62a56bc8a90753499b2bf96725784479129651df10bf77a9a562859f941f7ef9,42188,4,1,True,True,True,local_trade_no_swap_certified,1,1,False,True,True,False,False,791.0,2,115
2625,f65e317fa10c9ea2fd24fb87293a679d27fc4494d43435d77f424bcbd3daf18d,290580,4,1,True,True,True,local_trade_no_swap_certified,1,1,False,True,True,False,False,318.0,2,89
2626,a9ff8c2801af4eb5d9f891185e6ad5850749130423b9e8990afbdc193dbf8672,84066,4,1,True,True,True,local_trade_no_swap_certified,1,1,False,False,False,False,False,1220.0,2,145
2627,dfe29976f6fef664a6a5b74b6073cbc7cd92bf9811869ccfc3fbb8d4b7dacc40,241258,4,1,True,True,True,local_trade_no_swap_certified,1,1,False,False,False,False,False,1773.0,2,85
2628,17da90dccda43c7e478d32ea70b91dbb6726635a1f9e974d54b06d673ee6e6a4,275485,4,1,True,True,True,local_trade_no_swap_certified,1,1,False,True,True,False,False,853.0,2,163
2629,ed90e4df4a08e8895f3cafdbabce068dc490f5bb5c010c7132b05343d9524339,144013,4,1,True,True,True,local_trade_no_swap_certified,1,1,False,True,True,False,False,819.0,2,164
2630,a1ed04dca98f32ed2d066bcc0abab39130aab83ca6ebd00f5d08ff626702f4f2,276054,4,1,True,True,True,local_trade_no_swap_certified,1,1,False,True,True,False,False,627.0,2,85
2631,a14828f39cbddb5909b66349c0789785f71accd3a8f28e7de4dc64e19a1d7d04,61911,4,1,True,True,True,local_trade_no_swap_certified,1,1,False,True,True,False,False,1467.0,2,186
2632,c2e12a4f7750e9a326f582dc9ffe8020ecd63e043a734fe80cd1303ba125acc6,137043,4,1,True,True,True,local_trade_no_swap_certified,1,1,False,False,False,False,False,1332.0,2,85
2633,20c83b2e8193676ccce563808e6909fef093e35726555bc01863a7d32c482176,6601,4,1,True,True,True,local_trade_no_swap_certified,1,1,False,False,False,False,False,779.0,2,85
2634,150e6db2667834ffd21a2efe417451528b956a9e24aa7d4002a567c93d4c816b,182760,4,1,True,True,True,local_trade_no_swap_certified,1,1,False,True,True,False,False,206.0,2,110
2635,86924d66b77b0a3c6cfab32a9b71d8727bb2524aae015aa225b8fec36961610c,192547,4,1,True,True,True,local_trade_no_swap_certified,1,1,False,False,False,False,False,831.0,2,209
2636,776e93be74dd35942cbce16082128a9a4fccb5667b7a665421097140d98619d5,14342,4,1,True,True,True,local_trade_no_swap_certified,1,1,False,False,False,False,False,212.0,2,92
2637,a9b7622347d9126ba88c0ab49de72d301101f2acb7cebc4c87a445c6d8f7d0f0,13746,4,1,True,True,True,local_trade_no_swap_certified,1,1,False,True,True,False,False,1317.0,2,109
2638,f55bacf45e961d2964bbb96cf793517fa82b0ec2451aad8b7a45e15e7777e6f3,202266,4,1,True,True,True,local_trade_no_swap_certified,1,1,False,True,True,False,False,84.0,2,98
2639,0e11a655d5db8f0729e16856400ec5de81f13fec6f036b63b61df180f9258bb8,191790,4,1,True,True,True,local_trade_no_swap_certified,1,1,False,True,True,False,False,670.0,2,121
2640,9891c6ac10ade1865873b70555a643f6bfc91cd8db5f836b4409361445644088,79216,4,1,True,True,True,local_trade_no_swap_certified,1,1,False,True,True,False,False,119.0,2,85
2641,e648d077a3a926e170c37788df67ed1eb46648533265cbf2426afdb226d8a3b6,245065,4,1,True,True,True,local_trade_no_swap_certified,1,1,False,True,True,False,False,164.0,2,85
2642,05714a28be897b5d066ec58f192ae34242e5b79b4a06579484f9b9202b4cdae6,73277,4,1,True,True,True,local_trade_no_swap_certified,1,1,False,False,False,False,False,9680.0,2,85
2643,12df322a445bfc53b74302c0b1d92ac0f5d4dd489348b0efbbb4f76712f02867,115203,4,1,True,True,True,local_trade_no_swap_certified,1,1,False,True,True,False,False,655.0,2,205
2644,b5e0d3f89b1f979b10f2d1dc2418c4c5cdad46fed1592d0198dabe00471acc8e,222720,4,1,True,True,True,local_trade_no_swap_certified,1,1,False,False,False,False,False,1267.0,2,85
2645,52a28d7332587894cdc6d08ecd9cc01813aaed6f1451a1b8bc41f59d2d37b8a0,61907,4,1,True,True,True,local_trade_no_swap_certified,1,1,False,True,True,False,False,536.0,2,85
2646,83e26e9e6afab8be40c4ae451bb414160b832a214692fc7fa0acd583039b5717,103396,4,1,True,True,True,local_trade_no_swap_certified,1,1,False,True,True,False,False,1152.0,2,116
2647,133d1425b6fdabd2d19d8614a58e585c103ef832a6a89b68a8347f10bfecc56c,20196,4,1,True,True,True,local_trade_no_swap_certified,1,1,False,True,True,False,False,518.0,2,101
2648,674f34670b4b841a9847b3d5e3e5d18a1b8e9f8e56ca3f9c9dd47a0aa7450e68,150959,4,1,True,True,True,local_trade_no_swap_certified,1,1,False,False,False,False,False,2925.0,2,85
2649,5a54daebc5aa4b3618ccbf3244d9b0c7c65ba24c5ffe2f4e93a126449d104f41,297517,4,1,True,True,True,local_trade_no_swap_certified,1,1,False,True,True,False,False,242.0,2,96
2650,75e5b31b8d5ad5c2ac0f307712e7fa0606e56c8feb9364c3141c577014d413f6,178530,4,1,True,True,True,local_trade_no_swap_certified,1,1,False,True,True,False,False,731.0,2,87
2651,b75a3faa42eafca6e3dfcf64b4fbfc9977271493d65a79a1063178e45167e137,234013,4,1,True,True,True,local_trade_no_swap_certified,1,1,False,True,True,False,False,607.0,2,104
2652,69aa90d6a5a850e3e7fc8271fc2094c2ed3428377d3dfc17b032776c21fc0f30,88140,4,1,True,True,True,local_trade_no_swap_certified,1,1,False,True,True,False,False,125.0,2,102
2653,2b6c31abda4c0053c7cfe8d23916cc5721573b4c940653cd4abd81f2743a434f,112211,4,1,True,True,True,local_trade_no_swap_certified,1,1,False,False,False,False,False,151.0,2,109
2654,cbfc38afdc5345c0ba8ce86d86614f7a60b6ba377f28db51bafdc97e8c2ba85a,14781,4,1,True,True,True,local_trade_no_swap_certified,1,1,False,False,False,False,False,751.0,2,85
2655,0bee3545107281527d1224cea78c7b53da3599a7c7ee3dc924e0f9319f8a2b2b,95719,4,1,True,True,True,local_trade_no_swap_certified,1,1,False,False,False,False,False,164.0,2,112
2656,869cf4c823f803e42471735de517267aa18a9f90ddbcb4a5bbed32584e524235,203930,4,1,True,True,True,local_trade_no_swap_certified,1,1,False,False,False,False,False,1127.0,2,85
2657,58dd206d67547dd821892603449977179779fb78bf17b9bec50b46b959dfca0a,261697,4,1,True,True,True,local_trade_no_swap_certified,1,1,False,True,True,False,False,991.0,2,85
2658,653d71e3f22b9235d406098681e8e9c70a4f3afff6d9a898b5181000b3f2047b,215010,4,1,True,True,True,local_trade_no_swap_certified,1,1,False,True,True,False,False,1647.0,2,100
2659,0f1f7ceecb24e169aeb634e38af5a21f435b8f799397b0e06d9e5c63ac5f7ed5,89974,4,1,True,True,True,local_trade_no_swap_certified,1,1,False,False,False,False,False,1716.0,2,85
2660,6de52f6380f25ea02deb8fff2295b9bab784c0519c56b684b49f812f003b41d0,217220,4,1,True,True,True,local_trade_no_swap_certified,1,1,False,True,True,False,False,223.0,2,85
2661,fd31b8ffbcfbaeec66436bb8ebc13e4a772ec8ab2e16b6152e27373e1a465163,244991,4,1,True,True,True,local_trade_no_swap_certified,1,1,False,False,False,False,False,5143.0,2,85
2662,0f87b3898f5376d80bd15208977273b0c2d7c35c67851c2bd202cc95437e261d,146222,4,1,True,True,True,local_trade_no_swap_certified,1,1,False,False,False,False,False,270.0,2,85
2663,3eff842ce47d5c194f847f5139b3fdd7bf37c43423ade32fb375a0aaafa15a75,246493,4,1,True,True,True,local_trade_no_swap_certified,1,1,False,False,False,False,False,1439.0,2,85
2664,3a43aa032f1cd814c381ee1aadf17d8f0d0e2a32cadaaf1214d6664f91a7d997,50540,4,1,True,True,True,local_trade_no_swap_certified,1,1,False,False,False,False,False,656.0,2,85
2665,9a8cd6a047a93e88f08b712242b918dde42ca4d4c803320d0dfe950903b9209c,71626,4,1,True,True,True,local_trade_no_swap_certified,1,1,False,False,False,False,False,1383.0,2,85
2666,43320f3a728cf0cf180f5f893c606c04bfa8fccce550cf89ed5af3f767159019,174495,4,1,True,True,True,local_trade_no_swap_certified,1,1,False,False,False,False,False,738.0,2,90
2667,eac4ee0932f3ef672ac08241f062e5640372d20443779c6be2d557dbb0902517,154428,4,1,True,True,True,local_trade_no_swap_certified,1,1,False,True,True,False,False,505.0,2,113
2668,f1986c686c953b187e4ad4941ea2f8fcd128de558e81fbe32556741bf5f977c8,31736,4,1,True,True,True,local_trade_no_swap_certified,1,1,False,True,True,False,False,379.0,2,85
2669,9b2689c7e1d4ce47d5b74e390ce79cd2f0e49112304c62cf279597bab65a34a4,91983,4,1,True,True,True,local_trade_no_swap_certified,1,1,False,True,True,False,False,218.0,2,85
2670,3a5d03306c117b97f0bfeaf6baf5026cd3c2802ea45ad1c6b07d7cd5ad9e790d,153386,4,1,True,True,True,local_trade_no_swap_certified,1,1,False,True,True,False,False,703.0,2,123
2671,0ea23090b89bb22fc4e90cb911d5c7fd18586594cc6ac148b57baba3346d18f0,73485,4,1,True,True,True,local_trade_no_swap_certified,1,1,False,True,True,False,False,396.0,2,85
2672,c7870165f2a8ff2798773e7e2bf92a10d8fec683e35f3f69cc14333a44a96919,64853,4,1,True,True,True,local_trade_no_swap_certified,1,1,False,False,False,False,False,307.0,2,85
2673,cada214a84414e88d13503fb6cec6611847b4ed1bb62cd87022a0f6fce9c52ac,45444,4,1,True,True,True,local_trade_no_swap_certified,1,1,False,False,False,False,False,876.0,2,160
2674,c39846048a7ea213c47fce660118e6cb679ae3069cc77e7059fdd7899f0d8a06,176284,4,1,True,True,True,local_trade_no_swap_certified,1,1,False,False,False,False,False,952.0,2,85
2675,88c790710f14c133354fd121cfebc90ddde586903cca060e3c24ca4bffdb0c93,223589,4,1,True,True,True,local_trade_no_swap_certified,1,1,False,False,False,False,False,3439.0,2,85
2676,c6f171cfcd006efcef71e47df40df2eea910d7d3086d052e7e6dc40dc0e8edc8,119378,4,1,True,True,True,local_trade_no_swap_certified,1,1,False,True,True,False,False,61.0,2,85
2677,6354820caae2f5abbc24d8308d97b50b895653b4ca902330e565e07fa48357b8,34123,4,1,True,True,True,local_trade_no_swap_certified,1,1,False,True,True,False,False,683.0,2,90
2678,306ffed65007bce3ff2875f5228e9dfe8cab91d05423272c33cfd824632134fd,17990,4,1,True,True,True,local_trade_no_swap_certified,1,1,False,True,True,False,False,198.0,2,85
2679,240bc99fce68e75faf423fa9d1e50c4d857f43b778725494e55388848fb5205a,280966,4,1,True,True,True,local_trade_no_swap_certified,1,1,False,True,True,False,False,328.0,2,85
2680,93bf56c545b7898b788c101b511052e939d40b1f2ed251ddd76fadcd32b9e0eb,105067,4,1,True,True,True,local_trade_no_swap_certified,1,1,False,True,True,False,False,2489.0,2,85
2681,50bc440d66bae3374e5e295012574995689a0b3432f576ad3f68e30d8817bfc7,178924,4,1,True,True,True,local_trade_no_swap_certified,1,1,False,True,True,False,False,332.0,2,85
2682,5f51c4bed7506f5cc34ae39dcc3c12734693ae2ba2d74e25c934117db8f67136,201162,4,1,True,True,True,local_trade_no_swap_certified,1,1,False,True,True,False,False,999.0,2,90
2683,e613b2b74a1a1077236acdb9e82fe2634dbfba53980bc1fc8c1d1d29acdeea7e,87795,4,1,True,True,True,local_trade_no_swap_certified,1,1,False,True,True,False,False,379.0,2,85
2684,646689ac6861ee97d65eb20f3467692386220532e1408c7c0aa236210951c9a8,57233,4,1,True,True,True,local_trade_no_swap_certified,1,1,False,True,True,False,False,18420.0,2,180
2685,4ede279c3b48a18fcfff281cfbce3448fc38bfc10c78201c2f38b6076e87dedd,9739,4,1,True,True,True,local_trade_no_swap_certified,1,1,False,False,False,False,False,1948.0,2,147
2686,c2d29c2f8ef145bd715ca1c557c568c30f0e0aa206197d94cae166d273ffbd8d,273241,4,1,True,True,True,local_trade_no_swap_certified,1,1,False,True,True,False,False,1279.0,2,123
2687,a966b6389bfde1a4c21b0eeac4dc7bc7a930e8ab458670c507464103a585083f,221537,4,1,True,True,True,local_trade_no_swap_certified,1,1,False,False,False,False,False,1257.0,2,96
2688,f2568dcc44fd57ddb82bea0d427d25510393ab44560a1a130dc5f054605e3045,52489,4,1,True,True,True,local_trade_no_swap_certified,1,1,False,True,True,False,False,3452.0,2,92
2689,9daea0f751a879d9f356bf2e4f966a8ba5d068f0b12f56f8ec5e998bf17db2c7,226678,4,1,True,True,True,local_trade_no_swap_certified,1,1,False,False,False,False,False,4222.0,2,172
2690,e9ff5a08c28682fd0824d46a65120ea0b8c2c5f7c26fa1ea614935ff1261160c,52028,4,1,True,True,True,local_trade_no_swap_certified,1,1,False,True,True,False,False,4659.0,2,85
2691,888e2736289ca304a8c2303777256b2e06efa7ad9329f60d9d3c904b850b930c,78968,4,1,True,True,True,local_trade_no_swap_certified,1,1,False,False,False,False,False,632.0,2,85
2692,f1c52737426114a4a8db09f39fb0a56393b24e999baa54a4bfdc02f64dc4c070,104998,4,1,True,True,True,local_trade_no_swap_certified,1,1,False,True,True,False,False,148.0,2,94
2693,405b420710452e123ba3b5a571c54e722b933cc27f7055fb5a588db50e73520e,150353,4,1,True,True,True,local_trade_no_swap_certified,1,1,False,False,False,False,False,7620.0,2,190
2694,347eedba0aabeecf4815f86234b5a58940714409a8aa751ce07fff6fb74e1752,21733,4,1,True,True,True,local_trade_no_swap_certified,1,1,False,False,False,False,False,611.0,2,85
2695,e35970199717d0a203bd9c78666bd106750fd60e201f854dd276bf29476e55b7,90865,4,1,True,True,True,local_trade_no_swap_certified,1,1,False,True,True,False,False,1272.0,2,86
2696,fee0af3c5aac939988c02f5923bc827d9afa2be40aa75f5a2e495d8ed42a5307,169910,4,1,True,True,True,local_trade_no_swap_certified,1,1,False,False,False,False,False,369.0,2,85
2697,5483fc6a866ba6f9228109e46684feec657a941bc53c6612afb6025c15103e8c,131655,4,1,True,True,True,local_trade_no_swap_certified,1,1,False,True,True,False,False,1612.0,2,94
2698,f420902d90664d35a05dd559d6e0cdac2e18c3ce61e741f8f59fb529f030c9be,270785,4,1,True,True,True,local_trade_no_swap_certified,1,1,False,False,False,False,False,815.0,2,85
2699,286fe4af2f8b7f26e55520779bd4f26764d296f6bd15e251669a325a9038286f,61270,4,1,True,True,True,local_trade_no_swap_certified,1,1,False,False,False,False,False,259.0,2,138
2700,db8fec6ee4ad8e208168fe1495235ede2f1d6b4e49bc6b04d9baf0edc52a31cc,42878,4,1,True,True,True,local_trade_no_swap_certified,1,1,False,False,False,False,False,530.0,2,114
2701,09aefeff69ddd62e4b0138da7cb1dbbe0b1870a09ee33c15e6990ec1abf2edee,256022,4,1,True,True,True,local_trade_no_swap_certified,1,1,False,False,False,False,False,105.0,2,98
2702,81230e02c7ce1b4ac3dcd575fda39f6f447b1929fc5f7fcb388cee755810c742,163123,4,1,True,True,True,local_trade_no_swap_certified,1,1,False,False,False,False,False,947.0,2,94
2703,b30dd6161bf21d2aca60aa7e87a4884220a1f1ef79fca51a06c05d437e108b55,119418,4,1,True,True,True,local_trade_no_swap_certified,1,1,False,False,False,False,False,339.0,2,92
2704,167e182f0fdb0a63f3ab6cc7a513be77f36d284439b2fd74584603bcb15bf9b8,183920,4,1,True,True,True,local_trade_no_swap_certified,1,1,False,False,False,False,False,376.0,2,233
2705,b22092e7d39c1f69c94c11ad5905e64ebec480f4338197617a166f8911fe1498,139660,4,1,True,True,True,local_trade_no_swap_certified,1,1,False,False,False,False,False,236.0,2,191
2706,b0e6afdcd267b212833d442a8b46fcd22f60ad3c63f51e8485b1d95d83f5cf10,120756,4,1,True,True,True,local_trade_no_swap_certified,1,1,False,False,False,False,False,116.0,2,89
2707,06bf925d2e39d7cd1e975b61f9f10991244550985b6c5c1ee19246ff74f04984,114058,4,1,True,True,True,local_trade_no_swap_certified,1,1,False,True,True,False,False,543.0,2,118
2708,ecb242ab125c8f848b938c8d77eafbeba6e90c28ff0838372db2f93aed4dd629,168843,4,1,True,True,True,local_trade_no_swap_certified,1,1,False,False,False,False,False,396.0,2,142
2709,fbc6cd692c8583b7793e399fd7cd54f6b376a1964d0416b22b424e808356b330,172355,4,1,True,True,True,local_trade_no_swap_certified,1,1,False,False,False,False,False,952.0,2,113
2710,f4d4dfcaae6aae6f9b7c47fd7813f96ff1f5adb2277db4b72d91304f5464c0ee,182008,4,1,True,True,True,local_trade_no_swap_certified,1,1,False,False,False,False,False,1454.0,2,85
2711,d9ccff2e72b203574b1b40a79cd0cde913ad3a7ffc8e8c93bf4dfb0cf08e93cf,196817,4,1,True,True,True,local_trade_no_swap_certified,1,1,False,False,False,False,False,965.0,2,85
2712,cd6b5b687cbc1e52ceef8f2d9092c2ef7a6b493e85450a4b0a27aac56165dfcc,195921,4,1,True,True,True,local_trade_no_swap_certified,1,1,False,False,False,False,False,6121.0,2,251
2713,e9d6c07baa70b63b9b75a07b4bbd853a6a1b7ef3a9749f3da876573f51d8b223,57637,4,1,True,True,True,local_trade_no_swap_certified,1,1,False,True,True,False,False,1160.0,2,190
2714,58cd6b2ece14885aeb051cf729ccac68a799d0b5db3ab3232b3dfddc577fff62,104095,4,1,True,True,True,local_trade_no_swap_certified,1,1,False,False,False,False,False,447.0,2,127
2715,659f2aa92d2a19a8536847133f30fcd66b173a3e9e52377afdc08dc6fe7d3e48,237506,4,1,True,True,True,local_trade_no_swap_certified,1,1,False,True,True,False,False,1046.0,2,216
2716,ed1c7dcd9adbbd680bb31488df06a95b9e6fa8362c3ef9120f1d2e3b570a7252,25526,4,1,True,True,True,local_trade_no_swap_certified,1,1,False,True,True,False,False,3110.0,2,370
2717,e71989725ecd54b3f930931ced9a7867609e6f48e83c2abef055c4ec9d2306b5,187358,4,1,True,True,True,local_trade_no_swap_certified,1,1,False,False,False,False,False,1639.0,2,254
2718,75fbea0fd8215d31f9a3bf95a03c3e615ac2b230bff21c60cfc923168f97c239,67313,4,1,True,True,True,local_trade_no_swap_certified,1,1,False,False,False,False,False,368.0,2,90
2719,86d848381a3c24dc8d090e332dda76880d1a774d28bf2c8ffa59493ddd7b30a5,34268,4,1,True,True,True,local_trade_no_swap_certified,1,1,False,False,False,False,False,537.0,2,104
2720,984cae343a11c3fd0bd85cd07a6317b1cf3f27d8687b9f7490d3a19acad74c01,220873,4,1,True,True,True,local_trade_no_swap_certified,1,1,False,True,True,False,False,166.0,2,102
2721,ce5c07ca50cebf7b06255828bea6c1d17b713973f9e4e64575544b4df18857f4,220573,4,1,True,True,True,local_trade_no_swap_certified,1,1,False,True,True,False,False,4814.0,2,85
2722,2bc8759843afa48c88a555c2d623d70bc59d4cda753c2bc81b5e8f2c5e3e7f06,202629,4,1,True,True,True,local_trade_no_swap_certified,1,1,False,True,True,False,False,135.0,2,85
2723,9aea41d93c0484fd2d3dfd32804de9295fc687ef982d3a80957988b94a4c3a2c,196928,4,1,True,True,True,local_trade_no_swap_certified,1,1,False,False,False,False,False,616.0,2,108
2724,4ce1a7370357e07a3f8f159484e97bd040a5c639d1a8baa11cf2dbb2821e0fcb,289032,4,1,True,True,True,local_trade_no_swap_certified,1,1,False,True,True,False,False,572.0,2,85
2725,9887b4f3b86586f8046e287057b131a12acb22dee2fc33e91cf1ea356a3c64f2,42516,4,1,True,True,True,local_trade_no_swap_certified,1,1,False,True,True,False,False,2069.0,2,176
2726,f1a59ebc9ef124b375f794800c275dc8d2648fd5b6aa18c655db061882529984,258470,4,1,True,True,True,local_trade_no_swap_certified,1,1,False,False,False,False,False,695.0,2,88
2727,3cca396b51869f75a03b26dc449522c8d425ad0ca619dbf3a8fa1f4dca83c251,271356,4,1,True,True,True,local_trade_no_swap_certified,1,1,False,False,False,False,False,1415.0,2,182
2728,70761a2ee6ea66ec7c0f990da95c6020b96086f4ba3b23b709a3e7a0b1d92149,98378,4,1,True,True,True,local_trade_no_swap_certified,1,1,False,True,True,False,False,689.0,2,123
2729,a633cd1f7182d57297030e432371d18f9841379ba2b8ce13efec6c049f320e10,167553,4,1,True,True,True,local_trade_no_swap_certified,1,1,False,True,True,False,False,7457.0,2,85
2730,2752d1d87dab9d838a0adc8b584f0e7da76216ca29a4c18733fc1cbb2c9acd57,132976,4,1,True,True,True,local_trade_no_swap_certified,1,1,False,True,True,False,False,79.0,2,85
2731,c622d59017113cd842943ffeaeb878ad9651baeb882fc883c8468660c70e8bed,293946,4,1,True,True,True,local_trade_no_swap_certified,1,1,False,False,False,False,False,2132.0,2,127
2732,8e7171eafbc5797ba9bc63d5101caac594955e9e3e3a8b8aa79d3ed897f00ef5,83841,4,1,True,True,True,local_trade_no_swap_certified,1,1,False,False,False,False,False,1359.0,2,279
2733,b26e5aab736853890aa9f6d95535e61d142b7fa0b5f02cabf031de137217e489,4519,4,1,True,True,True,local_trade_no_swap_certified,1,1,False,False,False,False,False,431.0,2,91
2734,0e8fe6a47c09158616da99050471f501fd0e60845ee7fb19224b8e74b193b4c1,80946,4,1,True,True,True,local_trade_no_swap_certified,1,1,False,False,False,False,False,680.0,2,138
2735,5c928e6e96b507cf9ca89b78f7f0254ef6d6c6d766eb3164de00eebafbe2207e,242196,4,1,True,True,True,local_trade_no_swap_certified,1,1,False,True,True,False,False,89.0,2,85
2736,5bbf5d3e33784e7b24b59d12325eaab0c4fb6f2cf4b472fe1feb54dd82987e12,243404,4,1,True,True,True,local_trade_no_swap_certified,1,1,False,False,False,False,False,328.0,2,85
2737,cfba097c256861ea104046cafeba7c2163d0a54aa432ef2b82f6e38210e11cff,196473,4,1,True,True,True,local_trade_no_swap_certified,1,1,False,False,False,False,False,226.0,2,91
2738,d37a6dd70df7c7fd3c4bd5e8bd18569740f6346fc476823731f93b8cdfb412a9,286274,4,1,True,True,True,local_trade_no_swap_certified,1,1,False,True,True,False,False,423.0,2,96
2739,9d7ee3c07375d6b44a8d4f8d8c5c10e79e6772605138182167c3fcd584acd352,128772,4,1,True,True,True,local_trade_no_swap_certified,1,1,False,False,False,False,False,534.0,2,108
2740,ef727304f43e6f601f3fa7276d31d8498819696dc014f3fe42b93f99bb99e832,92540,4,1,True,True,True,local_trade_no_swap_certified,1,1,False,False,False,False,False,663.0,2,107
2741,dde8bb9bbe0c88941ffe10688ab2d83ec7c099ca83a9abea150a74c6aebe28ec,170442,4,1,True,True,True,local_trade_no_swap_certified,1,1,False,True,True,False,False,167.0,2,100
2742,11528bdc36470ecd26584cafa3624a2792482cc6f8cec056fad059d9f2a6b834,292989,4,1,True,True,True,local_trade_no_swap_certified,1,1,False,True,True,False,False,2568.0,2,96
2743,193700c948414ac2ab1db6cef2ae7289f8db47ea844aaee285374032aca549dd,122167,4,1,True,True,True,local_trade_no_swap_certified,1,1,False,False,False,False,False,370.0,2,90
2744,0c72382fa2ab607746c0802495ad5ddc81769182469470001e113204234606f4,165043,4,1,True,True,True,local_trade_no_swap_certified,1,1,False,True,True,False,False,374.0,2,98
2745,3b163cfede7fcba72dc8c4cd16116cd42c7002974c5af04639387fa3249f2895,19362,4,1,True,True,True,local_trade_no_swap_certified,1,1,False,False,False,False,False,78.0,2,85
2746,fec00c033f0250634416430e1656e3f4d7e8b8efd60d20e7ae570847899890a1,219926,4,1,True,True,True,local_trade_no_swap_certified,1,1,False,True,True,False,False,1057.0,2,85
2747,d7142274c57c8bde2f5481cc7aa11a426b36f38b8e4ce639308937bf19b22612,255945,4,1,True,True,True,local_trade_no_swap_certified,1,1,False,False,False,False,False,187.0,2,85
2748,ed5ee37772ce90efab8d6fe1bec91960b66bbe79c1b657585051eea19153f2a7,13173,4,1,True,True,True,local_trade_no_swap_certified,1,1,False,True,True,False,False,3770.0,2,99
2749,ca63b4f1d62c8b96dfac43df82353f73f35a65bc133118e477b12e87abb03860,142128,4,1,True,True,True,local_trade_no_swap_certified,1,1,False,True,True,False,False,718.0,2,85
2750,04e240a0077569e58a0c142c83480c567e050339b24f42f628c7d170ad8a24c5,202849,4,1,True,True,True,local_trade_no_swap_certified,1,1,False,False,False,False,False,2891.0,2,98
2751,7b19f71edc6fc08e5cde5c53abc29e851b995c19a02813b3b8cd270721615287,99924,4,1,True,True,True,local_trade_no_swap_certified,1,1,False,True,True,False,False,1731.0,2,85
2752,9b442e241999ad099bd9a229a0bbfefbc511e1aff61c62252ec6afe9c0a9ceab,85373,4,1,True,True,True,local_trade_no_swap_certified,1,1,False,False,False,False,False,357.0,2,85
2753,e54c807c115aa333b5de62bafb0f2e91317e53aa9979e068c757654bc724ec4c,151168,4,1,True,True,True,local_trade_no_swap_certified,1,1,False,False,False,False,False,194.0,2,85
2754,62770fc562c168dd274e950eb2f60034f652b4ebb5e6dd64e6bdeae87403fbc2,134617,4,1,True,True,True,local_trade_no_swap_certified,1,1,False,False,False,False,False,1328.0,2,85
2755,1839adf46d3b006784ab3ef82a2010650f67fe5f2a9ab45e6c619fe2143b0f13,85640,4,1,True,True,True,local_trade_no_swap_certified,1,1,False,False,False,False,False,2062.0,2,198
2756,5ef89ee792185a319ed8bc6028691da3aede25f75cf9ad6d18773e31303167d5,81615,4,1,True,True,True,local_trade_no_swap_certified,1,1,False,True,True,False,False,301.0,2,144
2757,6bce5d9eb8d11d8ebb7792db503409ee04e3d7549049d778cad7287532b70933,86983,4,1,True,True,True,local_trade_no_swap_certified,1,1,False,True,True,False,False,149.0,2,85
2758,e66335a6c23cec5399bd4207c247016bfcc642bc4977bc4cce023787fff73a61,264254,4,1,True,True,True,local_trade_no_swap_certified,1,1,False,False,False,False,False,1067.0,2,85
2759,8942bb6c366eae12f7398b3de9275699b9c30d388be78a99da3ebb66ebc1cdd9,186713,4,1,True,True,True,local_trade_no_swap_certified,1,1,False,False,False,False,False,434.0,2,85
2760,8fb6e3f323dae77bdf923e931f1b0453e4b181fd03ecd80b3a59782a5403e4e5,253407,4,1,True,True,True,local_trade_no_swap_certified,1,1,False,False,False,False,False,516.0,2,127
2761,ff2d989b37dde83a4c995748cba7814710fd83b603e38b7ccf65d0c11a7694e4,55426,4,1,True,True,True,local_trade_no_swap_certified,1,1,False,True,True,False,False,536.0,2,85
2762,abd907893c39de490b92c295c8928d4b5464d69f601a27a22cc10863d5705a25,163338,4,1,True,True,True,local_trade_no_swap_certified,1,1,False,True,True,False,False,74.0,2,85
2763,f91ff6185068661248ecb757cfd779680fa40e4db6120f3923c018bb37381f5c,277708,4,1,True,True,True,local_trade_no_swap_certified,1,1,False,False,False,False,False,8658.0,2,85
2764,bb1ae929e2c38fa4f92b2c4a88a329dee2fa0c3b632d2cc3bfb028665a3ea06f,208591,4,1,True,True,True,local_trade_no_swap_certified,1,1,False,True,True,False,False,2169.0,2,138
2765,96e811ec256edfc748bfc1612c4c43bdb33bd1c902f0b7df94b26c54d0d56255,203854,4,1,True,True,True,local_trade_no_swap_certified,1,1,False,False,False,False,False,250.0,2,85
2766,7a2f7fcef5e0abbfcb23215885943369d74476ca40f713d6380faa55849c802a,149555,4,1,True,True,True,local_trade_no_swap_certified,1,1,False,True,True,False,False,905.0,2,195
2767,2b2ffc4107b24166d22c295f1289a4e20f536701374fcd3e546542beefd33801,206380,4,1,True,True,True,local_trade_no_swap_certified,1,1,False,True,True,False,False,1929.0,2,134
2768,47b1837c132076f4b9a9e100888ca2aeebafc0d89d72b03394bc0c8c6f4c79fa,107737,4,1,True,True,True,local_trade_no_swap_certified,1,1,False,True,True,False,False,224.0,2,99
2769,7b0f4cc74d26f14ee8728c321ecfa5b8b638441b7b6c366201446f591a3f6085,142074,4,1,True,True,True,local_trade_no_swap_certified,1,1,False,False,False,False,False,3590.0,2,90
2770,f84d16bb14e26642c20a5152a5cf4087a6965681761eadcfb98b96ffa6972b9c,263180,4,1,True,True,True,local_trade_no_swap_certified,1,1,False,True,True,False,False,348.0,2,85
2771,0b742653276449f4b63e1c748d8a5fcd8285c8833d03715d21a0d2e71993c074,53565,4,1,True,True,True,local_trade_no_swap_certified,1,1,False,True,True,False,False,621.0,2,100
2772,6cd563e618f7c8088af3526fb6e7255526ac48d5139c9ad1ed90dffc5f31f6a8,121336,4,1,True,True,True,local_trade_no_swap_certified,1,1,False,False,False,False,False,1801.0,2,101
2773,1c0ad43095fd8e52620ee5ead13e0a21344541dd55e8fd24008710b1f9a1ef3d,294762,4,1,True,True,True,local_trade_no_swap_certified,1,1,False,True,True,False,False,1086.0,2,104
2774,dc78b4f6409febce0bc31e40f20280784c9c0ade535c3bbacb48561e8c4c64eb,35440,4,1,True,True,True,local_trade_no_swap_certified,1,1,False,True,True,False,False,374.0,2,85
2775,c78224f90a243df7c5db1e43ff30860a02511645ed4510d71ffc71a69ed3ef68,298152,4,1,True,True,True,local_trade_no_swap_certified,1,1,False,True,True,False,False,1200.0,2,166
2776,3c87568b77a6c722dbc4559bcc8a321867e488ccfeb896bbea598458c6074b7d,77065,4,1,True,True,True,local_trade_no_swap_certified,1,1,False,True,True,False,False,1803.0,2,85
2777,244bba178c9ecca5ad8426a1ccb3fa2edeb5941533c36e3881d13bc140e3db84,1596,4,1,True,True,True,local_trade_no_swap_certified,1,1,False,False,False,False,False,3033.0,2,154
2778,54d5d2e543c7fc350c2ae09979aac11a4e8e16f4ffbb91ace8eaf04eafc16218,292501,4,1,True,True,True,local_trade_no_swap_certified,1,1,False,False,False,False,False,673.0,2,140
2779,389394b1e4a83ac231136af8a9bebc8c5a3f29932b1a902a01449c2311258979,127061,4,1,True,True,True,local_trade_no_swap_certified,1,1,False,False,False,False,False,747.0,2,224
2780,3f5e2eaf0a2da587beb9e10819a3936ddb27c7c06e93a774cd210c7edf38d316,196389,4,1,True,True,True,local_trade_no_swap_certified,1,1,False,False,False,False,False,1429.0,2,85
2781,0e1e2ee6ef0097d2ba3fc5f646fa6416d965dcd0ea9f2d7ea454a1090b3d5c21,136575,4,1,True,True,True,local_trade_no_swap_certified,1,1,False,True,True,False,False,101.0,2,85
2782,1681ad1ca5f1b5c807ac6a2e759856854b33f407f86af25efc6478ff8f9656a2,285487,4,1,True,True,True,local_trade_no_swap_certified,1,1,False,True,True,False,False,1775.0,2,95
2783,afb0e390155d36b6f8a3b66f9ff0607d0514c699551aa7e8213570e084447220,20738,4,1,True,True,True,local_trade_no_swap_certified,1,1,False,True,True,False,False,1123.0,2,85
2784,3e1ca643d50c7cea1606b5e7edd40b8ae9adbd3317e6591c9d393f8805b59da3,202647,4,1,True,True,True,local_trade_no_swap_certified,1,1,False,False,False,False,False,2667.0,2,270
2785,9cd663a5d4c833873e232b861a53a4b9593fcc70d8bb0170ac8a3ce095dd0c51,209607,4,1,True,True,True,local_trade_no_swap_certified,1,1,False,True,True,False,False,579.0,2,138
2786,e88f882736587cb318185a77144f0a4f620ed3dba0c4f270dd10e532eb69a01c,218144,4,1,True,True,True,local_trade_no_swap_certified,1,1,False,True,True,False,False,1270.0,2,106
2787,b0f306dd972a6f258416f5296e9cf3485c3f3b7ce1c2f54c924de4213e92f254,261987,4,1,True,True,True,local_trade_no_swap_certified,1,1,False,False,False,False,False,375.0,2,85
2788,4ba19a18cfb39be4bf235b6806d205778515be8383a7ed41981180a44a0045b0,71252,4,1,True,True,True,local_trade_no_swap_certified,1,1,False,True,True,False,False,4299.0,2,554
2789,26ba7ad8328386950c7555e9960e27ad6ae65ae4102992b3e17fd33228943397,92317,4,1,True,True,True,local_trade_no_swap_certified,1,1,False,False,False,False,False,310.0,2,94
2790,2729369056d24d5958d159b273bed273a2bb19d3ae3012c746aca9a7c217888a,212659,4,1,True,True,True,local_trade_no_swap_certified,1,1,False,True,True,False,False,827.0,2,98
2791,db322f29e3b82ed1577b577bb7f018977647a1da08bcac88f89914025c5c2e1f,143636,4,1,True,True,True,local_trade_no_swap_certified,1,1,False,True,True,False,False,1142.0,2,115
2792,57a0d2f4fb613336a7bb014e6c66fd2688b6961701c44f1583020c9554a702a2,135430,4,1,True,True,True,local_trade_no_swap_certified,1,1,False,False,False,False,False,4115.0,2,289
2793,ddfba362d3c95a63adcfab29e9b693fc90325dd4efafc69199dfcef241772df9,6868,4,1,True,True,True,local_trade_no_swap_certified,1,1,False,False,False,False,False,97.0,2,85
2794,6ef9aa9db9ac17738c7f0ec6ce8701d1ab6b5df33533f1bd8096b924c124d54a,187093,4,1,True,True,True,local_trade_no_swap_certified,1,1,False,False,False,False,False,377.0,2,85
2795,684aa420c3b5683bc6131ad7f6743957a8ad52dbc8d31caa3b8ee84e00eb9ecf,244180,4,1,True,True,True,local_trade_no_swap_certified,1,1,False,False,False,False,False,242.0,2,85
2796,3bb10d4f8e1f2d33b8ab56fab093d79ee9066ae3bc6cc3be9a8e8704bb39388f,197475,4,1,True,True,True,local_trade_no_swap_certified,1,1,False,False,False,False,False,636.0,2,133
2797,63442aa378f6e97c8826da4747675b1efdd495049daca90eae027674d4246758,266027,4,1,True,True,True,local_trade_no_swap_certified,1,1,False,False,False,False,False,2315.0,2,149
2798,9164b3ca6b98afb4878f9a43751063a2b85e303b5f5ea275d743de18dd1a3ef6,267879,4,1,True,True,True,local_trade_no_swap_certified,1,1,False,False,False,False,False,4316.0,2,195
2799,12338a1fb9a33467771c6f1f6e20057a52048be5cc80a45ef3acf538a8360d1d,75522,4,1,True,True,True,local_trade_no_swap_certified,1,1,False,False,False,False,False,650.0,2,94
2800,0c724eec81ac95ca7dee8ed2cf8572f4c8acccd11e6e669d8225039743150f2a,171902,4,1,True,True,True,local_trade_no_swap_certified,1,1,False,False,False,False,False,438.0,2,89
2801,f51efbaad3865af13452bb9540b5e40afa69533827e9680009dc750604918edc,110693,4,1,True,True,True,local_trade_no_swap_certified,1,1,False,False,False,False,False,203.0,2,85
2802,449219239f1a33d9986acabe6aa76a668626afbebe17c6d9447d1ffc15c14d2a,64985,4,1,True,True,True,local_trade_no_swap_certified,1,1,False,False,False,False,False,1278.0,2,95
2803,677a2de923d11510ec40c333664d7371fcb3fd1236af307f4ae88d69ec713774,107775,4,1,True,True,True,local_trade_no_swap_certified,1,1,False,True,True,False,False,446.0,2,85
2804,e57dd580ace0e2ced88a1be1a9a4b108eb3d746979dfada9e36e76cd00124884,242113,4,1,True,True,True,local_trade_no_swap_certified,1,1,False,False,False,False,False,452.0,2,85
2805,b23a15029227574c0ab952c60c59b1c99c0654aae2b261099e908217b93899a5,203390,4,1,True,True,True,local_trade_no_swap_certified,1,1,False,False,False,False,False,3586.0,2,305
2806,4ee1f4dcea65bcf4e3dfbfd85af285883c620ed4ef56f09c7eb967c645f1f304,195210,4,1,True,True,True,local_trade_no_swap_certified,1,1,False,True,True,False,False,107.0,2,85
2807,53fda52cd9d98fa4cec3496ec692e619668ecf38b850f7a8be5250cf9b395fe6,290688,4,1,True,True,True,local_trade_no_swap_certified,1,1,False,True,True,False,False,1630.0,2,213
2808,82c85a9e4ddd8cb9506b756b9dc1b79c5bd8bb8f505a001af7873f97d4f20cdb,127978,4,1,True,True,True,local_trade_no_swap_certified,1,1,False,False,False,False,False,330.0,2,120
2809,4aecdc44fc8c94fe09a8bca9e3776165ab53e2761cf4eb1fa6b84b8472271b60,9903,4,1,True,True,True,local_trade_no_swap_certified,1,1,False,True,True,False,False,495.0,2,85
2810,11f73f8d04eae4dbf11f39685bd5e3ef7e5d5854ef699a694034b09389380a62,63643,4,1,True,True,True,local_trade_no_swap_certified,1,1,False,False,False,False,False,396.0,2,85
2811,7110243ca5d79b8e804d3e9fefc276021e1e37f64ca6ca2c947b054c713efe19,124489,4,1,True,True,True,local_trade_no_swap_certified,1,1,False,True,True,False,False,441.0,2,85
2812,2c9730b7b7d048bc71712341cecdb3d0e91de877e63708aa2e5a549e77dfb8da,118128,4,1,True,True,True,local_trade_no_swap_certified,1,1,False,False,False,False,False,252.0,2,85
2813,579dff13fda60b4e9db9292aec30632e3afd5ea964164f1a316bd28bca112f8e,236991,4,1,True,True,True,local_trade_no_swap_certified,1,1,False,False,False,False,False,801.0,2,183
2814,457e85b8659dd596fc41104a0ce420df20e149fc6cd02f224e9f8219a2fe0eb4,170890,4,1,True,True,True,local_trade_no_swap_certified,1,1,False,False,False,False,False,133.0,2,85
2815,8b53d4927d175136ff07431ca246c829372a09c51f10c3e3c433ba3680dfede5,6919,4,1,True,True,True,local_trade_no_swap_certified,1,1,False,True,True,False,False,612.0,2,85
2816,fa0b56493eaf8dce11abbe3af9c8d28669b3407c0c61afcccfddc5eb5fc913b5,221965,4,1,True,True,True,local_trade_no_swap_certified,1,1,False,True,True,False,False,720.0,2,85
2817,a4df5de18a86cc565efc220200a1350b382db65a326e8fb55e5af470e632e3ff,21549,4,1,True,True,True,local_trade_no_swap_certified,1,1,False,False,False,False,False,1475.0,2,89
2818,f645a8fa95d783b5a2f675ca494610aa738c1666e6ebab0e6addc0772a15a9e3,100942,4,1,True,True,True,local_trade_no_swap_certified,1,1,False,True,True,False,False,347.0,2,87
2819,ece9d75d93226b4bc13d0c91b42d7ef264269fe8f61058dac667d7344aa11a3d,80617,4,1,True,True,True,local_trade_no_swap_certified,1,1,False,False,False,False,False,1384.0,2,91
2820,8460a954b156b6e72d4269d6d89040a490d75a00441a92a4173ff19315d5cf71,64216,4,1,True,True,True,local_trade_no_swap_certified,1,1,False,False,False,False,False,193.0,2,97
2821,ac500efba10dda60fb038194a727e7a67950e6a0f416d5bff113c9030a21a39a,239636,4,1,True,True,True,local_trade_no_swap_certified,1,1,False,False,False,False,False,5925.0,2,85
2822,5064c4151d4a8bb62febd050994442d3c48c0ad1266e231b10798c3b87a9776e,48176,4,1,True,True,True,local_trade_no_swap_certified,1,1,False,True,True,False,False,935.0,2,85
2823,fcffbd76e54d3ee2f30c7a73a0efb3998a1bd6de44c4f7a76bc76e9fd6040c1c,135100,4,1,True,True,True,local_trade_no_swap_certified,1,1,False,True,True,False,False,188.0,2,95
2824,599ddbe337f0beee3b173fe59b481e6663f9ba1a9a468b891ce32dc1783f8cbc,34054,4,1,True,True,True,local_trade_no_swap_certified,1,1,False,False,False,False,False,3106.0,2,161
2825,6f4925d5d454b516f2fc07744bab97a7a86e845de3ee027f48d36bd74aa8c3b6,213716,4,1,True,True,True,local_trade_no_swap_certified,1,1,False,False,False,False,False,1061.0,2,85
2826,290726ddcc145f2d2a1a3c0707dab96784ad3493d00f6f02c711234e254f49c7,105621,4,1,True,True,True,local_trade_no_swap_certified,1,1,False,True,True,False,False,1124.0,2,151
2827,10e8a35664e9dba05984d1da29bf7d111a9f0cd099c1c308cedf6bd2ecd4c8a5,61419,4,1,True,True,True,local_trade_no_swap_certified,1,1,False,False,False,False,False,312.0,2,119
2828,d5f754793ea635112681eb70384713bd85088bb205f3e758c14691ef505a414a,18190,4,1,True,True,True,local_trade_no_swap_certified,1,1,False,False,False,False,False,181.0,2,85
2829,b9de420c4dfa61c8a8c28e42d8b5b4c07c395b09737ccf31ecfc3020b86ea47b,9994,4,1,True,True,True,local_trade_no_swap_certified,1,1,False,False,False,False,False,844.0,2,85
2830,fe1c62fb5c71f3bc400eec6bbe6e11680cf7e2f528b77a4cef00472f059ebfc3,267352,4,1,True,True,True,local_trade_no_swap_certified,1,1,False,False,False,False,False,498.0,2,85
2831,175ccc93efae6dac6d99f0f8a99fb783d251d1de99fd281d1a5b9490d8ed0188,244824,4,1,True,True,True,local_trade_no_swap_certified,1,1,False,True,True,False,False,681.0,2,85
2832,6a5aefced89ef1dbee52797335b1851781c5f565fbdabec81c88a2373c08352b,201432,4,1,True,True,True,local_trade_no_swap_certified,1,1,False,True,True,False,False,1767.0,2,179
2833,e65d1d0bd85a5b3e7c715ff4912c17a03c46841a7067787d7244c4f64c6f6545,260550,4,1,True,True,True,local_trade_no_swap_certified,1,1,False,True,True,False,False,1091.0,2,148
2834,5385d86360c19eee7bbaa8c6f98374ace51e90d6ac1e41d280f48a5bba1664eb,181413,4,1,True,True,True,local_trade_no_swap_certified,1,1,False,False,False,False,False,2871.0,2,113
2835,80576a0b0147177ae1387258fece4db367d5ef0eadbf168d49468952e32d6992,248006,4,1,True,True,True,local_trade_no_swap_certified,1,1,False,True,True,False,False,2166.0,2,166
2836,ea087010fbd40be2129d7a7918556a3493b5d22043ba7f0f0b1ef33da4b462bd,38771,4,1,True,True,True,local_trade_no_swap_certified,1,1,False,True,True,False,False,381.0,2,85
2837,de8beb842e219b31072abe069714dbcf4c94e5f19f856d1c1f2e96338541806a,114247,4,1,True,True,True,local_trade_no_swap_certified,1,1,False,False,False,False,False,452.0,2,168
2838,daedb2704cbf3076ef3ef178dd1b43efe99f831fbe30ea1b9f98308943a3a23e,20694,4,1,True,True,True,local_trade_no_swap_certified,1,1,False,True,True,False,False,534.0,2,109
2839,7739817ffbe6354e205a037d788f3965143907a4ab89050b166fa27e53d97ceb,91818,4,1,True,True,True,local_trade_no_swap_certified,1,1,False,False,False,False,False,611.0,2,85
2840,ae7755d3044522a50235a0266c27716a71934c9a92af2069e79e40936b35d69a,20530,4,1,True,True,True,local_trade_no_swap_certified,1,1,False,True,True,False,False,2262.0,2,88
2841,0f192bf0c6e7420139b18b8fb06e6bb50ac24917b730ec34a40552838987e790,19942,4,1,True,True,True,local_trade_no_swap_certified,1,1,False,True,True,False,False,2241.0,2,133
2842,d4bf051fd469bf230f951b212f77ab204e6afac310f33a82d0225f109b623170,222876,4,1,True,True,True,local_trade_no_swap_certified,1,1,False,False,False,False,False,3345.0,2,225
2843,cdf8b412e75f4a6135979113bb1ea03d6347f8e6f812b61924fb9a97e168ee85,286572,4,1,True,True,True,local_trade_no_swap_certified,1,1,False,True,True,False,False,127.0,2,85
2844,f4d00a7c2800edbed0173f55755b3f76751aa7e005eef428ac91eefde9194710,59320,4,1,True,True,True,local_trade_no_swap_certified,1,1,False,True,True,False,False,751.0,2,108
2845,2e9796f39167ad98d99909515dc573f916a8100e8356e28b4578e1327cca0339,5916,4,1,True,True,True,local_trade_no_swap_certified,1,1,False,True,True,False,False,2798.0,2,366
2846,2524b4dcd3c101fd67359c1fc21494b001def24742e5adebdecef41bc82d2241,31292,4,1,True,True,True,local_trade_no_swap_certified,1,1,False,False,False,False,False,2100.0,2,116
2847,096623909bdb943fad7a7b6537d0af80c718ddc7ae993e0be4487724f5fafdf7,91082,4,1,True,True,True,local_trade_no_swap_certified,1,1,False,True,True,False,False,201.0,2,85
2848,dc6ae48b497cdc2563df7a89ccb73ad580bf9a862b6e7dcd3ee6bc860b0fe9c2,55617,4,1,True,True,True,local_trade_no_swap_certified,1,1,False,True,True,False,False,197.0,2,93
2849,fadb4f5e0a57f1b64b0161b3c399d16304f6fcb422fdee6d1551770c342bd0f5,187461,4,1,True,True,True,local_trade_no_swap_certified,1,1,False,True,True,False,False,111.0,2,85
2850,ad529cd349016b2b75b2ef8e39f349270350db648ad3d888d58299a56d2eedf1,98459,4,1,True,True,True,local_trade_no_swap_certified,1,1,False,True,True,False,False,355.0,2,121
2851,d7eba2215d1b58efc5cfdcf2402ca87b2b8d5ad632dfe70ef49ba4414f8fc1b3,144184,4,1,True,True,True,local_trade_no_swap_certified,1,1,False,False,False,False,False,997.0,2,105
2852,ac2b3a59ab34546dc68f3f6be6ad1a29156b3a18980f8ba13868f956a27ea681,54412,4,1,True,True,True,local_trade_no_swap_certified,1,1,False,True,True,False,False,1041.0,2,92
2853,5138e0b31a538020d1b223112da95a195068edb8943f6d4791c42fb050f4584a,205685,4,1,True,True,True,local_trade_no_swap_certified,1,1,False,False,False,False,False,242.0,2,174
2854,78042bf696248aa8905fe3ef63abcc2ff56500a80893c0aa2a061826692c6627,144149,4,1,True,True,True,local_trade_no_swap_certified,1,1,False,True,True,False,False,158.0,2,85
2855,46598e3aedb6448a04c76b91526e652904845159522fb44733e2a20534eb6dfa,99489,4,1,True,True,True,local_trade_no_swap_certified,1,1,False,False,False,False,False,476.0,2,89
2856,870eae5e12d1312a3a2e4dd266d59b41b4a4623897d074dac22d8e595d34ad79,243441,4,1,True,True,True,local_trade_no_swap_certified,1,1,False,True,True,False,False,12710.0,2,85
2857,ec1152a177fbf6fc6559b3cfbd00f87dd6c17e0f0b646d156fc38accbd84351f,73941,4,1,True,True,True,local_trade_no_swap_certified,1,1,False,False,False,False,False,497.0,2,98
2858,d5a711d007b49a54eeb2bf7200ebcdf4a31fdacd14d11bd1e6726f06a28041db,62091,4,1,True,True,True,local_trade_no_swap_certified,1,1,False,True,True,False,False,1386.0,2,108
2859,18ed3afa976e9ea56dbb7d06c3312e43b90d7482918313007f222bbb67a208c9,153000,4,1,True,True,True,local_trade_no_swap_certified,1,1,False,False,False,False,False,18463.0,2,85
2860,0104132b94d5884d077df5fa08bd95e9eedaf89baa28889ad1f4b68a032ef99e,27970,4,1,True,True,True,local_trade_no_swap_certified,1,1,False,False,False,False,False,297.0,2,91
2861,6786a9fd7f7faf2659cb8ba32744ac70f8c9c0bc5ae48eb696a4d489a4948f83,141351,4,1,True,True,True,local_trade_no_swap_certified,1,1,False,False,False,False,False,189.0,2,85
2862,635a5c00da2117b3d1c4f56305c4c8ed1fcb778a65fd87fcab620edf856a9a92,92280,4,1,True,True,True,local_trade_no_swap_certified,1,1,False,True,True,False,False,176.0,2,100
2863,fd1950b01c588eaad5db464e75aa9c6800022ad331aa4fe29c9193a267fd2e28,41327,4,1,True,True,True,local_trade_no_swap_certified,1,1,False,True,True,False,False,101.0,2,85
2864,8ca71d0049090a45893ba13a507c2b61571e3209c42e4988a22c824e0123f18f,80124,4,1,True,True,True,local_trade_no_swap_certified,1,1,False,False,False,False,False,265.0,2,121
2865,241de2b51ecaa32effa014b50f0dba18b656dc4eadc2eb0ab665453b784dcda1,48510,4,1,True,True,True,local_trade_no_swap_certified,1,1,False,False,False,False,False,789.0,2,300
2866,dec565e86e8e66ed27b17067f091879ac51aa74ac1aa1cfb4e91e131c938501b,150146,4,1,True,True,True,local_trade_no_swap_certified,1,1,False,True,True,False,False,401.0,2,85
2867,40aab70f6d3118d72a124a6e6cd0047746960de2b9f6356f64eb858ae133f798,239848,4,1,True,True,True,local_trade_no_swap_certified,1,1,False,False,False,False,False,3554.0,2,133
2868,2046d97e838a1ca0cfcf51d1f1a4ef656d83ae0a54e01510160f569cc423a824,18196,4,1,True,True,True,local_trade_no_swap_certified,1,1,False,False,False,False,False,261.0,2,99
2869,05673b91d5d4451887ccb8c449d5209ba925ed08c2f7c9ee5466d228b309f3f6,264542,4,1,True,True,True,local_trade_no_swap_certified,1,1,False,False,False,False,False,1161.0,2,157
2870,57c24b298274d4934b9151f65ae8decfb812e7abb4ce8bba7614624461c72110,214698,4,1,True,True,True,local_trade_no_swap_certified,1,1,False,False,False,False,False,339.0,2,119
2871,7f77d4926b7ec6d81d80161a4780927f0b877dc24610db99605e1cf1a84dc48d,266309,4,1,True,True,True,local_trade_no_swap_certified,1,1,False,True,True,False,False,1231.0,2,85
2872,83516106e93bfd2d42c8a00d64d0c6f05af6320bd5edefe6d0aa4023bde37243,56848,4,1,True,True,True,local_trade_no_swap_certified,1,1,False,False,False,False,False,2495.0,2,200
2873,0d13bdf2766114ee4c83e33018811a6d29945e97620cb16778d39ea985687dbf,152793,4,1,True,True,True,local_trade_no_swap_certified,1,1,False,False,False,False,False,390.0,2,121
2874,1d921bd5c8d11a6e8ce6685e0cfcfcf17ced2418222557a2fd89cc368b26ee05,80778,4,1,True,True,True,local_trade_no_swap_certified,1,1,False,True,True,False,False,927.0,2,130
2875,b1a685dfe79080367fe3dde439e9b615441ed9affc5678d765fcde598809aa88,153089,4,1,True,True,True,local_trade_no_swap_certified,1,1,False,False,False,False,False,1518.0,2,169
2876,388270d8c3186cf10b3af888b3f18ace88354bbbb6fba9c0b627d9bf6c5d44d1,155392,4,1,True,True,True,local_trade_no_swap_certified,1,1,False,False,False,False,False,2814.0,2,170
2877,90f49566388792fa21bf3301c1c236e4a1683dffd6d87c0ff281ce3f31c32c0b,123052,4,1,True,True,True,local_trade_no_swap_certified,1,1,False,False,False,False,False,1661.0,2,85
2878,f3717ea78befa29f50809be542afffa7b8fe11cd3ba7882fdb28834450f844f5,254716,4,1,True,True,True,local_trade_no_swap_certified,1,1,False,True,True,False,False,314.0,2,85
2879,b141f3ac2eebac63e6cf15f1c04c3f28068d186a0f54e214dbac2651fbfda87e,183625,4,1,True,True,True,local_trade_no_swap_certified,1,1,False,False,False,False,False,3112.0,2,155
2880,a1b01c7ac42966d48e666fc45c9fe937f75af0fab4443297430bd944530103d1,170637,4,1,True,True,True,local_trade_no_swap_certified,1,1,False,False,False,False,False,680.0,2,144
2881,fba0a551e86ccb112aed028d8e7f9ddc2afc68bf6e6de7d8b0d6a196ec86b3ae,44202,4,1,True,True,True,local_trade_no_swap_certified,1,1,False,True,True,False,False,939.0,2,85
2882,c7377ce2770c0400f73e5f469edc72c6d31142834b357ecbe6347b5ca2ef31ad,130221,4,1,True,True,True,local_trade_no_swap_certified,1,1,False,True,True,False,False,2145.0,2,708
2883,969f969da3879d13d8c8bfcaa1221a5475ee4e7b58690bf4441d41baeaeeafd7,72078,4,1,True,True,True,local_trade_no_swap_certified,1,1,False,False,False,False,False,1998.0,2,122
2884,544a38f862654b139dd88b7f03e7d0a10169ad8d580a6d885588d46d0c1fb3be,98902,4,1,True,True,True,local_trade_no_swap_certified,1,1,False,False,False,False,False,2850.0,2,159
2885,db30a0cce96f46bdcf9651b3420765acbbcf02e779baab8f4acc9b5c718852b0,228734,4,1,True,True,True,local_trade_no_swap_certified,1,1,False,False,False,False,False,300.0,2,97
2886,96a8162cf7bc36c85623b6daa40240cf6d35dcc949e5fe916a9b22538ae89499,126563,4,1,True,True,True,local_trade_no_swap_certified,1,1,False,False,False,False,False,3668.0,2,122
2887,9883ea96f858874fdc830fb716edb101eff8f8f31667ccf417c52e19e62de1fa,280517,4,1,True,True,True,local_trade_no_swap_certified,1,1,False,True,True,False,False,744.0,2,134
2888,ec1857eb4dda9360fa0774e32dbf24b1f0fe372f667bd0958f782204cc7212b1,64434,4,1,True,True,True,local_trade_no_swap_certified,1,1,False,True,True,False,False,741.0,2,127
2889,eaa1eec6327e662171d61ef72a69d25b49badf956f30fba9461730038c4116f0,115908,4,1,True,True,True,local_trade_no_swap_certified,1,1,False,True,True,False,False,704.0,2,192
2890,325debec54a7adc9c5ccab14131c42b27e91b11b89bcbb1a9484cacc2352a451,6441,4,1,True,True,True,local_trade_no_swap_certified,1,1,False,True,True,False,False,610.0,2,88
2891,79da6f4f9b04470e8ba97c78cdcf74b1ff517d84aba76f2aedf81fb5ec6fe13d,42184,4,1,True,True,True,local_trade_no_swap_certified,1,1,False,False,False,False,False,1587.0,2,85
2892,3f8e5866a99cfe72c6e9e3e11a9d4441692e02cf72ac8f0f96ecea230275f5fa,137612,4,1,True,True,True,local_trade_no_swap_certified,1,1,False,False,False,False,False,510.0,2,137
2893,a8b874a8f82a4d7a941e9879a43f6aa62724ef24d70cc1a57595174ff6f87031,179927,4,1,True,True,True,local_trade_no_swap_certified,1,1,False,True,True,False,False,274.0,2,85
2894,d769be386715d97d1088dd83f8762ad45a0943e38333d81dbdeec3a781d10dd4,252910,4,1,True,True,True,local_trade_no_swap_certified,1,1,False,False,False,False,False,297.0,2,192
2895,60be30b5e813a312d6eca4c08741f361f9863ad3a36d1f16e29d46964db83543,278368,4,1,True,True,True,local_trade_no_swap_certified,1,1,False,True,True,False,False,1294.0,2,85
2896,f962617924efc569f37a2c023230c55976ee9fc992728485101b26f859221895,3087,4,1,True,True,True,local_trade_no_swap_certified,1,1,False,True,True,False,False,516.0,2,85
2897,170d8887778fb6ebbbd3b11261823a7bf991ab29f4aad5fbfadef2b130a38272,5528,4,1,True,True,True,local_trade_no_swap_certified,1,1,False,True,True,False,False,4012.0,2,85
2898,85a0b52a4a2380d8813260903e6bd998ba00a10c2bd56567fad00e6885b9639a,7189,4,1,True,True,True,local_trade_no_swap_certified,1,1,False,True,True,False,False,398.0,2,85
2899,447fcc823762e94185484a582a4d50abcfc013e2d2089c3e3da4fe6d330750de,138967,4,1,True,True,True,local_trade_no_swap_certified,1,1,False,False,False,False,False,961.0,2,85
2900,0e0c90937963c11f8e516d8b90f7bf1d95bb2488970f258714d7792a307fab5c,197004,4,1,True,True,True,local_trade_no_swap_certified,1,1,False,False,False,False,False,223.0,2,86
2901,1e8a801a3d5bbd2a72a59c4cba0c48bc8faef01d37e323deaeb0f4410c38462b,54026,4,1,True,True,True,local_trade_no_swap_certified,1,1,False,True,True,False,False,6188.0,2,111
2902,9d63478fac9540616a80b1d3d3cecb7f79f83a0da6fe93d5f935523c63ab3279,115143,4,1,True,True,True,local_trade_no_swap_certified,1,1,False,True,True,False,False,734.0,2,114
2903,2030856b00f1581d8f94e451e005103791d313ae906379eca2e72cda6b3098da,57738,4,1,True,True,True,local_trade_no_swap_certified,1,1,False,True,True,False,False,1773.0,2,90
2904,737dd112d10f0229556e0431319920f34621a1f577c877be99dc26142cdb1279,282352,4,1,True,True,True,local_trade_no_swap_certified,1,1,False,True,True,False,False,239.0,2,98
2905,e48cae82b1914471cdde9aab5a64991ffb08308b27dbf81339d5b4740714c36d,188653,4,1,True,True,True,local_trade_no_swap_certified,1,1,False,True,True,False,False,1471.0,2,85
2906,285ae599319b074563eb09de9222063b967f86d280ffc2eeae1d2be4243ed38b,91670,4,1,True,True,True,local_trade_no_swap_certified,1,1,False,False,False,False,False,190.0,2,85
2907,476ad4ea413d6dc778e159f0915d2d2612ccf8bfb2c27ac0b014d7d409af43ba,132320,4,1,True,True,True,local_trade_no_swap_certified,1,1,False,False,False,False,False,1109.0,2,158
2908,a591deae4c679b0cc50f45e9b5e9b1b6757546a9dda05f6bdeca8f18a864a486,212064,4,1,True,True,True,local_trade_no_swap_certified,1,1,False,True,True,False,False,2805.0,2,190
2909,01ade1c3df95313ff6b19d49adf279c1bfdfb03e31e256dbd95f0a7f319fcbbe,116941,4,1,True,True,True,local_trade_no_swap_certified,1,1,False,False,False,False,False,7238.0,2,227
2910,c105e1cb5f9a50a49549b5819b3104cf846c5d25dcb49c4f9817b7e8a91e5fa6,64277,4,1,True,True,True,local_trade_no_swap_certified,1,1,False,True,True,False,False,2134.0,2,207
2911,077fcdb8ee22f96d1476ef22a49ec3d582f6f9e9eb3c6d5d302c8ef886e3965c,430,4,1,True,True,True,local_trade_no_swap_certified,1,1,False,False,False,False,False,124.0,2,85
2912,fe1538fef99567a77d88ca58c21e7718e983eebfe60af677fe30687276028c79,215547,4,1,True,True,True,local_trade_no_swap_certified,1,1,False,False,False,False,False,231.0,2,85
2913,87bbd7c12c2757da9a7c38dd63a213af8f8b771f8db9923e4bc278a29289c0f3,36713,4,1,True,True,True,local_trade_no_swap_certified,1,1,False,True,True,False,False,750.0,2,237
2914,5613b25c99859fb41c726eacdcb4654755dcf0969f33ee28e9bd3a2b0ac00bd3,27997,4,1,True,True,True,local_trade_no_swap_certified,1,1,False,True,True,False,False,1300.0,2,99
2915,dba4aaa34cb44e9cce7d05aa54d148536b1244a38d63240f6a4e0354f922090f,76361,4,1,True,True,True,local_trade_no_swap_certified,1,1,False,True,True,False,False,123.0,2,85
2916,6a7ee4c476f057469abbb1b4f23f55ab978dca61521d119cb4358a06a53848b8,228312,4,1,True,True,True,local_trade_no_swap_certified,1,1,False,False,False,False,False,108.0,2,85
2917,d612bf850b48ecd427888352bf9b97b3f5b661a402a5275e12d459099fdfaf38,4073,4,1,True,True,True,local_trade_no_swap_certified,1,1,False,False,False,False,False,3611.0,2,219
2918,b2dffd4ea848daa0afa4d58d828c9a871f3d16bf8f9d638eff7ac7e98d62693f,126367,4,1,True,True,True,local_trade_no_swap_certified,1,1,False,False,False,False,False,2509.0,2,87
2919,423750547cb0da33bf6610ac37580e219e80546a0acf4c297a496c83c08de096,129703,4,1,True,True,True,local_trade_no_swap_certified,1,1,False,False,False,False,False,767.0,2,85
2920,2574d200510b1a74249d0d6a554431a69fa4e2bbf996f41435b7dcec4e995917,254882,4,1,True,True,True,local_trade_no_swap_certified,1,1,False,True,True,False,False,26626.0,2,85
2921,1edf95314eed3fd56f7e8ff7068131c59f3fe0eda5297044121d4479c965d107,274195,4,1,True,True,True,local_trade_no_swap_certified,1,1,False,True,True,False,False,967.0,2,85
2922,8d67ceea951f9a2a718515c913678c8ae8c0b3ded88556a96cd1a516dea42a3e,157370,4,1,True,True,True,local_trade_no_swap_certified,1,1,False,True,True,False,False,6084.0,2,117
2923,7ee72e32c48e25eb9b6ac67278cc02dc24b61587347c43e3b9d9123790d57041,96609,4,1,True,True,True,local_trade_no_swap_certified,1,1,False,False,False,False,False,2071.0,2,90
2924,ca6f88d435e76c785c86ada70241025ff765f3e3089344e8ac1ae4aa3da17fdb,185519,4,1,True,True,True,local_trade_no_swap_certified,1,1,False,True,True,False,False,3861.0,2,95
2925,41034e50151d655b2c76f1d4efc5028b4ab3c7004aea74e429ef8f24030b7aea,99470,4,1,True,True,True,local_trade_no_swap_certified,1,1,False,False,False,False,False,419.0,2,127
2926,2ff891206a251cd0d081abca0ad3c986c99ac05dd71e12019860b69a107a6696,131718,4,1,True,True,True,local_trade_no_swap_certified,1,1,False,False,False,False,False,433.0,2,91
2927,8dfbab26cd8e615b3d0852a5d55b0e29c9ee63dd0485e4ed8e74ba115bcf6e92,46303,4,1,True,True,True,local_trade_no_swap_certified,1,1,False,False,False,False,False,6771.0,2,288
2928,65117b9557ae508d50ccee465945f795a91a291ff6d69c3666b062f44d5d0553,193461,4,1,True,True,True,local_trade_no_swap_certified,1,1,False,False,False,False,False,667.0,2,102
2929,253ac8851b8519b7812bcf7ab5c35a00bb00f09691fcdaac47a7b09c3729a830,162802,4,1,True,True,True,local_trade_no_swap_certified,1,1,False,True,True,False,False,156.0,2,85
2930,6418dab63c04d4e70319937ffdcf6cb308ad7c0b41899a20bc15d976d1470383,63934,4,1,True,True,True,local_trade_no_swap_certified,1,1,False,True,True,False,False,371.0,2,91
2931,4b3f549c1f8184055db107460f7268c5b0242e6aad7a7c8c8ec01a1877ae8652,108699,4,1,True,True,True,local_trade_no_swap_certified,1,1,False,True,True,False,False,839.0,2,94
2932,3973607154e60a64ccc5fdf68989c53bf2f0d3c1f9bb4f5dcab6fff04b63649e,141582,4,1,True,True,True,local_trade_no_swap_certified,1,1,False,False,False,False,False,221.0,2,85
2933,c4793fea09507db17bb61137503f8744052fc846819cd1cc4b88c5c3053353b4,86219,4,1,True,True,True,local_trade_no_swap_certified,1,1,False,True,True,False,False,1420.0,2,197
2934,612dc4764ab95e6dc9e7a9d3e7ceaaa239085d79eb4919a487b0734cc64d0334,159772,4,1,True,True,True,local_trade_no_swap_certified,1,1,False,True,True,False,False,1049.0,2,112
2935,1dc5eb1b820c7a73f263406523f72febc06906106af259007a37b893e8baba90,209095,4,1,True,True,True,local_trade_no_swap_certified,1,1,False,True,True,False,False,397.0,2,85
2936,78cab8ee64d58f982bf1a2b1f99a1d418f9c3013663790bc9fcec12c44ee6124,55798,4,1,True,True,True,local_trade_no_swap_certified,1,1,False,True,True,False,False,3805.0,2,100
2937,891627a82c7f090144691e230459934480180186dc0ff7dabd855fd5846e9c7a,174417,4,1,True,True,True,local_trade_no_swap_certified,1,1,False,True,True,False,False,1282.0,2,85
2938,e443253c4d953312ce4a33e7c7838ac7adce4514ee58e341b78014230e4c4ac2,207882,4,1,True,True,True,local_trade_no_swap_certified,1,1,False,True,True,False,False,448.0,2,129
2939,f7118d3951e46fdd66901dd2d4456a2bd95974a75a581116b5f73fbbfab0099e,94142,4,1,True,True,True,local_trade_no_swap_certified,1,1,False,False,False,False,False,897.0,2,85
2940,c2c6e5a8b177b3359a2036d7feff55c27f906671437429b261b2ca7fb3d55078,229787,4,1,True,True,True,local_trade_no_swap_certified,1,1,False,False,False,False,False,226.0,2,107
2941,9abc04b38ab5f1ea47407eb463a90003a8759f892c7fa8f75606714770006e23,270061,4,1,True,True,True,local_trade_no_swap_certified,1,1,False,False,False,False,False,496.0,2,168
2942,a0a559d4d3a31bc4adfa5833a781a31c8ba7d226769d446b9e49ad25d11c6b6b,211206,4,1,True,True,True,local_trade_no_swap_certified,1,1,False,False,False,False,False,168.0,2,85
2943,ee6f7082b79b8033b2cf04dce0c8cef0a7c260705376f15de336f27a1d8c1a04,61773,4,1,True,True,True,local_trade_no_swap_certified,1,1,False,True,True,False,False,8126.0,2,232
2944,321106987f46e066eb244bfa209f90448ea363df0933a7cf34372a6505c5bede,215986,4,1,True,True,True,local_trade_no_swap_certified,1,1,False,True,True,False,False,1507.0,2,191
2945,c59f2bbfe6a675b6105bedccd857808ba2470ba3d79d2928604bc57aab6f411f,28381,4,1,True,True,True,local_trade_no_swap_certified,1,1,False,False,False,False,False,1132.0,2,115
2946,9728830f434a601a0dc4f035d260085ad1939819c9d24eb59559d1128ed8bcb1,47072,4,1,True,True,True,local_trade_no_swap_certified,1,1,False,False,False,False,False,437.0,2,85
2947,199d3f39c2d49478e65e3144aaa065959334b2d26f3e8f2a167da8747df5ae95,56110,4,1,True,True,True,local_trade_no_swap_certified,1,1,False,True,True,False,False,577.0,2,85
2948,27e7e5a3f674948f547d47f5d7eb709a87ccbdcf6273c5422e969b123a72090f,157077,4,1,True,True,True,local_trade_no_swap_certified,1,1,False,False,False,False,False,142.0,2,85
2949,80bdad6f2f02288e063743a48931c8bc83269789afd1d5bd488f4c6bd1badce8,190617,4,1,True,True,True,local_trade_no_swap_certified,1,1,False,False,False,False,False,495.0,2,104
2950,fd806e2d6dd86fa8fdc506c72f2586d2fb012ad9d20af32182ed29244ce6b4af,71122,4,1,True,True,True,local_trade_no_swap_certified,1,1,False,True,True,False,False,122.0,2,104
2951,47a28a3b9ea3aff9ef75e7b2627c44622c1c99419c9b7b35d1aa997efeb6743e,229061,4,1,True,True,True,local_trade_no_swap_certified,1,1,False,True,True,False,False,528.0,2,157
2952,5a9174e36ab718e53d883683d91c3867a7f3b63368099fed073e56643305e3b2,297746,4,1,True,True,True,local_trade_no_swap_certified,1,1,False,True,True,False,False,1292.0,2,120
2953,4022840ffbcad7ce968eba1747c374663a2d221c2b7931e0eca49e0f12f1a126,152864,4,1,True,True,True,local_trade_no_swap_certified,1,1,False,True,True,False,False,111.0,2,85
2954,633d80a0918b9196c680712f2d3c5238662fee1b0f536ce4a429d56a9a753608,115449,4,1,True,True,True,local_trade_no_swap_certified,1,1,False,True,True,False,False,1319.0,2,85
2955,0dd60881ff59513b8287c107e44440a1200b3eef39a041fd46531731912fd376,172,4,1,True,True,True,local_trade_no_swap_certified,1,1,False,True,True,False,False,740.0,2,85
2956,3e86e1692e6b603a46ecf95a49310cd831dc7c91f7453a9e4a0ae93f573c96c3,233946,4,1,True,True,True,local_trade_no_swap_certified,1,1,False,True,True,False,False,1949.0,2,318
2957,9cdc68a9e72a087b8134ea2fe6fc270855ee228343f613bc0eb096e57b16fc90,156196,4,1,True,True,True,local_trade_no_swap_certified,1,1,False,False,False,False,False,3773.0,2,140
2958,7e99d9916c5100d80a1f512bb6faa1c1ab032084fafde5751f7d2ad455f5a0bf,121157,4,1,True,True,True,local_trade_no_swap_certified,1,1,False,False,False,False,False,2714.0,2,85
2959,b365a05bf295bf30725a37b53e3c21868e738ef825c5cc199bb157914cee2de2,87665,4,1,True,True,True,local_trade_no_swap_certified,1,1,False,False,False,False,False,2980.0,2,212
2960,9085d9ce6f268d1cffc93aacdace1b24506e55c52e2f68acfd92ca65cd978ed9,228050,4,1,True,True,True,local_trade_no_swap_certified,1,1,False,False,False,False,False,8611.0,2,119
2961,3ef4a4384774c21ac864942cff8b05642685eefed011ee5b0fe11c76f911d3ab,119289,4,1,True,True,True,local_trade_no_swap_certified,1,1,False,True,True,False,False,267.0,2,85
2962,6324188ca891ad7f999b88e5765b22c52e0ccaf5d2e36910cc29a235345dfcb2,293692,4,1,True,True,True,local_trade_no_swap_certified,1,1,False,True,True,False,False,1505.0,2,276
2963,1e484d7add65f28058b9aa3dcf2bc87557570e9050ce97fd2316adbb5f0923a2,147014,4,1,True,True,True,local_trade_no_swap_certified,1,1,False,True,True,False,False,780.0,2,85
2964,12a2449c3567d33b2ed89829e49358b2531660e6a78cf0cdac89546777b4f7de,258472,4,1,True,True,True,local_trade_no_swap_certified,1,1,False,True,True,False,False,154.0,2,85
2965,5021d60cdc6739583a0eb7bd78d650bdc289a2996edb34e067d5e3fc38e8aa0a,239247,4,1,True,True,True,local_trade_no_swap_certified,1,1,False,True,True,False,False,173.0,2,112
2966,90c0107082fd6e3384915f424cb777176a82c9171d1859ce223d960a7b3f00a7,198377,4,1,True,True,True,local_trade_no_swap_certified,1,1,False,False,False,False,False,389.0,2,96
2967,6b001797b4efea5b593d4622d1ebf7eb46636819a9f56f555d195f7f6dfcfa6e,64022,4,1,True,True,True,local_trade_no_swap_certified,1,1,False,False,False,False,False,1152.0,2,113
2968,ef7032f97073acb75a99cb5ec18c8f8dd2b8cc84559f0bb082b5a3a28316c2ae,172406,4,1,True,True,True,local_trade_no_swap_certified,1,1,False,True,True,False,False,2010.0,2,177
2969,bbe0bb274f18702ba7e358fe22f8736521f4b5ecf8590c0f4a444c7370facec9,163599,4,1,True,True,True,local_trade_no_swap_certified,1,1,False,False,False,False,False,369.0,2,91
2970,56b9f3da815f4b7e9816c68522aef3c42a45e00064ad7c6582c08a453846836c,222743,4,1,True,True,True,local_trade_no_swap_certified,1,1,False,True,True,False,False,240.0,2,85
2971,cfd32ffce380a8ab93791ed961a5981224ec9518e77ecf7558919ebd3ea373b6,208405,4,1,True,True,True,local_trade_no_swap_certified,1,1,False,True,True,False,False,696.0,2,94
2972,ed69b08ba1118b182f1d3bbbd8d7e7d5073292592a103e3c90eef0c86cab60a4,120453,4,1,True,True,True,local_trade_no_swap_certified,1,1,False,True,True,False,False,452.0,2,120
2973,f3eda6611bb397e570376ca4062d33ffe9cc081bc376d03c1b59dee6091f582c,17686,4,1,True,True,True,local_trade_no_swap_certified,1,1,False,True,True,False,False,302.0,2,85
2974,54b97fb87c6bf8cbdb0bbbbf0789cfbd4217e597f7157f8231d0fae69d7d1cfa,173388,4,1,True,True,True,local_trade_no_swap_certified,1,1,False,False,False,False,False,1140.0,2,91
2975,0b3ddc4f28d42b0b8d09a955d288267fe15612342ae4acfebce978ab8c07dda0,199824,4,1,True,True,True,local_trade_no_swap_certified,1,1,False,True,True,False,False,3085.0,2,341
2976,ced8698d833bfa509720ab8e4c1f7982d85afa2dc2b345325924292cfd25645c,184181,4,1,True,True,True,local_trade_no_swap_certified,1,1,False,False,False,False,False,1347.0,2,177
2977,289cc1b222559422d53c861a12413b7d5b16fc125009bb5282ccb0b548898cf3,152693,4,1,True,True,True,local_trade_no_swap_certified,1,1,False,True,True,False,False,66.0,2,85
2978,48db3ba1b30d9eae5e8ff9bd76acad5ad7353dddec23299d61dede551fac1d74,155709,4,1,True,True,True,local_trade_no_swap_certified,1,1,False,True,True,False,False,355.0,2,85
2979,cde9e54ec7b80742ae630eca1a309889ac192d9015ce9117cc4ac56e2175d637,10073,4,1,True,True,True,local_trade_no_swap_certified,1,1,False,True,True,False,False,460.0,2,139
2980,088fb651ed7f7d31553561b02db40e82cd43edc051c1958defefc43f5132115a,69248,4,1,True,True,True,local_trade_no_swap_certified,1,1,False,True,True,False,False,616.0,2,92
2981,dad06ae52e66c611a5d9cb44668be541ecd2ecf637602c118757b239e482a0a3,276304,4,1,True,True,True,local_trade_no_swap_certified,1,1,False,True,True,False,False,1937.0,2,685
2982,a3995e1dbae3bad08b111622a0fb6f281dd87d96e83948025501d47a01eb8d44,70385,4,1,True,True,True,local_trade_no_swap_certified,1,1,False,True,True,False,False,983.0,2,85
2983,a74ea5cd182c3fc8453eb0b2942f1efcacb1d89e5ad8f7a04d8d945a5a5540f0,78751,4,1,True,True,True,local_trade_no_swap_certified,1,1,False,False,False,False,False,806.0,2,143
2984,90b75df3c3f13283b7c77933a12724cce70e5070728d2895d5536a22ddd1e4a4,105225,4,1,True,True,True,local_trade_no_swap_certified,1,1,False,True,True,False,False,124.0,2,85
2985,ae8348fb4927d6e6abd2693e705739a63eec24d9edc0304914752f25193f6b79,14785,4,1,True,True,True,local_trade_no_swap_certified,1,1,False,True,True,False,False,104.0,2,85
2986,88da2ac66a5de7f8f7e7e46ae7835054c478acd5cd16b34585b4b2550b5ac2d8,118790,4,1,True,True,True,local_trade_no_swap_certified,1,1,False,False,False,False,False,741.0,2,85
2987,3631ab226642a6da99113d8d23a7cd9ad163e8853cbfee4c68d816b12bad7f7e,34493,4,1,True,True,True,local_trade_no_swap_certified,1,1,False,False,False,False,False,455.0,2,85
2988,1bedb5297a9d8d9757c10fceb168685035c808f646de15747122aeae20056e3a,298999,4,1,True,True,True,local_trade_no_swap_certified,1,1,False,False,False,False,False,169.0,2,85
2989,d3e3c6a5a5ec5510316928b5a68d905aaf8d7a3daf93f09d2376ffd5accf7333,244357,4,1,True,True,True,local_trade_no_swap_certified,1,1,False,True,True,False,False,1543.0,2,235
2990,350434052ceb04a165f0f22d1e0e9a6a316fe6ab1800bd31dbdf65421d5b0015,106848,4,1,True,True,True,local_trade_no_swap_certified,1,1,False,False,False,False,False,194.0,2,89
2991,808369f52bc65d8a05c88bec817aa7ab6186daa4dca6ddc04063e3692a5ed16e,229749,4,1,True,True,True,local_trade_no_swap_certified,1,1,False,False,False,False,False,497.0,2,107
2992,a27aaf24fb6a23522ddf48988e72d765c2a26ac06c0914a481be3625826990fc,66670,4,1,True,True,True,local_trade_no_swap_certified,1,1,False,True,True,False,False,212.0,2,85
2993,6f4230428bdb19c6043cb3e3f30ae4762bea8e9efe43e0ff5a00522bb38a5723,155835,4,1,True,True,True,local_trade_no_swap_certified,1,1,False,True,True,False,False,1306.0,2,209
2994,547f115c63f624632d8a7a4a8cb233b9e2e34b290d17ce4a371dd5164b49ad9f,231132,4,1,True,True,True,local_trade_no_swap_certified,1,1,False,False,False,False,False,607.0,2,183
2995,fca90c8d93468de4b72c44d0420031190b88de38a0059b95b80cb1bef638170a,189334,4,1,True,True,True,local_trade_no_swap_certified,1,1,False,True,True,False,False,727.0,2,85
2996,7634ff35dad41a969d113c8cde14e1f19ee6e693ed05d8e34c151dd8a63f96f9,99536,4,1,True,True,True,local_trade_no_swap_certified,1,1,False,False,False,False,False,254.0,2,94
2997,84132838b497cf02eac7ff6558e7a19a94db45873cf8e0beab51b4d66d2b36c9,84754,4,1,True,True,True,local_trade_no_swap_certified,1,1,False,True,True,False,False,734.0,2,273
2998,8755b17636a643678def499f6b78d7e572715d6887605615a58ea324ca624431,58280,4,1,True,True,True,local_trade_no_swap_certified,1,1,False,False,False,False,False,146.0,2,101
2999,61134d1202a64f5d474bf7fe84464cfe830626cc74bc6064a04c515e01d5e2b5,191858,4,1,True,True,True,local_trade_no_swap_certified,1,1,False,True,True,False,False,1151.0,2,201
3000,2b04fd07fc502b313eea0d9a425e8ed542d954a5057f483d708c23247fe32c86,53074,4,1,True,True,True,local_trade_no_swap_certified,1,1,False,False,False,False,False,2548.0,2,170
3001,063deba107b4d79f9c57b3568412030240a5d7493c4eec99a5252e28a485fdda,248182,4,1,True,True,True,local_trade_no_swap_certified,1,1,False,False,False,False,False,19156.0,2,221
3002,e986e59a2f3fe972604a921eb5b7df6d4e023bbbccc514c9ee6986947e498bcf,187112,4,1,True,True,True,local_trade_no_swap_certified,1,1,False,True,True,False,False,62.0,2,85
3003,2b619d4adc6274e73fc169eea9baa2b00e86a4518845e884bde28c4371745dbb,110630,4,1,True,True,True,local_trade_no_swap_certified,1,1,False,False,False,False,False,117.0,2,87
3004,e557c934a4a3275fd6e88e777ba857d3d0bc6391ba240abd1bcc42c705ec9993,133175,4,1,True,True,True,local_trade_no_swap_certified,1,1,False,True,True,False,False,763.0,2,344
3005,b250bd15d56ce938a52916069b24340b479e134f106bb5bce18f20105f6ed04d,173076,4,1,True,True,True,local_trade_no_swap_certified,1,1,False,True,True,False,False,222.0,2,129
3006,332a61908b122cb8dae18d658e6418f476cec9fcd2398adf9b8cbba0e3b04e8c,31828,4,1,True,True,True,local_trade_no_swap_certified,1,1,False,False,False,False,False,286.0,2,85
3007,41fc2dbe117bbe99b6081ab48d57592884364b8dd7eb5e14c5f220bd6f78659c,231040,4,1,True,True,True,local_trade_no_swap_certified,1,1,False,True,True,False,False,338.0,2,85
3008,dbc0223b85bb71c754e01546f8e318c4b3f3b3c408252d06d5bf54634abb91b4,76420,4,1,True,True,True,local_trade_no_swap_certified,1,1,False,False,False,False,False,520.0,2,113
3009,4aa2fba7fcdd4a37426f6a5542f48fe0334eb07358bb77306263641c83292ed1,116743,4,1,True,True,True,local_trade_no_swap_certified,1,1,False,True,True,False,False,248.0,2,85
3010,1ab0f20852d978730f12ca69693dee2f549c48f270895ee32f31c9e1e0a0be3b,48754,4,1,True,True,True,local_trade_no_swap_certified,1,1,False,False,False,False,False,1402.0,2,131
3011,9f4ca551cf38673bb432b168f609b211719a8e34de4cb22900dec7c51a0626ff,294104,4,1,True,True,True,local_trade_no_swap_certified,1,1,False,True,True,False,False,954.0,2,213
3012,28acdb098ef9131138e2d4189721f15baf628a1a8e9d5fe6de1358ce96fd1ea7,175898,4,1,True,True,True,local_trade_no_swap_certified,1,1,False,True,True,False,False,183.0,2,85
3013,0df1c188f12f57616b5846f7d9af78c34211cfa0107f1e316107e4c815829090,87256,4,1,True,True,True,local_trade_no_swap_certified,1,1,False,True,True,False,False,1126.0,2,109
3014,03eddd100032b268465939b9ee7825e3cde4e1d246504b84e9943738c100d1e8,240203,4,1,True,True,True,local_trade_no_swap_certified,1,1,False,False,False,False,False,843.0,2,85
3015,f5540ccfcd4c75abdc49fb53cf178653d5b803ba7b31b49eb62fc63852562d2d,193164,4,1,True,True,True,local_trade_no_swap_certified,1,1,False,False,False,False,False,4555.0,2,100
3016,341b822988c4ef7da43fa74409ef217e78db7b26375ef599d35500ce56c8082b,258272,4,1,True,True,True,local_trade_no_swap_certified,1,1,False,True,True,False,False,417.0,2,85
3017,f570c0afeb5e616f1baf1e3962593e342af873b356584e8f9bc9505de8f9bb5d,293106,4,1,True,True,True,local_trade_no_swap_certified,1,1,False,False,False,False,False,2064.0,2,124
3018,2e7ad6d1a8a3730924438217b90c09125690dfed15f7a66c3118eff5061c5707,63608,4,1,True,True,True,local_trade_no_swap_certified,1,1,False,True,True,False,False,607.0,2,85
3019,f1138997f22432f20ad2b625d9f03bd10f688cf17c13e5bb9ff406c3a08a3aeb,244183,4,1,True,True,True,local_trade_no_swap_certified,1,1,False,False,False,False,False,3464.0,2,138
3020,ab6e51805f91de2753941607baae4b10e6c3d3d8f67cbe94d2aef1a647bc6fbb,160864,4,1,True,True,True,local_trade_no_swap_certified,1,1,False,True,True,False,False,493.0,2,102
3021,67f2689b2a01631a5bedd79898cfee05a3f975991e6f5bdea9178e3137cc8060,232805,4,1,True,True,True,local_trade_no_swap_certified,1,1,False,True,True,False,False,716.0,2,158
3022,260014d6b6b0d0b697d045b43fa8c113311b4ee3e389e12db23260249fcb460f,260178,4,1,True,True,True,local_trade_no_swap_certified,1,1,False,True,True,False,False,1023.0,2,96
3023,1ab4fcba666a85ce50474ce5f9ddcbf446b4ea63c8e312ccfd955e930ff77c1a,278614,4,1,True,True,True,local_trade_no_swap_certified,1,1,False,False,False,False,False,348.0,2,85
3024,68d710b56cc28abf54a0453aee3553eace04b7984b9c24e9e9153afb133cb167,69813,4,1,True,True,True,local_trade_no_swap_certified,1,1,False,False,False,False,False,1778.0,2,176
3025,09671055469cb0070b4ca45fde674a2231b7cc2687127c31e4d09d25fedc88ad,205487,4,1,True,True,True,local_trade_no_swap_certified,1,1,False,True,True,False,False,792.0,2,85
3026,7ffc867ee47c945c097720cd086fbd92695186906e987ac7f1f64e2094cde909,64057,4,1,True,True,True,local_trade_no_swap_certified,1,1,False,True,True,False,False,826.0,2,85
3027,064db8b49e864900a9f1192e36176a119fae9f6643cd88e0785fa5e1d5bd3ccc,287631,4,1,True,True,True,local_trade_no_swap_certified,1,1,False,False,False,False,False,1818.0,2,85
3028,b1954c04f6fd3e83e0d8b41965cea3803f6b6eb06719549662b90f8becfec0c3,21501,4,1,True,True,True,local_trade_no_swap_certified,1,1,False,True,True,False,False,625.0,2,121
3029,420c7711707281a47770c426332e630b993ddd91b04967096b80c7338623507d,98473,4,1,True,True,True,local_trade_no_swap_certified,1,1,False,False,False,False,False,447.0,2,161
3030,cc9983aec19f875b8093e6fc01605c1b905de711fd69031cdc28aaedc3f5d130,228374,4,1,True,True,True,local_trade_no_swap_certified,1,1,False,False,False,False,False,444.0,2,85
3031,da9ee7f4839e78a4a4f2e4abb222d54e7293b33245797776067300341f5355e1,190756,4,1,True,True,True,local_trade_no_swap_certified,1,1,False,True,True,False,False,492.0,2,90
3032,72a224bcba5c816b47a0589d6e4bf76c41bff8bc24cbc5c0b62addfe60085c06,103148,4,1,True,True,True,local_trade_no_swap_certified,1,1,False,True,True,False,False,2994.0,2,85
3033,c41aa521f387fd1294c0a55e0c689687d302f6d44c8b32d1737e2315740cfadb,95324,4,1,True,True,True,local_trade_no_swap_certified,1,1,False,False,False,False,False,343.0,2,85
3034,cd6cf0af0eae5697fc2f5835a4b83ad43ebaae1305d40307cc2b89bf1a9e7f61,42036,4,1,True,True,True,local_trade_no_swap_certified,1,1,False,True,True,False,False,1527.0,2,95
3035,36ccc2be9cda710bd6e3bf62b786d31806d7b9194b2ec6106981bc7057d4d897,80112,4,1,True,True,True,local_trade_no_swap_certified,1,1,False,True,True,False,False,430.0,2,85
3036,e1480bafd99a27c488731e5701107b8f5bca70a4f4ce5247cd015c65beedc878,235660,4,1,True,True,True,local_trade_no_swap_certified,1,1,False,False,False,False,False,1476.0,2,288
3037,9b6cf8618647c52291cd0877175975b0bd36fead9703f52d9443835a917067e7,273912,4,1,True,True,True,local_trade_no_swap_certified,1,1,False,False,False,False,False,181.0,2,85
3038,d75b30c16d9c6c0ad77e5a4cf87108f5624269fb0a47b3b524c5f8041aa56f18,259310,4,1,True,True,True,local_trade_no_swap_certified,1,1,False,True,True,False,False,819.0,2,154
3039,9f3baca1f2a84ac60280c56e3ca16caf127870b6024d810ecdcec15418925c09,284061,4,1,True,True,True,local_trade_no_swap_certified,1,1,False,True,True,False,False,2554.0,2,85
3040,0abee3179839f6f1ac665f0416a7292eb47e21c558cc77b504b6076b1ec5f1fe,224221,4,1,True,True,True,local_trade_no_swap_certified,1,1,False,True,True,False,False,269.0,2,85
3041,417428394eec20e9c2fbb6a7d3b00bf31a1f339749f32ee42f60525929208bf6,220849,4,1,True,True,True,local_trade_no_swap_certified,1,1,False,True,True,False,False,571.0,2,85
3042,32203e9acdc44a41cd6a62e2c307b44f40d6e8c7a74708169456069da887018a,134004,4,1,True,True,True,local_trade_no_swap_certified,1,1,False,False,False,False,False,1400.0,2,88
3043,63ef8cc0bb4a2ef1b41cfb73aa083c4ecf85307224489f1d4f298c4cb2f35e8e,87834,4,1,True,True,True,local_trade_no_swap_certified,1,1,False,False,False,False,False,85.0,2,85
3044,c29bac50404ba6e8c5884052a463b4823bb49d4257b30f590aee1b8a99f289df,230728,4,1,True,True,True,local_trade_no_swap_certified,1,1,False,True,True,False,False,164.0,2,85
3045,810d5481a7d6e64b7e2a3a6491d6de79486e9abd58659faf1f465e1aee669c77,31311,4,1,True,True,True,local_trade_no_swap_certified,1,1,False,False,False,False,False,575.0,2,88
3046,61fc07efa07313555de2692165784a0d1528b7f4c3ed96c1857c9cf2a146e9ec,277881,4,1,True,True,True,local_trade_no_swap_certified,1,1,False,True,True,False,False,859.0,2,207
3047,1591fa5a9908454c6eb60b5d0a6cb907e92ad94f6b283850b1ba265baeace7f3,53933,4,1,True,True,True,local_trade_no_swap_certified,1,1,False,False,False,False,False,305.0,2,85
3048,b2f7275524482f5719772c53f9a9220627d3d07939d178d194482054e57a48f1,198236,4,1,True,True,True,local_trade_no_swap_certified,1,1,False,True,True,False,False,5143.0,2,132
3049,095816f2356542625aa1a14b73308153dc8c4cfa86d8db39e80fae3636200942,201199,4,1,True,True,True,local_trade_no_swap_certified,1,1,False,True,True,False,False,487.0,2,85
3050,511394151c6b56260fa8279d01fe543ee373a3820b8043317807ae57359da357,121853,4,1,True,True,True,local_trade_no_swap_certified,1,1,False,False,False,False,False,292.0,2,99
3051,5f7974b36e99a59c05ac84742af4686a698ba89b9638c68b98a1b8ad93932433,224017,4,1,True,True,True,local_trade_no_swap_certified,1,1,False,True,True,False,False,266.0,2,85
3052,5eda6c8e111fea3fb7cb197e577e576d7c6b9bbb5e14f382bda6bd7c8273d81d,83418,4,1,True,True,True,local_trade_no_swap_certified,1,1,False,True,True,False,False,119.0,2,115
3053,d71a5665801f2ff08ded7bc2995ed8f2bb1db458ba41769b95f2cbfeb51dde84,84635,4,1,True,True,True,local_trade_no_swap_certified,1,1,False,True,True,False,False,402.0,2,85
3054,41df1e6b9986462fc1bf4e726fd44ce531c1676a45cdafdc95f238e6c25b2aa2,177441,4,1,True,True,True,local_trade_no_swap_certified,1,1,False,True,True,False,False,549.0,2,193
3055,7a0fcdbc18b2153e14b1db6c5a7a518a9e195b395d07b27f2d3a8b56decc0c3e,41276,4,1,True,True,True,local_trade_no_swap_certified,1,1,False,False,False,False,False,2048.0,2,85
3056,a27061ed95b488a6c88b34aa9ef7c63a61a09a65100dab272aa7bca54e39b636,91332,4,1,True,True,True,local_trade_no_swap_certified,1,1,False,False,False,False,False,2259.0,2,85
3057,cdffccc3c6ef8291ba1021f35aa8a7d95ce76dc7970affc8f8bdf8efd4b1c042,190238,4,1,True,True,True,local_trade_no_swap_certified,1,1,False,True,True,False,False,1226.0,2,85
3058,316a10e2b9b6f863023b960737984285ed4903823dac3b166ae0660def8a0b3b,100995,4,1,True,True,True,local_trade_no_swap_certified,1,1,False,True,True,False,False,4527.0,2,199
3059,e35d65dbb544513fca4582dcd3538a0c123a0321e21393755992edfcf7084cbe,100185,4,1,True,True,True,local_trade_no_swap_certified,1,1,False,False,False,False,False,733.0,2,85
3060,c0b0ce5bbe68e9806fee1f5138dda5964d8102161113830bcab65961dbceadda,151185,4,1,True,True,True,local_trade_no_swap_certified,1,1,False,True,True,False,False,576.0,2,197
3061,2568fa41b3a5afe4a9b0bec2ffdd78fc11500d795ae570c218aaa9e3f4d528ea,265500,4,1,True,True,True,local_trade_no_swap_certified,1,1,False,True,True,False,False,206.0,2,96
3062,41ca7ee74a457fbae97a782a9f9468220212ecf4d2e51c16a85d9839c98a2144,124393,4,1,True,True,True,local_trade_no_swap_certified,1,1,False,True,True,False,False,71.0,2,87
3063,df524147e33538805490ed259103db93a71373a1bcf108c899870bc5938d1141,88414,4,1,True,True,True,local_trade_no_swap_certified,1,1,False,False,False,False,False,719.0,2,115
3064,c7cbe65edd88f5f3d01f7b67c47def92fa48f5cca4b9be9bc7bf7d579d9b14af,8098,4,1,True,True,True,local_trade_no_swap_certified,1,1,False,True,True,False,False,518.0,2,125
3065,b7e3ffbfd6530f281735f1fa6daa4a8eb8b27ab9bda7eda156af4cc3b701820a,273456,4,1,True,True,True,local_trade_no_swap_certified,1,1,False,False,False,False,False,1347.0,2,115
3066,16c6d96743c0ac69594562832deb84d94995dca092a6065f517061fc761f0980,169272,4,1,True,True,True,local_trade_no_swap_certified,1,1,False,False,False,False,False,99.0,2,85
3067,aaaccfb258311674a01db35c170eca9486008fc794150f42a5f9d1280c70b905,144807,4,1,True,True,True,local_trade_no_swap_certified,1,1,False,True,True,False,False,1220.0,2,85
3068,edadbb9b6d6aa59c0e47f62a1a41675f6ecb3cb78e22b61ad42fa7dcd7e8564f,91315,4,1,True,True,True,local_trade_no_swap_certified,1,1,False,True,True,False,False,4656.0,2,159
3069,62fb6189fa1463f013af6039429230c5091ceb439b7d7548c5e7462610c10303,189653,4,1,True,True,True,local_trade_no_swap_certified,1,1,False,False,False,False,False,348.0,2,150
3070,8bf692893b38a135839e785c70ec0b5fe83f667756c965a954be9d28945e5eac,95491,4,1,True,True,True,local_trade_no_swap_certified,1,1,False,True,True,False,False,598.0,2,109
3071,9f2af8a2f030faaad197992d7f1f5d74d025b67c381c7a83ed5d680d339bf31d,64161,4,1,True,True,True,local_trade_no_swap_certified,1,1,False,False,False,False,False,2513.0,2,88
3072,f6fca5c4ef70749aabfc4db222b988e65231fbf76c0f603b522959bc1ac646a5,171397,4,1,True,True,True,local_trade_no_swap_certified,1,1,False,True,True,False,False,1436.0,2,85
3073,7d783cac0080cdd986bf12187bada5a58a2207fc8bb1a16f91d7173f69bb4a99,18569,4,1,True,True,True,local_trade_no_swap_certified,1,1,False,True,True,False,False,786.0,2,338
3074,51add77d2597d081f088298d530efc5e49ae85aa997e615354b0613c2e7e72fd,50441,4,1,True,True,True,local_trade_no_swap_certified,1,1,False,False,False,False,False,1835.0,2,119
3075,ad97dd0ea15ffd5fea7042a9bee47f51564729d84e815d942a8aff87dadca0a9,223718,4,1,True,True,True,local_trade_no_swap_certified,1,1,False,False,False,False,False,826.0,2,85
3076,127dc0ebc79c371bb895266494c980eb0427d30ceebe6ec23accb11cf9905dba,176266,4,1,True,True,True,local_trade_no_swap_certified,1,1,False,True,True,False,False,208.0,2,96
3077,cd54ea2bc97d71d3ec04411e62a09b42b773df0a9ae0dfe9dd1442f3b3b1b759,231024,4,1,True,True,True,local_trade_no_swap_certified,1,1,False,True,True,False,False,190.0,2,93
3078,873b08cdd13206f0fe50f00fe355b1b2a15e9dd4b1e124f2c7d3cca44bf86ab3,82352,4,1,True,True,True,local_trade_no_swap_certified,1,1,False,False,False,False,False,280.0,2,85
3079,763040c45fa38b5dc94455418735197c94faba5daede5c0e0829972fadd4f6cf,210299,4,1,True,True,True,local_trade_no_swap_certified,1,1,False,False,False,False,False,1494.0,2,85
3080,f1f45dc770788c9aca8c4684aaa5c3f189ee565cfcfc08e8901207f7903f48f3,252518,4,1,True,True,True,local_trade_no_swap_certified,1,1,False,False,False,False,False,303.0,2,116
3081,66bf45049ee7fe35c83b4eae4dfcfe55ad34955723aff630626f15520000d90c,43432,4,1,True,True,True,local_trade_no_swap_certified,1,1,False,True,True,False,False,882.0,2,135
3082,a6b013b3925338a5820022b39a25d01a363f20c9750478ddfed9330833bbc4fd,49985,4,1,True,True,True,local_trade_no_swap_certified,1,1,False,False,False,False,False,1882.0,2,187
3083,25a7cbc1737f50dc39fb3d85a2af0c54c2905ed8c1d11b6404fb2ea706f90db4,73609,4,1,True,True,True,local_trade_no_swap_certified,1,1,False,True,True,False,False,1118.0,2,85
3084,d89441412959ef1d1d14a6c4c73a3b43f2fc7f22c52bf08fe478542cbbc77fe3,195209,4,1,True,True,True,local_trade_no_swap_certified,1,1,False,False,False,False,False,1969.0,2,108
3085,eb42ce798430b2ea9123b8b169c28f470823eec2065a50040ecee287d551e36b,235019,4,1,True,True,True,local_trade_no_swap_certified,1,1,False,True,True,False,False,266.0,2,89
3086,64c558d7298317a9281e1b7f6231398d2a7e1e22de4268b9b7186bef15058edb,130819,4,1,True,True,True,local_trade_no_swap_certified,1,1,False,True,True,False,False,171.0,2,126
3087,0cb14e4f94cb96c7e7cf03c6e38186a7745c875355e6a8c6d1d04b5894d88c0c,222449,4,1,True,True,True,local_trade_no_swap_certified,1,1,False,True,True,False,False,1909.0,2,103
3088,169f9e84c29a200793ced55437f637c741114304bc084a711357ecd7cdb852fb,288488,4,1,True,True,True,local_trade_no_swap_certified,1,1,False,True,True,False,False,402.0,2,224
3089,2d7c515313e53127b486e765cf4443327d2ce9acaac1539de839267428db7221,23943,4,1,True,True,True,local_trade_no_swap_certified,1,1,False,True,True,False,False,611.0,2,85
3090,b040f0b1154cabf31016e356be367a7ab06314a4477fd95ec6e8512f4a37cd3e,96775,4,1,True,True,True,local_trade_no_swap_certified,1,1,False,False,False,False,False,873.0,2,135
3091,276f19dc8f1bd9dd4b6567b7593c3ccf380d2bfcaa86372375a65ffc7cb9656c,256363,4,1,True,True,True,local_trade_no_swap_certified,1,1,False,True,True,False,False,936.0,2,288
3092,bde8bdc2f2c0fbac51af39586d4d2b51a242cce979463f6c81ce2bd5ba1413b6,106763,4,1,True,True,True,local_trade_no_swap_certified,1,1,False,True,True,False,False,500.0,2,103
3093,1999fe8ed8aeda220b32e1b02b072d8df21078d4207a0c0c2814c48cf0e4340f,44842,4,1,True,True,True,local_trade_no_swap_certified,1,1,False,False,False,False,False,493.0,2,95
3094,68a87edc5848db9f9d30f8936a11a331d5e0bf0fa78219be954b8594346fad50,49852,4,1,True,True,True,local_trade_no_swap_certified,1,1,False,False,False,False,False,495.0,2,85
3095,696ebdb371dc7e700d5c844b506840e93a0376f05756f28cef17c04ac7ef88e4,86235,4,1,True,True,True,local_trade_no_swap_certified,1,1,False,False,False,False,False,434.0,2,85
3096,988b5a359079eb58962a6456ae427db9d678a432419f7244a777ed3f265fc6c9,216194,4,1,True,True,True,local_trade_no_swap_certified,1,1,False,True,True,False,False,976.0,2,108
3097,a962f5fa0dd853477a7e15235e6a5cb3fd1e5fcd67a019cec7534b9e236860ab,147609,4,1,True,True,True,local_trade_no_swap_certified,1,1,False,True,True,False,False,410.0,2,91
3098,5c67f74e37197388e0f5f19d93d6df806aef7cc289e539cc45e1d79cf07626f8,55638,4,1,True,True,True,local_trade_no_swap_certified,1,1,False,False,False,False,False,250.0,2,85
3099,79f2fab7fedec7752cea705c5282ed5e04fb5e8f5521a75b3d9c245257acc9b5,130731,4,1,True,True,True,local_trade_no_swap_certified,1,1,False,False,False,False,False,175.0,2,109
3100,172e80e27129247428b778eeb2d90bb0b95846b8a462d21bdf7d69a40e5322da,178580,4,1,True,True,True,local_trade_no_swap_certified,1,1,False,True,True,False,False,1653.0,2,190
3101,10f50057970b8b2417d08138a01200e3cc37a2a9f19d872f077297074d4b9a97,49284,4,1,True,True,True,local_trade_no_swap_certified,1,1,False,False,False,False,False,150.0,2,85
3102,0916e154de327fc031a0bc1e8c8d799f55710554b3df04169a2fb5470f9811a2,152392,4,1,True,True,True,local_trade_no_swap_certified,1,1,False,False,False,False,False,205.0,2,137
3103,1a317260eb62c34f3323402dab94ed306faf244fd107efbd08565085613858af,184806,4,1,True,True,True,local_trade_no_swap_certified,1,1,False,False,False,False,False,1101.0,2,153
3104,44ef24f07572be03b7a633f6771b37b42c0c1bb24b7f0071ad96ca26f38ff062,47271,4,1,True,True,True,local_trade_no_swap_certified,1,1,False,True,True,False,False,1531.0,2,85
3105,f17f3cb88a837f962aab5af4d12110d94430dfb5749baaeb5c035a1ce421e913,76920,4,1,True,True,True,local_trade_no_swap_certified,1,1,False,True,True,False,False,245.0,2,85
3106,61181e8364a98db4962af4acd53e64357b063a2feb040070c9999b4baa0c67a1,66554,4,1,True,True,True,local_trade_no_swap_certified,1,1,False,True,True,False,False,7497.0,2,91
3107,a3ade8a0b833d2c5ab95cad8c366c23e5f2cf188533a43a7cab5fa49c6b6d3af,168923,4,1,True,True,True,local_trade_no_swap_certified,1,1,False,False,False,False,False,611.0,2,113
3108,31096baa60d625b1116dda11f72e30caed5244c34501a308ec0b2eae7563ec1a,104369,4,1,True,True,True,local_trade_no_swap_certified,1,1,False,False,False,False,False,143.0,2,114
3109,811d88d9c09eecc61414d8d46c2327f6fb2e9197c212e0fb4a16dea7e901b3c9,41854,4,1,True,True,True,local_trade_no_swap_certified,1,1,False,False,False,False,False,550.0,2,100
3110,7140b05997dabda682332bdbb8419632545b6907554ff709e57b2b0d00b9405f,285050,4,1,True,True,True,local_trade_no_swap_certified,1,1,False,True,True,False,False,9235.0,2,107
3111,6184699d683e299060d77432e852c9377a27c2834381f990a5b31025aac92a71,144132,4,1,True,True,True,local_trade_no_swap_certified,1,1,False,True,True,False,False,811.0,2,85
3112,4279a588b1075c4b4b3c9d40845aa8038285eb35df5e40d02221eb49f8006ebb,274633,4,1,True,True,True,local_trade_no_swap_certified,1,1,False,True,True,False,False,287.0,2,99
3113,5c5f9877931b714d4e44ae07c544acbeaea2a967b548d87bddb2303e8c4be5cc,88626,4,1,True,True,True,local_trade_no_swap_certified,1,1,False,False,False,False,False,1492.0,2,521
3114,683a2b7e3ab8a3070909d2390a842160cae5d7263b1a7072ebcc178944e11230,226166,4,1,True,True,True,local_trade_no_swap_certified,1,1,False,True,True,False,False,559.0,2,165
3115,195f0b06a847f380baef52f49749c035ffc3fdfb9c8c019cf957b76ba2c53cba,138851,4,1,True,True,True,local_trade_no_swap_certified,1,1,False,False,False,False,False,61.0,2,85
3116,177d2f0aff61211d976851d6511a54e1a23961f1d8d62910b02a4315f58cf3f0,21805,4,1,True,True,True,local_trade_no_swap_certified,1,1,False,True,True,False,False,1588.0,2,307
3117,1dfc695a51909e19e516828ce10f01576865ee416d8a303d95e4c5b3532c47f9,55629,4,1,True,True,True,local_trade_no_swap_certified,1,1,False,True,True,False,False,275.0,2,126
3118,5fcf79495b66a26c31349d7d325105c6e320e8825d82233a2afc0fa1642df239,225536,4,1,True,True,True,local_trade_no_swap_certified,1,1,False,True,True,False,False,619.0,2,135
3119,5d1a1c025e2d265d20e1bafc696365344fb10bb2c1b639cce048c65731113f8b,4439,4,1,True,True,True,local_trade_no_swap_certified,1,1,False,True,True,False,False,94.0,2,85
3120,7cdedd1f5c544491dbd9e22c95d8cab8ac5469c2a412ae89c788487e27a86020,223375,4,1,True,True,True,local_trade_no_swap_certified,1,1,False,False,False,False,False,605.0,2,162
3121,b8224147e19cdbbae8e8d599cdb844e486457051ddad4b87f4df68b6abd8ff21,81837,4,1,True,True,True,local_trade_no_swap_certified,1,1,False,False,False,False,False,858.0,2,388
3122,76624d052f6a4aee813ad65955b4e6923a94f39f27490503424eba61a8e9a16e,203493,4,1,True,True,True,local_trade_no_swap_certified,1,1,False,True,True,False,False,388.0,2,85
3123,d4d33d2c13987ce37674837f8a5ecfb2010d0c0e16c21881e7f333b2c45c05ba,121249,4,1,True,True,True,local_trade_no_swap_certified,1,1,False,False,False,False,False,1154.0,2,85
3124,b0fd5180fb019c2d1e280a353d06dd3123c6d4da548f6ed34283d0a0ad76e0b2,102956,4,1,True,True,True,local_trade_no_swap_certified,1,1,False,False,False,False,False,308.0,2,85
3125,5122e85ea4763b6981f8974b40ac41f854182b358f8e211a4bbac92a8a65539c,238072,4,1,True,True,True,local_trade_no_swap_certified,1,1,False,False,False,False,False,89.0,2,85
3126,81bf51c096fdc73f1dafaffa2c625286604181c024244067dd521d97a4ee78a0,176482,4,1,True,True,True,local_trade_no_swap_certified,1,1,False,False,False,False,False,84.0,2,85
3127,a090db88846c9f538cbde60cf6f3a5de28217733ae8a368a9958bb2d32d86c43,42311,4,1,True,True,True,local_trade_no_swap_certified,1,1,False,False,False,False,False,880.0,2,108
3128,a93e1f358c248722eb9957377793568aed01b0be4dc24370b11cb9d1f2887135,299839,4,1,True,True,True,local_trade_no_swap_certified,1,1,False,True,True,False,False,225.0,2,85
3129,772f2cfb218e676d1ce1a1b87e3ab02e7bdb68358d01891dafe71dc7b75c129a,130145,4,1,True,True,True,local_trade_no_swap_certified,1,1,False,False,False,False,False,324.0,2,108
3130,b586764bcab407f0cfe38680f5105bdd7be3da5577b4f9d536ca56a48e577ae5,126768,4,1,True,True,True,local_trade_no_swap_certified,1,1,False,False,False,False,False,580.0,2,125
3131,5d7b83fc81209c17a8c6e32806255e62dfb07b3ddacb8ff9a1fa4d47ce61ad9d,64855,4,1,True,True,True,local_trade_no_swap_certified,1,1,False,False,False,False,False,108.0,2,128
3132,76f5255f376a5cfcc66654a52e99cc56cbacba00951315b52a742f2316085cd8,218953,4,1,True,True,True,local_trade_no_swap_certified,1,1,False,True,True,False,False,228.0,2,85
3133,13dc1d1d36b4df8fe81df5822a6991789caeb460bb5b2537572ea296e6fcab66,3666,4,1,True,True,True,local_trade_no_swap_certified,1,1,False,True,True,False,False,683.0,2,88
3134,67d167deeff00cd6f65504f8e4a1215347129c5accefde707998221463cf4436,72870,4,1,True,True,True,local_trade_no_swap_certified,1,1,False,False,False,False,False,1386.0,2,85
3135,9f1c6e0faca8dc0987bf18129bf12409554b570a16a4d93bc8647eeab41110f2,15806,4,1,True,True,True,local_trade_no_swap_certified,1,1,False,False,False,False,False,834.0,2,216
3136,fd5e36577001b94906667d38ce418dbb663c7a1eaae26494377ff8c5443beb93,275923,4,1,True,True,True,local_trade_no_swap_certified,1,1,False,False,False,False,False,1122.0,2,108
3137,856c99047586c39268c011c0e32ef2fad70b72c0733a548f70a37be8d21b9ebe,147432,4,1,True,True,True,local_trade_no_swap_certified,1,1,False,False,False,False,False,732.0,2,149
3138,348bb6860301f56f850f6fe48ab32a22debe5a36e6fde83fe2115c86c8e44c0c,177103,4,1,True,True,True,local_trade_no_swap_certified,1,1,False,True,True,False,False,910.0,2,85
3139,72b1237a0d2b01f3969d047d660074b67aae648ccec40a10629d17a38c09d3d0,65005,4,1,True,True,True,local_trade_no_swap_certified,1,1,False,True,True,False,False,177.0,2,85
3140,f7ea82bab2af61c7afdbdc00440e21c110f598240f5dd9e34438ca67b3affaf5,149956,4,1,True,True,True,local_trade_no_swap_certified,1,1,False,True,True,False,False,911.0,2,106
3141,1e7fc412cdcef6cae087f49ac7242ab6349b63f97c8b6d487c81c5e26b0fb053,76283,4,1,True,True,True,local_trade_no_swap_certified,1,1,False,False,False,False,False,1973.0,2,85
3142,1e4812e46f78bd8abd2baaf2f64f0076279b4e898183ae79c56e2c1d22ae1edd,177112,4,1,True,True,True,local_trade_no_swap_certified,1,1,False,False,False,False,False,399.0,2,136
3143,c49b7affd0b1a9bfe77b2582a9ad2834ee3171cd113a18d0e7737ef4486f7bd6,159541,4,1,True,True,True,local_trade_no_swap_certified,1,1,False,True,True,False,False,986.0,2,109
3144,94e6686071d434669d189e02f6f82c44e2cfa875760f4866f214c2eb2054cf0d,245166,4,1,True,True,True,local_trade_no_swap_certified,1,1,False,False,False,False,False,869.0,2,197
3145,d9ad49c98bf45b350510f41cc1b5166d9b2f94ee4e86c646abf67f3ce57c6a9a,197923,4,1,True,True,True,local_trade_no_swap_certified,1,1,False,True,True,False,False,1039.0,2,85
3146,aa7492c2ce66e2ed0a48ebaf79d3e38d37ce7806b35581cf1019d2229817f031,68672,4,1,True,True,True,local_trade_no_swap_certified,1,1,False,False,False,False,False,118.0,2,85
3147,e624522a08d23686a756bef3fdf6d44bbb68a1d37ee2bfb412828ffcbe27fcae,245705,4,1,True,True,True,local_trade_no_swap_certified,1,1,False,False,False,False,False,368.0,2,85
3148,7a3d67e502584d2bb06a96d18a2978a343254636c2aee42ecfb63f51f7317304,279344,4,1,True,True,True,local_trade_no_swap_certified,1,1,False,True,True,False,False,139.0,2,85
3149,08d90d6fd1d108e30c535b9300a8c4c1cdb0c82f241cdbddc2151dc276b989c7,151306,4,1,True,True,True,local_trade_no_swap_certified,1,1,False,True,True,False,False,195.0,2,85
3150,b94aa43b2bff1819c00096dd6dd17b0f7b4ecb9d40630b247976577c239d0b20,8858,4,1,True,True,True,local_trade_no_swap_certified,1,1,False,True,True,False,False,1931.0,2,251
3151,7adf3127e8f13911f8a1c7f4d6bd0efeb9979486f9dad6a7bee3d2c584ac705b,186421,4,1,True,True,True,local_trade_no_swap_certified,1,1,False,True,True,False,False,143.0,2,85
3152,78bbacaef4caa0c32dd932ac5231121343007fee99666afa29cc891484a68130,171736,4,1,True,True,True,local_trade_no_swap_certified,1,1,False,False,False,False,False,185.0,2,90
3153,5648ef4e72272a31c74e98695c321facc215689eea595869bb24b2663d211dea,7317,4,1,True,True,True,local_trade_no_swap_certified,1,1,False,False,False,False,False,2558.0,2,97
3154,2645a5d6048c72a66dccc9ee5d64aa9fd8a9fcb6f2b271e774b04ad4e02dfbee,262288,4,1,True,True,True,local_trade_no_swap_certified,1,1,False,True,True,False,False,288.0,2,85
3155,217144957056c3769dd473e4b21a0ffc1ef86f2bc5e55c205af83caf89e87081,11949,4,1,True,True,True,local_trade_no_swap_certified,1,1,False,False,False,False,False,193.0,2,160
3156,e2805985a198f5b9ac793c8644b780dde23a993b804f56c56704665c2bf85499,10437,4,1,True,True,True,local_trade_no_swap_certified,1,1,False,True,True,False,False,1709.0,2,281
3157,b7deeec0cdc9da68778c434423ba0272b28212fd036fb019bf8f067ef4c74975,94500,4,1,True,True,True,local_trade_no_swap_certified,1,1,False,False,False,False,False,473.0,2,142
3158,f5e024dee72811c50d0bfe596532c9cbe2b3f1fd7fa840cd9172c965349149b0,63033,4,1,True,True,True,local_trade_no_swap_certified,1,1,False,False,False,False,False,125.0,2,85
3159,b64c09c384466da9e56ab73a828e61cd3a19afda6b6b794c695ae512f754e73e,97697,4,1,True,True,True,local_trade_no_swap_certified,1,1,False,False,False,False,False,1843.0,2,93
3160,85cdd318eae03e4378e3a5f0c2cb1a60de0084ac0aa3aece733789e665d7a985,288732,4,1,True,True,True,local_trade_no_swap_certified,1,1,False,True,True,False,False,1466.0,2,166
3161,3ddf02f01ab835fecfce0576b54c7027778e8b394c1590a36cdaec200cd4bdd9,61149,4,1,True,True,True,local_trade_no_swap_certified,1,1,False,True,True,False,False,894.0,2,98
3162,6c1c0f0a71b95723519bc4ab73e491749a995ae0e2378736143827ed97cdd9f2,101127,4,1,True,True,True,local_trade_no_swap_certified,1,1,False,False,False,False,False,129.0,2,85
3163,0777e4f4d9623d2c99c89eabd084fb7f56e2dedf4203076a52742fc1d47094f6,156002,4,1,True,True,True,local_trade_no_swap_certified,1,1,False,False,False,False,False,1772.0,2,255
3164,55f6c8fe2b1a88d4ecd921144f1c0ad7ed90d215f12e70ac67e0cdd47749393c,63228,4,1,True,True,True,local_trade_no_swap_certified,1,1,False,True,True,False,False,702.0,2,85
3165,875958b3b606c593819ed4f2c0700dd334bf1fe15c58fc62af407f330794c7c1,69171,4,1,True,True,True,local_trade_no_swap_certified,1,1,False,True,True,False,False,362.0,2,85
3166,4e62d522841eb17862f6737d920545a85313383179722a95e672c02a7d46eda2,163615,4,1,True,True,True,local_trade_no_swap_certified,1,1,False,True,True,False,False,1694.0,2,116
3167,45fd7bbecc9d23d00aca5ac62b1d5e93ceb65c3c285384f0a8545b57c96abddb,94530,4,1,True,True,True,local_trade_no_swap_certified,1,1,False,False,False,False,False,352.0,2,101
3168,f25eeb002c3b70054e41d88f11f7a2c4f4ce717bb289ffe7017189f6f39a878b,137489,4,1,True,True,True,local_trade_no_swap_certified,1,1,False,False,False,False,False,339.0,2,110
3169,ff12905160c3d89c779c2ecfa862e54b402e8a55442280ade84ad0b96cb2d52f,281835,4,1,True,True,True,local_trade_no_swap_certified,1,1,False,False,False,False,False,822.0,2,110
3170,28acb74d9768fc7a1977a9795d3ed970372b690ef532d21e66e0cdd02c07ee6c,79432,4,1,True,True,True,local_trade_no_swap_certified,1,1,False,False,False,False,False,511.0,2,99
3171,c383d886f10b36b431584436382c48ea3617931dc36d342be39a51d9a3a9e361,43262,4,1,True,True,True,local_trade_no_swap_certified,1,1,False,True,True,False,False,1274.0,2,93
3172,0c096e03003bbb71d96fd9a7b423843b08e2500a76f54e32dd25587dadaecff7,172739,4,1,True,True,True,local_trade_no_swap_certified,1,1,False,False,False,False,False,391.0,2,168
3173,bbedc030a7223505218f7c1799c0fcef77afc292fff8b0c1cf892a2a7e862fd3,35356,4,1,True,True,True,local_trade_no_swap_certified,1,1,False,True,True,False,False,2465.0,2,244
3174,dd3bdb8e157d7e56b915673701a9da63bc69050425b26284ee655aa258d6029e,581,4,1,True,True,True,local_trade_no_swap_certified,1,1,False,True,True,False,False,2046.0,2,94
3175,d162808db64b69a530bb5408f7b2ac88b1ece56a693c539c81602bb9e05671b5,93165,4,1,True,True,True,local_trade_no_swap_certified,1,1,False,True,True,False,False,1585.0,2,113
3176,645bd3d37e3d99c1dbacab77bd21028bdb6b8c506d2c8421ea56b080afb9432a,194555,4,1,True,True,True,local_trade_no_swap_certified,1,1,False,False,False,False,False,1315.0,2,89
3177,f941f661a2afb9ee78fdbd826532417f447cc314dae28ef33e95f17b980c3fa3,42815,4,1,True,True,True,local_trade_no_swap_certified,1,1,False,False,False,False,False,120.0,2,85
3178,1190d4f30ccc7919cb06950601a50983f7430f5e6ac5faab6a36ab30b744685c,21647,4,1,True,True,True,local_trade_no_swap_certified,1,1,False,True,True,False,False,3599.0,2,85
3179,936a5bf44a4da1ebb9dc570e9777217ff6a040d72211eecc2c89c6f0d953d3ab,259510,4,1,True,True,True,local_trade_no_swap_certified,1,1,False,False,False,False,False,1006.0,2,85
3180,a56a0d6a305d4277599d7f8c8509ac2d8bd13f2b56b2edc807ee077a22bb8dae,64384,4,1,True,True,True,local_trade_no_swap_certified,1,1,False,False,False,False,False,877.0,2,85
3181,14774c238c7999e17f7173518fa27d71becd23ad75255a415290eea5c32fd96a,44762,4,1,True,True,True,local_trade_no_swap_certified,1,1,False,True,True,False,False,132.0,2,101
3182,4aa5a085a4addcd7e4220c26b5f7bb0ee5136bde8da6f45c47ed748b5d1dbce7,133638,4,1,True,True,True,local_trade_no_swap_certified,1,1,False,False,False,False,False,475.0,2,85
3183,2e91f33994fef13084d3bfa4cb0dc3fd0413d6ba9aac9670d64b211690449d06,89687,4,1,True,True,True,local_trade_no_swap_certified,1,1,False,False,False,False,False,1054.0,2,164
3184,ca67059441c940555e5b435d58672def471e46cf2b0f6ff902e0c628ee95c74f,186667,4,1,True,True,True,local_trade_no_swap_certified,1,1,False,False,False,False,False,744.0,2,111
3185,41f0ec6292aeb777650c1ca6d4729814762542fee1143fc67579846366cd8b48,204007,4,1,True,True,True,local_trade_no_swap_certified,1,1,False,False,False,False,False,70.0,2,85
3186,52d27a0f77e0e894940139533c61425b1a128d94644f60a69b19b14700f764b2,113564,4,1,True,True,True,local_trade_no_swap_certified,1,1,False,True,True,False,False,1333.0,2,88
3187,0be5416be6be14e6a2dd912f322c15f86f55ff2580febb7268887beac2dfacdf,22252,4,1,True,True,True,local_trade_no_swap_certified,1,1,False,True,True,False,False,296.0,2,101
3188,473fca0da726b2ab9539aaa87dfffb127dda2c4c2285b5795b4c230c4b6e3eaf,9490,4,1,True,True,True,local_trade_no_swap_certified,1,1,False,False,False,False,False,559.0,2,160
3189,dccdc177dbe4f694d3a62705cf94ac17dc3ab52d22fa210e8a548e9a4186a0df,265448,4,1,True,True,True,local_trade_no_swap_certified,1,1,False,True,True,False,False,909.0,2,85
3190,9d1bec6d9333294ac5ae4ee19da64b441ccd24498562e10cec30bcd69538ebb7,239858,4,1,True,True,True,local_trade_no_swap_certified,1,1,False,False,False,False,False,908.0,2,103
3191,53f438b207ec66d38a21ea45762ed90ac533905d04fa99f6a0fba153ee638479,224900,4,1,True,True,True,local_trade_no_swap_certified,1,1,False,True,True,False,False,1567.0,2,162
3192,d0f65a4f6757b72d312cdd4d67fe55768fe364192dbc06e58d173aace18f3587,106436,4,1,True,True,True,local_trade_no_swap_certified,1,1,False,True,True,False,False,235.0,2,85
3193,f7d6df44e473134baa19417d0dd20e0e7afb49c4e7b74bb0698076c2521b33ee,235230,4,1,True,True,True,local_trade_no_swap_certified,1,1,False,False,False,False,False,760.0,2,85
3194,a3c04660b590365938e780e34fdaff0f130bb271f725e8836e7edc4b0f717f32,92341,4,1,True,True,True,local_trade_no_swap_certified,1,1,False,False,False,False,False,638.0,2,101
3195,10aa6f3273c8542050168f4e8265846159b9d9c72a6706ea56b74847bcb12243,142312,4,1,True,True,True,local_trade_no_swap_certified,1,1,False,False,False,False,False,520.0,2,85
3196,40e86cf1dbdeb387f4be7a33425527e63db8f6b15c0111b66586cadd82e6a927,34222,4,1,True,True,True,local_trade_no_swap_certified,1,1,False,True,True,False,False,1381.0,2,102
3197,3e67b28b136810a7ff976723641442edc672406eb6f289fdf5888efc33ab2274,176783,4,1,True,True,True,local_trade_no_swap_certified,1,1,False,False,False,False,False,588.0,2,85
3198,d489d51d4574536351a1de531f7243261c315210e97ee3245818b2bf9a535e51,205020,4,1,True,True,True,local_trade_no_swap_certified,1,1,False,False,False,False,False,4346.0,2,85
3199,32d1edfc56cca3e9d11422b45dee7056937fd0cda3953e804cf5cdfd09230a50,50787,4,1,True,True,True,local_trade_no_swap_certified,1,1,False,True,True,False,False,13919.0,2,146
3200,00f6a3d0483ffe46046cac5799f1d9069fa666e60723c235997efc54a09bea40,214863,4,1,True,True,True,local_trade_no_swap_certified,1,1,False,False,False,False,False,230.0,2,85
3201,ae9bf8f67f46bf829cfee94288a3caeef5d121709a3d962b1296243935b98ba8,41158,4,1,True,True,True,local_trade_no_swap_certified,1,1,False,False,False,False,False,3076.0,2,99
3202,bb192c63d1e3b947de1a310f9c268932595d53539712fb0991eab1a4297effb7,108950,4,1,True,True,True,local_trade_no_swap_certified,1,1,False,False,False,False,False,163.0,2,85
3203,4ec771bd309800518bef0704508d241a64cf580948138c4501c82e419661427e,133079,4,1,True,True,True,local_trade_no_swap_certified,1,1,False,True,True,False,False,2760.0,2,85
3204,4cb4b293ac90198d3e4d942b1a9bc181251b71a262e9f49f53ed957ec0ba5bcb,103779,4,1,True,True,True,local_trade_no_swap_certified,1,1,False,True,True,False,False,171.0,2,128
3205,e2d1e2f48188c665650b58d93f4c06cb394a3810f9a2a1453dfe1964403fa07e,7497,4,1,True,True,True,local_trade_no_swap_certified,1,1,False,True,True,False,False,3956.0,2,324
3206,f22b75ab3c1f25a4d61c8414aea91655d13e365cb205709e51fde6e83e7aeb29,109642,4,1,True,True,True,local_trade_no_swap_certified,1,1,False,True,True,False,False,1454.0,2,91
3207,d9fcaa5d09657ed33768ecdb204ddf0f79e802175a5589336e050aca561de50d,124598,4,1,True,True,True,local_trade_no_swap_certified,1,1,False,True,True,False,False,202.0,2,85
3208,591dfb0a38c151293a638f7c3905a8789122d60fc794c4a0624f27e03e017a21,52421,4,1,True,True,True,local_trade_no_swap_certified,1,1,False,False,False,False,False,977.0,2,99
3209,4c3b0f797caa79ac5877f1792d91f6e75d133f7f1f0a56f722c9e542144d97f8,70685,4,1,True,True,True,local_trade_no_swap_certified,1,1,False,False,False,False,False,1074.0,2,193
3210,21f3bd974dbe48976f261d3ad1ab9d073f2ef4496799ce9d10aec986d05d0463,141325,4,1,True,True,True,local_trade_no_swap_certified,1,1,False,False,False,False,False,2035.0,2,85
3211,560c203987cd2090fb10f3726e9f899889acfa36acd3a42b4e8db112a6a1dbdf,211013,4,1,True,True,True,local_trade_no_swap_certified,1,1,False,True,True,False,False,512.0,2,96
3212,e0491f1e3f349a4e77b577322f7cc9a8bc6289616691746b21442bfe9362bbce,110875,4,1,True,True,True,local_trade_no_swap_certified,1,1,False,True,True,False,False,1120.0,2,159
3213,a06971fa8131b406ebac289b0adcdacaaa7fcdcf3d3b20608e88caf42526cba5,271280,4,1,True,True,True,local_trade_no_swap_certified,1,1,False,False,False,False,False,2138.0,2,85
3214,6bb2637fa23f5c696e97862c8eb7362b16655de327488523d34add5aee12026d,101379,4,1,True,True,True,local_trade_no_swap_certified,1,1,False,True,True,False,False,352.0,2,85
3215,7c53720ea3c401075dfcc508f5151266a9bee7ff038c667d9fe0f15eab39b929,218849,4,1,True,True,True,local_trade_no_swap_certified,1,1,False,True,True,False,False,344.0,2,97
3216,91a43b63c0712a14497187d34ae3c7c4ca5b5b17875efb95d36fc14691274b48,226837,4,1,True,True,True,local_trade_no_swap_certified,1,1,False,False,False,False,False,99.0,2,85
3217,155dbe5552a042a24ede4bfdcbe72d040b14533fc1ff2443b274afbe1f9e608f,77249,4,1,True,True,True,local_trade_no_swap_certified,1,1,False,True,True,False,False,827.0,2,95
3218,a29df2c0c89c46351dceecd1627dcf54bfd0472dbead289437409821eeca5656,43422,4,1,True,True,True,local_trade_no_swap_certified,1,1,False,True,True,False,False,786.0,2,175
3219,9f241e2d23b543db43561c4077c43089be4675826542aa9494a76d3a12280d41,97342,4,1,True,True,True,local_trade_no_swap_certified,1,1,False,False,False,False,False,961.0,2,100
3220,ac934aeedb1808936e3bd71458100b9b6d3b683b76d9e050f569bbfb9f2c6ccb,163462,4,1,True,True,True,local_trade_no_swap_certified,1,1,False,False,False,False,False,3541.0,2,85
3221,7632be300a41f7cdb60e4ae7f406765465b937807b48f81e12277f5818cd43e7,162351,4,1,True,True,True,local_trade_no_swap_certified,1,1,False,False,False,False,False,280.0,2,85
3222,13af4716a55581d588b9b1ab5aef8a8f0f6630bf404f572302cf4e44af2b6f21,221606,4,1,True,True,True,local_trade_no_swap_certified,1,1,False,True,True,False,False,1112.0,2,232
3223,d46d6c0585e824f10f544c0449fbd2b189d93b889d2823c38edb19bf9346b4cb,190189,4,1,True,True,True,local_trade_no_swap_certified,1,1,False,True,True,False,False,8402.0,2,94
3224,65ecdc2e226417bf879f6bb39be410d62ce22a011e1c06de5068ea2fe3837959,92841,4,1,True,True,True,local_trade_no_swap_certified,1,1,False,False,False,False,False,140.0,2,140
3225,fedfcc456850b4455a2f602269ca5348f743fb0d4dd3ac34d63571ec6313093a,206717,4,1,True,True,True,local_trade_no_swap_certified,1,1,False,True,True,False,False,3881.0,2,85
3226,557eafec77e5591299053a8c930038ede833513cfd379abfafc51dd56521890f,246916,4,1,True,True,True,local_trade_no_swap_certified,1,1,False,True,True,False,False,184.0,2,88
3227,ccba28ec96a1889cf32a0a02152180daa1f24e32630a319f5d041173ffa50219,141814,4,1,True,True,True,local_trade_no_swap_certified,1,1,False,True,True,False,False,576.0,2,85
3228,2859a4f86bb4e7a4fdc90e4c2835844ec6b80340c4fbc91ce7522ea11adba031,35475,4,1,True,True,True,local_trade_no_swap_certified,1,1,False,False,False,False,False,703.0,2,97
3229,90832568aa6f51042d214ad930bfaa35442ab693f8e489cae6fef02bbc8975d0,197253,4,1,True,True,True,local_trade_no_swap_certified,1,1,False,False,False,False,False,1022.0,2,130
3230,6f69558f89643fd1016869684a272531543e21c5c1d879162b2bb3b9ade6af8e,124594,4,1,True,True,True,local_trade_no_swap_certified,1,1,False,False,False,False,False,1660.0,2,93
3231,2ad5ac39039f325f51900d9fdc71e405254f2ff16baa17eebc148371637ff6f5,107758,4,1,True,True,True,local_trade_no_swap_certified,1,1,False,True,True,False,False,7087.0,2,187
3232,996f3a1a26b8b7f2d2f0bd8eab35f291f1700986ed91b100c6e360342d0b870d,262534,4,1,True,True,True,local_trade_no_swap_certified,1,1,False,False,False,False,False,1134.0,2,85
3233,dd7b131272c595ac88103caef624dbbe28795ec362fce2ae9c1f0d627353b6c9,47024,4,1,True,True,True,local_trade_no_swap_certified,1,1,False,False,False,False,False,1839.0,2,85
3234,6352f69b4e129016d52f64836d0978de33704b37dd66adda295eed406ea8a7d0,40660,4,1,True,True,True,local_trade_no_swap_certified,1,1,False,True,True,False,False,755.0,2,118
3235,93ba1aca7449491db0bf5214588ea3bcace29800493195885feef33fcdb14222,203991,4,1,True,True,True,local_trade_no_swap_certified,1,1,False,False,False,False,False,1476.0,2,99
3236,a02ba95cad6182b7eb7ca2bf1f859b42981640682bda5c417eb8bfd88949be8e,129852,4,1,True,True,True,local_trade_no_swap_certified,1,1,False,True,True,False,False,2342.0,2,377
3237,ebbdd7f9cc454cb874a9066571fcecfdbeff8621c48630fbcfeaeae910e44da2,105780,4,1,True,True,True,local_trade_no_swap_certified,1,1,False,False,False,False,False,172.0,2,85
3238,6fe92aeeb3ad161590534d0f44b34f8b1cc38bad2dc47c851da4f42abb9e7990,137982,4,1,True,True,True,local_trade_no_swap_certified,1,1,False,False,False,False,False,1011.0,2,141
3239,037c1b35673c62b7ce2d30c987eab9a3f397b4a7cdea1d81be65c774ec400bb6,293565,4,1,True,True,True,local_trade_no_swap_certified,1,1,False,False,False,False,False,1603.0,2,85
3240,2cb87739664eff468e1b23be8b3c6e0e311c79b913bbbf3c2041fcee441f3028,44553,4,1,True,True,True,local_trade_no_swap_certified,1,1,False,False,False,False,False,3539.0,2,100
3241,a8bee571f5e8dd79680315f4af149a981d67e537918ab2f928e947f91a4439a0,244528,4,1,True,True,True,local_trade_no_swap_certified,1,1,False,False,False,False,False,361.0,2,85
3242,b269d01e0c1dcb3414dd44d100ada9dc6fbd6aedc59ebed690d68ab053eb79d8,107664,4,1,True,True,True,local_trade_no_swap_certified,1,1,False,True,True,False,False,355.0,2,118
3243,2f399546ef43721cd21f675bff85f9950a49116baf93723de0dd82c4655446c6,31501,4,1,True,True,True,local_trade_no_swap_certified,1,1,False,False,False,False,False,583.0,2,92
3244,96929853f922ce936abcbeaf8557fe8219aa0d5022f7d06f6d5e5f2b390412c1,4411,4,1,True,True,True,local_trade_no_swap_certified,1,1,False,False,False,False,False,924.0,2,173
3245,8ee39ce1ef641bc5587e8f27cc1bb476d38c5d4f3823bcf351cfc7e8f81e693d,88442,4,1,True,True,True,local_trade_no_swap_certified,1,1,False,False,False,False,False,1178.0,2,101
3246,0055f8cf1ec82041b1e626b37e2c15ecd50d9e3c4611e911216dd672b573754f,216840,4,1,True,True,True,local_trade_no_swap_certified,1,1,False,False,False,False,False,217.0,2,138
3247,89b527c2b9bc28ae5690dd0b6e39736634e71f4b6a0ceaf3282bbf74b2397c9f,189541,4,1,True,True,True,local_trade_no_swap_certified,1,1,False,True,True,False,False,176.0,2,102
3248,fd78a564279d29a6440c8976ad34bf187b1dd425d5993803bbfa7f42ed523423,145785,4,1,True,True,True,local_trade_no_swap_certified,1,1,False,True,True,False,False,2551.0,2,178
3249,2d450f9015be5849176efee402b84a891fe31933fc01f87376ed5586ca10ee2b,72400,4,1,True,True,True,local_trade_no_swap_certified,1,1,False,False,False,False,False,61.0,2,85
3250,9f13857b8a5d7a38658ce5c9ecf8a0bc89cc9acd95788d9830ae1539a95011e9,263055,4,1,True,True,True,local_trade_no_swap_certified,1,1,False,True,True,False,False,4311.0,2,177
3251,dcf13e3ee95751a6dfdf606f21561cb56f1e418ee0766377dd18bcfb2828b464,15123,4,1,True,True,True,local_trade_no_swap_certified,1,1,False,True,True,False,False,496.0,2,98
3252,065c439f98dc15eac0967be78f3346cdc18150198107a80946ad6ee4c6a35f8e,38061,4,1,True,True,True,local_trade_no_swap_certified,1,1,False,True,True,False,False,2488.0,2,170
3253,25c3a0a3d45bdd9ea561db90361920f2d47ae6eecd43f67ceded75ed91ac51c9,64759,4,1,True,True,True,local_trade_no_swap_certified,1,1,False,True,True,False,False,1293.0,2,188
3254,78a48e5344544df908e35146f1902af9fb265d2944e54bef40e99cca2fa47407,244148,4,1,True,True,True,local_trade_no_swap_certified,1,1,False,True,True,False,False,942.0,2,166
3255,9295322077c10eb127e5bdffbe16b8fac9b29b9bfc240cdd278b6c274f584930,118725,4,1,True,True,True,local_trade_no_swap_certified,1,1,False,False,False,False,False,883.0,2,156
3256,f7e405dc94a6c16899db9c2f5e0afa55b725e67b345c752446493f879e973d4f,252365,4,1,True,True,True,local_trade_no_swap_certified,1,1,False,False,False,False,False,760.0,2,138
3257,7cba2fe3ca16306b4b1a8baae58e9a1887c7af8abbfc26f904b0941611d755eb,183941,4,1,True,True,True,local_trade_no_swap_certified,1,1,False,True,True,False,False,171.0,2,103
3258,bf91b6184ed90c6fcf128a13e1a3973ec3db8e9440856620ace9deb6fc73f3fa,55666,4,1,True,True,True,local_trade_no_swap_certified,1,1,False,True,True,False,False,1065.0,2,85
3259,6bb8efebb7798119d871a3dd04d1d23a959e790083e641b089ee7a9e805b2f7d,276340,4,1,True,True,True,local_trade_no_swap_certified,1,1,False,False,False,False,False,1511.0,2,146
3260,5928f9b848a863f30b29591eaf06e274730be660365af3dffdcc1380b6e544fd,120516,4,1,True,True,True,local_trade_no_swap_certified,1,1,False,False,False,False,False,652.0,2,153
3261,ae3ce9e9b4a27ec01eb378d54fc409a746510db62b1b24ee4fc97e1fcf1f95a4,226567,4,1,True,True,True,local_trade_no_swap_certified,1,1,False,False,False,False,False,193.0,2,85
3262,09aba5423663271178566f7a0190e7873bc9ecba076073a1ffb7584b968a1768,203595,4,1,True,True,True,local_trade_no_swap_certified,1,1,False,True,True,False,False,3578.0,2,245
3263,d6213a2b56fa69e5926d7a96ceac3f6018d4fcf8a478877de0d96f7624876bc2,72022,4,1,True,True,True,local_trade_no_swap_certified,1,1,False,False,False,False,False,1725.0,2,221
3264,04abee77816246c94ba0fc4399e017f4bf54294c241a3b14e57f99cc327f64b2,270835,4,1,True,True,True,local_trade_no_swap_certified,1,1,False,True,True,False,False,788.0,2,109
3265,dcdda6e78c2bf269ab9137a60a01302aaa07206da08c4d18c1195c09d76fdeb8,247406,4,1,True,True,True,local_trade_no_swap_certified,1,1,False,False,False,False,False,2539.0,2,85
3266,3799bbb1760eeec87051e2864bfc41ed642292570457e8f539124a84a30b2fb8,167807,4,1,True,True,True,local_trade_no_swap_certified,1,1,False,False,False,False,False,4642.0,2,220
3267,617206a2683018440b63114109ae0aaf4d591abdc8f3fc09b8d93fa166668d89,148035,4,1,True,True,True,local_trade_no_swap_certified,1,1,False,True,True,False,False,676.0,2,85
3268,8275bb65ccaebe8798d15c07bbce1ecfff34414f60ec284585e7cfb149c112c5,49889,4,1,True,True,True,local_trade_no_swap_certified,1,1,False,False,False,False,False,1060.0,2,157
3269,037b22bbe3ed03c77d989ad0c004a31ed5ba6a3aa7ab0e193307915f21dde2ce,193301,4,1,True,True,True,local_trade_no_swap_certified,1,1,False,False,False,False,False,1843.0,2,106
3270,b98067bb6e60eeb506e9a94757ab73cdafa898ea0c165fd06d70ad8b1ea0cdb9,201505,4,1,True,True,True,local_trade_no_swap_certified,1,1,False,True,True,False,False,793.0,2,117
3271,beedfcf6ebf7793853e42c2cbf9d011a944cf0a57685b2436440f13c6038a1f0,143880,4,1,True,True,True,local_trade_no_swap_certified,1,1,False,False,False,False,False,2054.0,2,85
3272,91ad2960e280975813f9b34e881c4ce859bd4b8401be7f6c12fee7e9a2f2b097,5608,4,1,True,True,True,local_trade_no_swap_certified,1,1,False,False,False,False,False,597.0,2,85
3273,de36bca8ad3c162bda17789c8bb2a2b40c1a163b4cefd1e4e79a21aff430385e,39920,4,1,True,True,True,local_trade_no_swap_certified,1,1,False,True,True,False,False,2100.0,2,85
3274,65bfd3a97903b32ea7d989cac0b0e3fdf455f5d1a64a27a5d4b02b016446ba28,177994,4,1,True,True,True,local_trade_no_swap_certified,1,1,False,True,True,False,False,1271.0,2,121
3275,7ca20fad419a9b9afad5ad29c32380bbc874a55168d61320018c0ff007422bbe,280019,4,1,True,True,True,local_trade_no_swap_certified,1,1,False,True,True,False,False,682.0,2,168
3276,30343582c656ebdb51b8fc81d42ab24195d8ef8969b686396ac1cc757737dea6,229418,4,1,True,True,True,local_trade_no_swap_certified,1,1,False,True,True,False,False,863.0,2,102
3277,fd0eca36a9dc42401c31d3f4c269b6bc24d32c842473ecfa7ae28a8e4c73e105,200873,4,1,True,True,True,local_trade_no_swap_certified,1,1,False,False,False,False,False,154.0,2,95
3278,0e192faa5ea7394e55dc2c43fd1161ee09892df3296ec99e74d624055eeae3c5,6594,4,1,True,True,True,local_trade_no_swap_certified,1,1,False,False,False,False,False,162.0,2,114
3279,3730e63928138982dfc425285f68f0bc674bdee1bdf0b60f685a2830ab78abd2,257073,4,1,True,True,True,local_trade_no_swap_certified,1,1,False,False,False,False,False,833.0,2,85
3280,88164bde1ae5fea790969717040a0c9b3d81c64b4e4d64ced98acb909252d4b5,94307,4,1,True,True,True,local_trade_no_swap_certified,1,1,False,False,False,False,False,1608.0,2,86
3281,c3abb7932f83ee7599345b8c7e7dc8f9844634a9d17a07d88fe1241da1ef24a2,216338,4,1,True,True,True,local_trade_no_swap_certified,1,1,False,False,False,False,False,140.0,2,137
3282,cecede07ac8c4691c698f81641c4d94e81ef155df447a05f99e3e79b8766bb2b,24098,4,1,True,True,True,local_trade_no_swap_certified,1,1,False,True,True,False,False,1596.0,2,85
3283,90a5d80315ec786c84bfe9fd8882015f1c95b35d347d63b048e8550f41b35eac,82660,4,1,True,True,True,local_trade_no_swap_certified,1,1,False,True,True,False,False,487.0,2,264
3284,119b43acf9fe3b325af70c1fd97f279d8a85fff394e460c815e26eefabb903c3,19163,4,1,True,True,True,local_trade_no_swap_certified,1,1,False,False,False,False,False,444.0,2,85
3285,9712b9f70a0293a329e4b324380404a06d81f073aedf5bae81a26a4122ef5529,222608,4,1,True,True,True,local_trade_no_swap_certified,1,1,False,True,True,False,False,529.0,2,104
3286,2d5c0313ccc9eff8dc81de41f2356f38960de2464ce4eeff210d9a58d25a1ac0,207684,4,1,True,True,True,local_trade_no_swap_certified,1,1,False,False,False,False,False,333.0,2,92
3287,41002e9ab737719650644844e9586ebf6a1b4f0aae7d1655bb60860cd9083021,148569,4,1,True,True,True,local_trade_no_swap_certified,1,1,False,False,False,False,False,212.0,2,85
3288,3be32930b7046fae4e9c2255de8901683a9d02192c643a29cd4946a43b239e04,237703,4,1,True,True,True,local_trade_no_swap_certified,1,1,False,False,False,False,False,346.0,2,105
3289,28a8590edee09b21a106db4acfd7026744546ee3f975a304b95f83aa1ba97192,238546,4,1,True,True,True,local_trade_no_swap_certified,1,1,False,False,False,False,False,9135.0,2,289
3290,6c2f156e7720cae534eaa393213d2e568f51b3df4a618db00adb9e7242a09211,53673,4,1,True,True,True,local_trade_no_swap_certified,1,1,False,True,True,False,False,2148.0,2,85
3291,294fbf70e4cf94ee57b1e7577ccd1459b1118b510fe2ea22b0fbff891e1d7fda,49960,4,1,True,True,True,local_trade_no_swap_certified,1,1,False,False,False,False,False,365.0,2,180
3292,93136b834ff774efa871fecf5f253b9f142a39c3b4ccb2de0d104519fbf8ed8d,203451,4,1,True,True,True,local_trade_no_swap_certified,1,1,False,False,False,False,False,477.0,2,197
3293,d0ac785392d2ef2c3d5c85e864be23d55c98aac216068d9e94ed2216fdc24545,279382,4,1,True,True,True,local_trade_no_swap_certified,1,1,False,False,False,False,False,162.0,2,85
3294,0ae52961f1f569226ab53deb45fb8a664a17c07a2dcc4574e9920437d899fbe0,83367,4,1,True,True,True,local_trade_no_swap_certified,1,1,False,True,True,False,False,143.0,2,85
3295,24f969c44250c1f215b95cd260d26f65c9fc9696b0f2d0a25e7547b239a9b960,256641,4,1,True,True,True,local_trade_no_swap_certified,1,1,False,False,False,False,False,2077.0,2,272
3296,21cc6f220a61551612702473c7e1dc7c222d82aa10098e666465fde0ad2f6b55,291688,4,1,True,True,True,local_trade_no_swap_certified,1,1,False,True,True,False,False,4525.0,2,85
3297,d1c084de8de64162956783859f59b0fea872248f9ff965d73db80303abb5947a,204109,4,1,True,True,True,local_trade_no_swap_certified,1,1,False,False,False,False,False,1179.0,2,85
3298,682d4493d074ec9c505b18dc6aa7c05e8706f4f9de486334262b65a82692d688,118150,4,1,True,True,True,local_trade_no_swap_certified,1,1,False,True,True,False,False,2481.0,2,85
3299,11e497ce63acc2d5df20cf48ddb0864fd9fdba80ecf80914ad7762ec3404c3d9,55199,4,1,True,True,True,local_trade_no_swap_certified,1,1,False,True,True,False,False,3687.0,2,85
3300,12a66e85a76242837df3f5461d28c5bf00bcfaeb91dc88e3df8c612b61a033ba,31650,4,1,True,True,True,local_trade_no_swap_certified,1,1,False,False,False,False,False,753.0,2,155
3301,dfd45caeb852f8d5b0977efdfe79ff9b17cfd1cbf07841c6b4d4063a02152c98,155858,4,1,True,True,True,local_trade_no_swap_certified,1,1,False,False,False,False,False,249.0,2,102
3302,8a917735f1b665f0b9a3bf01ae6099765cccd379452ab5ab0bf91181c4c6e756,90039,4,1,True,True,True,local_trade_no_swap_certified,1,1,False,True,True,False,False,965.0,2,164
3303,827ebccaba1dac04235b09199bf135e3580b474aa73af221372573d4445c45fd,165263,4,1,True,True,True,local_trade_no_swap_certified,1,1,False,True,True,False,False,1979.0,2,269
3304,8dc823fc09e56ea928d266bc4f6c5cc167278b60de5263a2c4dc470d7840c2a4,3867,4,1,True,True,True,local_trade_no_swap_certified,1,1,False,True,True,False,False,1967.0,2,189
3305,c34862b5256186232fe70ffd9a54a37b9fbc17250555dc0cd7536b54887baa61,39010,4,1,True,True,True,local_trade_no_swap_certified,1,1,False,False,False,False,False,1779.0,2,95
3306,3d8f135170f162643277d8c0337e25fce0f63e422d40b8349b52694138081cea,90260,4,1,True,True,True,local_trade_no_swap_certified,1,1,False,False,False,False,False,814.0,2,98
3307,d335a3190034488736ac5171712ea087549ee19c5cfd3c92edc0570a224cb785,10327,4,1,True,True,True,local_trade_no_swap_certified,1,1,False,False,False,False,False,2252.0,2,252
3308,c5105cdcd9c1c87d9d3e6334e88d998c451c594723a6897d230f85a147987810,289802,4,1,True,True,True,local_trade_no_swap_certified,1,1,False,True,True,False,False,159.0,2,119
3309,55b5ed8e20be53de741905ef0293c93b9076953f9cc9894d511448085f162ce3,4730,4,1,True,True,True,local_trade_no_swap_certified,1,1,False,True,True,False,False,235.0,2,85
3310,7e4292186e260246656c5870e6d28ee9c70cffb6aea9e47684afee295c870d9b,36411,4,1,True,True,True,local_trade_no_swap_certified,1,1,False,True,True,False,False,1378.0,2,267
3311,670f9dc543fb4529d57e6df489121a37c9fd0a1a4f6a5be6e628893ca94c6b64,15324,4,1,True,True,True,local_trade_no_swap_certified,1,1,False,True,True,False,False,107.0,2,121
3312,de1b19f721e34a298f93860b096618964d7638536e8065f5a3aa7966bf678bd9,81341,4,1,True,True,True,local_trade_no_swap_certified,1,1,False,False,False,False,False,1429.0,2,139
3313,9f17192edc793222b66d598496fcbfc1c6a3ebeaad377ea015aa1f3a742bddd7,177749,4,1,True,True,True,local_trade_no_swap_certified,1,1,False,False,False,False,False,879.0,2,117
3314,3ddae78d1a234c4c3b224c1dda0f6a3a6d8da4cda948445793b16835cbcab4bc,54592,4,1,True,True,True,local_trade_no_swap_certified,1,1,False,True,True,False,False,1657.0,2,151
3315,d2116466b1786306479c18aa51eb7da3e060dcc9ac337cdf8927938aced45890,188995,4,1,True,True,True,local_trade_no_swap_certified,1,1,False,True,True,False,False,324.0,2,85
3316,58d4b25d5780e5fa3196a020db996a01a132b20ed4bae4c6763afafd3c4e5cae,157218,4,1,True,True,True,local_trade_no_swap_certified,1,1,False,False,False,False,False,651.0,2,85
3317,d61879c9b2afac563de6778a16a4c9e335c216257929c79651cb25d06e26ee3c,200113,4,1,True,True,True,local_trade_no_swap_certified,1,1,False,True,True,False,False,1481.0,2,189
3318,1ed0f7298853b98a481fb937c3312080b8169415118e2162ac7755122a1d5a94,168533,4,1,True,True,True,local_trade_no_swap_certified,1,1,False,False,False,False,False,537.0,2,85
3319,9e33428a4fcdc7a9b06b49736691525a9a4cb50dada2dbe0b182f862f18b73d7,63617,4,1,True,True,True,local_trade_no_swap_certified,1,1,False,False,False,False,False,316.0,2,85
3320,a9359582f2464f83ef9c3622d82275acf9dc9ab88cce4ea79e32b4e028eb286c,243072,4,1,True,True,True,local_trade_no_swap_certified,1,1,False,True,True,False,False,221.0,2,85
3321,8df066e555b355d13ba16575e231f073ddc1d05c11a0eb85339d39184f83fef6,166893,4,1,True,True,True,local_trade_no_swap_certified,1,1,False,True,True,False,False,5120.0,2,95
3322,d899c6c42bdbb41028e1585e3b1975a7b4b15814029002e4e37343ce0826a150,51362,4,1,True,True,True,local_trade_no_swap_certified,1,1,False,False,False,False,False,569.0,2,85
3323,e6ec4312d7f3f89f0313ee107332b0d6567adba5e24a310f80a305a620d0e3fc,70687,4,1,True,True,True,local_trade_no_swap_certified,1,1,False,False,False,False,False,948.0,2,273
3324,908e8e40a1a13ab92a017e0b7285af8ad76d95ae9f243ccfe3260c5c22b714a6,238060,4,1,True,True,True,local_trade_no_swap_certified,1,1,False,False,False,False,False,2386.0,2,139
3325,9f1a74fd27b4d3ca69d34abaebe41132279f03aa80fc256c8cd2e1d87c06e471,51091,4,1,True,True,True,local_trade_no_swap_certified,1,1,False,False,False,False,False,560.0,2,101
3326,79a9c12b6f92a646a07dba5b1746fc53a9dda31f69d0c0d07c893d158f19b114,251456,4,1,True,True,True,local_trade_no_swap_certified,1,1,False,False,False,False,False,692.0,2,85
3327,08542fd0d8e110d552597fa0231dcbd683e480273cb185f8d37bfe4680c509f1,135644,4,1,True,True,True,local_trade_no_swap_certified,1,1,False,False,False,False,False,2209.0,2,85
3328,d3a5b87797176390aaada2454725034e3454557e7e9185d1d3d447bd22430d5f,128927,4,1,True,True,True,local_trade_no_swap_certified,1,1,False,True,True,False,False,446.0,2,91
3329,0331939ff007aac0922d717d6284bd4b680bfc580211a4f1c2adfe39c7981144,228125,4,1,True,True,True,local_trade_no_swap_certified,1,1,False,True,True,False,False,498.0,2,111
3330,a1fd23905a4849f5ea8b8eb462a75171b656057f36027b98eb49761dc3d27709,19144,4,1,True,True,True,local_trade_no_swap_certified,1,1,False,False,False,False,False,367.0,2,85
3331,03e4cf98eb96a04c6f70152c42df16c7c164ca8e7237fb7fa135dc2c40011517,197972,4,1,True,True,True,local_trade_no_swap_certified,1,1,False,True,True,False,False,3061.0,2,206
3332,8fa96e3820394d712e296f1d6bcfaaf415f61fba952731c8a09abb672ea7a594,126311,4,1,True,True,True,local_trade_no_swap_certified,1,1,False,True,True,False,False,331.0,2,102
3333,4347f4b4c5ce6afbdb73e93ab5144ba916ebc3faf888629b760d1551a5dd9d4b,143897,4,1,True,True,True,local_trade_no_swap_certified,1,1,False,True,True,False,False,135.0,2,85
3334,ced72c3a7ea09f0bd8e5aca1ed2ad795d3848b09fa718d32601fdeecf036d7dc,269472,4,1,True,True,True,local_trade_no_swap_certified,1,1,False,True,True,False,False,297.0,2,85
3335,06cfb69240dc7c5cfb16fa82521913ef30ea47db97845fcb9eeabdce05d55b3a,6294,4,1,True,True,True,local_trade_no_swap_certified,1,1,False,True,True,False,False,261.0,2,85
3336,98be7f50d12709b71bf730162f5a52042648dd667e293169be1e9a90dfc46509,136946,4,1,True,True,True,local_trade_no_swap_certified,1,1,False,False,False,False,False,61.0,2,85
3337,2f1037459049b472599dcdb8d252f7032a17d32cc9ced5fb2dd82519692b5a31,223698,4,1,True,True,True,local_trade_no_swap_certified,1,1,False,True,True,False,False,522.0,2,85
3338,2aa2e1c4feafb015fd52be354d0d9ac137efa4b9e8ca420528587abaee61a65f,169685,4,1,True,True,True,local_trade_no_swap_certified,1,1,False,False,False,False,False,1963.0,2,85
3339,7a1822dec9ebfe43046f384e9938a6ef41e38639f4bc224d5c3f8c403f060ff7,24837,4,1,True,True,True,local_trade_no_swap_certified,1,1,False,True,True,False,False,82.0,2,85
3340,2dbf850ea923321f52402c488c5980e897f005a41965540f29267b602de1c045,115841,4,1,True,True,True,local_trade_no_swap_certified,1,1,False,False,False,False,False,136.0,2,85
3341,547f53d88ad39ea1b9bcfb625daa195e4a5b34ec895380f6edf70b8660151ce2,95096,4,1,True,True,True,local_trade_no_swap_certified,1,1,False,False,False,False,False,609.0,2,94
3342,115e4822793d3bfd8fd38479d571caf3aa93e9b65b5e1d530b7129d3222fa11b,61068,4,1,True,True,True,local_trade_no_swap_certified,1,1,False,False,False,False,False,431.0,2,120
3343,602b1443a99fd972c058eb46ce609ee9ef9c84085763e27582093d17b377ab05,88720,4,1,True,True,True,local_trade_no_swap_certified,1,1,False,False,False,False,False,529.0,2,85
3344,3bbeb21e9ada96cb97e26c7f6321631fa30a87a0a29b839b3d853f049c6a855a,216556,4,1,True,True,True,local_trade_no_swap_certified,1,1,False,True,True,False,False,1085.0,2,102
3345,7587297148e470084514a3b549ab85bc0530633c3dccdc5a82976cf54c5fa49f,211355,4,1,True,True,True,local_trade_no_swap_certified,1,1,False,True,True,False,False,1319.0,2,107
3346,47122e71494973fa3fb902bea716f5ea701ea1abdaf0e15c60fcf65bfa332426,210558,4,1,True,True,True,local_trade_no_swap_certified,1,1,False,False,False,False,False,1771.0,2,112
3347,136a4a5631d2d28e3991f010f685f094619a85a5d872e0f8643aea029eeda40b,232012,4,1,True,True,True,local_trade_no_swap_certified,1,1,False,False,False,False,False,330.0,2,85
3348,8a87b5fd8a7b11bc202e138fed4e93e3da44507412f1be0ea27f68c2099bc5f1,81392,4,1,True,True,True,local_trade_no_swap_certified,1,1,False,False,False,False,False,518.0,2,187
3349,ac7b29eff591b6b8a0c6b1e0ef4af1dd2a32c34ba4c03a2bd5553320573ca846,226644,4,1,True,True,True,local_trade_no_swap_certified,1,1,False,True,True,False,False,1017.0,2,96
3350,e8499cc9212c4df1106b38c679c8112ea4820726844b77b80c56b34cdde87053,267745,4,1,True,True,True,local_trade_no_swap_certified,1,1,False,False,False,False,False,719.0,2,153
3351,8791cd7abf9250b8bdd5404182643bd2782568c3c0960720edc0675f149f227e,48777,4,1,True,True,True,local_trade_no_swap_certified,1,1,False,True,True,False,False,3946.0,2,85
3352,f98cca0c8e6e824ac0ad936060dc9b6fa3de461a57297970fd06faf6b6edfb84,232687,4,1,True,True,True,local_trade_no_swap_certified,1,1,False,False,False,False,False,67.0,2,85
3353,5eaa32a5683b952c0e29d656f61fb82e6871aaeb04ee90e7ccf0111583801d87,140249,4,1,True,True,True,local_trade_no_swap_certified,1,1,False,False,False,False,False,543.0,2,85
3354,a9b43b34d10fa8e7e530dfdd6372c767248dec5225dea7831d19e6c6c02770b7,112512,4,1,True,True,True,local_trade_no_swap_certified,1,1,False,True,True,False,False,231.0,2,85
3355,0f452cd996819a5b19361d0aa49871ff6257656683834b19f98f2e2a773582de,96508,4,1,True,True,True,local_trade_no_swap_certified,1,1,False,False,False,False,False,107.0,2,85
3356,e88dcfb33680dfe9184b39c7adaa111c1934e9fb6dcfb8cab720cf72e38c8111,278141,4,1,True,True,True,local_trade_no_swap_certified,1,1,False,True,True,False,False,435.0,2,140
3357,6259f8ac3a999c07b3350781f5d6aa7ab48a4ca5ec7f0b6d2ebef313ba1c5f71,71104,4,1,True,True,True,local_trade_no_swap_certified,1,1,False,False,False,False,False,3957.0,2,857
3358,7e2f968d529677567627108806b4858e2991393439ce8a2063769720b9e0c5cd,124093,4,1,True,True,True,local_trade_no_swap_certified,1,1,False,False,False,False,False,730.0,2,85
3359,3b1912f04113755c3c1f40eca25e3664b3ed67f7ef7f398053398ef5367918ab,86445,4,1,True,True,True,local_trade_no_swap_certified,1,1,False,False,False,False,False,1081.0,2,85
3360,6f1009540d0436cb9f15e757834722a8d642b3f02d88f30e48374ee0b58325be,20649,4,1,True,True,True,local_trade_no_swap_certified,1,1,False,False,False,False,False,6040.0,2,89
3361,78296f19dd1c6423ad516f480a6174b79ee783f0ce2fc22430a9a15b83234899,89987,4,1,True,True,True,local_trade_no_swap_certified,1,1,False,True,True,False,False,95.0,2,85
3362,f20827d1a8d6f4b2669af63ef48cb1b3d2f8996ba3470aea03291fad38d39288,289988,4,1,True,True,True,local_trade_no_swap_certified,1,1,False,False,False,False,False,559.0,2,85
3363,2c6a4b113041a9e57272e17c4854b0b10321e531233b8782e1c78d6796b84531,33275,4,1,True,True,True,local_trade_no_swap_certified,1,1,False,False,False,False,False,3655.0,2,85
3364,25a771d2f80ade3dc877384f757182d7ff56478e8c9ff1ca540be10997226146,275475,4,1,True,True,True,local_trade_no_swap_certified,1,1,False,False,False,False,False,2066.0,2,86
3365,cb13e72b5ca041a245b9bc02c75f2055372b11f3000c29a88f6e95818c51d5ff,57664,4,1,True,True,True,local_trade_no_swap_certified,1,1,False,True,True,False,False,1195.0,2,277
3366,afbcb1c049e87ea6cadf5c2e270a5fbb2616350cb831cf2c7b929eaa5fb31705,6203,4,1,True,True,True,local_trade_no_swap_certified,1,1,False,True,True,False,False,1470.0,2,158
3367,9d43beea13059a0c29f9781886d2399de95e5c46bb4b69a0a51fa0cdb77a8a3b,66487,4,1,True,True,True,local_trade_no_swap_certified,1,1,False,True,True,False,False,1099.0,2,200
3368,ecf16867d02dde8d0badc3687f7667a0eb8c8b6a7f0a79ea2ac5c6820f565cfa,3222,4,1,True,True,True,local_trade_no_swap_certified,1,1,False,False,False,False,False,651.0,2,172
3369,e7c5756e56c2959e2588e94d109d3523e014bfb10f6ceae12d1ff9528246a1f4,147858,4,1,True,True,True,local_trade_no_swap_certified,1,1,False,True,True,False,False,1495.0,2,97
3370,221fdb68f24d9e4b9359fdd88f94b8219956e4fb9772b0dcd3acde2e7727cfc1,200860,4,1,True,True,True,local_trade_no_swap_certified,1,1,False,False,False,False,False,753.0,2,96
3371,cd1e10bc2e30a39ba396a98aaf0f0c1ba4e08c3854a56fff91c7cdc79751a6ab,169463,4,1,True,True,True,local_trade_no_swap_certified,1,1,False,False,False,False,False,326.0,2,127
3372,476ea53b00f23453f538b36facd1599fe77b4bcce24e617172cf79c2b56336dc,82090,4,1,True,True,True,local_trade_no_swap_certified,1,1,False,False,False,False,False,399.0,2,88
3373,c6d81281149fff8ecab9c9585061d02a265847950d31e2f11162f89115e952c1,182908,4,1,True,True,True,local_trade_no_swap_certified,1,1,False,False,False,False,False,8673.0,2,121
3374,98650d3a3f15ed24c1c005e04e0a4998cc7a4e4a9f6012ab6de77541c7f42435,16978,4,1,True,True,True,local_trade_no_swap_certified,1,1,False,False,False,False,False,404.0,2,85
3375,3bd39d913e30f449bf148d72babf3aa5954ccc5e9b45b226a9e1ad2bb8c73a69,254475,4,1,True,True,True,local_trade_no_swap_certified,1,1,False,True,True,False,False,1408.0,2,98
3376,ffb2d10a137c78b5bf11c90efbdc0e9ffd819d21f55d24a379daa2e6e47a37fd,31076,4,1,True,True,True,local_trade_no_swap_certified,1,1,False,True,True,False,False,1256.0,2,236
3377,e5cbd380e030abdc19595c3641c37bb0e14c96eb08a1b81ff364b8bb80bb4476,90824,4,1,True,True,True,local_trade_no_swap_certified,1,1,False,True,True,False,False,958.0,2,85
3378,f834fadbd5ab102c430ceedf94f939c94c2edd05b361980778c0ffd26c9c737d,272561,4,1,True,True,True,local_trade_no_swap_certified,1,1,False,False,False,False,False,944.0,2,216
3379,6df50f4bbd1dab7a42861a5c9bc47c15469d29a39bc9e13627c1f52bf8f1b524,130491,4,1,True,True,True,local_trade_no_swap_certified,1,1,False,False,False,False,False,704.0,2,97
3380,4ccff9f7ab5e8c4094d00460fb13047e04b1df7696cc7a44d0418957fae65a74,154543,4,1,True,True,True,local_trade_no_swap_certified,1,1,False,False,False,False,False,1101.0,2,105
3381,b0ff9e8309346308207a0b9947453be4a360c67d19bb6669c9587c607058a474,39032,4,1,True,True,True,local_trade_no_swap_certified,1,1,False,True,True,False,False,796.0,2,134
3382,b3136928f71d0064975dbf19e495dede2c52879ffd565c1764e4139d6a0fa5c9,297868,4,1,True,True,True,local_trade_no_swap_certified,1,1,False,False,False,False,False,1115.0,2,85
3383,53bc54fad881da849cba62a7abf15f276431e734db3cd4362b98fa7a00c23ee1,95774,4,1,True,True,True,local_trade_no_swap_certified,1,1,False,False,False,False,False,88.0,2,85
3384,cd11a1a868a936f3951b868e95b722c8361876c16ca76e7ab27f1c79199650d6,253118,4,1,True,True,True,local_trade_no_swap_certified,1,1,False,True,True,False,False,1715.0,2,122
3385,5914dfe1502e42a248781766b360697442597251fa4556e645909ff2274eafaa,242481,4,1,True,True,True,local_trade_no_swap_certified,1,1,False,False,False,False,False,217.0,2,111
3386,d237428355a107719ae5d7f88a266b37dd9de8222be3cf4ae39a9a2f2f847e5f,166623,4,1,True,True,True,local_trade_no_swap_certified,1,1,False,True,True,False,False,704.0,2,111
3387,d5b8981c34ec2c2b7248352fa7299be6618f71099854e91d2e56591e2664d1ac,78132,4,1,True,True,True,local_trade_no_swap_certified,1,1,False,True,True,False,False,228.0,2,89
3388,9224c74597fc5eaa78c42f998e8fd336eaf5ca08824a9c9967b11eb8d8656cc3,219607,4,1,True,True,True,local_trade_no_swap_certified,1,1,False,False,False,False,False,1068.0,2,138
3389,16eb968bbcf566b66dd8529bc9b2b644494c11d688041b2ba692a01d4423f7a4,223359,4,1,True,True,True,local_trade_no_swap_certified,1,1,False,False,False,False,False,1003.0,2,155
3390,390e0728bec9af2f5a955bafcec5b6b041e044a31aaacdb9c097bdd91d3134de,181997,4,1,True,True,True,local_trade_no_swap_certified,1,1,False,True,True,False,False,302.0,2,97
3391,a2785ed17afc803422405e1b3c1b5867487c75d8d57ca90541cae2692e17d494,102125,4,1,True,True,True,local_trade_no_swap_certified,1,1,False,True,True,False,False,1482.0,2,102
3392,5a428c3910191d91767fef39e7a1b0fe040cdf250efc3ca96e788797673414ca,116,4,1,True,True,True,local_trade_no_swap_certified,1,1,False,True,True,False,False,3727.0,2,121
3393,00b61436db4bca4e1b2b507101f7ad44062bbb3e19d19c446edefa44faee1e92,234945,4,1,True,True,True,local_trade_no_swap_certified,1,1,False,True,True,False,False,515.0,2,109
3394,3670628733ee746e01e69583d383b6b9074aeceb9722e545a8f963d951f0a048,131536,4,1,True,True,True,local_trade_no_swap_certified,1,1,False,True,True,False,False,1408.0,2,182
3395,014ec822415d55c894812e27b95b1fc961efb8e686b1968e5f66d309b392e199,19094,4,1,True,True,True,local_trade_no_swap_certified,1,1,False,True,True,False,False,132.0,2,100
3396,c123e1b4b742422b95e384840c6d0a5c39edf12e2a795ea47a1f3ee77d9d11db,111524,4,1,True,True,True,local_trade_no_swap_certified,1,1,False,True,True,False,False,494.0,2,85
3397,d4653e281a63c5d5d988e9a43f8f8aa5c674e9c45210b3da994a77914709dde9,150499,4,1,True,True,True,local_trade_no_swap_certified,1,1,False,False,False,False,False,6471.0,2,184
3398,d68140d828ff3e5dc3a47dc780b70ce26fcab3add2a7830f4dba0032aa54e641,149086,4,1,True,True,True,local_trade_no_swap_certified,1,1,False,True,True,False,False,359.0,2,85
3399,8ba51e38d5a635c57b397daf8424f18aec46bbbd6c81a360b20a98a96ec4236e,111733,4,1,True,True,True,local_trade_no_swap_certified,1,1,False,False,False,False,False,125.0,2,88
3400,04058d43cf4c4e44fcf5a2a268d2ddbaa07b88c921baba14e8acc61f1baa4873,9500,4,1,True,True,True,local_trade_no_swap_certified,1,1,False,True,True,False,False,117.0,2,95
3401,ffd96c0017914176121dfb2e98083e636a78f2144ff414d7fdf7e42c8042ff34,75165,4,1,True,True,True,local_trade_no_swap_certified,1,1,False,False,False,False,False,6932.0,2,102
3402,259a492cadc389f61afb9dd8ed61be44854973a00c0210be09e8a429f0054d62,18933,4,1,True,True,True,local_trade_no_swap_certified,1,1,False,False,False,False,False,539.0,2,85
3403,ccbc0ba654bd2a075f0cfde7ecb9e10e8d0fdc06b0cdc27d8656792295817cd3,296719,4,1,True,True,True,local_trade_no_swap_certified,1,1,False,True,True,False,False,63.0,2,85
3404,ee200bedc06862539810aa5b5bff0a8c831c772c1ca1b186f21017401764690a,160685,4,1,True,True,True,local_trade_no_swap_certified,1,1,False,True,True,False,False,214.0,2,85
3405,efecc44a109468210b7586b1d8c630a6ac13cd0ea182c0327f9d04a35e751100,87762,4,1,True,True,True,local_trade_no_swap_certified,1,1,False,False,False,False,False,2677.0,2,154
3406,e9f756d78ce04a01e553c96446ef9bea7c6c5bfb788f9e28efc2596465314bf0,300434,4,1,True,True,True,local_trade_no_swap_certified,1,1,False,False,False,False,False,2090.0,2,85
3407,7551f3baafeeca51030a52dc0ce0af8e1270c7731e36cfd81168f27f189ccf63,70101,4,1,True,True,True,local_trade_no_swap_certified,1,1,False,False,False,False,False,132.0,2,85
3408,5d47859acdafe4e10d4ba2a8f7d4d2e119ea90e4841ac1fb394222f27266f21f,281895,4,1,True,True,True,local_trade_no_swap_certified,1,1,False,True,True,False,False,1762.0,2,85
3409,00b9a892742b8897cacdace8601bfc692b841f63ce87895b1b46be5eaded8c5f,207857,4,1,True,True,True,local_trade_no_swap_certified,1,1,False,False,False,False,False,595.0,2,85
3410,0f89d83fcb14dc1c96b0fd24407469741f8c872fc857b659babd0a413ba7574d,294960,4,1,True,True,True,local_trade_no_swap_certified,1,1,False,True,True,False,False,636.0,2,138
3411,f9300699fa209fdf70a8a12d055e26f26c4573624117639a7cecbc9890c12cf8,19617,4,1,True,True,True,local_trade_no_swap_certified,1,1,False,False,False,False,False,323.0,2,85
3412,12ba05a6362e47429fe0a97af59b304cbd46de7738e93b8439a2a566a784f47f,111211,4,1,True,True,True,local_trade_no_swap_certified,1,1,False,True,True,False,False,623.0,2,85
3413,99df1811771bbcf31c84d5ba5a19baaa5db21d3ed09874edc6e9d2be8ccd4036,275851,4,1,True,True,True,local_trade_no_swap_certified,1,1,False,False,False,False,False,1357.0,2,243
3414,dbf6d77c382c394bdacce220b715fd7dfa927c375560607608faf5fc89d8d91e,21423,4,1,True,True,True,local_trade_no_swap_certified,1,1,False,True,True,False,False,3113.0,2,135
3415,b2db2fc2adbe3753adf41867d2881ca4b831303de1215f857312ba1d3dc9b687,100250,4,1,True,True,True,local_trade_no_swap_certified,1,1,False,False,False,False,False,524.0,2,149
3416,57f228f11a1f69b3810cacd0b67e1dc6b9edaf02bf5bb9418bdc6778e28600ed,13282,4,1,True,True,True,local_trade_no_swap_certified,1,1,False,True,True,False,False,2348.0,2,135
3417,4d4112850b2345793c7bdd2ecafee199183bb13a00075a9f598bc969496f3048,69802,4,1,True,True,True,local_trade_no_swap_certified,1,1,False,False,False,False,False,112.0,2,85
3418,6bd6efbb931e9a51307615fdcc8ccc28b92d3ea3c3921c924cbcbd9c45870e96,187060,4,1,True,True,True,local_trade_no_swap_certified,1,1,False,True,True,False,False,3843.0,2,588
3419,71bad71143ddb9ca49271c95269c708be4e2ac4a624bdf635637d87f417dc18f,147871,4,1,True,True,True,local_trade_no_swap_certified,1,1,False,False,False,False,False,268.0,2,85
3420,986bd578ba4d3f30a9df331184c9e4d2617e2472d028a101ba166e1b2e9d5723,101026,4,1,True,True,True,local_trade_no_swap_certified,1,1,False,False,False,False,False,1536.0,2,206
3421,5144998fd32f558be63e51b032bd8ca390b81c3f5d9c25008f2b6c5849b095dd,107094,4,1,True,True,True,local_trade_no_swap_certified,1,1,False,True,True,False,False,481.0,2,85
3422,4fbb356490c5de36ebc5a9658eb00192c689bc6b3395b81a6a3dc3265fa893e8,215836,4,1,True,True,True,local_trade_no_swap_certified,1,1,False,False,False,False,False,768.0,2,135
3423,94e460dbb97cee1b29ce11066adc4cd328ddfb77c81cf270779b3ad1f1c50347,198275,4,1,True,True,True,local_trade_no_swap_certified,1,1,False,False,False,False,False,864.0,2,122
3424,8160a0b0d828d26575929ea965fd3213c529baffd892c1d14ea53cf0d99de512,67344,4,1,True,True,True,local_trade_no_swap_certified,1,1,False,True,True,False,False,123.0,2,115
3425,cb0e606eb5f1ba640c26f4c198d6b4c4ddfbe20953d0c693f47ee27f2f956044,32901,4,1,True,True,True,local_trade_no_swap_certified,1,1,False,False,False,False,False,341.0,2,185
3426,377c98cc710bbce062e8451e4d537b970f17be527d60d3a6bff9eb5f75c5ff39,287971,4,1,True,True,True,local_trade_no_swap_certified,1,1,False,False,False,False,False,164.0,2,85
3427,42b99a20a01cd7e0a40ae188feb3d4309743fe6e1e65c8feff20ee38199dba68,58256,4,1,True,True,True,local_trade_no_swap_certified,1,1,False,True,True,False,False,260.0,2,85
3428,5b000e24034e1d233c587cb71472b455809a1196eab1df50dce1b0f54e7fc50c,164961,4,1,True,True,True,local_trade_no_swap_certified,1,1,False,False,False,False,False,480.0,2,85
3429,581412ea9ea868a412e6131948f9d56bd90b882193fdc168c8f16bbf3117e411,242699,4,1,True,True,True,local_trade_no_swap_certified,1,1,False,False,False,False,False,220.0,2,85
3430,59532733ef3425461cdd98ec6cac9e0aa70e5a0c23e541bf951f995c832e2865,183565,4,1,True,True,True,local_trade_no_swap_certified,1,1,False,True,True,False,False,244.0,2,85
3431,fd1bf7e8df1620eaab1ed15e2ea46d843dbd73d3c17aedf3c86844e002715669,172587,4,1,True,True,True,local_trade_no_swap_certified,1,1,False,False,False,False,False,4974.0,2,325
3432,5d2566e55cd4d7364cfda71edf57de9d1e56cbb492103e7e5b33ad955135d501,132551,4,1,True,True,True,local_trade_no_swap_certified,1,1,False,True,True,False,False,1148.0,2,97
3433,34f7e608f2f655d4849a39d49d59b710a4e9c3593fd482a09c439fd45732b106,20759,4,1,True,True,True,local_trade_no_swap_certified,1,1,False,True,True,False,False,610.0,2,85
3434,b983e496ae7c2108f610db951f3e65d19853e6822936fc2031b8a5089f0e2b86,27899,4,1,True,True,True,local_trade_no_swap_certified,1,1,False,False,False,False,False,1617.0,2,85
3435,9f46b71f0e7c80886a5fef3939cd12062946bffffa1724049dc5115c2067223c,9351,4,1,True,True,True,local_trade_no_swap_certified,1,1,False,True,True,False,False,484.0,2,192
3436,4225fc9245baee50d4c7069d3ab59d2bd4dfb7f05b2062465f9485d5862d7e9f,133763,4,1,True,True,True,local_trade_no_swap_certified,1,1,False,False,False,False,False,2579.0,2,95
3437,7dc7e68af364f483959b5249d7586547cd515aa771f405523e03a0dafa7d54ec,53731,4,1,True,True,True,local_trade_no_swap_certified,1,1,False,True,True,False,False,1140.0,2,125
3438,13229e01bca702be97ab74d6ded59c7368dea5c95dfeab9380ba9e795a81ad99,4236,4,1,True,True,True,local_trade_no_swap_certified,1,1,False,True,True,False,False,971.0,2,134
3439,d5ab1a4b1f349bb3e159fb3384b7ca10113c06213f12cb7e034e920c5638697c,183654,4,1,True,True,True,local_trade_no_swap_certified,1,1,False,True,True,False,False,973.0,2,85
3440,83594616a3335a09413166cce4ece2f0634ed972e0137c7b46386e03e99ce6c3,185638,4,1,True,True,True,local_trade_no_swap_certified,1,1,False,True,True,False,False,598.0,2,89
3441,a68522dc4a1275c84b3ea9ecfd13613eabb75f065e7219ef01dc2f0ebad46e02,178458,4,1,True,True,True,local_trade_no_swap_certified,1,1,False,False,False,False,False,296.0,2,96
3442,3cb5091fd1631eceff001eb35d082045e7ae4003c0bcab3586a2ea14ca6d3891,122337,4,1,True,True,True,local_trade_no_swap_certified,1,1,False,False,False,False,False,505.0,2,179
3443,4ace05732228cbc8ef6a2a77759d417300425230ad7e8c012a8bed16c41d6a7f,279948,4,1,True,True,True,local_trade_no_swap_certified,1,1,False,False,False,False,False,6104.0,2,641
3444,d04ad51ceaf453c6c5c2fb4b8757a42caf236fa4c57abf950696a77c82f09740,142188,4,1,True,True,True,local_trade_no_swap_certified,1,1,False,True,True,False,False,466.0,2,85
3445,6a626f5db7b107deed49521efe337d592fe2de7f3d7b9e5f86c38e4cf3d3d5a3,280303,4,1,True,True,True,local_trade_no_swap_certified,1,1,False,False,False,False,False,175.0,2,85
3446,e975583a6e148b08ec078ad9dd9b2cb64e50da1cf8d68e71b8fb7d3f57d9f355,105543,4,1,True,True,True,local_trade_no_swap_certified,1,1,False,True,True,False,False,2564.0,2,107
3447,c2d5af1191660117dfaebe1e89ffdc27ed59ff774e8ab4d3b0db73f117845d1c,209337,4,1,True,True,True,local_trade_no_swap_certified,1,1,False,False,False,False,False,2143.0,2,85
3448,df8fcdb15d46da176b9b54e0c80bffa2e385e18627378621f1325f974af45635,68613,4,1,True,True,True,local_trade_no_swap_certified,1,1,False,True,True,False,False,1034.0,2,129
3449,0af612bbe4bbda7e7b77a2489a76cd4d0122d4940e0de89925222be5f9cb717b,282192,4,1,True,True,True,local_trade_no_swap_certified,1,1,False,False,False,False,False,626.0,2,139
3450,bbfec96e0b6e7089a27e6d61ba13b32fcc845b23dac9bfac9f15189983b62c98,42992,4,1,True,True,True,local_trade_no_swap_certified,1,1,False,True,True,False,False,1419.0,2,85
3451,be5dfce770f825aa4a2894ea99eeb06c5f39ac65c498863638bf343ae6da6759,36313,4,1,True,True,True,local_trade_no_swap_certified,1,1,False,False,False,False,False,5151.0,2,98
3452,d97639480ed5dbef26a2c32f905e9c69c7a6e6c02316dedc224663973dbae9af,57028,4,1,True,True,True,local_trade_no_swap_certified,1,1,False,False,False,False,False,469.0,2,85
3453,96b57be7b2790e9bb0a24387cd307130ac62cc0b97f089cc78f784086b779754,198683,4,1,True,True,True,local_trade_no_swap_certified,1,1,False,True,True,False,False,4224.0,2,85
3454,6a4f6d059845e0ff83e1d4d72c9f5424f8f1375cbc481821337670ea55dbda59,135455,4,1,True,True,True,local_trade_no_swap_certified,1,1,False,False,False,False,False,98.0,2,85
3455,8c82230111abcc46b19ec9989dda460ff0631862c55230c04edf0d965dad9206,37056,4,1,True,True,True,local_trade_no_swap_certified,1,1,False,True,True,False,False,299.0,2,85
3456,3567b9d30a46645e89875c94ea4945293101d5ece3e11e21fa668a8db517ac23,138833,4,1,True,True,True,local_trade_no_swap_certified,1,1,False,False,False,False,False,139.0,2,93
3457,b0a8b8eb5db31a32c2a0c0f67b14d4c44866215b1b5f2a7b9bb65afcba64752b,272389,4,1,True,True,True,local_trade_no_swap_certified,1,1,False,False,False,False,False,238.0,2,108
3458,a3bb8be397d00cb4ebc1d81d0922b04cc3f5ed312d66fd8595f7893fe4625041,103664,4,1,True,True,True,local_trade_no_swap_certified,1,1,False,False,False,False,False,1266.0,2,215
3459,a323b0e9bbc9b253fa77c957f5653fd2304a0431b5c0e92db6471f8a7c8cd029,237864,4,1,True,True,True,local_trade_no_swap_certified,1,1,False,False,False,False,False,944.0,2,85
3460,330d4002b90167686aac84f834bec1e0d2d03881a32b523d5e9237c1d4a714f9,225061,4,1,True,True,True,local_trade_no_swap_certified,1,1,False,True,True,False,False,6298.0,2,103
3461,8f2ee91c2e49a6d1a139dbad4ccb7cf89f023910d406aba6c15845e1e98e5a33,243489,4,1,True,True,True,local_trade_no_swap_certified,1,1,False,False,False,False,False,317.0,2,85
3462,420ee8e67fc5eea7cc5eb9fd2aaff20a911a40cab6a685bcb8c1c4d0ab22a9ca,281422,4,1,True,True,True,local_trade_no_swap_certified,1,1,False,True,True,False,False,642.0,2,101
3463,7b99fddceed94b61eb2c82a05e18021bb5d122d670606cd171c2c2e186949267,141834,4,1,True,True,True,local_trade_no_swap_certified,1,1,False,False,False,False,False,893.0,2,111
3464,5d1be60ebadcb57e707e8b9874f813375a54738668babcf335c07b0a8f84e7ed,150605,4,1,True,True,True,local_trade_no_swap_certified,1,1,False,False,False,False,False,2659.0,2,239
3465,5ae319d876d80ba974340a5a792d230fe428266ced546c2762196816f8872999,47775,4,1,True,True,True,local_trade_no_swap_certified,1,1,False,False,False,False,False,2376.0,2,116
3466,4cba8eeaf3576b2394a90a8ba9adb11729814a5a7e8eda731ce0665499dcd78e,133775,4,1,True,True,True,local_trade_no_swap_certified,1,1,False,False,False,False,False,283.0,2,85
3467,4a94ff7cceae30ff55fc0d8812778f027e78ae498a08b6442e6f7f0cf5ba5aae,290079,4,1,True,True,True,local_trade_no_swap_certified,1,1,False,False,False,False,False,331.0,2,97
3468,199c4e4d2aa7fb7b25be6d314507d12604399ea8f605176b6ec663a40a9de18a,127148,4,1,True,True,True,local_trade_no_swap_certified,1,1,False,True,True,False,False,3223.0,2,169
3469,7674920cb30688d22e4e5533fa50fd233fd428d34122a493938acbc6116b20b6,258988,4,1,True,True,True,local_trade_no_swap_certified,1,1,False,True,True,False,False,289.0,2,85
3470,4bef5a2f256ad6a3e11640b497dc52a3089e9ad7bab4c72d34c294f4b3bbd2eb,197270,4,1,True,True,True,local_trade_no_swap_certified,1,1,False,False,False,False,False,400.0,2,103
3471,57fce6b2a9d2141733d03cefaeca1f2bbd427e9bfeb69d790b93bca9363c2ebf,69530,4,1,True,True,True,local_trade_no_swap_certified,1,1,False,False,False,False,False,1936.0,2,126
3472,769139dbad1648f602cdb5d089c6b66cc7cad4865166606fdd6efe2af3794939,257652,4,1,True,True,True,local_trade_no_swap_certified,1,1,False,True,True,False,False,875.0,2,379
3473,28917b72e31b99843dced1eed5e53261ef5a64d600c23268c28dea596ec0a420,277913,4,1,True,True,True,local_trade_no_swap_certified,1,1,False,True,True,False,False,130.0,2,85
3474,2a56e21a34ddb5b433af2176b77d469c90abf8733731cadb794dd1ce8e588dc4,272044,4,1,True,True,True,local_trade_no_swap_certified,1,1,False,True,True,False,False,901.0,2,183
3475,f35ba2bcb592710fd80be1754200fa57a9c5e71a3962f3625526022629ae1b80,155795,4,1,True,True,True,local_trade_no_swap_certified,1,1,False,False,False,False,False,2125.0,2,128
3476,20b1028a04a2b1e771f49f4ab0d76910505843198eefdc0ff650aee442086793,296681,4,1,True,True,True,local_trade_no_swap_certified,1,1,False,True,True,False,False,1546.0,2,141
3477,0c365b2145d66bafe0cd5c611ea225aa9f95a8075deadf801e91067403a8dcd1,36936,4,1,True,True,True,local_trade_no_swap_certified,1,1,False,True,True,False,False,1432.0,2,114
3478,d6e6c39984cd927adf5b62de53beb7b82e720794a81075b13abc08ace27eec75,223225,4,1,True,True,True,local_trade_no_swap_certified,1,1,False,False,False,False,False,73.0,2,85
3479,1f607f12132fc7d4b3d44242acb124e6fffba7f6b5b956a963c1a006d2c0ef72,151907,4,1,True,True,True,local_trade_no_swap_certified,1,1,False,True,True,False,False,1373.0,2,193
3480,aed6123b02c279e7735fffaba61611128a04f4e2bbc1cb20d86bd7f64edb9b90,36295,4,1,True,True,True,local_trade_no_swap_certified,1,1,False,False,False,False,False,187.0,2,97
3481,2f82a9537b4271b4e39ae4174acff5e1bcc2c49292a72e997811fbbe0e4ea819,195993,4,1,True,True,True,local_trade_no_swap_certified,1,1,False,False,False,False,False,2383.0,2,95
3482,3c6e8eab8ec1cb466b24efbd38f0eafdaa74fa8a3abdc35224745669b5e6e316,84187,4,1,True,True,True,local_trade_no_swap_certified,1,1,False,False,False,False,False,597.0,2,100
3483,c48b10224ad092f5627fe14c9c6aedfee2ee8df2ba151d29b1d8f20e30a5baf1,22090,4,1,True,True,True,local_trade_no_swap_certified,1,1,False,False,False,False,False,169.0,2,85
3484,40b2c226ad81ae069c4c1cea4a356a5500906f634b3e4929e0810d53b7444a18,66365,4,1,True,True,True,local_trade_no_swap_certified,1,1,False,True,True,False,False,2124.0,2,190
3485,c2a99dd36403846e773bc3d162b324f5dd669cf05993b585b23bfddcaaa899ac,170938,4,1,True,True,True,local_trade_no_swap_certified,1,1,False,False,False,False,False,1022.0,2,85
3486,4ebfb2c574a782752c6fcda88d19b142e94109a599a85164522f172695d97b6a,125262,4,1,True,True,True,local_trade_no_swap_certified,1,1,False,True,True,False,False,307.0,2,110
3487,59856cc037f83f19ac32eadc0a993d0feae7e14887dbf479d18ab437a96e7923,197817,4,1,True,True,True,local_trade_no_swap_certified,1,1,False,False,False,False,False,1735.0,2,85
3488,6c667f6f43a272a68dc298b7c19ff0f5bb84a7f06feb7295cf98f6176e11b46b,109896,4,1,True,True,True,local_trade_no_swap_certified,1,1,False,True,True,False,False,6361.0,2,128
3489,1cf349a5d39d7c522f455f35f52ae87117e2b887d9c68245b258f8b6c6dc0c01,258034,4,1,True,True,True,local_trade_no_swap_certified,1,1,False,True,True,False,False,238.0,2,117
3490,ffa10ec73bdf90c1894ce9b4f4cce5ba6d32d59a58fe010b0a5fa26d266fa64b,117440,4,1,True,True,True,local_trade_no_swap_certified,1,1,False,False,False,False,False,2530.0,2,247
3491,604f71709d295831bb99f0a274830a3f7a2c0feff00b16bb018e4eb9c3809bfb,153016,4,1,True,True,True,local_trade_no_swap_certified,1,1,False,True,True,False,False,335.0,2,85
3492,3cb1ab23fc902a86ca4eda4e9d9ab6728298096e2cf43ff165c08af7b4d5342d,39663,4,1,True,True,True,local_trade_no_swap_certified,1,1,False,True,True,False,False,8105.0,2,85
3493,6bd75b30e30ab67a0ed374bac02df445b967d75a2a7065b208a2434d6ce8428f,114019,4,1,True,True,True,local_trade_no_swap_certified,1,1,False,True,True,False,False,813.0,2,139
3494,b8c4fb0fe234720eec872543d68e907f25124b9407f4df4baab708b49e066156,164859,4,1,True,True,True,local_trade_no_swap_certified,1,1,False,True,True,False,False,6532.0,2,177
3495,5358ebe05d1a88b0b1c473b8a218cecd63afbadea85fd24b36fe08b0d1336a53,3874,4,1,True,True,True,local_trade_no_swap_certified,1,1,False,True,True,False,False,1383.0,2,101
3496,f30bc28c0d2bcd1c9fd3254396d07b7e14af64f519920e6dcde85016fe5b1625,7859,4,1,True,True,True,local_trade_no_swap_certified,1,1,False,True,True,False,False,4614.0,2,122
3497,124064f04a3ca37d556a7580939fd97896b0d3976038305d301247b022a0a97d,283445,4,1,True,True,True,local_trade_no_swap_certified,1,1,False,True,True,False,False,490.0,2,85
3498,4abffb53b8fe7fe7391afac429e7838f61bd2cbe9fa97fede932cc277e5cd3f2,262041,4,1,True,True,True,local_trade_no_swap_certified,1,1,False,False,False,False,False,1452.0,2,115
3499,9d8693c0db54d3aced7ee6d1abfc465c4ccc162e3bec32ba0ec72ee2402c2c38,53253,4,1,True,True,True,local_trade_no_swap_certified,1,1,False,False,False,False,False,1319.0,2,91
3500,f95b41d0865ed4df3061d0e020b8a46acffab22a9c69a5649bc9dca10ed5ce20,86132,4,1,True,True,True,local_trade_no_swap_certified,1,1,False,True,True,False,False,354.0,2,114
3501,2e37bafa4ae77a7eb913f29487b13015328054a5340865f8ccff47ca0f4d69d1,159700,4,1,True,True,True,local_trade_no_swap_certified,1,1,False,True,True,False,False,142.0,2,85
3502,e54ce0c4b2e053f4e16d3edeeaffe8b0de87ea783eb35b99bb44518a5696fc76,286742,4,1,True,True,True,local_trade_no_swap_certified,1,1,False,False,False,False,False,227.0,2,101
3503,05b35194e80b2e8f48a1f6e2cfe3800249781310c10a8c9e6cf76d26fc6053c7,280481,4,1,True,True,True,local_trade_no_swap_certified,1,1,False,True,True,False,False,447.0,2,85
3504,6088a0b56bc8e5d673d21ad7c6f3aced59cc62c48ebe955743a938a706d61cfb,61772,4,1,True,True,True,local_trade_no_swap_certified,1,1,False,False,False,False,False,463.0,2,85
3505,0f54b3bd644c86062702c40401242ebb7f5f0374fb007790fab3bc87b535e82c,220714,4,1,True,True,True,local_trade_no_swap_certified,1,1,False,True,True,False,False,2283.0,2,235
3506,1e35521d1875886c0c7fdda68ea254d77c95dd22663bf1bbe0f65895279e6188,112534,4,1,True,True,True,local_trade_no_swap_certified,1,1,False,False,False,False,False,8379.0,2,102
3507,15ec8605faa1db010b3b9e8dffb61440827788627ed17c3f25af28e96c22c5bf,90025,4,1,True,True,True,local_trade_no_swap_certified,1,1,False,False,False,False,False,926.0,2,150
3508,d808f62f1c10158dd63867516403caf5061e3ee4a30ff1f9be6059838a55a73c,149867,4,1,True,True,True,local_trade_no_swap_certified,1,1,False,False,False,False,False,267.0,2,94
3509,2d16ecb8b124bc07a98d2bdbb3e5552287b5ef4eb395f3c0d8e47eb51e979a64,284120,4,1,True,True,True,local_trade_no_swap_certified,1,1,False,False,False,False,False,207.0,2,92
3510,7dde971e257ced9383cf37289966e9cf0063e49f9d76a063bdfca5caa9899f10,32727,4,1,True,True,True,local_trade_no_swap_certified,1,1,False,False,False,False,False,604.0,2,85
3511,083aea73493e0c68a536913a29d19a9e5c454a2307d09fcdeb74a60185cce71b,105391,4,1,True,True,True,local_trade_no_swap_certified,1,1,False,False,False,False,False,265.0,2,85
3512,43bfce2832067d8f0514ffb1c4f2ed2865ffde8b996556d50981cdbc70855a7b,78178,4,1,True,True,True,local_trade_no_swap_certified,1,1,False,True,True,False,False,1932.0,2,243
3513,18651d89c6013bd8c4aa569138ddd653c3b856c525d35a8998c535fca5b95982,189418,4,1,True,True,True,local_trade_no_swap_certified,1,1,False,False,False,False,False,2467.0,2,250
3514,fb66c2210e9943a65b6fbafe6c35ce27cfbd8873c0cf4cf324c4ceb139e99b5c,150972,4,1,True,True,True,local_trade_no_swap_certified,1,1,False,False,False,False,False,1393.0,2,215
3515,6c0e4708b2bb1a0b90933f0c9f8c15b866392041ad6aed46577f824f94cdb2cd,191739,4,1,True,True,True,local_trade_no_swap_certified,1,1,False,False,False,False,False,800.0,2,168
3516,f9ed856779011512f75b7412a4bc70700f7fffa68b5dc7a993f304dddd1c7cdd,51592,4,1,True,True,True,local_trade_no_swap_certified,1,1,False,False,False,False,False,1689.0,2,85
3517,d3bcf0ae6c409674a25d6f790ea86c9a809f9f53726d5697ad7eb402760493ba,45247,4,1,True,True,True,local_trade_no_swap_certified,1,1,False,True,True,False,False,665.0,2,85
3518,d4d9f7942f342cbc6e31b0cbdaed95faba14d718f2826670ab884369d739752d,93605,4,1,True,True,True,local_trade_no_swap_certified,1,1,False,True,True,False,False,1908.0,2,85
3519,b5e06f10c1aae0271d3701ff9f2f69210c658a97211d195716b94b6d7af35d97,245895,4,1,True,True,True,local_trade_no_swap_certified,1,1,False,True,True,False,False,2309.0,2,85
3520,415a7628bbca82e9345dbdbbfb228bc19011f88bc8ece5a6833de076e459deab,45905,4,1,True,True,True,local_trade_no_swap_certified,1,1,False,True,True,False,False,803.0,2,85
3521,d6a65a58dcf50f367d02dbadbfb72e41bb26bdc368eb13cf20c5fe44c495d82d,249991,4,1,True,True,True,local_trade_no_swap_certified,1,1,False,False,False,False,False,4271.0,2,198
3522,fb03c873d850eee7026997c7ac116be05d754784c83efaea7c8dab09ea8013d8,2672,4,1,True,True,True,local_trade_no_swap_certified,1,1,False,True,True,False,False,2888.0,2,99
3523,c397c9d248b5c5b986621ff91b9adf98b3df2b549c4fef1159b5d1b4fa1f1d4c,32046,4,1,True,True,True,local_trade_no_swap_certified,1,1,False,True,True,False,False,729.0,2,100
3524,d6171d19479546c87e94d7854b01bc6abd05fdca940cc7ee87317f3f0efc1475,111862,4,1,True,True,True,local_trade_no_swap_certified,1,1,False,True,True,False,False,232.0,2,85
3525,4e287ab406efd247fa73e62ab07fad335d7410e76b212adf78e0d67e4c8249b0,242387,4,1,True,True,True,local_trade_no_swap_certified,1,1,False,False,False,False,False,555.0,2,123
3526,1f3614dd07d58076277a7c8768a8c19d9afef00b354f8199aec41be55402d1a1,147156,4,1,True,True,True,local_trade_no_swap_certified,1,1,False,False,False,False,False,2517.0,2,160
3527,e5549d792b6803a77bc44023c13aaa56bd8f6c0d909f5754f2cc4aabeac5a957,283767,4,1,True,True,True,local_trade_no_swap_certified,1,1,False,True,True,False,False,3502.0,2,94
3528,7b8be1e579c0f5d88b2b70c5b36747b48b369fb02386bd1852c8a7e4bc16392b,96409,4,1,True,True,True,local_trade_no_swap_certified,1,1,False,False,False,False,False,2205.0,2,85
3529,d72d0b801eb3a0cbe40618a44513228a2907e336c6a5c92839244b56be8ee1a9,192372,4,1,True,True,True,local_trade_no_swap_certified,1,1,False,True,True,False,False,582.0,2,85
3530,20249300d94f9657df1a90e3f5cf6397f8742c5b4f5f89234db44f8fa60a3c99,32095,4,1,True,True,True,local_trade_no_swap_certified,1,1,False,True,True,False,False,290.0,2,109
3531,bcdfd71cf672b4f487af99b54d8b397bb25105019be3fadbb506cf1d2cf7abac,61923,4,1,True,True,True,local_trade_no_swap_certified,1,1,False,True,True,False,False,711.0,2,139
3532,4b8c79349c411be5432f8cd738ee623624edc137e0c5a4a2b9c6580209892dd0,152307,4,1,True,True,True,local_trade_no_swap_certified,1,1,False,True,True,False,False,75.0,2,91
3533,dd9d6d7f673cca68b8de2740ecea2175fc31749435564296b7eca6333a007de4,38806,4,1,True,True,True,local_trade_no_swap_certified,1,1,False,True,True,False,False,619.0,2,187
3534,2a98296c7c247d780fd59dfe180f4bfc102b7034acd6a09db36715506072c2cc,145480,4,1,True,True,True,local_trade_no_swap_certified,1,1,False,False,False,False,False,132.0,2,85
3535,a091d79e07b7a83d836b3d01879df70f7712476b08e403a031154c6b7d1c2e69,114405,4,1,True,True,True,local_trade_no_swap_certified,1,1,False,False,False,False,False,456.0,2,85
3536,7fce7539321353ada438d74c534e9d8eac30e99c7bf9dfd5a43d93518d2171d0,564,4,1,True,True,True,local_trade_no_swap_certified,1,1,False,False,False,False,False,570.0,2,85
3537,0858d9b4bd1f47b5ef32128b35784bf002e98e5aca98f1ceebd894dab68fd628,149044,4,1,True,True,True,local_trade_no_swap_certified,1,1,False,True,True,False,False,828.0,2,85
3538,f003588d0ab945712169345ac2be4eba8da361c1ed0db1170c5e854067fcdc2d,291204,4,1,True,True,True,local_trade_no_swap_certified,1,1,False,False,False,False,False,865.0,2,85
3539,38922a586ebe1280d9628d137d621345041df36a7b731038971b5600646317d1,171507,4,1,True,True,True,local_trade_no_swap_certified,1,1,False,True,True,False,False,2210.0,2,92
3540,5b8a5f7624c65e1a602c37a9eda7870d29f22fb9d0d03d690a6a78ad7171506e,3066,4,1,True,True,True,local_trade_no_swap_certified,1,1,False,True,True,False,False,1292.0,2,147
3541,f544d20eaac787e86ccdedb7f1da3ca7a787df6049b965d86e3ec7dc3041778f,108719,4,1,True,True,True,local_trade_no_swap_certified,1,1,False,True,True,False,False,4830.0,2,274
3542,410de72a193f6510508c436641845ba3e8ac578650ce20546fa79feafc75d80d,266376,4,1,True,True,True,local_trade_no_swap_certified,1,1,False,False,False,False,False,126.0,2,88
3543,36adccb2ebdf4b24dfb845855c66e77baa25591754999b7cf587efa1e7be4c56,28565,4,1,True,True,True,local_trade_no_swap_certified,1,1,False,True,True,False,False,2283.0,2,85
3544,94c728841ec21a3920cc81099979bd811454a91bb7f38d20d426ec0aa920d995,100766,4,1,True,True,True,local_trade_no_swap_certified,1,1,False,True,True,False,False,404.0,2,110
3545,ddc16d7b5973d7d5af6d72fb633c6bf5b8d0f0f052f0b59c4384d23163382e1e,120346,4,1,True,True,True,local_trade_no_swap_certified,1,1,False,True,True,False,False,765.0,2,100
3546,b2c45159456b0d0939d521cbab0c4d66d91a3a04698181387a9d593c8adf3307,154704,4,1,True,True,True,local_trade_no_swap_certified,1,1,False,True,True,False,False,1202.0,2,85
3547,a9457ad3eb2df0092a4cd0e53503ce8e492a8a0fe21ca1e8ba1f2ce7e1c4a6eb,268023,4,1,True,True,True,local_trade_no_swap_certified,1,1,False,False,False,False,False,143.0,2,85
3548,7ac7293def86af1cc8701415f8f48c67b2d5993d4f1a0ca16d17e1a6f339ddeb,267043,4,1,True,True,True,local_trade_no_swap_certified,1,1,False,True,True,False,False,254.0,2,85
3549,128ea7800d74157a510f966bc9f9b2c251986ef94edab095893bb68816c62f98,99277,4,1,True,True,True,local_trade_no_swap_certified,1,1,False,False,False,False,False,520.0,2,138
3550,1056c83972a27a46a4e9f9f371a7f819246cccedf944eb149b408115bceb03ea,116761,4,1,True,True,True,local_trade_no_swap_certified,1,1,False,True,True,False,False,315.0,2,85
3551,11d552dbc413d5ae4b50611cf6b76fad31f2ddd66da9c6db399320aaaa25f7cc,131386,4,1,True,True,True,local_trade_no_swap_certified,1,1,False,True,True,False,False,1589.0,2,314
3552,55770496a5b83c433683d05a4cfb3c36dca7c1d70da7209b32e139bff8d5ba60,106308,4,1,True,True,True,local_trade_no_swap_certified,1,1,False,True,True,False,False,275.0,2,85
3553,400597f93ae88a65d6326f6b235b2b5a1bdd2999d12b86426f8fa8d7e147be23,149107,4,1,True,True,True,local_trade_no_swap_certified,1,1,False,True,True,False,False,7282.0,2,206
3554,6e7a0cf53452e68bdb8eac73073d094bd894bf6a887cbe3773546ce16bbacf61,176078,4,1,True,True,True,local_trade_no_swap_certified,1,1,False,True,True,False,False,1256.0,2,104
3555,ed3afd6aea58984ef87b0b1e0331df5f1ddad48a0611a4c26fc1a6bc96af8b13,70256,4,1,True,True,True,local_trade_no_swap_certified,1,1,False,True,True,False,False,672.0,2,148
3556,f03802052e50fe0f7ac7d4a7e08e4e20e697f60692776284160a5c6739f86259,31075,4,1,True,True,True,local_trade_no_swap_certified,1,1,False,True,True,False,False,478.0,2,95
3557,e5d20425d7a52d7ce36076bc9425204bf7157b767e24d15290171a5e52ae82e3,69386,4,1,True,True,True,local_trade_no_swap_certified,1,1,False,False,False,False,False,119.0,2,85
3558,9269e7cca5f84202e07b50f252c9c5bbf6845d25e77b8dc6e4fba51ea7624b5d,51149,4,1,True,True,True,local_trade_no_swap_certified,1,1,False,True,True,False,False,521.0,2,129
3559,fa12c144b6ad82c39f1e70f678140ddd558154f7bf3242a58f873be728d53f23,138898,4,1,True,True,True,local_trade_no_swap_certified,1,1,False,False,False,False,False,348.0,2,85
3560,485f4f4e81db0c307d14c68def134791a4bae7ac258c6e3f49db7dea69082a31,201707,4,1,True,True,True,local_trade_no_swap_certified,1,1,False,False,False,False,False,174.0,2,119
3561,328712c9dce1fca21f8b2efcffcef836e428e792313b0413e20e63873c910bbd,283231,4,1,True,True,True,local_trade_no_swap_certified,1,1,False,False,False,False,False,305.0,2,104
3562,100cb5a029dadaa41fdf9ede662b8ad93a19ff4f06da154ce809d571a7337148,171282,4,1,True,True,True,local_trade_no_swap_certified,1,1,False,True,True,False,False,220.0,2,114
3563,b43de878c6008c0dbc037bf0cce090b89a3306a7f57415cb37182f8b074966c7,114913,4,1,True,True,True,local_trade_no_swap_certified,1,1,False,True,True,False,False,78.0,2,85
3564,312692ee0e6dc5396811284715c4178c727a4c0507f20c40f472505b354402c7,8885,4,1,True,True,True,local_trade_no_swap_certified,1,1,False,False,False,False,False,915.0,2,85
3565,40aaff4c84503c6b7628d9cc98353dd5f8e40e09fcfda489dacbe6499947cd2b,23067,4,1,True,True,True,local_trade_no_swap_certified,1,1,False,False,False,False,False,2307.0,2,217
3566,772e663379c29cf6ba2d386999d7cd2835350aacb4d2a2c3c57114d41a0aa251,185346,4,1,True,True,True,local_trade_no_swap_certified,1,1,False,True,True,False,False,1346.0,2,85
3567,460437e748560d93e4de462a1cb9be47cb6829e88dc8bd4c20f887c94fd0c52f,37303,4,1,True,True,True,local_trade_no_swap_certified,1,1,False,True,True,False,False,302.0,2,92
3568,2479508564274c16b3acae6b335092fee85999b6b599fdd10c033810f099f3c1,100912,4,1,True,True,True,local_trade_no_swap_certified,1,1,False,False,False,False,False,797.0,2,136
3569,711ee3574ccdd3948951a0fa456740d698ed788d25be085182306d62f23f92da,89001,4,1,True,True,True,local_trade_no_swap_certified,1,1,False,True,True,False,False,1191.0,2,85
3570,283d5d0680ef7beaabc0a3408e59f1693828772b25bfbf5b2bafb4181e937546,165878,4,1,True,True,True,local_trade_no_swap_certified,1,1,False,False,False,False,False,266.0,2,88
3571,3879328e61a56a636970850c6428bbd63abb42f2ec6bf5e93b4e49d8298b5915,26573,4,1,True,True,True,local_trade_no_swap_certified,1,1,False,True,True,False,False,112.0,2,85
3572,54512189159747cabc6a89409424b687349db34b960955c0837127a0f9e79617,54620,4,1,True,True,True,local_trade_no_swap_certified,1,1,False,False,False,False,False,471.0,2,104
3573,f50725440475a54e0f3de89023b30e5cedf709fc3a48fec212a35dd450544d9b,224232,4,1,True,True,True,local_trade_no_swap_certified,1,1,False,False,False,False,False,926.0,2,85
3574,22010e882eae4984349fb616c9806ea8ef6d54abac77b59f95d35fac89eff034,194251,4,1,True,True,True,local_trade_no_swap_certified,1,1,False,True,True,False,False,180.0,2,120
3575,06323c3a68e94d5c7c9ca40f65a4dc92e627be81fe39906487bb8327c0e19b20,286738,4,1,True,True,True,local_trade_no_swap_certified,1,1,False,True,True,False,False,2295.0,2,843
3576,0d958abe32093b038f091f296e2f3a90fe71716d76ed4e478a6d55c5e927ec4e,228813,4,1,True,True,True,local_trade_no_swap_certified,1,1,False,False,False,False,False,394.0,2,85
3577,190eb571450bba4671829040b2a471d606293850185d25f11c07d09ae66b2ee2,57478,4,1,True,True,True,local_trade_no_swap_certified,1,1,False,True,True,False,False,2563.0,2,178
3578,716fa9b44b31c6d54500a9760e7f0b91fe137aa5cff4b4cfcc87f33f4b1637af,111602,4,1,True,True,True,local_trade_no_swap_certified,1,1,False,False,False,False,False,288.0,2,95
3579,41142699201c19775c9c8e4855db351221bbd8a0431aa0f81b22eafbb60bad04,213284,4,1,True,True,True,local_trade_no_swap_certified,1,1,False,True,True,False,False,1135.0,2,112
3580,cef7ec608a3e7957d1e6fb800968ec8dfd242c7bb552bfb08eaa51f04564a9fb,52840,4,1,True,True,True,local_trade_no_swap_certified,1,1,False,False,False,False,False,347.0,2,93
3581,076155f1d6d911af8ce239f807c4605a7bbdb5457c4b09dccdb6efb6cf2b3b4f,140589,4,1,True,True,True,local_trade_no_swap_certified,1,1,False,True,True,False,False,2755.0,2,190
3582,946dda490467ea6e5eb2c0ca771c86939852a13b0df76b898423ece6852b7f31,169927,4,1,True,True,True,local_trade_no_swap_certified,1,1,False,True,True,False,False,317.0,2,85
3583,12fe48f3233f23069de030709cf017d6e5e42c0098a19022bd059e17dd6f336a,297377,4,1,True,True,True,local_trade_no_swap_certified,1,1,False,False,False,False,False,1409.0,2,136
3584,93ee2970060d60c3b1f4c23afe93d6cdd6ec78e87ced2844683dc7ea096957e7,228117,4,1,True,True,True,local_trade_no_swap_certified,1,1,False,False,False,False,False,246.0,2,97
3585,5ca7f1708f04d50d757991d193c4df420e02a5e67f8d5619a1ba543c47b5cbdb,37352,4,1,True,True,True,local_trade_no_swap_certified,1,1,False,True,True,False,False,177.0,2,93
3586,98156ca87b4a1c0772fba5700f7c4428bf6e55cd6c3199c5ae169ce5b6d79457,73819,4,1,True,True,True,local_trade_no_swap_certified,1,1,False,True,True,False,False,1486.0,2,114
3587,098d065b0988b41844865b98b205738577ee2ae729283dede3942ec071b4ce43,15751,4,1,True,True,True,local_trade_no_swap_certified,1,1,False,False,False,False,False,121.0,2,89
3588,1140f8a86737bda1d02ee04a78ef04064896a591362f08dac6e4c39e6a5bd27e,153504,4,1,True,True,True,local_trade_no_swap_certified,1,1,False,True,True,False,False,74.0,2,93
3589,4b207c65136f3544fc50ec84204db852900f3885c960aa902bedbabc63ad43c2,52290,4,1,True,True,True,local_trade_no_swap_certified,1,1,False,True,True,False,False,1159.0,2,85
3590,80e2b2f45720ac5e3213ff1106ebad8e0f38bbd9c4f628b7686d6f03fbaa67e2,261168,4,1,True,True,True,local_trade_no_swap_certified,1,1,False,False,False,False,False,422.0,2,85
3591,91cff6f85f29d5f55699a9e93c1460e00c8591ca1f2c158af6cde3a8a9b116cd,161746,4,1,True,True,True,local_trade_no_swap_certified,1,1,False,True,True,False,False,1376.0,2,293
3592,5fe307bf737fd1d54b59901ed7e32525882f5ad3d2905096109a5de83047cdd7,230091,4,1,True,True,True,local_trade_no_swap_certified,1,1,False,False,False,False,False,665.0,2,85
3593,50189d58bdc9719df64fcf4fbc6b0a6db9733487bb5a8a16c80964002de92055,272229,4,1,True,True,True,local_trade_no_swap_certified,1,1,False,True,True,False,False,798.0,2,146
3594,cf30604cf9cdce402e14e88b6b90f9c4e46e1d64e5c95bb2dcff98a12ba05949,139433,4,1,True,True,True,local_trade_no_swap_certified,1,1,False,True,True,False,False,254.0,2,85
3595,67e4e7a8525cb49bdfc5d37bbe862774dab0b10550e31b8b0d32faddc8aa41bd,32136,4,1,True,True,True,local_trade_no_swap_certified,1,1,False,False,False,False,False,450.0,2,85
3596,649d0b878a45a7c4241326fa06a2a377492f4c4b5bf0f912cd21402c58575611,37923,4,1,True,True,True,local_trade_no_swap_certified,1,1,False,True,True,False,False,402.0,2,98
3597,6905de790365a141f46308ee2670758261e1d91f53b710aeb8806ae1c279857f,99353,4,1,True,True,True,local_trade_no_swap_certified,1,1,False,True,True,False,False,434.0,2,85
3598,451b64948d66b44114380573cfbe01c3255d26eeedb6e63b4aa7888f3c7c0a46,164410,4,1,True,True,True,local_trade_no_swap_certified,1,1,False,True,True,False,False,2169.0,2,91
3599,105914319604b5855ab6a5ae4e76a750b7fac71e39fa18419b5caa277ca8774d,217926,4,1,True,True,True,local_trade_no_swap_certified,1,1,False,False,False,False,False,1829.0,2,85
3600,2382cb935b2574c24483e19ca9940b991721e1e7d8fb14d8146ec6992b4f9075,110650,4,1,True,True,True,local_trade_no_swap_certified,1,1,False,False,False,False,False,4168.0,2,206
3601,acba09d43b62257521ce6caf4298ca9d7e66fac7accb59bbb6c55e74eb9f63f1,139192,4,1,True,True,True,local_trade_no_swap_certified,1,1,False,False,False,False,False,360.0,2,203
3602,68f2bced93f036f27fe28a1fe2717da3a0ead8308e4c56ed46ee6694d8d8f155,191563,4,1,True,True,True,local_trade_no_swap_certified,1,1,False,True,True,False,False,193.0,2,125
3603,08f959b73f0143090bf65cf0dac9877cf8553bb3d6f70b555a97faeb89f99f6c,158525,4,1,True,True,True,local_trade_no_swap_certified,1,1,False,True,True,False,False,817.0,2,144
3604,0bf4b35a768db459f12ab3392c739cc068da856658e4a60a88e5b91ee1f9e153,274243,4,1,True,True,True,local_trade_no_swap_certified,1,1,False,False,False,False,False,101.0,2,85
3605,e321b46c4a5e5302254fb6e8fcefc2e0059b8d407f1f9cd8a11b88abbf039d04,1147,4,1,True,True,True,local_trade_no_swap_certified,1,1,False,False,False,False,False,257.0,2,85
3606,5cafc251ff0e20b3017bb89a9da8f95751c340412dbe0cad4d04714c580ca140,86884,4,1,True,True,True,local_trade_no_swap_certified,1,1,False,True,True,False,False,416.0,2,121
3607,14dc6c5a30b0ef3ef2cfdb0328a8cfc831908d2ce8de401bb3778ce9ee590199,132831,4,1,True,True,True,local_trade_no_swap_certified,1,1,False,False,False,False,False,382.0,2,177
3608,44dd1277e1094a1f60480009f7cd714ee4e5c373d9eb3ecfc1d9c135698a1c90,253453,4,1,True,True,True,local_trade_no_swap_certified,1,1,False,True,True,False,False,261.0,2,85
3609,9e7188492f43e04630a41d88ffc0673d4a7762919803d6b2d52ee77c37c0fc9a,3552,4,1,True,True,True,local_trade_no_swap_certified,1,1,False,False,False,False,False,351.0,2,85
3610,69c2b8388a6999ea00f829764b9dd7757600a0c32e621e296ee561f783aed660,96241,4,1,True,True,True,local_trade_no_swap_certified,1,1,False,True,True,False,False,635.0,2,92
3611,628061413f670d50c8802e94e2dfda7757f89eb4eda39ee87e1c55de12ce37cb,116519,4,1,True,True,True,local_trade_no_swap_certified,1,1,False,True,True,False,False,670.0,2,85
3612,463bd33288dc63aa58de31c0882012dc80519a1d6324c5ce3fa759af78782e08,235760,4,1,True,True,True,local_trade_no_swap_certified,1,1,False,True,True,False,False,994.0,2,160
3613,e9decf84256f66dfb6118e8a014a6da3daae44c2be2f78ad171b1e7ccb88f742,113432,4,1,True,True,True,local_trade_no_swap_certified,1,1,False,False,False,False,False,816.0,2,85
3614,b060a7c43457754dcc0572a79eb8f56d033449a38bb396d797c78e3e87596f54,158333,4,1,True,True,True,local_trade_no_swap_certified,1,1,False,True,True,False,False,463.0,2,85
3615,2359344b2cf47dbfc9885ddd42f66e988e5e65a8bd9578b4d003019130f881a7,131532,4,1,True,True,True,local_trade_no_swap_certified,1,1,False,False,False,False,False,1432.0,2,239
3616,4c92d3191453e6057c2d3a03b160ad5af060e6e5c50281abc6b42f7fdefd47b6,263277,4,1,True,True,True,local_trade_no_swap_certified,1,1,False,False,False,False,False,481.0,2,140
3617,335d89f6f4327ff1f66891e877c52cc60d3d5fdf2fda7f6b03d0023668f41328,284059,4,1,True,True,True,local_trade_no_swap_certified,1,1,False,True,True,False,False,687.0,2,356
3618,32d232b3dc79b826134239fa02bb5484b8e5b9f899a0f0ad949517d8be30c3a4,122241,4,1,True,True,True,local_trade_no_swap_certified,1,1,False,True,True,False,False,112.0,2,85
3619,a8b8024ce47955373d8097ed3673805855144d34fa0df2e904e63d3baccd828a,103446,4,1,True,True,True,local_trade_no_swap_certified,1,1,False,True,True,False,False,468.0,2,107
3620,e768a6bd0af1c20cf42370a3464889807732b91dc4433a1aa721b3434a5f8949,271527,4,1,True,True,True,local_trade_no_swap_certified,1,1,False,True,True,False,False,623.0,2,137
3621,5f80c2526067a3a57ddb9aa217da9ee023fc2cef83c8c35ef95a0f92c95fc754,225272,4,1,True,True,True,local_trade_no_swap_certified,1,1,False,True,True,False,False,238.0,2,85
3622,cbd1c3af80d638efff04e2819b277bc1a2f3830ca9c34dd49656be0ec57b6abb,117975,4,1,True,True,True,local_trade_no_swap_certified,1,1,False,True,True,False,False,772.0,2,162
3623,31dbf3ae877be267009925670e7c585062d92de956682659d5b5cccb9728366e,282743,4,1,True,True,True,local_trade_no_swap_certified,1,1,False,False,False,False,False,122.0,2,85
3624,df7e326f343f5518f714c84c6ef81af69bb66e5450d7b7fb9371b00a5929a6b5,159438,4,1,True,True,True,local_trade_no_swap_certified,1,1,False,False,False,False,False,849.0,2,115
3625,fbdbe9d7f1a9892f3080ca8ee1e8c110968d4e1d6caa64ddbc792f853c3423b3,15352,4,1,True,True,True,local_trade_no_swap_certified,1,1,False,False,False,False,False,462.0,2,85
3626,7912d4a8d2a14c06067b39ebf4ca64873de7fedca9cc4ad35c578d2e0b6c4714,210465,4,1,True,True,True,local_trade_no_swap_certified,1,1,False,True,True,False,False,2814.0,2,85
3627,6ece56bf76ed7122e6c020f186fb744f18b1f012cd6aac18fdd70066d5a803b8,37603,4,1,True,True,True,local_trade_no_swap_certified,1,1,False,True,True,False,False,170.0,2,107
3628,0c0a5d7c1b75675ec9e0750dc8fda6ad006820f0e61e338fa2256b9e9e617122,123280,4,1,True,True,True,local_trade_no_swap_certified,1,1,False,True,True,False,False,164.0,2,102
3629,e1be56729fb82c2c3386a1c9cb761fdd4954b381db5c84a1e2816ee41ab0747f,75430,4,1,True,True,True,local_trade_no_swap_certified,1,1,False,False,False,False,False,7875.0,2,135
3630,014ee7d48ecf4efc82748965ef0af3ca31b456b9652f5cc57d9894b9f31eb9ae,213864,4,1,True,True,True,local_trade_no_swap_certified,1,1,False,True,True,False,False,225.0,2,85
3631,6a4f5688bf2fb240656d2cc533f5289f3f21b3a8fc566c627abd7a59b7a2542d,47375,4,1,True,True,True,local_trade_no_swap_certified,1,1,False,False,False,False,False,651.0,2,85
3632,1f789b4679b5b138c381863d0e89875ceb363329aed07a107194731fe4aa8449,92914,4,1,True,True,True,local_trade_no_swap_certified,1,1,False,True,True,False,False,202.0,2,97
3633,0dd0c20fd72e958f64a93b972973c067e7f06e002a2cfc8bb0d2f8fd6870553e,6321,4,1,True,True,True,local_trade_no_swap_certified,1,1,False,True,True,False,False,740.0,2,140
3634,06a58d0c0f2a20aec2cdf8412ceebda188f9baa9ce8c079c95fed40922c21c4e,263179,4,1,True,True,True,local_trade_no_swap_certified,1,1,False,False,False,False,False,110.0,2,85
3635,387274764fbc16d18bbe558752eae8c71ad2ec3b9f041c5bec6e636dfab3487c,193341,4,1,True,True,True,local_trade_no_swap_certified,1,1,False,False,False,False,False,5191.0,2,313
3636,7c5c460eea8c0709a231cd81aaa83bb977c4f4bd53a09f56b990dd4b82ab818f,68602,4,1,True,True,True,local_trade_no_swap_certified,1,1,False,False,False,False,False,1338.0,2,90
3637,537fa29f18cb049ada934a6ce8bd45c63d0d3d2d63ea4d16cd85d585b1c8e3a4,115708,4,1,True,True,True,local_trade_no_swap_certified,1,1,False,True,True,False,False,329.0,2,85
3638,5158cd98a1993ee72372119adcc817c45d670e693ac8f6737a9544fe92273755,10651,4,1,True,True,True,local_trade_no_swap_certified,1,1,False,False,False,False,False,810.0,2,85
3639,777ed74ee225c44d05687044c92b1795e03ae852cc533f232a4797810d01684c,240856,4,1,True,True,True,local_trade_no_swap_certified,1,1,False,False,False,False,False,1436.0,2,145
3640,b32c340b81504ed12cdbcd331dbb305aab10c2dbf8d73d712450755114082f6e,2618,4,1,True,True,True,local_trade_no_swap_certified,1,1,False,True,True,False,False,4080.0,2,85
3641,fff07d6ff2a47f6a1977780e1e76c50a7fdef0147eb711e8eeaa09217573a6bc,167867,4,1,True,True,True,local_trade_no_swap_certified,1,1,False,True,True,False,False,59.0,2,85
3642,c205e5bbae70402258292b48145be895de32e5a44211b1033b2b9b9fab411c62,39982,4,1,True,True,True,local_trade_no_swap_certified,1,1,False,True,True,False,False,430.0,2,85
3643,a207715021601f2253d2837c28807f9e6d4b660484ded84eadee724220cd95be,200772,4,1,True,True,True,local_trade_no_swap_certified,1,1,False,False,False,False,False,5046.0,2,139
3644,a8cac2a6777141c88fc6816318aab3a18b3e57a5064763ba16b9b9607fb45cd2,17339,4,1,True,True,True,local_trade_no_swap_certified,1,1,False,False,False,False,False,60.0,2,85
3645,1093f13c53cf130e1d8bfc11bf53790c193c3ee721fa76af33c5e515cfdfc97d,173235,4,1,True,True,True,local_trade_no_swap_certified,1,1,False,True,True,False,False,342.0,2,203
3646,94b4f6d6d951fda251a5143808babaa88cadeaa4cdbdff30f12d102c11fc5196,90891,4,1,True,True,True,local_trade_no_swap_certified,1,1,False,False,False,False,False,1127.0,2,91
3647,47006473676be4dfcacf588422fbdc6ca012ebe683701a3403028f14047c98a3,125350,4,1,True,True,True,local_trade_no_swap_certified,1,1,False,False,False,False,False,82.0,2,85
3648,410d091b8757e39a33c5d0565e0d2f1753a5115b098f78155860816a265065ff,224612,4,1,True,True,True,local_trade_no_swap_certified,1,1,False,False,False,False,False,325.0,2,132
3649,84f5f6661cf64c9ce0eb209201fe743e2944998aeabb93982b4765a38a83faf7,203328,4,1,True,True,True,local_trade_no_swap_certified,1,1,False,True,True,False,False,3439.0,2,85
3650,3d8949b930dcf0997871b5d850060b84da73b8f595980713ffd3edaa3cfe95e7,168300,4,1,True,True,True,local_trade_no_swap_certified,1,1,False,False,False,False,False,558.0,2,85
3651,b56521c2d9138f62ff25f49c98d30aa2f38139e1513d695866bf2c5e07234a48,193019,4,1,True,True,True,local_trade_no_swap_certified,1,1,False,True,True,False,False,6802.0,2,85
3652,624f4587bb82211b977c885bcb197fe8529265ae3cbe270a12d9c93dce3948da,300051,4,1,True,True,True,local_trade_no_swap_certified,1,1,False,True,True,False,False,2933.0,2,172
3653,2417a2280030d9978e38d99d6770962e4f8881664354870bec8a88d21263301f,14494,4,1,True,True,True,local_trade_no_swap_certified,1,1,False,True,True,False,False,275.0,2,85
3654,42cd3d2f8043a063d8f8c5d12ea5041a732497b01c41d153d4e61a293215a2f8,135910,4,1,True,True,True,local_trade_no_swap_certified,1,1,False,False,False,False,False,865.0,2,110
3655,d58ba2d101df24176c5bae9f77593e60efd3e6309f785320056a4d9b6b1f6672,24641,4,1,True,True,True,local_trade_no_swap_certified,1,1,False,True,True,False,False,1724.0,2,85
3656,448daede170253a6f3650a165e9f65b6e818052dcee080ab07adeb438d6155d2,159316,4,1,True,True,True,local_trade_no_swap_certified,1,1,False,True,True,False,False,141.0,2,85
3657,edc71f8352b13975a22d44be7fba22129006fa21a6722eed360270b9e282cbcf,227214,4,1,True,True,True,local_trade_no_swap_certified,1,1,False,False,False,False,False,1131.0,2,335
3658,73454600c968af5608e5c518c4f74790662e4b7f014291e7130c5fe5c224f317,24714,4,1,True,True,True,local_trade_no_swap_certified,1,1,False,False,False,False,False,121.0,2,85
3659,40bc07bb958a77e8eb16b3df241cac6bb1c0dd1f24ba67694d10e7df2e7a04c5,27289,4,1,True,True,True,local_trade_no_swap_certified,1,1,False,False,False,False,False,154.0,2,85
3660,685c2ceb6ad5573ca6324bc5241bc914c21da70b02543623455b8b49125cae2a,1673,4,1,True,True,True,local_trade_no_swap_certified,1,1,False,False,False,False,False,366.0,2,111
3661,b4746eade3a87cab23800bfc341560c6fef4769e935c24657452f3acf91036fd,42934,4,1,True,True,True,local_trade_no_swap_certified,1,1,False,False,False,False,False,540.0,2,143
3662,3e20e567f96cb798ceffcc1a240059bb3f60a32a11b2b4bf27958d48f1068e42,266184,4,1,True,True,True,local_trade_no_swap_certified,1,1,False,False,False,False,False,9852.0,2,90
3663,465fe45210f8976f84d73372bb1f549f27baec27d4b408da69b2a5b55c52e3d4,76073,4,1,True,True,True,local_trade_no_swap_certified,1,1,False,True,True,False,False,153.0,2,85
3664,cea925fe47ce65963edca4ba88797d7b88f0f216e501c6e20c418e4d580f9b71,236556,4,1,True,True,True,local_trade_no_swap_certified,1,1,False,False,False,False,False,656.0,2,85
3665,918d6b325cca19976e81f638291c6a14d8f2445a5a0d8b4278256fa317d71fc8,232389,4,1,True,True,True,local_trade_no_swap_certified,1,1,False,False,False,False,False,356.0,2,85
3666,317f2edf85b2dc9b37136ae88e73a1600cf5938f09a9e5fa942262a87129c088,159977,4,1,True,True,True,local_trade_no_swap_certified,1,1,False,True,True,False,False,1173.0,2,176
3667,fcf4abf42f3c47f5d597d1a950e71e6bbe9eddc72e30c6bcf213ae5d2116a783,40703,4,1,True,True,True,local_trade_no_swap_certified,1,1,False,False,False,False,False,219.0,2,85
3668,56b2708b874af778a473a63ae1b5efc0f2c795267ff9580f641e3e8f57d88827,165284,4,1,True,True,True,local_trade_no_swap_certified,1,1,False,True,True,False,False,2666.0,2,85
3669,af6b121c855ced10e989960e83241cdc0d75d2b736e06af78d06dbf38994349e,141009,4,1,True,True,True,local_trade_no_swap_certified,1,1,False,True,True,False,False,866.0,2,85
3670,f04dbf236756511b5a39fb9b2ca19ad2839dde6945ad28ec988ffd426f3fb689,100906,4,1,True,True,True,local_trade_no_swap_certified,1,1,False,True,True,False,False,388.0,2,221
3671,fa6f158a69cd0cca7457f2de8571110c836600537e17a3360c90df611da9827a,196839,4,1,True,True,True,local_trade_no_swap_certified,1,1,False,True,True,False,False,3035.0,2,138
3672,00f5a1bf7b37a82e430f87003fbd0512c7f97d8d6b7fe4e79d92528c513406f7,247910,4,1,True,True,True,local_trade_no_swap_certified,1,1,False,False,False,False,False,4270.0,2,127
3673,0452d5fa1c0917a4337076a0ce6c66332ec5bda9eecc0a1d0430b5b646958370,42966,4,1,True,True,True,local_trade_no_swap_certified,1,1,False,True,True,False,False,655.0,2,176
3674,d00b8248c1d9a50e439cb7295c8abbc6201b4a304e4dee30ab6375eadc2e28f5,108096,4,1,True,True,True,local_trade_no_swap_certified,1,1,False,False,False,False,False,2044.0,2,233
3675,3d36c296e692dfdddd53e29603295e83612bffa687ee8a57cef9c2b2102d1bcf,74317,4,1,True,True,True,local_trade_no_swap_certified,1,1,False,True,True,False,False,4261.0,2,114
3676,076697cfda9c7e3c0d69d7617e5514690feb3246f5ed56673bc650697556a5e9,26121,4,1,True,True,True,local_trade_no_swap_certified,1,1,False,False,False,False,False,494.0,2,115
3677,be9e4cb16bd257219c8eedfb22eca038f93c8c3c024d19ddc8e48e528875b48b,270226,4,1,True,True,True,local_trade_no_swap_certified,1,1,False,True,True,False,False,2189.0,2,108
3678,f163590f0be3d4f498ce10679a89d21db92aa9bad4d545bbb83c500a0c89a873,170267,4,1,True,True,True,local_trade_no_swap_certified,1,1,False,False,False,False,False,1269.0,2,90
3679,0b5523c1eaeec4c0a47a0e5def697d691321c61e5e7f0dbfaeb544c9f7b23f28,124620,4,1,True,True,True,local_trade_no_swap_certified,1,1,False,True,True,False,False,413.0,2,118
3680,762dea2ca949aba369206cb0031c41438001921d3d28f69013a0da7457c88d43,135766,4,1,True,True,True,local_trade_no_swap_certified,1,1,False,False,False,False,False,1404.0,2,263
3681,ef1f6f273d5309b443a537b8c2bcb367e6d3ecdf23b0627640da5a00f0529062,270265,4,1,True,True,True,local_trade_no_swap_certified,1,1,False,False,False,False,False,436.0,2,120
3682,89c2f4c96de85a8d73bcebe4b9283641afd6919ed327261bcc6a3fcf4250187a,232394,4,1,True,True,True,local_trade_no_swap_certified,1,1,False,True,True,False,False,480.0,2,85
3683,6f09e2c14cdc592da0b10478a1ca30557d1a3c5f2f2811662fd23b8071aaccf5,256734,4,1,True,True,True,local_trade_no_swap_certified,1,1,False,True,True,False,False,7865.0,2,103
3684,bc65406922709c6a7cae2a20b8e0c3310f43e5b13ae0f308791d658153146a96,49374,4,1,True,True,True,local_trade_no_swap_certified,1,1,False,True,True,False,False,2158.0,2,118
3685,0c54c7641ae17e7b2d387ec42407facbfd42e1860e89c725ce622a2ec341b880,107253,4,1,True,True,True,local_trade_no_swap_certified,1,1,False,False,False,False,False,1168.0,2,98
3686,0905399183d92b529cc4490147dfc4ee02c4753bbca2f1d48202e8bcbe5cb3ee,45572,4,1,True,True,True,local_trade_no_swap_certified,1,1,False,False,False,False,False,338.0,2,138
3687,de6ae4c2869c72b8084932bfe9eaef0a0ca32c9815ed4a4a14d5e818873801b2,147857,4,1,True,True,True,local_trade_no_swap_certified,1,1,False,True,True,False,False,611.0,2,85
3688,a3fc81eb507c9caa533a1afce6af916bf3042391c2249cfc2e79cf5f869725fb,268233,4,1,True,True,True,local_trade_no_swap_certified,1,1,False,True,True,False,False,526.0,2,85
3689,4e945ff5c42580109b44e9cfd383e881cc1a81550b610033396907cde7f64279,94429,4,1,True,True,True,local_trade_no_swap_certified,1,1,False,False,False,False,False,2677.0,2,85
3690,779e90c2c3228f64ba237d0b86efbc2f02fae5f6b1427b179b353c8ce845f0b6,247963,4,1,True,True,True,local_trade_no_swap_certified,1,1,False,True,True,False,False,1644.0,2,144
3691,5244c6ab28387057d487a9658012ae4ab31d1b7c137db343ba870ae6593bfd3c,121225,4,1,True,True,True,local_trade_no_swap_certified,1,1,False,True,True,False,False,1311.0,2,202
3692,0d3c6ee8f85c489f74a03859b39a1349c4b94cd6813e97a4b25bddf768abb2f6,10349,4,1,True,True,True,local_trade_no_swap_certified,1,1,False,False,False,False,False,563.0,2,97
3693,b7efc84e2e69fa38774c5ffc3d72f91201f54f87b6c46a6ddb3ab9dedfbde94f,141077,4,1,True,True,True,local_trade_no_swap_certified,1,1,False,False,False,False,False,748.0,2,85
3694,7e2636514dfabfeca6d5bfb6c1e76e6b53050e0700d8376cd07937c988ebb3dd,107097,4,1,True,True,True,local_trade_no_swap_certified,1,1,False,False,False,False,False,719.0,2,85
3695,431e1a1728dcca37e031f278ada7dafedd7acb141a38ed10e2ba2918b88e4371,47335,4,1,True,True,True,local_trade_no_swap_certified,1,1,False,True,True,False,False,396.0,2,115
3696,33fdc4b6c169f3a44e1c4f8d585cc44d2de96515022e5dbbdca4e72a9b5e9acf,63459,4,1,True,True,True,local_trade_no_swap_certified,1,1,False,False,False,False,False,340.0,2,85
3697,0dd1e92389a2dd14735febd75d47bf57fca0be2309887fb89696923fd18cfbb6,143282,4,1,True,True,True,local_trade_no_swap_certified,1,1,False,False,False,False,False,637.0,2,85
3698,9b5d7078924de5fea75e81fd5b895aa7eec266cd3a595e08c5e7cfecf3adfe2e,265938,4,1,True,True,True,local_trade_no_swap_certified,1,1,False,False,False,False,False,6881.0,2,85
3699,e111c4ee9197a4a6342ea860a2d309582602933aa0064dbf577635431316d839,72757,4,1,True,True,True,local_trade_no_swap_certified,1,1,False,False,False,False,False,2658.0,2,226
3700,2d44192188ed54f923d65e23ac56280ab743814aa774468d508b7f6dde98db3d,61295,4,1,True,True,True,local_trade_no_swap_certified,1,1,False,True,True,False,False,1026.0,2,224
3701,506933c55beff305d27d68d71a809ab4e0a5bae40ce5c99fec26c590f6112a9b,154656,4,1,True,True,True,local_trade_no_swap_certified,1,1,False,False,False,False,False,1063.0,2,85
3702,aa679ec0799c0d256ea68fd689718cda53aa669ff3f7014fd71236861947c439,137536,4,1,True,True,True,local_trade_no_swap_certified,1,1,False,False,False,False,False,739.0,2,85
3703,f29c9434ba3da62a9ba76e73c7a9a56a9fddabeae69f4511c595586601c3d53b,123205,4,1,True,True,True,local_trade_no_swap_certified,1,1,False,True,True,False,False,1160.0,2,85
3704,9e36bde74ee6bf888e0d8c87a06f74cbda1b3e1fca843aa956f1fa95e2181578,56818,4,1,True,True,True,local_trade_no_swap_certified,1,1,False,False,False,False,False,1243.0,2,136
3705,24924cbd9307d1f47b8b6cec36f24cc9ce8795c6e5cd04ce4bb48cbfd3e6c5a4,76933,4,1,True,True,True,local_trade_no_swap_certified,1,1,False,False,False,False,False,442.0,2,85
3706,c73c515a8d8f46039a625a61cb52ea03a3adb9110585bb44f1e4e5af65341133,100068,4,1,True,True,True,local_trade_no_swap_certified,1,1,False,False,False,False,False,3234.0,2,85
3707,9035f60b35920e68fc23b6e8e753f2a5d6cb255a06f0ed8465c869db4890d5e5,107243,4,1,True,True,True,local_trade_no_swap_certified,1,1,False,False,False,False,False,435.0,2,85
3708,454602fe41e77ddda03c0c104dc2aa7022f70b1ad43bd270e6cfaa53e6b98c09,69117,4,1,True,True,True,local_trade_no_swap_certified,1,1,False,True,True,False,False,2535.0,2,641
3709,22011a9f4934ccda541be42afbce4ae6de3247410d6e4c407462357637c615f0,286469,4,1,True,True,True,local_trade_no_swap_certified,1,1,False,False,False,False,False,690.0,2,138
3710,42f09be0af486d5c776d3a4d5eb8ff873d6b5a4ceefebb8f8d60cfd2bf95add4,273185,4,1,True,True,True,local_trade_no_swap_certified,1,1,False,False,False,False,False,218.0,2,85
3711,9742f3a6e6a73d48928c75c22c7a3ed9b66ca4410c37d27308224d22000f2830,64666,4,1,True,True,True,local_trade_no_swap_certified,1,1,False,False,False,False,False,1104.0,2,354
3712,6250af533a24a00122d979bd88fa1cece315d592d2aeedc5d19e76aeede56cc9,90356,4,1,True,True,True,local_trade_no_swap_certified,1,1,False,False,False,False,False,131.0,2,85
3713,d51ce6562d37573b57c7c0cd93483fa57f3fd860cbb822471339bdc2f6e66815,246762,4,1,True,True,True,local_trade_no_swap_certified,1,1,False,False,False,False,False,1857.0,2,150
3714,7ac9279f411fe185e9e75659c88b753134cfbbb41e82f2af401bb5673695eb42,108656,4,1,True,True,True,local_trade_no_swap_certified,1,1,False,False,False,False,False,8682.0,2,85
3715,6c9db944dbddc114deabef6533a3e38dc6f34cb9893b15c2ff8c286088323815,133810,4,1,True,True,True,local_trade_no_swap_certified,1,1,False,False,False,False,False,417.0,2,156
3716,0ecee2cb65a31b565d844a31957843d4bdb8c845e2b18083f9d8b8020523eb3e,63321,4,1,True,True,True,local_trade_no_swap_certified,1,1,False,True,True,False,False,535.0,2,88
3717,49a25367f066d36bfa75a3ad8c2b10d4adf35475a2950291177514cef993bc12,220328,4,1,True,True,True,local_trade_no_swap_certified,1,1,False,False,False,False,False,320.0,2,85
3718,27350b3d20551940c1c6b64e2884a9b57a58de64c4ac28e770d090d21c86701b,34084,4,1,True,True,True,local_trade_no_swap_certified,1,1,False,False,False,False,False,1704.0,2,85
3719,713d0cb13312fcf7f9eeb07e76780fa2a4721217cf5e55c0b920933831929e08,109436,4,1,True,True,True,local_trade_no_swap_certified,1,1,False,True,True,False,False,609.0,2,113
3720,78a0fe20e33091482b63052794d086edc90c5a3a45283729df128a9f0c97fc65,114124,4,1,True,True,True,local_trade_no_swap_certified,1,1,False,True,True,False,False,1215.0,2,202
3721,a0bf382d48fa38291241d910f8c4d56bc0309c354029c334515a830c78c95ce7,144166,4,1,True,True,True,local_trade_no_swap_certified,1,1,False,True,True,False,False,764.0,2,211
3722,ad4c1b8187c7c270a37603d76ec6bb8e0617d1620721e94a607d74c4fb4d1d75,28795,4,1,True,True,True,local_trade_no_swap_certified,1,1,False,False,False,False,False,201.0,2,91
3723,02dacb3148986b4608e9989f7875731c4b830b83cb60c56c189fdcd30fa16850,151121,4,1,True,True,True,local_trade_no_swap_certified,1,1,False,False,False,False,False,792.0,2,122
3724,0e444a756d35ef12c4beb1943151683f3efe8eb173252aacb329218d70e0811c,274492,4,1,True,True,True,local_trade_no_swap_certified,1,1,False,True,True,False,False,4846.0,2,113
3725,45f902c2709baf49b274100382549b788906e3cc63c4480a64764c2743602b89,21846,4,1,True,True,True,local_trade_no_swap_certified,1,1,False,True,True,False,False,1198.0,2,170
3726,1a9ce8e5421208b66b5af024eaa45463f0084c20d4dd4d05cdc18d937a71cf00,295679,4,1,True,True,True,local_trade_no_swap_certified,1,1,False,False,False,False,False,3611.0,2,133
3727,f8c2857e431d564578b502c4963a158ab676e5e3cd8da527443bae33f56ae3c9,138812,4,1,True,True,True,local_trade_no_swap_certified,1,1,False,True,True,False,False,1208.0,2,262
3728,4a1ad399f9d032de497166afb3f59f7adbad047c78f4ddc1262455ceedc1034a,296213,4,1,True,True,True,local_trade_no_swap_certified,1,1,False,False,False,False,False,448.0,2,85
3729,db74b0c3a98dbe5dc7c5ecad34fdc99516547a840fb41186f53a4e9ec3c96e75,198926,4,1,True,True,True,local_trade_no_swap_certified,1,1,False,True,True,False,False,482.0,2,103
3730,1ea871372fcf4af5b8f06c9e2c0d6b9f9f5e8d98e313cb40855d6b5ea2530d5c,45758,4,1,True,True,True,local_trade_no_swap_certified,1,1,False,True,True,False,False,558.0,2,157
3731,98728c7f00230ad7d14dd262ea02c657d09dc29cb7811c3f21294288421335ca,90,4,1,True,True,True,local_trade_no_swap_certified,1,1,False,False,False,False,False,1644.0,2,85
3732,7a0624e4677d4069d20c367a4ebf60348c9bac6bc6af4c6f1abec514a3c919bb,142170,4,1,True,True,True,local_trade_no_swap_certified,1,1,False,False,False,False,False,1067.0,2,118
3733,473980aa4ece2833264a8f9d0c4792d111cc28d598051f7b907ba2cc6fa146af,156967,4,1,True,True,True,local_trade_no_swap_certified,1,1,False,True,True,False,False,3147.0,2,94
3734,b4a6056c83b33a4309038545f80e45e5da2c2ea2ecd8d9958a20624d2e2132dc,258851,4,1,True,True,True,local_trade_no_swap_certified,1,1,False,False,False,False,False,209.0,2,111
3735,cd9cbf4d1e632dfab34e7ecb819f381e63cec31931fdbbd5f68300d186fa49ac,77466,4,1,True,True,True,local_trade_no_swap_certified,1,1,False,False,False,False,False,230.0,2,109
3736,bb393cabbba49e43d8d8eea088e49b24eaebf4593b1015cf10bcb6c8cb0c1682,208550,4,1,True,True,True,local_trade_no_swap_certified,1,1,False,True,True,False,False,85.0,2,85
3737,1298fcc0b13b65ba1871cae4a5f766b3e0721eeadcea1af2975a3965846ee9e3,128468,4,1,True,True,True,local_trade_no_swap_certified,1,1,False,True,True,False,False,635.0,2,85
3738,25b0d4dfa8414fbdac7d08beabb83b664d3f2da8102c79bc355a64260b3193da,296889,4,1,True,True,True,local_trade_no_swap_certified,1,1,False,False,False,False,False,311.0,2,85
3739,b17e5d7f4825487f3ebe1264c177cb163cede5924c5ce0a7e9c0e8359996f042,276969,4,1,True,True,True,local_trade_no_swap_certified,1,1,False,False,False,False,False,249.0,2,85
3740,0a713ba474d60023ddfeffc4cbde8939d8f9bdccdd93799c254adef1f95ef851,248606,4,1,True,True,True,local_trade_no_swap_certified,1,1,False,True,True,False,False,214.0,2,85
3741,6add045557e50dd153a11a44448b2f0b1d98f6a396bf1f2ba0a19fe1e9e71b61,170247,4,1,True,True,True,local_trade_no_swap_certified,1,1,False,False,False,False,False,5689.0,2,85
3742,9dd016a465b1157e28ec48e2796760e9e4a1f912e5ba30c8558701cc59990b6f,201088,4,1,True,True,True,local_trade_no_swap_certified,1,1,False,False,False,False,False,82.0,2,85
3743,5348dc4fd6cd0887b4085c1d6d2bc30f7bf3a1770c6fe6f0633856ff646a7492,122540,4,1,True,True,True,local_trade_no_swap_certified,1,1,False,True,True,False,False,628.0,2,85
3744,1cd4dbd92a745ba30bf6975732419b2ade3d87bcb77177c9b22c92a0d4e72657,133671,4,1,True,True,True,local_trade_no_swap_certified,1,1,False,False,False,False,False,750.0,2,85
3745,5d0cb8ab010cc26f2f2b72d950108e460889979682170a6cdf4a6ad422cc9cbc,108747,4,1,True,True,True,local_trade_no_swap_certified,1,1,False,True,True,False,False,298.0,2,135
3746,c56a8bf38925954aa85e1ceb6477db49490e45b3ace01a5f1b1c04f1db2f1a97,265152,4,1,True,True,True,local_trade_no_swap_certified,1,1,False,False,False,False,False,7164.0,2,85
3747,e1f4baa6dcd39e7364f68ad122f82ea057bdf2c41ffef6ced862cc9d0e6a70f7,24597,4,1,True,True,True,local_trade_no_swap_certified,1,1,False,True,True,False,False,852.0,2,220
3748,9351ff6d9b3ac128e7caa26f4421bc6792dd0c477a55e394397d5836e4671ee0,89661,4,1,True,True,True,local_trade_no_swap_certified,1,1,False,False,False,False,False,491.0,2,99
3749,c9144769c7e476aa96ecd62f28e53589e657207904de6e026a326c310935307a,249161,4,1,True,True,True,local_trade_no_swap_certified,1,1,False,True,True,False,False,278.0,2,125
3750,ff4fc1671092aee3c2e970ffac12eaa5cc3af438fc726aebc789341beeac7f43,26145,4,1,True,True,True,local_trade_no_swap_certified,1,1,False,True,True,False,False,919.0,2,194
3751,071597d74e7c1286fef4c5d3eddce58153572cc58a7bf7785c7302c23670cefb,122377,4,1,True,True,True,local_trade_no_swap_certified,1,1,False,False,False,False,False,1404.0,2,227
3752,d78d7a9ef9cd3271675f1893cf89bd3ed9f22284b56edf6d91c9062673730963,22940,4,1,True,True,True,local_trade_no_swap_certified,1,1,False,False,False,False,False,372.0,2,85
3753,9e164e6e9391a052601943541640cb3ebfcf9650cf32c8b46251e17a7ab39a76,119064,4,1,True,True,True,local_trade_no_swap_certified,1,1,False,True,True,False,False,9857.0,2,191
3754,3f3f4996a8703135b04b8015c6d2e982d328c336e7b12eaaeb7dfb16ed3248dd,264462,4,1,True,True,True,local_trade_no_swap_certified,1,1,False,False,False,False,False,141.0,2,90
3755,9298b6fe4feac6fcd9d657f49a340888f553ebcebf48033f0385dcf0e0e05442,163867,4,1,True,True,True,local_trade_no_swap_certified,1,1,False,False,False,False,False,401.0,2,85
3756,599e30ebf97ea9ff04013bd1de7277747d8634b3fa308826ef276e8bd6de002e,297039,4,1,True,True,True,local_trade_no_swap_certified,1,1,False,False,False,False,False,624.0,2,85
3757,cc54424251e7ead05d2bf838ddf5276af3a2706a968f49275b6c3226d6b57c3f,195131,4,1,True,True,True,local_trade_no_swap_certified,1,1,False,False,False,False,False,622.0,2,94
3758,f2a731b8284b5479d1fa86bbc5d9ad82a00e63841b2088581e352be0c39d4927,266061,4,1,True,True,True,local_trade_no_swap_certified,1,1,False,False,False,False,False,357.0,2,109
3759,fec41930a2d2aac0e1cab45471911c26f32cc9954e58b7a615b49a17f8cdeb74,285501,4,1,True,True,True,local_trade_no_swap_certified,1,1,False,False,False,False,False,466.0,2,85
3760,82100cc16c599a341bda20ca43cd3b0abd07a358243dfbd4980374f4c4fa3d61,236045,4,1,True,True,True,local_trade_no_swap_certified,1,1,False,True,True,False,False,1424.0,2,101
3761,a186fbf54f9f2e0dcee8e7dadec2183aca054dd63556e242ce851c82ebde47ba,292411,4,1,True,True,True,local_trade_no_swap_certified,1,1,False,False,False,False,False,2895.0,2,103
3762,98fa0ccba3e9f2d3ba3a155378e575644de7ed12680dbba6e0a382504c9388df,106538,4,1,True,True,True,local_trade_no_swap_certified,1,1,False,True,True,False,False,322.0,2,85
3763,25f9c6486191ba912103907252bdb088ffdb5af64b2bbe781216d6c86174671e,163162,4,1,True,True,True,local_trade_no_swap_certified,1,1,False,False,False,False,False,368.0,2,96
3764,6cb816a9fbc041bb04117cb63a5f5912f818dabb3e4fd83da0050ec0987c0161,276238,4,1,True,True,True,local_trade_no_swap_certified,1,1,False,True,True,False,False,382.0,2,165
3765,04fdb6a8df55fd67b4dd8193089460e1a21983bb457f92f4652a97c1898f832d,266911,4,1,True,True,True,local_trade_no_swap_certified,1,1,False,True,True,False,False,377.0,2,85
3766,ffc88ce27a396a52cc644003fbca5c24fb9dc76a0c7f4d838b9803d2867fc326,236114,4,1,True,True,True,local_trade_no_swap_certified,1,1,False,False,False,False,False,495.0,2,85
3767,6fe097bd32bd736463677ffe8841ed658d440ef1c2440866549bbb28d7b3e72f,109730,4,1,True,True,True,local_trade_no_swap_certified,1,1,False,False,False,False,False,239.0,2,95
3768,34ffb110909706adf54528cd3eeec3424302b74821cf0b370f461efe94afcc35,298312,4,1,True,True,True,local_trade_no_swap_certified,1,1,False,True,True,False,False,1639.0,2,95
3769,aa840f1961630e6eb0a4ffe20b7f386b98adb175028cb915d93447afd5d45867,262146,4,1,True,True,True,local_trade_no_swap_certified,1,1,False,True,True,False,False,931.0,2,245
3770,fd6e18755e98d9f52cadc6fde787f375992bd3a0dd3452c0837e9e6e7d38e2ed,247863,4,1,True,True,True,local_trade_no_swap_certified,1,1,False,True,True,False,False,393.0,2,85
3771,31ad84a6147a775feb6b83311ca8ae9f598daff295003886d173d2da72f90363,223148,4,1,True,True,True,local_trade_no_swap_certified,1,1,False,True,True,False,False,1573.0,2,533
3772,0c9e3aefd38dca96b518755e4f1ec3923db759d782a37c2e145a7050afcbd9d4,188411,4,1,True,True,True,local_trade_no_swap_certified,1,1,False,False,False,False,False,498.0,2,96
3773,a2f290ca7a9825d75e685bf0bf9bef5009d53e1809b69b34c3b890e8f801424c,115800,4,1,True,True,True,local_trade_no_swap_certified,1,1,False,False,False,False,False,4076.0,2,108
3774,ede15a9e96357a370a892d1e426a00167826cc442e4cfc130fe582af46130a57,249196,4,1,True,True,True,local_trade_no_swap_certified,1,1,False,False,False,False,False,457.0,2,229
3775,55aab1acd9ed9c33a224ddf76da64a74c35368e4f77b61c5cb6fd2c180cf0d39,185810,4,1,True,True,True,local_trade_no_swap_certified,1,1,False,True,True,False,False,901.0,2,96
3776,91742d025334a14786c1b1ea524d555f86dce9367c62579c7ca73af46b4a233a,172329,4,1,True,True,True,local_trade_no_swap_certified,1,1,False,False,False,False,False,7378.0,2,85
3777,a6a281b2414609aafb5a1851a191b93bfb9c55b7f71e3685629c485e0e511a64,259275,4,1,True,True,True,local_trade_no_swap_certified,1,1,False,True,True,False,False,735.0,2,140
3778,ef4a49dfff79ac8200365560826adb032b044f0701c2eb624447188e4f855978,46557,4,1,True,True,True,local_trade_no_swap_certified,1,1,False,True,True,False,False,230.0,2,85
3779,b01a47339ab1e70719f5b438832e0074a91826a659da319f89220828e141871b,183377,4,1,True,True,True,local_trade_no_swap_certified,1,1,False,False,False,False,False,479.0,2,85
3780,0e1f68a0089b2d09b59e58015417dad3e5791fc1745e891798425b3e21cfa411,219382,4,1,True,True,True,local_trade_no_swap_certified,1,1,False,False,False,False,False,277.0,2,113
3781,48b573cd1250a85b83f9ed348687aceee458e9c6c4a03c97e918da94e0699f52,245867,4,1,True,True,True,local_trade_no_swap_certified,1,1,False,False,False,False,False,3597.0,2,183
3782,abe74343b3ad77b53e5bfca69324577ffac59469a96b7fdc1bc52ba9aac17a84,181089,4,1,True,True,True,local_trade_no_swap_certified,1,1,False,True,True,False,False,2970.0,2,210
3783,88f6d2a8ccdf6b7eb97d520aa12a1c40751bcfce59aafaf5a24bc2825bd0d9a5,298626,4,1,True,True,True,local_trade_no_swap_certified,1,1,False,True,True,False,False,459.0,2,85
3784,3d41e3079181d1b7171854cce9791557620637997fce9ed71a8e308f6898243a,72971,4,1,True,True,True,local_trade_no_swap_certified,1,1,False,True,True,False,False,283.0,2,85
3785,1af99e3ee582f41baacfbfff9757ab8932e2a0bafbf77c7709091d0e7334daec,252433,4,1,True,True,True,local_trade_no_swap_certified,1,1,False,False,False,False,False,1262.0,2,85
3786,da2e37c1dddf22ba98f0fbcec2eccdf1ed3b66b4d311925abbc10701afd807d1,270871,4,1,True,True,True,local_trade_no_swap_certified,1,1,False,False,False,False,False,115.0,2,85
3787,ab914f4c06606a02d2ebe5610cc2fe84a852f2849364f3bd3b405399186c027d,264352,4,1,True,True,True,local_trade_no_swap_certified,1,1,False,False,False,False,False,1102.0,2,104
3788,0a355b6d10ad7378580a01dd0581b3acaa507dc8205656a97c96b8753c423fd9,151073,4,1,True,True,True,local_trade_no_swap_certified,1,1,False,False,False,False,False,454.0,2,193
3789,7550a73129145a9a63c3ab0aa23645cad103bb525984f039116d7293ab3d71e3,157654,4,1,True,True,True,local_trade_no_swap_certified,1,1,False,True,True,False,False,129.0,2,85
3790,992efe034c85dbec9bd59505b25685511066e14318a36e21028293ceb14f498e,157633,4,1,True,True,True,local_trade_no_swap_certified,1,1,False,False,False,False,False,977.0,2,128
3791,5fa445f42373a363d0587b515fa58a767d918b2a30a6f03f93c9bf5a97cc207e,97451,4,1,True,True,True,local_trade_no_swap_certified,1,1,False,True,True,False,False,287.0,2,85
3792,0ea3b722f8a44c1b2ce3a033103a0af24c75459d7f44845e40618c6b21204f6f,181523,4,1,True,True,True,local_trade_no_swap_certified,1,1,False,False,False,False,False,800.0,2,155
3793,b43151ad37e85a74ab32cb64f3c83a02d53c725e194e3ee9796b997fc8ef39d5,176618,4,1,True,True,True,local_trade_no_swap_certified,1,1,False,True,True,False,False,325.0,2,95
3794,c98d64d1bfc71c9a10ef488ceea5db9d46d8006f75e1e3855ecfdaab13a157ed,10703,4,1,True,True,True,local_trade_no_swap_certified,1,1,False,False,False,False,False,1641.0,2,214
3795,1b6aa2368e6dea367d4e480aec87c7731bfad7cb08e6e07894a7472e8dbe0e92,152426,4,1,True,True,True,local_trade_no_swap_certified,1,1,False,True,True,False,False,244.0,2,85
3796,61de58cc57297387a6c906b3394702bc29e2935cdb81d8a1dbe1e339fe04c38e,62828,4,1,True,True,True,local_trade_no_swap_certified,1,1,False,False,False,False,False,2239.0,2,414
3797,a6194e04c5004fe1f23a241acc0db5ecf78859338702b8c7b38ca6e97bab5fbd,234733,4,1,True,True,True,local_trade_no_swap_certified,1,1,False,False,False,False,False,561.0,2,102
3798,0d73a3817857b8661818bf9d8b2a7390bb80ed37033037c5fc69172e23af709f,259799,4,1,True,True,True,local_trade_no_swap_certified,1,1,False,True,True,False,False,659.0,2,85
3799,bc829688284495a0990f68f261cbbbec11b188a0b5d21eeb886b7b84ecaaa36f,8826,4,1,True,True,True,local_trade_no_swap_certified,1,1,False,False,False,False,False,4039.0,2,89
3800,a9b478ed5430b7761095f57cb932d261507ab0274b0ad525606c8c08b237ff22,70898,4,1,True,True,True,local_trade_no_swap_certified,1,1,False,True,True,False,False,28166.0,2,85
3801,495e49e1c34c6034421129284530e8eaf65c0f5fa214d8c944399545ec5ab5a5,220999,4,1,True,True,True,local_trade_no_swap_certified,1,1,False,False,False,False,False,3637.0,2,85
3802,c72b4dfda58a4f49b8f60a9b4660f1ea8d635700ff80e2fd14bd4fa9b8fd9a60,135616,4,1,True,True,True,local_trade_no_swap_certified,1,1,False,False,False,False,False,1426.0,2,198
3803,903aa87660c2feb8e447c76bb0ad04ebd5b30498a4933819f99f620e982ff444,208108,4,1,True,True,True,local_trade_no_swap_certified,1,1,False,True,True,False,False,830.0,2,112
3804,747337fa0832bdd0f097cdd4a7d4bb3bc7b7ef0527f6fea21ebe46e5107ec089,209389,4,1,True,True,True,local_trade_no_swap_certified,1,1,False,True,True,False,False,176.0,2,129
3805,ee53b9a202f8976a8d83d13c14ad4965cd7209db0983c3236c5274c44f236c9c,40661,4,1,True,True,True,local_trade_no_swap_certified,1,1,False,True,True,False,False,2543.0,2,126
3806,9e8e1f9aa03860c3050f3af55df8f05faedb5bf1f75693e27d1d61fae2da4c8b,228579,4,1,True,True,True,local_trade_no_swap_certified,1,1,False,False,False,False,False,104.0,2,85
3807,41427c6bf0c08a0ecfdb3a8505ce7b6bea5ece5f87dd9f252eb7d27fe0701f9d,86808,4,1,True,True,True,local_trade_no_swap_certified,1,1,False,False,False,False,False,2329.0,2,85
3808,af2b35684d06f0abb5406c0680314d525d10323202db97b2ce94457a59f09a3d,264843,4,1,True,True,True,local_trade_no_swap_certified,1,1,False,False,False,False,False,196.0,2,85
3809,65cd8426bf55d76ee748b3a71128404404fabe5c6e23931e17e72baab3575dd3,212443,4,1,True,True,True,local_trade_no_swap_certified,1,1,False,True,True,False,False,1382.0,2,207
3810,8dabeb4850f1e0ec61d400c0bbaa0983541591dfaac140fc462ea318e08f1528,158809,4,1,True,True,True,local_trade_no_swap_certified,1,1,False,True,True,False,False,1169.0,2,196
3811,d0668b86fe49bbfc00b744e6d93b605f03944b3651e9baf299f1ed1ec70a6a0e,4049,4,1,True,True,True,local_trade_no_swap_certified,1,1,False,False,False,False,False,841.0,2,229
3812,68c8a636f58b5c69b991582e6c1ee2d3ece6da2f791fe142a40e5aa067ad8b79,287410,4,1,True,True,True,local_trade_no_swap_certified,1,1,False,True,True,False,False,182.0,2,147
3813,0c8b97ee90cecd67b53987ceea06ff6b7bdea569dd41b1f5980a173594bf3dee,2217,4,1,True,True,True,local_trade_no_swap_certified,1,1,False,True,True,False,False,471.0,2,85
3814,d60354f2dedd8e4bcf357284bb7a9239f9a5b7157cf26f525173410ba1779a37,205698,4,1,True,True,True,local_trade_no_swap_certified,1,1,False,True,True,False,False,456.0,2,138
3815,0b3917b845500f89d0d3259d67686e42bb6a03366437503edb42927884741f5f,17941,4,1,True,True,True,local_trade_no_swap_certified,1,1,False,False,False,False,False,894.0,2,132
3816,3e458b8109d1deabe5f96899d63692b0bdb79e5af8b3c27eb9a7894abb21041c,116726,4,1,True,True,True,local_trade_no_swap_certified,1,1,False,False,False,False,False,374.0,2,121
3817,e473ab852a561b4946308bc794ccb414b37cb404ceb7be771bbb74059a899753,149921,4,1,True,True,True,local_trade_no_swap_certified,1,1,False,False,False,False,False,2773.0,2,85
3818,bb26ee856e2a09d49f08210831a65ee7a2e929122523354ee363f8722d1e7020,62982,4,1,True,True,True,local_trade_no_swap_certified,1,1,False,False,False,False,False,1111.0,2,174
3819,66d2d503ec33345fb36a85a642da220f349048b791455f3ce68ef219d52c6d49,178410,4,1,True,True,True,local_trade_no_swap_certified,1,1,False,False,False,False,False,985.0,2,85
3820,942df1de7f825eb022010d977e9a7ac8081586ca8a8c61a5b3babd2d660102e1,96949,4,1,True,True,True,local_trade_no_swap_certified,1,1,False,True,True,False,False,505.0,2,85
3821,17a940659c43cd819433f6d835ab4ef3d847d9d8886b1bbde6cb5c7cd627a694,216964,4,1,True,True,True,local_trade_no_swap_certified,1,1,False,False,False,False,False,1651.0,2,125
3822,024b0811a6612d2d0cfdc84dad48d6f750ed4d75ae4e1c8c42ac57ebd03a630c,125299,4,1,True,True,True,local_trade_no_swap_certified,1,1,False,True,True,False,False,243.0,2,116
3823,81e3e33540e09054145d02c2787e2c6ee2a52d8b4bbb36b08f200b460f27702e,152310,4,1,True,True,True,local_trade_no_swap_certified,1,1,False,True,True,False,False,62.0,2,85
3824,24c01c03b27990b17fcc15c0a84685b1cec255484054c44ffb5362edbdca841e,102867,4,1,True,True,True,local_trade_no_swap_certified,1,1,False,True,True,False,False,345.0,2,109
3825,29bbf44d780dce25a52cd1d682037bfea3a5394b63e55714a1531c0a014bd371,126843,4,1,True,True,True,local_trade_no_swap_certified,1,1,False,True,True,False,False,1133.0,2,256
3826,b4854f1164926937b52ae1f361c9c561c6d8475517657e514df6e4c48470bd09,58698,4,1,True,True,True,local_trade_no_swap_certified,1,1,False,True,True,False,False,215.0,2,85
3827,b887205c29d5d5fb75f6ec5a0d18be06f445721f872712890280c39045a45a4f,277122,4,1,True,True,True,local_trade_no_swap_certified,1,1,False,True,True,False,False,1229.0,2,103
3828,fafad4a17821512bf15e5655f9264c49c83299ac81189f8d863e54c51976f81d,121144,4,1,True,True,True,local_trade_no_swap_certified,1,1,False,False,False,False,False,669.0,2,138
3829,0640b72f9ca721f4398eef2c184d1c420e018b7d602ef81b6563effe2e7aebb1,123562,4,1,True,True,True,local_trade_no_swap_certified,1,1,False,True,True,False,False,4494.0,2,85
3830,9b76cdbff00fd60db16365d3af1dc4ddecfc19e5c405cb994da1c7a5b1b2cdad,154355,4,1,True,True,True,local_trade_no_swap_certified,1,1,False,False,False,False,False,912.0,2,110
3831,a5bbea70c5d40ef0634be33a65cd074aff04689ad59aaad86bcf1df90e4a43ce,294124,4,1,True,True,True,local_trade_no_swap_certified,1,1,False,True,True,False,False,904.0,2,235
3832,e877fa9b2de064520c95b805de6ef32413c2e462c48908fc9b1e418cfdcfa199,122438,4,1,True,True,True,local_trade_no_swap_certified,1,1,False,True,True,False,False,10888.0,2,108
3833,7bce27bce9e6dff7dae59fca92c70919576687caf3a48ddfb5e0242691f67aa2,168589,4,1,True,True,True,local_trade_no_swap_certified,1,1,False,True,True,False,False,436.0,2,85
3834,10c550cf6d8e74f7b3f25c35cae53eaf128655ec1dd1638bc8cdb1ef998edbcc,212572,4,1,True,True,True,local_trade_no_swap_certified,1,1,False,False,False,False,False,4179.0,2,102
3835,62624594617c4b8efaabc9b0d33115399fdfb8bc476dd2c9d9e8be36408fd4aa,143454,4,1,True,True,True,local_trade_no_swap_certified,1,1,False,False,False,False,False,7363.0,2,85
3836,49d2b0248366423ee90c2bb6ec030844bc2f4f2ee4698f2ba1b4d35e354a958f,283197,4,1,True,True,True,local_trade_no_swap_certified,1,1,False,True,True,False,False,365.0,2,96
3837,59d2686cfde2631208ccf7838f3d13facccca662ed668189a2891a6ccfb87772,26013,4,1,True,True,True,local_trade_no_swap_certified,1,1,False,True,True,False,False,1803.0,2,191
3838,760b41a58552d0a32010ec9052fb861bbed152cd3a8f5bae48ae19fd90dfe7ee,96734,4,1,True,True,True,local_trade_no_swap_certified,1,1,False,False,False,False,False,3501.0,2,85
3839,f92786009554147e9c3fb22b0a8582d3e943c6df00560b983c08c16d11050507,244184,4,1,True,True,True,local_trade_no_swap_certified,1,1,False,True,True,False,False,263.0,2,85
3840,e89d9d22a8ca626be1aeb23f89255dc76f7acc48dbe3390ae681b070b4a79b7f,5005,4,1,True,True,True,local_trade_no_swap_certified,1,1,False,False,False,False,False,929.0,2,123
3841,5f510ca30a9dd0e514bb3adbb0138ceaa76984fdac0e85da174f1fc67805f078,74750,4,1,True,True,True,local_trade_no_swap_certified,1,1,False,False,False,False,False,506.0,2,106
3842,ae2e9aaeadda73aef45a1e18784a0011f76694971cc2b69ff9dc81a87690ae48,26565,4,1,True,True,True,local_trade_no_swap_certified,1,1,False,True,True,False,False,18402.0,2,137
3843,a104ed1cb4ea615f67dde96d6dd5f7149be53de3a8d308d9e3b7688a43b9c77f,108422,4,1,True,True,True,local_trade_no_swap_certified,1,1,False,True,True,False,False,407.0,2,85
3844,9cb8ff69996ff37fbc41c29d28d4d2d6283f1c17c006514ba2b3e28683d3ed6a,54313,4,1,True,True,True,local_trade_no_swap_certified,1,1,False,False,False,False,False,1198.0,2,166
3845,6028ec42858a81212b1035fcae6e4bf23b05c50ffb210733c11330fb3c73c065,209083,4,1,True,True,True,local_trade_no_swap_certified,1,1,False,False,False,False,False,17927.0,2,85
3846,5a8ecbd528d21bdbd914f4c385aa1250b66409e25e5a38bfafef9737f5ca825d,149433,4,1,True,True,True,local_trade_no_swap_certified,1,1,False,False,False,False,False,9234.0,2,85
3847,a46d791a998c7c4fccf514e5da5e096bfa2c00b1ab92aade1bfd296826f28d62,7048,4,1,True,True,True,local_trade_no_swap_certified,1,1,False,False,False,False,False,118.0,2,85
3848,b1fb0a2f7c3a9a31dbb28d41cdf794c36cd885848afae2046d75571a75b2f346,78642,4,1,True,True,True,local_trade_no_swap_certified,1,1,False,True,True,False,False,7721.0,2,88
3849,f176e252dbf06dd03151d34741352b9cee8d1283086a38a99a427fbc527b2d55,138100,4,1,True,True,True,local_trade_no_swap_certified,1,1,False,False,False,False,False,3178.0,2,126
3850,28efd5b9eb60308bdab46137da3b6b1393fb1364fea631967f7af31c3efaf330,1129,4,1,True,True,True,local_trade_no_swap_certified,1,1,False,False,False,False,False,1526.0,2,89
3851,d2015224b1e48e9b497b6b47cfdb05434489e52bf2cfb10ce1fb77721366e929,263058,4,1,True,True,True,local_trade_no_swap_certified,1,1,False,True,True,False,False,469.0,2,85
3852,cc97714d3bf7c219f33fe3da87370eb4b09ffeb15be0a22e085dd7e14acd4ed8,40645,4,1,True,True,True,local_trade_no_swap_certified,1,1,False,True,True,False,False,3158.0,2,102
3853,6c3195532a1d8fb99c1f74412ea3f371fa8dd742077f2510d82822761a0b9371,89644,4,1,True,True,True,local_trade_no_swap_certified,1,1,False,True,True,False,False,467.0,2,85
3854,b3b66011a1e1f59e1bb058d9cedb80121240b3a61fd1b18df96c3309d9b2e26d,61527,4,1,True,True,True,local_trade_no_swap_certified,1,1,False,True,True,False,False,267.0,2,180
3855,15b312a4add61f09bea8bd2bba8da92ca20ecabf5db75be02477cdcb37ae2f35,88219,4,1,True,True,True,local_trade_no_swap_certified,1,1,False,True,True,False,False,12126.0,2,85
3856,5d34f60072778888688776ae60797d671f9ebac33a7f0017c7ada027f87d070f,233964,4,1,True,True,True,local_trade_no_swap_certified,1,1,False,False,False,False,False,363.0,2,114
3857,6d95784e852ac1c58cdee3d4b5fee689030a6f5645f9eca46bd97a7b5b308702,239494,4,1,True,True,True,local_trade_no_swap_certified,1,1,False,True,True,False,False,229.0,2,85
3858,7203f599c262a01589d83a4fc071cd0a54e3fdd2eb462725a631c98534d65828,56850,4,1,True,True,True,local_trade_no_swap_certified,1,1,False,True,True,False,False,199.0,2,85
3859,003785e4c395b50f43eff31214cfa1edcf25612c69f268a71372e7082745e4be,188416,4,1,True,True,True,local_trade_no_swap_certified,1,1,False,False,False,False,False,1054.0,2,85
3860,4e056995f392dcaa61a937fc6c9bf0515caaa3cdaa58763f6cad5460be01a8ee,19884,4,1,True,True,True,local_trade_no_swap_certified,1,1,False,False,False,False,False,666.0,2,85
3861,424aa150db24c62bcf7d6e6102b9c50ebdf52d67d7128f800bb3ecb51e18d3de,61653,4,1,True,True,True,local_trade_no_swap_certified,1,1,False,True,True,False,False,297.0,2,85
3862,8b880d7c5098a366dc0b23f4b02bea4b9ff7a42047f751bf2e7340d9e81438a7,138902,4,1,True,True,True,local_trade_no_swap_certified,1,1,False,True,True,False,False,767.0,2,85
3863,0853d2d0594fef310397829c593525a6858915710bccb5faee3296e7b942f8d4,122827,4,1,True,True,True,local_trade_no_swap_certified,1,1,False,True,True,False,False,2232.0,2,377
3864,6c9931cc690d03372e9f809e14383e3266d44b466f32b5895abc1044477858d3,70592,4,1,True,True,True,local_trade_no_swap_certified,1,1,False,False,False,False,False,2782.0,2,88
3865,2e833bd56398307b83fd9b74aaafa4922f77137689ece75fd6b966597d53004e,41531,4,1,True,True,True,local_trade_no_swap_certified,1,1,False,True,True,False,False,261.0,2,85
3866,b35f32eef27790d3fefff7df7a66d8066504babf5f9756c551f34f870bb1ccac,292371,4,1,True,True,True,local_trade_no_swap_certified,1,1,False,False,False,False,False,1480.0,2,85
3867,ebdbd95276addcdc5795206e3fabcd12109d095f264dbd6733f634fd407b4fb9,125948,4,1,True,True,True,local_trade_no_swap_certified,1,1,False,False,False,False,False,1531.0,2,192
3868,d603e078c912b5116f292aa97ce789550ba63e7fa0c56a7cb0f9a0b540e0ea40,255138,4,1,True,True,True,local_trade_no_swap_certified,1,1,False,True,True,False,False,1687.0,2,85
3869,8f963fe8acd450807a3961d2b5eeb35e4cb619e8764924793aae58d1d47d2cd2,136554,4,1,True,True,True,local_trade_no_swap_certified,1,1,False,True,True,False,False,1958.0,2,133
3870,11f5694e12fcb93d7d09d8067cbf03283b10724b382db94c55ac180ee97086a4,289101,4,1,True,True,True,local_trade_no_swap_certified,1,1,False,True,True,False,False,1131.0,2,122
3871,0ea71f42fa8b3257546dbaf94c9b7b5fac746f394a6707afe6cedb139963a574,38095,4,1,True,True,True,local_trade_no_swap_certified,1,1,False,True,True,False,False,952.0,2,85
3872,bf11d379114bcd6aecce851bbc3f4f5be2dd9723d4775d13dacf931e81479a8f,31328,4,1,True,True,True,local_trade_no_swap_certified,1,1,False,False,False,False,False,493.0,2,140
3873,4330159cccf3cb753345bf40d098976f648aaa8a4b0abfad38b2052746330c1d,44016,4,1,True,True,True,local_trade_no_swap_certified,1,1,False,True,True,False,False,1713.0,2,123
3874,21494d8a8b0e2fc9141a2fc93f3cca3642fab9e66ddd1906a04446c49e71a645,37212,4,1,True,True,True,local_trade_no_swap_certified,1,1,False,True,True,False,False,701.0,2,91
3875,3ce3c6426011c398be8aff4b7240b39c04e5af38decbf06d6bae8a67326a8c9d,203671,4,1,True,True,True,local_trade_no_swap_certified,1,1,False,True,True,False,False,262.0,2,85
3876,ed6d8829d69a08a397a1e5ec5241e4a98332047c5a568962d442e70b0a4ca328,181913,4,1,True,True,True,local_trade_no_swap_certified,1,1,False,False,False,False,False,1895.0,2,85
3877,73ed0536c71797c5af66d8824df1bb707c5dea7598cd0186cac21fe401794689,25177,4,1,True,True,True,local_trade_no_swap_certified,1,1,False,False,False,False,False,5137.0,2,479
3878,e144ab3acd0979980a2e7482fcc154d4b87c4af551e27ea4c78cea7bbfc98ddc,110124,4,1,True,True,True,local_trade_no_swap_certified,1,1,False,True,True,False,False,209.0,2,85
3879,a27de075cbfd73f63d58a8e91eaaed8949369cf34181a56870d2e695d8b89669,44806,4,1,True,True,True,local_trade_no_swap_certified,1,1,False,True,True,False,False,1958.0,2,128
3880,95510e8e77bd3d0199b65392243fe33c7f6972222d684625c55cfa1134fadece,153622,4,1,True,True,True,local_trade_no_swap_certified,1,1,False,True,True,False,False,1406.0,2,85
3881,6133fbef9986267d3645b915c20dd0462902d39c25418a513fcdb2c1d9828f1a,11827,4,1,True,True,True,local_trade_no_swap_certified,1,1,False,True,True,False,False,145.0,2,85
3882,aa020554ac3ce2efb186a738cd6c3d6782514deb4541209ff764939de2e995d2,124671,4,1,True,True,True,local_trade_no_swap_certified,1,1,False,True,True,False,False,4354.0,2,401
3883,c49ceb9429daf7e57dffe068cea9ef8580115c0d905f896e9f67f084c7aa84bc,449,4,1,True,True,True,local_trade_no_swap_certified,1,1,False,False,False,False,False,202.0,2,85
3884,1700c46e5e8dca386a5579cfa8ae8e7e8e29c656bdc3d608454953488018452c,232695,4,1,True,True,True,local_trade_no_swap_certified,1,1,False,True,True,False,False,74.0,2,85
3885,e851826b3ac716bdde3c620ce423a5ac9e0ea7f3bc2c76a18ed95fd891df39e2,266466,4,1,True,True,True,local_trade_no_swap_certified,1,1,False,True,True,False,False,431.0,2,85
3886,52a33c7fae0447b313646f2e8bf3dbbaeae94ba164527487ca342b7043912b4b,35939,4,1,True,True,True,local_trade_no_swap_certified,1,1,False,True,True,False,False,1787.0,2,142
3887,553ec2d5e6b1fd2193f929b5b0e2c0249f3415d87d792e35c80d503deb7e98d6,485,4,1,True,True,True,local_trade_no_swap_certified,1,1,False,True,True,False,False,740.0,2,101
3888,54a9ad9d2e3d52dcdd9333e7d472d604ce929a4bf139574cd78a1fcb2dd396ea,289926,4,1,True,True,True,local_trade_no_swap_certified,1,1,False,True,True,False,False,335.0,2,151
3889,0fff662a12598e67e114870919611fef5eec773190e198a7205e7c6102c28c53,260963,4,1,True,True,True,local_trade_no_swap_certified,1,1,False,True,True,False,False,1356.0,2,91
3890,ed625aca27741bf684bfac4f9f3d8d4611c5a1fcaf28f056c4a87815d1c9b294,180420,4,1,True,True,True,local_trade_no_swap_certified,1,1,False,True,True,False,False,5691.0,2,139
3891,952134b3fa70c91ada8d003c7c2ba3f1252506d4d80940efd2148ec24451d104,270807,4,1,True,True,True,local_trade_no_swap_certified,1,1,False,False,False,False,False,742.0,2,85
3892,3488da6ee759c36134bd9b71f9876296c0ccb23436ce38a5790a8509cefa0041,134881,4,1,True,True,True,local_trade_no_swap_certified,1,1,False,False,False,False,False,135.0,2,115
3893,60ea96478ceea4ae488d5fe4c44ed2f995ac5d6218ffe10c88f5b40d840cb510,111633,4,1,True,True,True,local_trade_no_swap_certified,1,1,False,False,False,False,False,278.0,2,85
3894,03110b43fdf50a3a582bc0e45361a646193ee8fe8518171938fee7410615988f,120960,4,1,True,True,True,local_trade_no_swap_certified,1,1,False,False,False,False,False,852.0,2,172
3895,e20727a27efb7d1fd6ca0be7c8600a69c9cb86ef109e447e4a31b174b4f32f35,71347,4,1,True,True,True,local_trade_no_swap_certified,1,1,False,True,True,False,False,5408.0,2,98
3896,c6f0afa5c7531c97bfbff4295d1491e0891101e3869cf4754916b8f24ea70cd0,225569,4,1,True,True,True,local_trade_no_swap_certified,1,1,False,True,True,False,False,938.0,2,85
3897,c93efb0122d05041ddeda950242cac4d0a8d259c474aabe8124056fa6fe6cc92,239555,4,1,True,True,True,local_trade_no_swap_certified,1,1,False,True,True,False,False,219.0,2,85
3898,debc2004cc926464a72323677173f3e40a6a59d9bbd17e115d9ed45c1a6fd310,261616,4,1,True,True,True,local_trade_no_swap_certified,1,1,False,False,False,False,False,790.0,2,85
3899,1ca4d5c9159e84ab2257f2f1c7e858ee3b180165543ef35b0cfa877ae575a5af,255426,4,1,True,True,True,local_trade_no_swap_certified,1,1,False,True,True,False,False,1405.0,2,217
3900,4cd98b0f5320186ac0cb67a61c38e7ae6a0d15d3cffd0ca6662d755aa8f17843,230951,4,1,True,True,True,local_trade_no_swap_certified,1,1,False,False,False,False,False,1727.0,2,85
3901,4fffc0b1527a415beb8ceef864178715ecb3a7dc7d672ac01819996c76f375f4,94944,4,1,True,True,True,local_trade_no_swap_certified,1,1,False,False,False,False,False,497.0,2,151
3902,df7e5ec11a13c2b9e6f5290a6523c4af3662d5bbf3572d824c9d542302724d8a,23630,4,1,True,True,True,local_trade_no_swap_certified,1,1,False,True,True,False,False,5837.0,2,213
3903,7594fef2269dd28a0044ab1951b019f342527749d64ab5c0e0672e83b751e575,268445,4,1,True,True,True,local_trade_no_swap_certified,1,1,False,True,True,False,False,1691.0,2,104
3904,29d0010d6382f1bb5d8e92509ce4c51f1e5899a9f2d19a1e748d66eee31195b9,181042,4,1,True,True,True,local_trade_no_swap_certified,1,1,False,True,True,False,False,83.0,2,87
3905,8a1a5f093c482a57e79eff571d71f69e0bd37c6d52dc79473d924f107c27f94b,174459,4,1,True,True,True,local_trade_no_swap_certified,1,1,False,False,False,False,False,61.0,2,85
3906,a40642084f9d691710f910a1f5d2f1513adeee1b91cab6764404abd3545d1759,266642,4,1,True,True,True,local_trade_no_swap_certified,1,1,False,True,True,False,False,894.0,2,169
3907,107d49d962162c1a9c2c7c5f02c8636aff6fe560266318922a73d1a7e94a9226,49117,4,1,True,True,True,local_trade_no_swap_certified,1,1,False,False,False,False,False,61.0,2,85
3908,070592ca0101c8049331a07d3ac8816a17daf9acab1f20ce77e4821db8029bda,75146,4,1,True,True,True,local_trade_no_swap_certified,1,1,False,True,True,False,False,270.0,2,85
3909,4686026e36578351ff2ec33e8e7053286fa512fd9fa50be5c93e6745bb267da8,14200,4,1,True,True,True,local_trade_no_swap_certified,1,1,False,True,True,False,False,298.0,2,85
3910,eac84a02cf11aacf63032163cc365386c4a8f9ca9218b2c1aaf9c80b5c89a293,148598,4,1,True,True,True,local_trade_no_swap_certified,1,1,False,False,False,False,False,555.0,2,169
3911,82413bae5d4c6bb8053b203f3c6513ec3a6d6b24606ef5e70c77c497b15a3537,56737,4,1,True,True,True,local_trade_no_swap_certified,1,1,False,True,True,False,False,5631.0,2,174
3912,23abcb7ad80c049d21210b509ed5bd92e5c6655d78d1cb91b6ed6dc10dcba5d2,238385,4,1,True,True,True,local_trade_no_swap_certified,1,1,False,False,False,False,False,227.0,2,120
3913,5bf3921110baf6d5bba876a1e3c8d0d2212c27ba6f001e702423318ec3d3f525,288725,4,1,True,True,True,local_trade_no_swap_certified,1,1,False,False,False,False,False,200.0,2,85
3914,f5c706588888ab1ef46be85b171c24056cd3672979cec0f9ee3894ee07a8f261,160717,4,1,True,True,True,local_trade_no_swap_certified,1,1,False,False,False,False,False,231.0,2,85
3915,4bb4dd83d22fcfaab0a901a5692de616f4dfaf99f05d058eb5585e6caeb9d594,171371,4,1,True,True,True,local_trade_no_swap_certified,1,1,False,False,False,False,False,503.0,2,116
3916,f086e397e6de91afd9de986af3d2faa137e186ae73e211007c084db7f2ea12c4,167691,4,1,True,True,True,local_trade_no_swap_certified,1,1,False,True,True,False,False,438.0,2,129
3917,1a79bbcf1f91c09a871f2e54c3c5262dd55d7b99b0af79c7aca8c8bf973ee92b,44209,4,1,True,True,True,local_trade_no_swap_certified,1,1,False,False,False,False,False,791.0,2,121
3918,410907b595709bc0bc14b55ed96a75a03401ff534b5f532896e2c23b1d100a9b,220704,4,1,True,True,True,local_trade_no_swap_certified,1,1,False,True,True,False,False,237.0,2,85
3919,ddb949e686cf731885207fe6d5a848f09a3138f518eba11e0026de5695816e2e,229611,4,1,True,True,True,local_trade_no_swap_certified,1,1,False,True,True,False,False,573.0,2,116
3920,cc591bf5520c19b3396ee5f82329af638735c7cbca210ea544c06d5cd67596ac,275183,4,1,True,True,True,local_trade_no_swap_certified,1,1,False,True,True,False,False,1006.0,2,85
3921,2ec028971681b336a7761643188d360ed239c56ce1128127f2cdae14d53c78ee,250529,4,1,True,True,True,local_trade_no_swap_certified,1,1,False,False,False,False,False,1024.0,2,85
3922,7e7f6089b53b1cdf2be38f990f150cc34dc54eac3c5977c51336ea8fcaca4811,157784,4,1,True,True,True,local_trade_no_swap_certified,1,1,False,False,False,False,False,396.0,2,85
3923,3d2755d16507b1f90cbad741783038eea807f530edcccc23840750a9548e04fe,98632,4,1,True,True,True,local_trade_no_swap_certified,1,1,False,True,True,False,False,4305.0,2,99
3924,c28a0f0d85402e1c5c0cf1418f8f47cde9f0ac55434d736e02813e5a9e2416b7,105600,4,1,True,True,True,local_trade_no_swap_certified,1,1,False,False,False,False,False,7700.0,2,111
3925,55609d8d40e7d091fb91fb711ea7da854c5c82f24da4f04d0a25c7dea00d1ab8,275589,4,1,True,True,True,local_trade_no_swap_certified,1,1,False,True,True,False,False,11675.0,2,288
3926,f86ba3e18d8fcb0b34da21947b947af1673910be28ad0e574bf29cb2fec7c7ac,258560,4,1,True,True,True,local_trade_no_swap_certified,1,1,False,False,False,False,False,262.0,2,85
3927,c3263d5c908e14e621ec0deac93663754bcc4370b04c6d65ac98a8fb2d9a6f1b,210139,4,1,True,True,True,local_trade_no_swap_certified,1,1,False,False,False,False,False,616.0,2,107
3928,dc7de51a1be0e798c8d063aa3fca76fa54d167fa5f2ab016c557f57fc0fb2c8e,59479,4,1,True,True,True,local_trade_no_swap_certified,1,1,False,True,True,False,False,911.0,2,126
3929,03d1a864255383ad9a55f8371952e6bff0f1cc3406f8d66d00cd5742a21ed883,44984,4,1,True,True,True,local_trade_no_swap_certified,1,1,False,True,True,False,False,10907.0,2,91
3930,d6f13dc984a6438e8206057a78342d0d9fcc99a98a499d2b09120e60774c41fa,179729,4,1,True,True,True,local_trade_no_swap_certified,1,1,False,True,True,False,False,226.0,2,108
3931,87fca120eaebf88894eb2b2ad769eea2d9586f201da4170cb0ade7dc29045638,215132,4,1,True,True,True,local_trade_no_swap_certified,1,1,False,True,True,False,False,333.0,2,85
3932,6352ca92dd2288540c71ad7a03445373dac3fbfde63cf3fe500a27ae0942d397,175409,4,1,True,True,True,local_trade_no_swap_certified,1,1,False,False,False,False,False,235.0,2,110
3933,5a3a556a9dffe5ec02f6612ebcb517dbacdaacac5a56906c23999519d9f6b0c2,251752,4,1,True,True,True,local_trade_no_swap_certified,1,1,False,False,False,False,False,559.0,2,125
3934,68e256892618d7f01d8e2e25aa0b6e05427a62f80d089c4ce6e938a98a67bf90,67754,4,1,True,True,True,local_trade_no_swap_certified,1,1,False,False,False,False,False,213.0,2,117
3935,4617a34880264b6467573e8b6dd3b6fd7cf1150ba692cabe72c1cf0229181f19,95385,4,1,True,True,True,local_trade_no_swap_certified,1,1,False,False,False,False,False,1224.0,2,136
3936,4a2ff42e2408b0ec294f320c72d34d1dda9ce3c797594c7497c0b356247aefaa,247420,4,1,True,True,True,local_trade_no_swap_certified,1,1,False,True,True,False,False,1597.0,2,158
3937,e5a3ba17a87a5ab149815310a4638da39c549edc2c004d5d1f3586461d9b335c,89069,4,1,True,True,True,local_trade_no_swap_certified,1,1,False,True,True,False,False,1261.0,2,114
3938,acd53bb1912e6e46ae51fd57dd2f2d5f3976b1f1783af786fcad654731cd7555,220694,4,1,True,True,True,local_trade_no_swap_certified,1,1,False,False,False,False,False,162.0,2,85
3939,89a0738845f5838c40cf847b60b7cdd89e22d9eaf5bc590ceaf155c77d93e7c7,13395,4,1,True,True,True,local_trade_no_swap_certified,1,1,False,False,False,False,False,1990.0,2,112
3940,23b05740d659b71310d7cec6bfe2f8a5629df72259ab57d22b7fff1b90f3629c,100672,4,1,True,True,True,local_trade_no_swap_certified,1,1,False,True,True,False,False,2318.0,2,126
3941,d13179eca5a3c4241eb3d685c75c152d65d477f9085c8b101c771b88ed59e90d,150548,4,1,True,True,True,local_trade_no_swap_certified,1,1,False,True,True,False,False,604.0,2,85
3942,6dc36a3c6cc9a4939a8d7343fbd67b0dc3420a466563d00cf6c1d4afc5b93bd7,151853,4,1,True,True,True,local_trade_no_swap_certified,1,1,False,True,True,False,False,243.0,2,93
3943,9e0ff442ad6413b02c03acff9e1edef26c8e4040316bf6d33635b52e75bf3181,269943,4,1,True,True,True,local_trade_no_swap_certified,1,1,False,True,True,False,False,754.0,2,119
3944,f5db83d3f9179ee12847f1fa2b851c41d8b2608e76a07aed351675d9de432989,188307,4,1,True,True,True,local_trade_no_swap_certified,1,1,False,False,False,False,False,397.0,2,123
3945,24cc13ab57c45fd27af670a7e5a906b4eb530d78049d1d53cb89f5a0bd6d3e4a,105985,4,1,True,True,True,local_trade_no_swap_certified,1,1,False,False,False,False,False,1729.0,2,189
3946,d57de7cf6aecf56964f71ff147e4d47c6e939763193f95f84a53eea0a97e51a3,162788,4,1,True,True,True,local_trade_no_swap_certified,1,1,False,False,False,False,False,710.0,2,85
3947,a3667686aa55db7fd5fa3def90f1278555388a94acc81e22b1cac6a3a071152b,5694,4,1,True,True,True,local_trade_no_swap_certified,1,1,False,True,True,False,False,964.0,2,110
3948,85cd43a74c2ffb204757264374e8ee66e9eb9bd7a681467b5328c5a931547079,167945,4,1,True,True,True,local_trade_no_swap_certified,1,1,False,False,False,False,False,1542.0,2,85
3949,afe4f4aed5222d30c3c03423686741c9ad028ff8952529f9dceb5d95a2c9e4fe,205051,4,1,True,True,True,local_trade_no_swap_certified,1,1,False,True,True,False,False,680.0,2,123
3950,49140c77d61ec57b16618a964701bb29d75f718f061bf09d218e5ca86ffdfee9,94104,4,1,True,True,True,local_trade_no_swap_certified,1,1,False,True,True,False,False,14937.0,2,106
3951,413e1881dbf2a67ea4e77151d7fa1241c43a6639a1c3517c4b9df7fdf7a90c79,26370,4,1,True,True,True,local_trade_no_swap_certified,1,1,False,False,False,False,False,1340.0,2,255
3952,dbdb044131bba89eeeea0f077b8cd97b6210560e167f26df083ab3401968d2f8,174396,4,1,True,True,True,local_trade_no_swap_certified,1,1,False,True,True,False,False,1908.0,2,193
3953,cfcc6a5bc64ac3c03bd2c1c522a6808876359063cae3761aedab1af2d1dd1244,18989,4,1,True,True,True,local_trade_no_swap_certified,1,1,False,False,False,False,False,1642.0,2,85
3954,6cf7b43eb3f2d18882c1f7a795eba36c9250f37d71d495921df0a1b899afb912,22276,4,1,True,True,True,local_trade_no_swap_certified,1,1,False,False,False,False,False,264.0,2,110
3955,090cf048e744208e7458ac1ea7b07579b391221268c46dcdef757aa13b0a4325,167842,4,1,True,True,True,local_trade_no_swap_certified,1,1,False,True,True,False,False,625.0,2,85
3956,5f2c2e512150047a1a0717342095e0d88ae3850ddc5c063dd1b1807b7ba1174a,36484,4,1,True,True,True,local_trade_no_swap_certified,1,1,False,True,True,False,False,531.0,2,101
3957,55e6193ec2e04cc3ff455d0560b746d2af3dedf7a3e4fbce0cf42cac45553763,146773,4,1,True,True,True,local_trade_no_swap_certified,1,1,False,True,True,False,False,288.0,2,85
3958,91295b04bbc6735b457369ef0555d7923f77eecb3d48e7bf3d216876053c38ff,100427,4,1,True,True,True,local_trade_no_swap_certified,1,1,False,True,True,False,False,1027.0,2,95
3959,b255e31fd71594e8e0c9bc6362315d2f0de32e6ee5c3ed33fb1525918c580f89,72844,4,1,True,True,True,local_trade_no_swap_certified,1,1,False,False,False,False,False,651.0,2,154
3960,537557d1cb83ebe351a1029e58a4cef6da3440a57fdf1284639a1c89ea33c4d8,256532,4,1,True,True,True,local_trade_no_swap_certified,1,1,False,True,True,False,False,1125.0,2,85
3961,4d47f8e6d7d1d681b2cccebaf66663461786f14bb08fbf5aa471ea18751184b1,100617,4,1,True,True,True,local_trade_no_swap_certified,1,1,False,True,True,False,False,413.0,2,125
3962,ca45d9fa3bda00d4542d0d7e8954116f337e5a5b97a60b719b32043994e8ba84,204928,4,1,True,True,True,local_trade_no_swap_certified,1,1,False,False,False,False,False,171.0,2,85
3963,775788bfb1129ba1ab6aef733681f23160d765984408ac2f0c3bda951f856fd0,29471,4,1,True,True,True,local_trade_no_swap_certified,1,1,False,False,False,False,False,628.0,2,85
3964,c5fbc470553094a8cca01c737cc8760c35ab731e5e40cb6412dca9fcbb1edf9e,248624,4,1,True,True,True,local_trade_no_swap_certified,1,1,False,False,False,False,False,5937.0,2,180
3965,9c2602e6479edeb29a35fdd31b4d8d1bd5b875a52b4f6213723cf9d671aa7078,181713,4,1,True,True,True,local_trade_no_swap_certified,1,1,False,False,False,False,False,550.0,2,85
3966,4ab74994fb0ee2f1cb1e7719e7929426511b652240f3dc5a9442cfc34dede8ce,221723,4,1,True,True,True,local_trade_no_swap_certified,1,1,False,False,False,False,False,559.0,2,197
3967,9a7798d3a510b09a2f4390bd748f77138812c0a16820f595258c61185901f7aa,83946,4,1,True,True,True,local_trade_no_swap_certified,1,1,False,True,True,False,False,192.0,2,85
3968,0df622cee4b597920d0f7830072c034fd4ca25161843a28ee29e6d70547dfe4d,268342,4,1,True,True,True,local_trade_no_swap_certified,1,1,False,False,False,False,False,180.0,2,85
3969,4efd845e7e31f32b4527b21311cab86acbc9bfe3bbaa624b54a5105c1ce8e158,29279,4,1,True,True,True,local_trade_no_swap_certified,1,1,False,False,False,False,False,298.0,2,125
3970,b3b96ae39e24e4fc369388b66320faba56aea5ab66c2a14b9a2a15a9c24c4f61,283423,4,1,True,True,True,local_trade_no_swap_certified,1,1,False,False,False,False,False,811.0,2,95
3971,c47631d114ac6d9daba4b657c4399e9552209832d2455d747029c4619217e1f2,56047,4,1,True,True,True,local_trade_no_swap_certified,1,1,False,True,True,False,False,940.0,2,85
3972,5c193d1aa40cdd18f642a4a063f7c82bd088b7cd5b0004c6110fa095c38b9e71,115846,4,1,True,True,True,local_trade_no_swap_certified,1,1,False,True,True,False,False,192.0,2,85
3973,629b34a839620c3fdde8ea3eeed91be40d5cfc212b582b7c4850b115a718951e,106976,4,1,True,True,True,local_trade_no_swap_certified,1,1,False,True,True,False,False,306.0,2,94
3974,38ebd053c5e357ebca023c0ce7046d0366f633d8cfdeab445b3056e1be3f095a,71059,4,1,True,True,True,local_trade_no_swap_certified,1,1,False,False,False,False,False,483.0,2,85
3975,57ca01ee38bb46d6df7221d645e81c305d5e5407b6510df97adbd5f10bc8bc56,104143,4,1,True,True,True,local_trade_no_swap_certified,1,1,False,False,False,False,False,6932.0,2,211
3976,6369a5f62417412753570a4ed97d30903e78725abde85e118ee091c08afe9a40,91835,4,1,True,True,True,local_trade_no_swap_certified,1,1,False,False,False,False,False,646.0,2,154
3977,72789bed0bd14645cc3d7150e9003ac8c30bb286a0508c689cfba34c4566c496,84512,4,1,True,True,True,local_trade_no_swap_certified,1,1,False,False,False,False,False,706.0,2,162
3978,5be434cc8eb1a6c6845e026d61d17475041696cce7b8735b0da6918c99688291,162694,4,1,True,True,True,local_trade_no_swap_certified,1,1,False,False,False,False,False,399.0,2,120
3979,f77f1bbdf81a3f20ce1e4aed1e48a185b2a7dc55f5943913ef2bde38b4465518,104710,4,1,True,True,True,local_trade_no_swap_certified,1,1,False,False,False,False,False,2482.0,2,85
3980,929f7357f055c5eb91291965ce3c1d18d233e2cb7708e80b9b40ddc0afcd4673,157160,4,1,True,True,True,local_trade_no_swap_certified,1,1,False,False,False,False,False,940.0,2,131
3981,09706d0081d66bbfddc19353edfeda6a079501d742264611d6c3f7192d54fef7,15093,4,1,True,True,True,local_trade_no_swap_certified,1,1,False,False,False,False,False,156.0,2,95
3982,6c37293efa0f758111a7610fbdb53fc66514f3ff0646eb19c5babe5e5a92f243,97758,4,1,True,True,True,local_trade_no_swap_certified,1,1,False,True,True,False,False,1534.0,2,159
3983,7f860d6d168ff5e71cb53fdfbaacbdb27d413dc8165526815037621e229f37f7,88099,4,1,True,True,True,local_trade_no_swap_certified,1,1,False,True,True,False,False,1556.0,2,96
3984,9b3a80319e5434cb12e8c53d69cf3a3af0e753465a4cf7618eb939276dde4672,109519,4,1,True,True,True,local_trade_no_swap_certified,1,1,False,True,True,False,False,1959.0,2,113
3985,db36a4fef0f89141411ca2afd7eb03a746c13e25f15a9aa8529750a0c8f62056,206400,4,1,True,True,True,local_trade_no_swap_certified,1,1,False,True,True,False,False,578.0,2,85
3986,2445219d27d5cedecdc96b497215caabbc1165a82d4af09f0b55cc16c648b9e6,286308,4,1,True,True,True,local_trade_no_swap_certified,1,1,False,False,False,False,False,227.0,2,85
3987,5c8764de3caa6fd5bdf2d7517d0b745fdf14243d7fea676138875fa79e4f4df1,250814,4,1,True,True,True,local_trade_no_swap_certified,1,1,False,False,False,False,False,807.0,2,104
3988,fcd4128676aa5cea2c8562f699c765ff400cdfc00ba03ee90adf05861892e78c,102394,4,1,True,True,True,local_trade_no_swap_certified,1,1,False,True,True,False,False,113.0,2,85
3989,f74cf141393710ebbb7233d11fc7249c42cf7d122bfb73850119da816bb52ea5,157996,4,1,True,True,True,local_trade_no_swap_certified,1,1,False,False,False,False,False,112.0,2,85
3990,d2df8b0130129c421f6065c8dd0dd710c8022db9576469dcc8fc9a316afe81e1,233392,4,1,True,True,True,local_trade_no_swap_certified,1,1,False,False,False,False,False,561.0,2,85
3991,0377af8a23bb0a35c4b3c2da1781ceebaeeb31e6e0b3a82c79a9bf720f9c3117,241801,4,1,True,True,True,local_trade_no_swap_certified,1,1,False,True,True,False,False,536.0,2,85
3992,a735708cd028e31fb0eda664339f23f6c5aadf44b4b3ce6d0208fba8c4ac10bf,48326,4,1,True,True,True,local_trade_no_swap_certified,1,1,False,True,True,False,False,215.0,2,85
3993,c807e59d7e0bf1ef956d17f430b4806a9dd0720cefb6fd49a5b181f5f6c43d18,146648,4,1,True,True,True,local_trade_no_swap_certified,1,1,False,True,True,False,False,432.0,2,112
3994,a00122cc3a568a6135d8ce9a94fba98c072ec294d1b59a574bf4502d2d5dd098,10496,4,1,True,True,True,local_trade_no_swap_certified,1,1,False,False,False,False,False,195.0,2,102
3995,98d349fb072e176edf852fb41b38ada00a5295dda0c51b885f6c62524afed115,155438,4,1,True,True,True,local_trade_no_swap_certified,1,1,False,False,False,False,False,623.0,2,91
3996,655fe433f591c6404643c8e58ccfd27ab52759608ebac5d65dee810b04971071,298851,4,1,True,True,True,local_trade_no_swap_certified,1,1,False,True,True,False,False,1222.0,2,131
3997,3a3520bd463bdeed126d81c4c6ea020f4673f8807a76b6ca752a9e67f8dfbf91,62499,4,1,True,True,True,local_trade_no_swap_certified,1,1,False,False,False,False,False,259.0,2,85
3998,70f83abed46d631ed8e4b369762112850afe2c53963827ee9649c01b41ec479e,64551,4,1,True,True,True,local_trade_no_swap_certified,1,1,False,False,False,False,False,596.0,2,85
3999,a490167d85b3c52e5361d171bce1b42bc77078d437ff010b6931efd69e1f5eed,193829,4,1,True,True,True,local_trade_no_swap_certified,1,1,False,False,False,False,False,929.0,2,85
4000,881eea01ad862e5a73d54cbece62a9e4be164208892757d9cd6c530e51d3fb49,226274,4,1,True,True,True,local_trade_no_swap_certified,1,1,False,False,False,False,False,687.0,2,125
4001,10e636096bf8c93f80511adf8c2ffd759f0dbc921ea351c870bc0605ad3c86f4,221523,4,1,True,True,True,local_trade_no_swap_certified,1,1,False,True,True,False,False,882.0,2,149
4002,bf4333d89ac6210e488b521c303e9b6a93c36656b48f83ea0c9756c3c2b8fef0,208807,4,1,True,True,True,local_trade_no_swap_certified,1,1,False,False,False,False,False,89.0,2,85
4003,a20d1cdbebea2666e7010e063b3bcfc6b3f46607d18ac4b439bd7a95751d906f,149240,4,1,True,True,True,local_trade_no_swap_certified,1,1,False,False,False,False,False,176.0,2,85
4004,337d476cd48542ba8ce27716702aa0af1196d43b7d9ef6599db372f58aac1ba4,67385,4,1,True,True,True,local_trade_no_swap_certified,1,1,False,True,True,False,False,1244.0,2,153
4005,953e5bb95bf293854361ef3070952e7b70f53c12b6354140fcf5e614ae028d65,266951,4,1,True,True,True,local_trade_no_swap_certified,1,1,False,False,False,False,False,251.0,2,96
4006,804613c0a1624cc99ca092d04214630a567feabc0f2a09730e06a65b68a1b59b,47822,4,1,True,True,True,local_trade_no_swap_certified,1,1,False,True,True,False,False,4921.0,2,255
4007,efca15d04dfed4bf302152536570fb2f58032e747bfcaeb3e04a531822e67bf7,147899,4,1,True,True,True,local_trade_no_swap_certified,1,1,False,True,True,False,False,599.0,2,140
4008,c687d789e2e3470fece44edddd18a5fa4f978f444c6934ead8386a0c4bafee47,41471,4,1,True,True,True,local_trade_no_swap_certified,1,1,False,False,False,False,False,68.0,2,85
4009,9d47f5855cfcf908b2ee446785725039648615464fce86216f476e7f5f0d492b,38821,4,1,True,True,True,local_trade_no_swap_certified,1,1,False,True,True,False,False,3067.0,2,85
4010,1fdd01e46e329c97b127c1eb649fa94768ae20ab47c6a6d37d1c37c7766f5b4e,134659,4,1,True,True,True,local_trade_no_swap_certified,1,1,False,True,True,False,False,657.0,2,86
4011,0c50241ac213f714434a627d80f15ce183b895650c89c2a83d52210eb9dcf4ee,70066,4,1,True,True,True,local_trade_no_swap_certified,1,1,False,False,False,False,False,770.0,2,265
4012,e7ef9f0b2f8e8f3786b1e3a312e91e7d4b0d7095854f35c2949150e09c04d43b,170202,4,1,True,True,True,local_trade_no_swap_certified,1,1,False,True,True,False,False,468.0,2,209
4013,301da1a7766196952cedfc77ae2353f9ecaf7dd885458a09da9d4b7cd43dd227,61044,4,1,True,True,True,local_trade_no_swap_certified,1,1,False,False,False,False,False,477.0,2,108
4014,d6d0430d361934a2a166405070e1d7fbf71f40df7f74491e41aa546ae98a4ab0,126629,4,1,True,True,True,local_trade_no_swap_certified,1,1,False,False,False,False,False,2060.0,2,103
4015,ef1532c21486a66c5a3cdf84d7e85d5c08a48efce3b91ead5aa4664cdf9b50f9,13786,4,1,True,True,True,local_trade_no_swap_certified,1,1,False,True,True,False,False,1574.0,2,167
4016,9efa57dfe3e3d109f1c8f1d16821fb2bec3ee706a9e3f1af494194e7c0208b7a,191096,4,1,True,True,True,local_trade_no_swap_certified,1,1,False,True,True,False,False,2584.0,2,148
4017,87a70fb1c78731cf473f539046c38b53c737eba196ab35eeae4cfb7bb9516f86,203128,4,1,True,True,True,local_trade_no_swap_certified,1,1,False,True,True,False,False,327.0,2,95
4018,960c339b2ede91acd6b84752eae5af3d2305a14c3194d3c49da2300ca39fcb73,298427,4,1,True,True,True,local_trade_no_swap_certified,1,1,False,True,True,False,False,1102.0,2,172
4019,21bcd623603cf3d7284fa8cc45c861a941971424e1be4eadc41b5ce0b19c633d,199184,4,1,True,True,True,local_trade_no_swap_certified,1,1,False,True,True,False,False,369.0,2,85
4020,c24645ed048804db7234bf07c93d6014e42dff0b527c8dfc5df66b57f4204674,214808,4,1,True,True,True,local_trade_no_swap_certified,1,1,False,True,True,False,False,1070.0,2,138
4021,85efc15ba6a77cca791a5e3df78c1416bc35501ca2f51b1be772e273e5743ab3,177030,4,1,True,True,True,local_trade_no_swap_certified,1,1,False,True,True,False,False,1576.0,2,131
4022,bee2ca74f986760cf13ba117d6f2388531e966649c97772eb40ae47f2c4a7358,238794,4,1,True,True,True,local_trade_no_swap_certified,1,1,False,False,False,False,False,2647.0,2,97
4023,83a54d620dbee254db67d50254a09ab063d257b85764bbfd0bf3a899511de1d4,7038,4,1,True,True,True,local_trade_no_swap_certified,1,1,False,False,False,False,False,300.0,2,127
4024,a822b0b1834342c5bfe532b28baffd87ab046b06324f8578b5cd84bf8e894496,152243,4,1,True,True,True,local_trade_no_swap_certified,1,1,False,False,False,False,False,742.0,2,110
4025,e2b82eb00beb40ebd0d0d2950f4769f13bb4fc4c55b29077862f4b015826d31d,134561,4,1,True,True,True,local_trade_no_swap_certified,1,1,False,False,False,False,False,2596.0,2,90
4026,e5ea4338f0724882da58e59e5df2dbaee3d3f09df3e5280ceeff916302727db8,255835,4,1,True,True,True,local_trade_no_swap_certified,1,1,False,True,True,False,False,367.0,2,119
4027,ccf01f010cd5975c800c2b449c76ce1762c83c092c35375ab4f8cfaf99877841,247688,4,1,True,True,True,local_trade_no_swap_certified,1,1,False,False,False,False,False,3459.0,2,144
4028,ded8d1e197d1e81ef8d8c5764fd7273cc09e9b09a84f8987d8b2b5af84e711b8,186457,4,1,True,True,True,local_trade_no_swap_certified,1,1,False,True,True,False,False,425.0,2,85
4029,716c24cd0e66cd05099848aac99cd6b9f918e43098370e2879d1ad8fa8202fa0,217401,4,1,True,True,True,local_trade_no_swap_certified,1,1,False,True,True,False,False,2065.0,2,85
4030,dd0a0d55fda1c08510086442a036f0b7213f1a1c6059a22d3f09ba059e0468fb,242742,4,1,True,True,True,local_trade_no_swap_certified,1,1,False,True,True,False,False,1210.0,2,85
4031,030b95fee84f3b11e163e8559569e35adb157bf1eed697aea75393c89d694549,289767,4,1,True,True,True,local_trade_no_swap_certified,1,1,False,True,True,False,False,356.0,2,97
4032,7c1d36b518f965874c9507bc79fa176325971b1dc6f9c013c5651f607117a691,113607,4,1,True,True,True,local_trade_no_swap_certified,1,1,False,True,True,False,False,405.0,2,101
4033,eea7902fda40b52ed39d185929f22c1c47834bf58f2e5732234595da72bc015e,21166,4,1,True,True,True,local_trade_no_swap_certified,1,1,False,False,False,False,False,464.0,2,85
4034,87d7510c8fbfdfa90a70ab9fe54b57d2373d9721aa658651ddd7da4c05f7c2fc,165615,4,1,True,True,True,local_trade_no_swap_certified,1,1,False,False,False,False,False,4975.0,2,131
4035,fc6ab4cc43b99b6534f468b54ddd23b388624ef26d139f470afd8b3dc4dc4e22,72671,4,1,True,True,True,local_trade_no_swap_certified,1,1,False,False,False,False,False,633.0,2,125
4036,9e14b8cee8d09de88e384e8ebfab90e5d401500fb9e71aa07f38a033c7c35d4a,129627,4,1,True,True,True,local_trade_no_swap_certified,1,1,False,False,False,False,False,595.0,2,85
4037,ad604259dd4aa17c4cab78337c225333b8c8079fbdb146ce983809e320c46758,130901,4,1,True,True,True,local_trade_no_swap_certified,1,1,False,False,False,False,False,973.0,2,107
4038,5c390aa0de7e6a8deb9020e4d1a1d70c22ca798d1ed43331ec3145cbdf08b284,197542,4,1,True,True,True,local_trade_no_swap_certified,1,1,False,False,False,False,False,1671.0,2,85
4039,4ab2db4a17f279ee1f89ce5da8c58cd82d73c36a9b902d8ca249247b80247a67,127889,4,1,True,True,True,local_trade_no_swap_certified,1,1,False,False,False,False,False,1351.0,2,135
4040,ecc141b013b57cdd1443c1212c29b83ae88e935682e9413819980d483332adb3,164657,4,1,True,True,True,local_trade_no_swap_certified,1,1,False,False,False,False,False,3130.0,2,247
4041,4d8418fd7db87ef8fd9235b8738776755b521d481635b7a6f6c70795b679da73,270874,4,1,True,True,True,local_trade_no_swap_certified,1,1,False,True,True,False,False,426.0,2,85
4042,cc6f0713642a0e7476a507cee22a96e0e3bdba4e5ec91e2b5f4f9066864b133c,111871,4,1,True,True,True,local_trade_no_swap_certified,1,1,False,False,False,False,False,415.0,2,156
4043,b5892e605ff5867837cf0fc6fbba43f33c258f10ed376755425ce16cf79879cf,100029,4,1,True,True,True,local_trade_no_swap_certified,1,1,False,True,True,False,False,433.0,2,85
4044,b5f5be4da32eca07e51df82a384217f75407ff715c7ccbb31cc96d04b77ebc35,270456,4,1,True,True,True,local_trade_no_swap_certified,1,1,False,True,True,False,False,116.0,2,85
4045,1329416462ccca8aa0bf6c3f2cf25f993cc46f31a1a77450eca08edc515662e4,278481,4,1,True,True,True,local_trade_no_swap_certified,1,1,False,False,False,False,False,110.0,2,85
4046,7d2d8adf9e7c90e03438a34ac6065200bc2edfa53bd4b33b8af563fb246be320,215361,4,1,True,True,True,local_trade_no_swap_certified,1,1,False,False,False,False,False,498.0,2,85
4047,6afb230eac3b08bd677058b30cbafc3e33a93b0f3991a6fc2b1cff85908226e0,7509,4,1,True,True,True,local_trade_no_swap_certified,1,1,False,False,False,False,False,1519.0,2,184
4048,31e550fbf08d5a4842b2e093644870fe444e93d9425a6c80d71fe1abea864cb8,4124,4,1,True,True,True,local_trade_no_swap_certified,1,1,False,False,False,False,False,3776.0,2,114
4049,138d3b91cef3703e46750379a64e6d8401788aa63893e507ae53049f477e284f,84009,4,1,True,True,True,local_trade_no_swap_certified,1,1,False,False,False,False,False,2730.0,2,85
4050,94cd0fc5b744ed66281b8016598cd3f4f278176166aca5d5e7143adb65577bf5,290258,4,1,True,True,True,local_trade_no_swap_certified,1,1,False,False,False,False,False,606.0,2,85
4051,36c673b5982d3afd76bc5b8c45945acb156d12c95bc2b58299e765beba72545f,202234,4,1,True,True,True,local_trade_no_swap_certified,1,1,False,False,False,False,False,1514.0,2,109
4052,d79911d0870f86cbdc07ad2f69a1ebda5d15d1cccdef07d0829c0a47caf10d1c,210315,4,1,True,True,True,local_trade_no_swap_certified,1,1,False,True,True,False,False,268.0,2,222
4053,14e1c2f3c0d2a7ebaa1f66209312e15d943a9078dc9f4db39306f7a5c12483dd,272841,4,1,True,True,True,local_trade_no_swap_certified,1,1,False,True,True,False,False,723.0,2,191
4054,c896bd8a446317723e5c6eef30b41e63245bb83db0154313367d1510f199abee,294063,4,1,True,True,True,local_trade_no_swap_certified,1,1,False,True,True,False,False,565.0,2,96
4055,8746975169559ce4a73e45d93f2c53efda0acdd4280ab3f3c63b2c116c7847e0,159151,4,1,True,True,True,local_trade_no_swap_certified,1,1,False,True,True,False,False,1350.0,2,89
4056,8dfda872707a53726305eeaea83ed02a010e97b93cceb34e3d94ddcf37a1b1f1,218361,4,1,True,True,True,local_trade_no_swap_certified,1,1,False,True,True,False,False,310.0,2,85
4057,124eb687e3ccd962a00fbd8d989ee6316f6bc296948f0f5baa141196600942e9,237840,4,1,True,True,True,local_trade_no_swap_certified,1,1,False,True,True,False,False,393.0,2,85
4058,bb547871b620de518fad93e30286ee1a36d151a44a423817ecae33ad7e2148e7,122859,4,1,True,True,True,local_trade_no_swap_certified,1,1,False,True,True,False,False,483.0,2,179
4059,d000e00a101d7be9df1175f75e360aaffbefebf08dffba169e96c37dd0728f2f,36522,4,1,True,True,True,local_trade_no_swap_certified,1,1,False,False,False,False,False,753.0,2,119
4060,e0b0b566763ca598800f32ae7e342886591d2f2cdcb737bdb1eb6f01b0f16eb8,168309,4,1,True,True,True,local_trade_no_swap_certified,1,1,False,True,True,False,False,805.0,2,85
4061,060f0700197358d08c805b73fe7f190e1b9bab31c2cb853449f7e24b2e890f87,192018,4,1,True,True,True,local_trade_no_swap_certified,1,1,False,True,True,False,False,1438.0,2,85
4062,096515166b440c83c07937e414cd136c3b40691abd3c1f2bea3d766f2251437a,262758,4,1,True,True,True,local_trade_no_swap_certified,1,1,False,False,False,False,False,80.0,2,85
4063,173133c99b18fe27226b4ebe8181464b7e39db43a95b3427c733b87bbc2951b8,115405,4,1,True,True,True,local_trade_no_swap_certified,1,1,False,True,True,False,False,1017.0,2,299
4064,77088ed02294c9f4d1cb571b9bd4f9eb5d0d8a79895c1adc986530c2c16d8092,65577,4,1,True,True,True,local_trade_no_swap_certified,1,1,False,False,False,False,False,115.0,2,90
4065,dde36aaef0b15763ee04f692c5b3793036f33c280923865e440b6020704cdf21,265108,4,1,True,True,True,local_trade_no_swap_certified,1,1,False,False,False,False,False,1100.0,2,111
4066,a62cefa79f038f9c697eab7838cfa9a9f80d661797d34bf5dde70d299ceb807e,207446,4,1,True,True,True,local_trade_no_swap_certified,1,1,False,False,False,False,False,290.0,2,121
4067,f8863fa671fef229d2f590e9387358a11ef908c2b3ed8e243f7bc48cfd0e5129,156443,4,1,True,True,True,local_trade_no_swap_certified,1,1,False,True,True,False,False,1378.0,2,108
4068,b159d1050d63c5704740798a0573f4821ad9f79d4875255b8152e820faf8310d,66147,4,1,True,True,True,local_trade_no_swap_certified,1,1,False,True,True,False,False,318.0,2,104
4069,fc3af7ced9572288f1f2a41064317c88fbf036259cc817ac5708efecf0a0e7e7,277754,4,1,True,True,True,local_trade_no_swap_certified,1,1,False,False,False,False,False,125.0,2,171
4070,ec54ad831c11d27839f609aac327037b4e6acf50df6dc9c37cd8bb1a184dbf19,218505,4,1,True,True,True,local_trade_no_swap_certified,1,1,False,False,False,False,False,249.0,2,85
4071,b549c1665c9d5b752ef44ff5005c791a350f3de8830fb0a79204c1525ceec781,276911,4,1,True,True,True,local_trade_no_swap_certified,1,1,False,True,True,False,False,2431.0,2,110
4072,7ed4fb74f1189db7ac042a97f5c3c1e7daec8aea87115e33c7b204c8d9dcfbc3,55561,4,1,True,True,True,local_trade_no_swap_certified,1,1,False,False,False,False,False,283.0,2,85
4073,9c3c769b11dcf84e93881186525504c5e4162f48a2874c6e586b2a754c49fa2d,23026,4,1,True,True,True,local_trade_no_swap_certified,1,1,False,False,False,False,False,623.0,2,85
4074,45f280e7337991f7158671736c3bb89869f1dcb00794448b708f284a189e95ac,180221,4,1,True,True,True,local_trade_no_swap_certified,1,1,False,True,True,False,False,1514.0,2,150
4075,85e73da4cbff1de1274ae797e4b0029baaf7eee3d946cec88d0908554853a9c7,21345,4,1,True,True,True,local_trade_no_swap_certified,1,1,False,True,True,False,False,451.0,2,85
4076,0062d80deee1e0c2510ef4c2cc6ab5ce33d58de1460dce8e7fd749650edbd718,77464,4,1,True,True,True,local_trade_no_swap_certified,1,1,False,True,True,False,False,1882.0,2,85
4077,5445d257120dea91867be842d283d637ac547bdec2d89611c7bc6d5ed7bcd808,66219,4,1,True,True,True,local_trade_no_swap_certified,1,1,False,False,False,False,False,1079.0,2,128
4078,add1d0b36b1b687d1b4dc4baead347a9b1074a1e553bf02869dc4597709d6f75,154244,4,1,True,True,True,local_trade_no_swap_certified,1,1,False,True,True,False,False,663.0,2,122
4079,d70bb6fab21c6730bdcb26eefdf5a5bef478287b6c43cc98eb2ad365ed580956,25767,4,1,True,True,True,local_trade_no_swap_certified,1,1,False,True,True,False,False,681.0,2,94
4080,0d70155db1057e5eb915dabdcbb1ca7b93f9d28815f4efe033b4d0624d4599d9,29700,4,1,True,True,True,local_trade_no_swap_certified,1,1,False,True,True,False,False,485.0,2,164
4081,6d1680b5242c54198250b5a980e592a402701b5208ef8ef8b159ae939fea4223,201116,4,1,True,True,True,local_trade_no_swap_certified,1,1,False,False,False,False,False,537.0,2,135
4082,edc76bf7674a7a447df824c7af5076afc336bfe4ffc2f48af01feeb6028ff410,106686,4,1,True,True,True,local_trade_no_swap_certified,1,1,False,False,False,False,False,154.0,2,95
4083,86d588ae6d2be37d5d5b2aaf17bc57dd7f562ab08cf845a906d1a07813d135a7,218458,4,1,True,True,True,local_trade_no_swap_certified,1,1,False,False,False,False,False,1342.0,2,88
4084,0e9a8120452c2b28027262f8cfc02866a9026f90c0361fdbf6bfed1241541121,241702,4,1,True,True,True,local_trade_no_swap_certified,1,1,False,True,True,False,False,949.0,2,86
4085,5cbe9affed2ce953bde3879ed587a8df56e04079d24cdcc561ee73f6c8db1c0a,207521,4,1,True,True,True,local_trade_no_swap_certified,1,1,False,False,False,False,False,586.0,2,85
4086,51611b4b6be8dafd1c7df95bc21e142cbd86d73d49d907173f95972e6469ce52,167306,4,1,True,True,True,local_trade_no_swap_certified,1,1,False,True,True,False,False,1455.0,2,85
4087,6f6f8e1013865a7c3aca7683725319c9b593d25c0c8751c4b46d713bb515291c,1496,4,1,True,True,True,local_trade_no_swap_certified,1,1,False,True,True,False,False,2087.0,2,142
4088,c0166538169ae4ed0a036db0137a45318a7914c99585c0a88bce02ea9b31371c,269679,4,1,True,True,True,local_trade_no_swap_certified,1,1,False,False,False,False,False,1031.0,2,97
4089,1a37553673ad489e43cdbd3fb45896d74828be100f24bff0e19a4990885ce77c,269171,4,1,True,True,True,local_trade_no_swap_certified,1,1,False,False,False,False,False,2060.0,2,117
4090,8fc69dc08d5169ccedb08e216fd70b137741c689d8de38ee3c6934a979b631bc,276477,4,1,True,True,True,local_trade_no_swap_certified,1,1,False,False,False,False,False,1668.0,2,195
4091,fc14ac01f545397428a7cd481b40e14d69a20879911bd6fdc8e869bb42d381e2,1765,4,1,True,True,True,local_trade_no_swap_certified,1,1,False,True,True,False,False,319.0,2,120
4092,859a5e0762fef6b208b2429245fb781874a792d7aac3c8b96bde1cbab8530359,271105,4,1,True,True,True,local_trade_no_swap_certified,1,1,False,True,True,False,False,823.0,2,85
4093,ce44918ee98aa077337c1ed0bedb721274c69e4967b8c07e41a7be8bdc7bec29,112564,4,1,True,True,True,local_trade_no_swap_certified,1,1,False,False,False,False,False,416.0,2,152
4094,1ad6ff2fc2d5ce2b96fa362890b3247ee70a3967fbd77ae4bc00f0d9aec584fb,205646,4,1,True,True,True,local_trade_no_swap_certified,1,1,False,False,False,False,False,1364.0,2,153
4095,1beb2c18429fd20643e0372bb1fb5516c8851fa1790ca849fa769dd128d94b7e,58012,4,1,True,True,True,local_trade_no_swap_certified,1,1,False,True,True,False,False,557.0,2,85
