condition_id,puzzle_index,baseline_class,time,sigma,target,repeats,a_count,b_count,invalid_count,other_valid_count,opposite_count,branch_entropy,mean_margin,std_margin,condition_seed
0,2449,2,0,0.01,joint,32,4,27,1,0,4,0.5547781633412736,-18.034072875976562,11.246092796325684,2469268149
1,2449,2,0,0.03,joint,32,11,21,0,0,11,0.9283620723948676,-13.111315727233887,15.560020446777344,2469268250
2,2449,2,0,0.1,joint,32,15,17,0,0,15,0.9971803988942642,-9.567510604858398,15.881532669067383,2469268351
3,2449,2,0,0.3,joint,32,15,16,1,0,15,0.9992492479956565,-10.154781341552734,14.375998497009277,2469268452
4,2449,2,0,1.0,joint,32,13,18,1,0,13,0.9811522341999133,-5.541512489318848,18.70494270324707,2469268553
5,2449,2,8,0.01,joint,32,14,18,0,0,14,0.9886994082884974,-9.792640686035156,16.527889251708984,2469278156
6,2449,2,8,0.03,joint,32,17,15,0,0,17,0.9971803988942642,-7.302422523498535,15.534540176391602,2469278257
7,2449,2,8,0.1,joint,32,13,14,5,0,13,0.9990102708804813,-6.953924655914307,16.72650909423828,2469278358
8,2449,2,8,0.3,joint,32,10,19,3,0,10,0.9293636260137187,-6.713381767272949,22.001272201538086,2469278459
9,2449,2,8,1.0,joint,32,15,17,0,0,15,0.9971803988942642,-1.9659650325775146,25.062347412109375,2469278560
10,2449,2,16,0.01,joint,32,12,20,0,0,12,0.954434002924965,-11.984308242797852,15.993459701538086,2469288163
11,2449,2,16,0.03,joint,32,17,15,0,0,17,0.9971803988942642,-8.35334587097168,15.128491401672363,2469288264
12,2449,2,16,0.1,joint,32,18,12,2,0,18,0.9709505944546686,-4.278415679931641,16.83721351623535,2469288365
13,2449,2,16,0.3,joint,32,15,15,2,0,15,1.0,-0.060760498046875,23.11663818359375,2469288466
14,2449,2,16,1.0,joint,32,19,13,0,0,19,0.9744894033980523,3.2181143760681152,23.51230239868164,2469288567
15,2449,2,24,0.01,joint,32,11,21,0,0,11,0.9283620723948676,-13.215903282165527,14.706480026245117,2469298170
16,2449,2,24,0.03,joint,32,15,17,0,0,15,0.9971803988942642,-8.490979194641113,16.27033805847168,2469298271
17,2449,2,24,0.1,joint,32,13,19,0,0,13,0.9744894033980523,-11.945008277893066,15.103737831115723,2469298372
18,2449,2,24,0.3,joint,32,12,20,0,0,12,0.954434002924965,-10.679801940917969,15.63281536102295,2469298473
19,2449,2,24,1.0,joint,32,14,16,2,0,14,0.9967916319816366,-1.6659724712371826,22.50133514404297,2469298574
20,2449,2,32,0.01,joint,32,0,32,0,0,0,0.0,-24.333467483520508,0.02389051765203476,2469308177
21,2449,2,32,0.03,joint,32,0,32,0,0,0,0.0,-24.32691764831543,0.06978123635053635,2469308278
22,2449,2,32,0.1,joint,32,2,30,0,0,2,0.3372900666170139,-22.46630859375,7.0609002113342285,2469308379
23,2449,2,32,0.3,joint,32,10,22,0,0,10,0.8960382325345574,-13.221563339233398,16.462566375732422,2469308480
24,2449,2,32,1.0,joint,32,9,23,0,0,9,0.8571484374283715,-11.83785629272461,18.428688049316406,2469308581
25,2449,2,40,0.01,joint,32,0,32,0,0,0,0.0,-24.33072280883789,0.040484827011823654,2469318184
26,2449,2,40,0.03,joint,32,0,32,0,0,0,0.0,-24.313119888305664,0.0933154970407486,2469318285
27,2449,2,40,0.1,joint,32,0,32,0,0,0,0.0,-24.34471321105957,0.2840323746204376,2469318386
28,2449,2,40,0.3,joint,32,0,32,0,0,0,0.0,-23.80025863647461,0.9501151442527771,2469318487
29,2449,2,40,1.0,joint,32,4,28,0,0,4,0.5435644431995964,-16.350418090820312,13.808751106262207,2469318588
30,2449,2,48,0.01,joint,32,0,32,0,0,0,0.0,-24.331645965576172,0.030098089948296547,2469328191
31,2449,2,48,0.03,joint,32,0,32,0,0,0,0.0,-24.344093322753906,0.09449175745248795,2469328292
32,2449,2,48,0.1,joint,32,0,32,0,0,0,0.0,-24.335973739624023,0.3836706876754761,2469328393
33,2449,2,48,0.3,joint,32,0,32,0,0,0,0.0,-23.589996337890625,1.257691502571106,2469328494
34,2449,2,48,1.0,joint,32,1,31,0,0,1,0.20062232431271465,-18.653316497802734,7.6261982917785645,2469328595
35,2449,2,56,0.01,joint,32,0,32,0,0,0,0.0,-24.333383560180664,0.033816687762737274,2469338198
36,2449,2,56,0.03,joint,32,0,32,0,0,0,0.0,-24.35552215576172,0.11127059161663055,2469338299
37,2449,2,56,0.1,joint,32,0,32,0,0,0,0.0,-24.293630599975586,0.3456854820251465,2469338400
38,2449,2,56,0.3,joint,32,0,32,0,0,0,0.0,-23.820541381835938,1.3329896926879883,2469338501
39,2449,2,56,1.0,joint,32,2,30,0,0,2,0.3372900666170139,-15.813898086547852,8.916746139526367,2469338602
40,404,2,0,0.01,joint,32,0,32,0,0,0,0.0,-32.46014404296875,0.005911457352340221,424262014
41,404,2,0,0.03,joint,32,0,32,0,0,0,0.0,-32.462181091308594,0.017692681401968002,424262115
42,404,2,0,0.1,joint,32,0,32,0,0,0,0.0,-32.46951675415039,0.05538910999894142,424262216
43,404,2,0,0.3,joint,32,0,32,0,0,0,0.0,-32.476951599121094,0.181223526597023,424262317
44,404,2,0,1.0,joint,32,2,30,0,0,2,0.3372900666170139,-29.0562744140625,13.521720886230469,424262418
45,404,2,8,0.01,joint,32,0,32,0,0,0,0.0,-32.457908630371094,0.03466310352087021,424272021
46,404,2,8,0.03,joint,32,0,32,0,0,0,0.0,-32.47779083251953,0.10277729481458664,424272122
47,404,2,8,0.1,joint,32,1,31,0,0,1,0.20062232431271465,-30.46530532836914,11.380508422851562,424272223
48,404,2,8,0.3,joint,32,8,24,0,0,8,0.8112781244591328,-15.880648612976074,28.3391170501709,424272324
49,404,2,8,1.0,joint,32,11,21,0,0,11,0.9283620723948676,-9.713459014892578,31.019145965576172,424272425
50,404,2,16,0.01,joint,32,0,32,0,0,0,0.0,-32.45853805541992,0.021955065429210663,424282028
51,404,2,16,0.03,joint,32,0,32,0,0,0,0.0,-32.47349166870117,0.09861185401678085,424282129
52,404,2,16,0.1,joint,32,0,32,0,0,0,0.0,-32.43086242675781,0.29191824793815613,424282230
53,404,2,16,0.3,joint,32,3,29,0,0,3,0.4488644887230294,-25.371074676513672,19.48271369934082,424282331
54,404,2,16,1.0,joint,32,12,20,0,0,12,0.954434002924965,-8.744972229003906,31.48689842224121,424282432
55,404,2,24,0.01,joint,32,0,32,0,0,0,0.0,-32.460105895996094,0.02113412693142891,424292035
56,404,2,24,0.03,joint,32,0,32,0,0,0,0.0,-32.4352912902832,0.09295963495969772,424292136
57,404,2,24,0.1,joint,32,0,32,0,0,0,0.0,-32.48951721191406,0.2864691913127899,424292237
58,404,2,24,0.3,joint,32,0,32,0,0,0,0.0,-32.170989990234375,0.7503423094749451,424292338
59,404,2,24,1.0,joint,32,2,30,0,0,2,0.3372900666170139,-27.235370635986328,14.776031494140625,424292439
60,404,2,32,0.01,joint,32,0,32,0,0,0,0.0,-32.45820999145508,0.03566126152873039,424302042
61,404,2,32,0.03,joint,32,0,32,0,0,0,0.0,-32.46792984008789,0.0942762941122055,424302143
62,404,2,32,0.1,joint,32,0,32,0,0,0,0.0,-32.51818084716797,0.3416147232055664,424302244
63,404,2,32,0.3,joint,32,0,32,0,0,0,0.0,-32.185302734375,1.210747241973877,424302345
64,404,2,32,1.0,joint,32,1,31,0,0,1,0.20062232431271465,-28.746532440185547,8.406990051269531,424302446
65,404,2,40,0.01,joint,32,0,32,0,0,0,0.0,-32.471065521240234,0.037967197597026825,424312049
66,404,2,40,0.03,joint,32,0,32,0,0,0,0.0,-32.47410583496094,0.12670652568340302,424312150
67,404,2,40,0.1,joint,32,0,32,0,0,0,0.0,-32.49839401245117,0.37847065925598145,424312251
68,404,2,40,0.3,joint,32,0,32,0,0,0,0.0,-32.06975555419922,0.966023325920105,424312352
69,404,2,40,1.0,joint,32,0,32,0,0,0,0.0,-30.97991371154785,4.291719913482666,424312453
70,404,2,48,0.01,joint,32,0,32,0,0,0,0.0,-32.4583854675293,0.03722098097205162,424322056
71,404,2,48,0.03,joint,32,0,32,0,0,0,0.0,-32.433414459228516,0.1303529441356659,424322157
72,404,2,48,0.1,joint,32,0,32,0,0,0,0.0,-32.487396240234375,0.41532063484191895,424322258
73,404,2,48,0.3,joint,32,0,32,0,0,0,0.0,-32.45713806152344,0.9121963977813721,424322359
74,404,2,48,1.0,joint,32,0,32,0,0,0,0.0,-32.07075500488281,4.436481952667236,424322460
75,404,2,56,0.01,joint,32,0,32,0,0,0,0.0,-32.46061706542969,0.051452651619911194,424332063
76,404,2,56,0.03,joint,32,0,32,0,0,0,0.0,-32.463829040527344,0.12578944861888885,424332164
77,404,2,56,0.1,joint,32,0,32,0,0,0,0.0,-32.41700744628906,0.5644015669822693,424332265
78,404,2,56,0.3,joint,32,0,32,0,0,0,0.0,-31.90363311767578,1.2439440488815308,424332366
79,404,2,56,1.0,joint,32,1,31,0,0,1,0.20062232431271465,-27.43640899658203,9.601268768310547,424332467
80,2286,2,0,0.01,joint,32,0,32,0,0,0,0.0,-33.32745361328125,0.0036004255525767803,2306267660
81,2286,2,0,0.03,joint,32,0,32,0,0,0,0.0,-33.330345153808594,0.009180759079754353,2306267761
82,2286,2,0,0.1,joint,32,0,32,0,0,0,0.0,-33.32484436035156,0.03646028786897659,2306267862
83,2286,2,0,0.3,joint,32,0,32,0,0,0,0.0,-33.31108093261719,0.12220431119203568,2306267963
84,2286,2,0,1.0,joint,32,0,32,0,0,0,0.0,-33.28185272216797,0.4106418490409851,2306268064
85,2286,2,8,0.01,joint,32,0,32,0,0,0,0.0,-33.33099365234375,0.01827690377831459,2306277667
86,2286,2,8,0.03,joint,32,0,32,0,0,0,0.0,-33.336936950683594,0.056417111307382584,2306277768
87,2286,2,8,0.1,joint,32,0,32,0,0,0,0.0,-33.28717803955078,0.21633736789226532,2306277869
88,2286,2,8,0.3,joint,32,0,32,0,0,0,0.0,-33.24685287475586,0.44884300231933594,2306277970
89,2286,2,8,1.0,joint,32,4,23,5,0,4,0.6051865766334206,-18.957592010498047,22.612396240234375,2306278071
90,2286,2,16,0.01,joint,32,0,32,0,0,0,0.0,-33.33057403564453,0.022500358521938324,2306287674
91,2286,2,16,0.03,joint,32,0,32,0,0,0,0.0,-33.30527114868164,0.08538737148046494,2306287775
92,2286,2,16,0.1,joint,32,0,32,0,0,0,0.0,-33.2432861328125,0.2865857183933258,2306287876
93,2286,2,16,0.3,joint,32,0,32,0,0,0,0.0,-33.281982421875,0.8659153580665588,2306287977
94,2286,2,16,1.0,joint,32,8,20,4,0,8,0.863120568566631,-11.44746208190918,26.850116729736328,2306288078
95,2286,2,24,0.01,joint,32,0,32,0,0,0,0.0,-33.32704162597656,0.03853331506252289,2306297681
96,2286,2,24,0.03,joint,32,0,32,0,0,0,0.0,-33.29792022705078,0.11703295260667801,2306297782
97,2286,2,24,0.1,joint,32,0,32,0,0,0,0.0,-33.32902145385742,0.3238374590873718,2306297883
98,2286,2,24,0.3,joint,32,0,32,0,0,0,0.0,-33.06175231933594,0.5982066988945007,2306297984
99,2286,2,24,1.0,joint,32,4,23,5,0,4,0.6051865766334206,-20.94965171813965,22.126697540283203,2306298085
100,2286,2,32,0.01,joint,32,0,32,0,0,0,0.0,-33.33206558227539,0.05784190446138382,2306307688
101,2286,2,32,0.03,joint,32,0,32,0,0,0,0.0,-33.31740188598633,0.14569155871868134,2306307789
102,2286,2,32,0.1,joint,32,0,32,0,0,0,0.0,-33.3828125,0.5160040259361267,2306307890
103,2286,2,32,0.3,joint,32,0,32,0,0,0,0.0,-33.3724365234375,1.1702351570129395,2306307991
104,2286,2,32,1.0,joint,32,3,24,5,0,3,0.5032583347756457,-22.50387954711914,20.056528091430664,2306308092
105,2286,2,40,0.01,joint,32,0,32,0,0,0,0.0,-33.318965911865234,0.057900264859199524,2306317695
106,2286,2,40,0.03,joint,32,0,32,0,0,0,0.0,-33.30324935913086,0.1445535123348236,2306317796
107,2286,2,40,0.1,joint,32,0,32,0,0,0,0.0,-33.41020202636719,0.36677786707878113,2306317897
108,2286,2,40,0.3,joint,32,0,32,0,0,0,0.0,-33.1212043762207,1.0848891735076904,2306317998
109,2286,2,40,1.0,joint,32,3,29,0,0,3,0.4488644887230294,-27.484575271606445,19.65642738342285,2306318099
110,2286,2,48,0.01,joint,32,0,32,0,0,0,0.0,-33.33936309814453,0.057016246020793915,2306327702
111,2286,2,48,0.03,joint,32,0,32,0,0,0,0.0,-33.33696746826172,0.14843447506427765,2306327803
112,2286,2,48,0.1,joint,32,0,32,0,0,0,0.0,-33.38656234741211,0.396629273891449,2306327904
113,2286,2,48,0.3,joint,32,0,32,0,0,0,0.0,-33.62482833862305,1.5224055051803589,2306328005
114,2286,2,48,1.0,joint,32,1,31,0,0,1,0.20062232431271465,-31.77434539794922,10.572372436523438,2306328106
115,2286,2,56,0.01,joint,32,0,32,0,0,0,0.0,-33.3248405456543,0.05432850122451782,2306337709
116,2286,2,56,0.03,joint,32,0,32,0,0,0,0.0,-33.351688385009766,0.1280185431241989,2306337810
117,2286,2,56,0.1,joint,32,0,32,0,0,0,0.0,-33.3005485534668,0.4854986369609833,2306337911
118,2286,2,56,0.3,joint,32,0,32,0,0,0,0.0,-33.00056457519531,1.3987505435943604,2306338012
119,2286,2,56,1.0,joint,32,0,32,0,0,0,0.0,-32.159339904785156,8.218256950378418,2306338113
120,1167,2,0,0.01,joint,32,0,32,0,0,0,0.0,-34.319297790527344,0.0593419186770916,1187264303
121,1167,2,0,0.03,joint,32,0,32,0,0,0,0.0,-34.28150939941406,0.19409851729869843,1187264404
122,1167,2,0,0.1,joint,32,0,32,0,0,0,0.0,-34.257049560546875,0.6145443320274353,1187264505
123,1167,2,0,0.3,joint,32,0,32,0,0,0,0.0,-33.3986701965332,1.7953242063522339,1187264606
124,1167,2,0,1.0,joint,32,0,32,0,0,0,0.0,-32.7797737121582,4.009085178375244,1187264707
125,1167,2,8,0.01,joint,32,0,32,0,0,0,0.0,-34.28150939941406,0.12598088383674622,1187274310
126,1167,2,8,0.03,joint,32,0,32,0,0,0,0.0,-34.36019515991211,0.31662964820861816,1187274411
127,1167,2,8,0.1,joint,32,0,32,0,0,0,0.0,-34.37898254394531,0.8061457276344299,1187274512
128,1167,2,8,0.3,joint,32,0,32,0,0,0,0.0,-33.52660369873047,1.6805236339569092,1187274613
129,1167,2,8,1.0,joint,32,1,31,0,0,1,0.20062232431271465,-29.52936553955078,10.446943283081055,1187274714
130,1167,2,16,0.01,joint,32,0,32,0,0,0,0.0,-34.31081008911133,0.07284680753946304,1187284317
131,1167,2,16,0.03,joint,32,0,32,0,0,0,0.0,-34.320472717285156,0.24022553861141205,1187284418
132,1167,2,16,0.1,joint,32,0,32,0,0,0,0.0,-34.15303039550781,0.7581512331962585,1187284519
133,1167,2,16,0.3,joint,32,0,32,0,0,0,0.0,-34.08597946166992,2.344973087310791,1187284620
134,1167,2,16,1.0,joint,32,0,32,0,0,0,0.0,-35.83661651611328,6.038316249847412,1187284721
135,1167,2,24,0.01,joint,32,0,32,0,0,0,0.0,-34.32396697998047,0.08973504602909088,1187294324
136,1167,2,24,0.03,joint,32,0,32,0,0,0,0.0,-34.3450927734375,0.2283298671245575,1187294425
137,1167,2,24,0.1,joint,32,0,32,0,0,0,0.0,-34.31139373779297,0.8784596920013428,1187294526
138,1167,2,24,0.3,joint,32,0,32,0,0,0,0.0,-33.97544860839844,2.1040430068969727,1187294627
139,1167,2,24,1.0,joint,32,0,32,0,0,0,0.0,-34.34016036987305,5.3810858726501465,1187294728
140,1167,2,32,0.01,joint,32,0,32,0,0,0,0.0,-34.32061004638672,0.11547401547431946,1187304331
141,1167,2,32,0.03,joint,32,0,32,0,0,0,0.0,-34.3102912902832,0.3320082724094391,1187304432
142,1167,2,32,0.1,joint,32,0,32,0,0,0,0.0,-34.2240104675293,1.1039512157440186,1187304533
143,1167,2,32,0.3,joint,32,0,32,0,0,0,0.0,-35.25172424316406,2.088834285736084,1187304634
144,1167,2,32,1.0,joint,32,0,32,0,0,0,0.0,-34.882789611816406,5.486889362335205,1187304735
145,1167,2,40,0.01,joint,32,0,32,0,0,0,0.0,-34.30787658691406,0.10915298759937286,1187314338
146,1167,2,40,0.03,joint,32,0,32,0,0,0,0.0,-34.20732879638672,0.2830085754394531,1187314439
147,1167,2,40,0.1,joint,32,0,32,0,0,0,0.0,-34.40876007080078,0.8902589082717896,1187314540
148,1167,2,40,0.3,joint,32,0,32,0,0,0,0.0,-34.41830825805664,2.3715691566467285,1187314641
149,1167,2,40,1.0,joint,32,0,32,0,0,0,0.0,-34.416603088378906,7.5905351638793945,1187314742
150,1167,2,48,0.01,joint,32,0,32,0,0,0,0.0,-34.32207489013672,0.10002024471759796,1187324345
151,1167,2,48,0.03,joint,32,0,32,0,0,0,0.0,-34.28002166748047,0.30989977717399597,1187324446
152,1167,2,48,0.1,joint,32,0,32,0,0,0,0.0,-34.38880920410156,1.0296951532363892,1187324547
153,1167,2,48,0.3,joint,32,0,32,0,0,0,0.0,-34.38426208496094,2.53658390045166,1187324648
154,1167,2,48,1.0,joint,32,0,32,0,0,0,0.0,-35.427120208740234,6.272061824798584,1187324749
155,1167,2,56,0.01,joint,32,0,32,0,0,0,0.0,-34.33673095703125,0.10249712318181992,1187334352
156,1167,2,56,0.03,joint,32,0,32,0,0,0,0.0,-34.38291549682617,0.3460560739040375,1187334453
157,1167,2,56,0.1,joint,32,0,32,0,0,0,0.0,-34.16827392578125,0.9675062894821167,1187334554
158,1167,2,56,0.3,joint,32,0,32,0,0,0,0.0,-34.41303253173828,3.327723979949951,1187334655
159,1167,2,56,1.0,joint,32,0,32,0,0,0,0.0,-29.716327667236328,8.462825775146484,1187334756
160,763,2,0,0.01,joint,32,0,32,0,0,0,0.0,-27.164993286132812,0.002983695361763239,783263091
161,763,2,0,0.03,joint,32,0,32,0,0,0,0.0,-27.167762756347656,0.005961173214018345,783263192
162,763,2,0,0.1,joint,32,0,32,0,0,0,0.0,-27.169445037841797,0.03393622115254402,783263293
163,763,2,0,0.3,joint,32,0,32,0,0,0,0.0,-27.169921875,0.07764783501625061,783263394
164,763,2,0,1.0,joint,32,0,32,0,0,0,0.0,-27.23469352722168,0.38527950644493103,783263495
165,763,2,8,0.01,joint,32,0,32,0,0,0,0.0,-27.1680908203125,0.013313596136868,783273098
166,763,2,8,0.03,joint,32,0,32,0,0,0,0.0,-27.167102813720703,0.04844285547733307,783273199
167,763,2,8,0.1,joint,32,0,32,0,0,0,0.0,-27.150390625,0.15041811764240265,783273300
168,763,2,8,0.3,joint,32,2,30,0,0,2,0.3372900666170139,-23.899982452392578,13.100503921508789,783273401
169,763,2,8,1.0,joint,32,14,18,0,0,14,0.9886994082884974,-4.113977909088135,26.912006378173828,783273502
170,763,2,16,0.01,joint,32,0,32,0,0,0,0.0,-27.157381057739258,0.023555204272270203,783283105
171,763,2,16,0.03,joint,32,0,32,0,0,0,0.0,-27.160350799560547,0.06670507788658142,783283206
172,763,2,16,0.1,joint,32,0,32,0,0,0,0.0,-27.151901245117188,0.2551783323287964,783283307
173,763,2,16,0.3,joint,32,2,30,0,0,2,0.3372900666170139,-23.7458438873291,12.994178771972656,783283408
174,763,2,16,1.0,joint,32,13,19,0,0,13,0.9744894033980523,-5.013369083404541,26.314794540405273,783283509
175,763,2,24,0.01,joint,32,0,32,0,0,0,0.0,-27.15692901611328,0.02979879640042782,783293112
176,763,2,24,0.03,joint,32,0,32,0,0,0,0.0,-27.155920028686523,0.0951743870973587,783293213
177,763,2,24,0.1,joint,32,0,32,0,0,0,0.0,-27.117469787597656,0.262796014547348,783293314
178,763,2,24,0.3,joint,32,0,32,0,0,0,0.0,-27.18688201904297,0.9344459176063538,783293415
179,763,2,24,1.0,joint,32,8,24,0,0,8,0.8112781244591328,-12.249624252319336,23.048154830932617,783293516
180,763,2,32,0.01,joint,32,0,32,0,0,0,0.0,-27.165647506713867,0.03566749766469002,783303119
181,763,2,32,0.03,joint,32,0,32,0,0,0,0.0,-27.174196243286133,0.11304880678653717,783303220
182,763,2,32,0.1,joint,32,0,32,0,0,0,0.0,-27.214128494262695,0.36346307396888733,783303321
183,763,2,32,0.3,joint,32,0,32,0,0,0,0.0,-26.817949295043945,0.8664737343788147,783303422
184,763,2,32,1.0,joint,32,1,31,0,0,1,0.20062232431271465,-24.737653732299805,10.084423065185547,783303523
185,763,2,40,0.01,joint,32,0,32,0,0,0,0.0,-27.162578582763672,0.049179065972566605,783313126
186,763,2,40,0.03,joint,32,0,32,0,0,0,0.0,-27.16050148010254,0.12415110319852829,783313227
187,763,2,40,0.1,joint,32,0,32,0,0,0,0.0,-27.160537719726562,0.42452892661094666,783313328
188,763,2,40,0.3,joint,32,0,32,0,0,0,0.0,-27.05093002319336,1.2167028188705444,783313429
189,763,2,40,1.0,joint,32,3,29,0,0,3,0.4488644887230294,-23.0424747467041,12.825484275817871,783313530
190,763,2,48,0.01,joint,32,0,32,0,0,0,0.0,-27.156055450439453,0.04783080890774727,783323133
191,763,2,48,0.03,joint,32,0,32,0,0,0,0.0,-27.150516510009766,0.1337844729423523,783323234
192,763,2,48,0.1,joint,32,0,32,0,0,0,0.0,-27.159170150756836,0.3841308653354645,783323335
193,763,2,48,0.3,joint,32,0,32,0,0,0,0.0,-26.965530395507812,1.5049796104431152,783323436
194,763,2,48,1.0,joint,32,2,29,1,0,2,0.34511731494495285,-20.03015899658203,12.631093978881836,783323537
195,763,2,56,0.01,joint,32,0,32,0,0,0,0.0,-27.163131713867188,0.046138908714056015,783333140
196,763,2,56,0.03,joint,32,0,32,0,0,0,0.0,-27.138137817382812,0.14359937608242035,783333241
197,763,2,56,0.1,joint,32,0,32,0,0,0,0.0,-27.200735092163086,0.5712448358535767,783333342
198,763,2,56,0.3,joint,32,0,32,0,0,0,0.0,-26.803855895996094,1.6290282011032104,783333443
199,763,2,56,1.0,joint,32,2,29,1,0,2,0.34511731494495285,-15.90841293334961,10.023329734802246,783333544
200,911,2,0,0.01,joint,32,0,32,0,0,0,0.0,-27.570629119873047,0.0063879420049488544,931263535
201,911,2,0,0.03,joint,32,0,32,0,0,0,0.0,-27.57403564453125,0.017169825732707977,931263636
202,911,2,0,0.1,joint,32,0,32,0,0,0,0.0,-27.566173553466797,0.056939322501420975,931263737
203,911,2,0,0.3,joint,32,0,32,0,0,0,0.0,-27.626949310302734,0.16655877232551575,931263838
204,911,2,0,1.0,joint,32,1,31,0,0,1,0.20062232431271465,-26.063379287719727,9.61949634552002,931263939
205,911,2,8,0.01,joint,32,0,32,0,0,0,0.0,-27.57992172241211,0.027604321017861366,931273542
206,911,2,8,0.03,joint,32,0,32,0,0,0,0.0,-27.61080551147461,0.07968670129776001,931273643
207,911,2,8,0.1,joint,32,0,32,0,0,0,0.0,-27.622285842895508,0.26025477051734924,931273744
208,911,2,8,0.3,joint,32,2,30,0,0,2,0.3372900666170139,-24.225971221923828,13.4100980758667,931273845
209,911,2,8,1.0,joint,32,11,21,0,0,11,0.9283620723948676,-9.656759262084961,27.112943649291992,931273946
210,911,2,16,0.01,joint,32,0,32,0,0,0,0.0,-27.577972412109375,0.04046337679028511,931283549
211,911,2,16,0.03,joint,32,0,32,0,0,0,0.0,-27.60187530517578,0.14480818808078766,931283650
212,911,2,16,0.1,joint,32,0,32,0,0,0,0.0,-27.772525787353516,0.4634915292263031,931283751
213,911,2,16,0.3,joint,32,1,31,0,0,1,0.20062232431271465,-26.179662704467773,9.676667213439941,931283852
214,911,2,16,1.0,joint,32,11,21,0,0,11,0.9283620723948676,-8.558274269104004,25.820343017578125,931283953
215,911,2,24,0.01,joint,32,0,32,0,0,0,0.0,-27.57715606689453,0.023993991315364838,931293556
216,911,2,24,0.03,joint,32,0,32,0,0,0,0.0,-27.562877655029297,0.0705370157957077,931293657
217,911,2,24,0.1,joint,32,0,32,0,0,0,0.0,-27.56104278564453,0.21939042210578918,931293758
218,911,2,24,0.3,joint,32,0,32,0,0,0,0.0,-27.68248176574707,0.6205480098724365,931293859
219,911,2,24,1.0,joint,32,1,31,0,0,1,0.20062232431271465,-25.48763656616211,9.731513023376465,931293960
220,911,2,32,0.01,joint,32,0,32,0,0,0,0.0,-27.576580047607422,0.030223552137613297,931303563
221,911,2,32,0.03,joint,32,0,32,0,0,0,0.0,-27.554052352905273,0.0772913470864296,931303664
222,911,2,32,0.1,joint,32,0,32,0,0,0,0.0,-27.53377914428711,0.27371665835380554,931303765
223,911,2,32,0.3,joint,32,0,32,0,0,0,0.0,-27.65987777709961,0.8179841041564941,931303866
224,911,2,32,1.0,joint,32,0,32,0,0,0,0.0,-26.051681518554688,3.136411666870117,931303967
225,911,2,40,0.01,joint,32,0,32,0,0,0,0.0,-27.573135375976562,0.03182584419846535,931313570
226,911,2,40,0.03,joint,32,0,32,0,0,0,0.0,-27.587059020996094,0.08375298976898193,931313671
227,911,2,40,0.1,joint,32,0,32,0,0,0,0.0,-27.52688980102539,0.2543811798095703,931313772
228,911,2,40,0.3,joint,32,0,32,0,0,0,0.0,-27.556232452392578,1.0529392957687378,931313873
229,911,2,40,1.0,joint,32,1,31,0,0,1,0.20062232431271465,-24.74850082397461,9.163701057434082,931313974
230,911,2,48,0.01,joint,32,0,32,0,0,0,0.0,-27.565723419189453,0.030960356816649437,931323577
231,911,2,48,0.03,joint,32,0,32,0,0,0,0.0,-27.59651756286621,0.09328173846006393,931323678
232,911,2,48,0.1,joint,32,0,32,0,0,0,0.0,-27.496620178222656,0.40207788348197937,931323779
233,911,2,48,0.3,joint,32,0,32,0,0,0,0.0,-27.405046463012695,1.024327039718628,931323880
234,911,2,48,1.0,joint,32,0,32,0,0,0,0.0,-24.313358306884766,5.643138885498047,931323981
235,911,2,56,0.01,joint,32,0,32,0,0,0,0.0,-27.560752868652344,0.04521944746375084,931333584
236,911,2,56,0.03,joint,32,0,32,0,0,0,0.0,-27.57426643371582,0.09773968160152435,931333685
237,911,2,56,0.1,joint,32,0,32,0,0,0,0.0,-27.551443099975586,0.40214234590530396,931333786
238,911,2,56,0.3,joint,32,0,32,0,0,0,0.0,-27.36534309387207,1.1677707433700562,931333887
239,911,2,56,1.0,joint,32,0,32,0,0,0,0.0,-19.816673278808594,5.537510395050049,931333988
240,559,2,0,0.01,joint,32,0,32,0,0,0,0.0,-31.263385772705078,0.018153974786400795,579262479
241,559,2,0,0.03,joint,32,0,32,0,0,0,0.0,-31.251785278320312,0.0655633956193924,579262580
242,559,2,0,0.1,joint,32,0,32,0,0,0,0.0,-31.226314544677734,0.24280351400375366,579262681
243,559,2,0,0.3,joint,32,0,32,0,0,0,0.0,-30.973876953125,0.4751651883125305,579262782
244,559,2,0,1.0,joint,32,1,31,0,0,1,0.20062232431271465,-29.603904724121094,9.899094581604004,579262883
245,559,2,8,0.01,joint,32,0,32,0,0,0,0.0,-31.255924224853516,0.030116694048047066,579272486
246,559,2,8,0.03,joint,32,0,32,0,0,0,0.0,-31.227108001708984,0.09445764124393463,579272587
247,559,2,8,0.1,joint,32,0,32,0,0,0,0.0,-31.257213592529297,0.32986897230148315,579272688
248,559,2,8,0.3,joint,32,0,32,0,0,0,0.0,-30.862930297851562,1.506467342376709,579272789
249,559,2,8,1.0,joint,32,3,29,0,0,3,0.4488644887230294,-24.585487365722656,14.57519817352295,579272890
250,559,2,16,0.01,joint,32,0,32,0,0,0,0.0,-31.271793365478516,0.04197484999895096,579282493
251,559,2,16,0.03,joint,32,0,32,0,0,0,0.0,-31.217260360717773,0.1426248401403427,579282594
252,559,2,16,0.1,joint,32,0,32,0,0,0,0.0,-31.2729434967041,0.5516551733016968,579282695
253,559,2,16,0.3,joint,32,0,32,0,0,0,0.0,-30.861696243286133,1.4442148208618164,579282796
254,559,2,16,1.0,joint,32,0,32,0,0,0,0.0,-32.11750793457031,4.382940769195557,579282897
255,559,2,24,0.01,joint,32,0,32,0,0,0,0.0,-31.27342987060547,0.06235180050134659,579292500
256,559,2,24,0.03,joint,32,0,32,0,0,0,0.0,-31.210994720458984,0.2137886881828308,579292601
257,559,2,24,0.1,joint,32,0,32,0,0,0,0.0,-31.13747787475586,0.6915038228034973,579292702
258,559,2,24,0.3,joint,32,0,32,0,0,0,0.0,-30.55533218383789,1.8622028827667236,579292803
259,559,2,24,1.0,joint,32,0,32,0,0,0,0.0,-33.86797332763672,7.233977317810059,579292904
260,559,2,32,0.01,joint,32,0,32,0,0,0,0.0,-31.247875213623047,0.05897989124059677,579302507
261,559,2,32,0.03,joint,32,0,32,0,0,0,0.0,-31.19585418701172,0.17673124372959137,579302608
262,559,2,32,0.1,joint,32,0,32,0,0,0,0.0,-30.973020553588867,0.6496917605400085,579302709
263,559,2,32,0.3,joint,32,0,32,0,0,0,0.0,-31.116374969482422,2.3188445568084717,579302810
264,559,2,32,1.0,joint,32,0,32,0,0,0,0.0,-33.68370056152344,6.200821399688721,579302911
265,559,2,40,0.01,joint,32,0,32,0,0,0,0.0,-31.253026962280273,0.08783355355262756,579312514
266,559,2,40,0.03,joint,32,0,32,0,0,0,0.0,-31.27202033996582,0.1968526840209961,579312615
267,559,2,40,0.1,joint,32,0,32,0,0,0,0.0,-31.250167846679688,0.7916201949119568,579312716
268,559,2,40,0.3,joint,32,0,32,0,0,0,0.0,-30.94805335998535,2.3405778408050537,579312817
269,559,2,40,1.0,joint,32,0,32,0,0,0,0.0,-33.1280517578125,7.24175500869751,579312918
270,559,2,48,0.01,joint,32,0,32,0,0,0,0.0,-31.282501220703125,0.07779727131128311,579322521
271,559,2,48,0.03,joint,32,0,32,0,0,0,0.0,-31.3203125,0.233834370970726,579322622
272,559,2,48,0.1,joint,32,0,32,0,0,0,0.0,-31.05154037475586,0.6567991375923157,579322723
273,559,2,48,0.3,joint,32,0,32,0,0,0,0.0,-31.271032333374023,1.581538200378418,579322824
274,559,2,48,1.0,joint,32,0,32,0,0,0,0.0,-33.17462158203125,5.3457932472229,579322925
275,559,2,56,0.01,joint,32,0,32,0,0,0,0.0,-31.251415252685547,0.08524144440889359,579332528
276,559,2,56,0.03,joint,32,0,32,0,0,0,0.0,-31.348567962646484,0.16040325164794922,579332629
277,559,2,56,0.1,joint,32,0,32,0,0,0,0.0,-30.963035583496094,0.8575321435928345,579332730
278,559,2,56,0.3,joint,32,0,32,0,0,0,0.0,-30.995445251464844,2.6510636806488037,579332831
279,559,2,56,1.0,joint,32,0,32,0,0,0,0.0,-32.06938171386719,8.881484985351562,579332932
280,1182,2,0,0.01,joint,32,0,32,0,0,0,0.0,-22.472023010253906,0.15797728300094604,1202264348
281,1182,2,0,0.03,joint,32,0,32,0,0,0,0.0,-22.432676315307617,0.3716343343257904,1202264449
282,1182,2,0,0.1,joint,32,0,32,0,0,0,0.0,-21.316944122314453,2.327910900115967,1202264550
283,1182,2,0,0.3,joint,32,1,30,1,0,1,0.205592508185083,-15.240167617797852,8.70278263092041,1202264651
284,1182,2,0,1.0,joint,32,12,18,2,0,12,0.9709505944546686,-4.246333599090576,16.37006187438965,1202264752
285,1182,2,8,0.01,joint,32,0,32,0,0,0,0.0,-22.091442108154297,1.1963218450546265,1202274355
286,1182,2,8,0.03,joint,32,0,32,0,0,0,0.0,-17.72975730895996,5.936731338500977,1202274456
287,1182,2,8,0.1,joint,32,6,22,4,0,6,0.74959525725948,-7.114058494567871,13.838841438293457,1202274557
288,1182,2,8,0.3,joint,32,10,21,1,0,10,0.907165767573082,-5.498844146728516,18.62454605102539,1202274658
289,1182,2,8,1.0,joint,32,7,23,2,0,7,0.7837769474847012,-12.008069038391113,19.312702178955078,1202274759
290,1182,2,16,0.01,joint,32,0,32,0,0,0,0.0,-18.86617660522461,5.410370349884033,1202284362
291,1182,2,16,0.03,joint,32,3,28,1,0,3,0.4586858162005403,-14.513265609741211,9.01095962524414,1202284463
292,1182,2,16,0.1,joint,32,6,24,2,0,6,0.7219280948873623,-11.682807922363281,13.499361991882324,1202284564
293,1182,2,16,0.3,joint,32,7,24,1,0,7,0.7706290693639405,-11.293685913085938,19.888933181762695,1202284665
294,1182,2,16,1.0,joint,32,13,19,0,0,13,0.9744894033980523,-4.532673358917236,22.372995376586914,1202284766
295,1182,2,24,0.01,joint,32,0,32,0,0,0,0.0,-19.80915069580078,5.211270809173584,1202294369
296,1182,2,24,0.03,joint,32,1,28,3,0,1,0.21639693245126462,-11.557723999023438,8.95876693725586,1202294470
297,1182,2,24,0.1,joint,32,10,18,4,0,10,0.9402859586706311,-3.2745449542999268,17.823686599731445,1202294571
298,1182,2,24,0.3,joint,32,10,21,1,0,10,0.907165767573082,-6.144562244415283,21.793996810913086,1202294672
299,1182,2,24,1.0,joint,32,11,21,0,0,11,0.9283620723948676,-8.135871887207031,22.031034469604492,1202294773
300,1182,2,32,0.01,joint,32,0,31,1,0,0,0.0,-20.64249610900879,5.866299152374268,1202304376
301,1182,2,32,0.03,joint,32,1,31,0,0,1,0.20062232431271465,-15.25010871887207,8.102843284606934,1202304477
302,1182,2,32,0.1,joint,32,12,18,2,0,12,0.9709505944546686,-2.810930013656616,19.859867095947266,1202304578
303,1182,2,32,0.3,joint,32,14,17,1,0,14,0.9932338197397066,-3.7685248851776123,22.180204391479492,1202304679
304,1182,2,32,1.0,joint,32,15,17,0,0,15,0.9971803988942642,-1.3218092918395996,24.128602981567383,1202304780
305,1182,2,40,0.01,joint,32,0,32,0,0,0,0.0,-20.592586517333984,3.8119454383850098,1202314383
306,1182,2,40,0.03,joint,32,4,28,0,0,4,0.5435644431995964,-13.738626480102539,12.101866722106934,1202314484
307,1182,2,40,0.1,joint,32,12,19,1,0,12,0.9629004147713269,-6.225351333618164,19.43099594116211,1202314585
308,1182,2,40,0.3,joint,32,11,19,2,0,11,0.9480782435939055,-3.519636392593384,23.264507293701172,1202314686
309,1182,2,40,1.0,joint,32,16,16,0,0,16,1.0,-0.5098190307617188,23.985746383666992,1202314787
310,1182,2,48,0.01,joint,32,0,32,0,0,0,0.0,-22.176362991333008,0.8990293145179749,1202324390
311,1182,2,48,0.03,joint,32,0,32,0,0,0,0.0,-18.055131912231445,5.281909942626953,1202324491
312,1182,2,48,0.1,joint,32,4,28,0,0,4,0.5435644431995964,-13.530583381652832,12.377361297607422,1202324592
313,1182,2,48,0.3,joint,32,11,20,1,0,11,0.9383153522334069,-5.680068492889404,18.407155990600586,1202324693
314,1182,2,48,1.0,joint,32,12,18,2,0,12,0.9709505944546686,-4.55064582824707,24.068546295166016,1202324794
315,1182,2,56,0.01,joint,32,0,32,0,0,0,0.0,-22.482378005981445,0.15753930807113647,1202334397
316,1182,2,56,0.03,joint,32,0,32,0,0,0,0.0,-22.344663619995117,0.47723644971847534,1202334498
317,1182,2,56,0.1,joint,32,0,32,0,0,0,0.0,-21.320632934570312,2.5784409046173096,1202334599
318,1182,2,56,0.3,joint,32,2,30,0,0,2,0.3372900666170139,-16.025306701660156,8.373337745666504,1202334700
319,1182,2,56,1.0,joint,32,8,23,1,0,8,0.8238116333123173,-8.128466606140137,15.9606294631958,1202334801
320,297,2,0,0.01,joint,32,0,32,0,0,0,0.0,-22.775789260864258,0.005677926819771528,317261693
321,297,2,0,0.03,joint,32,0,32,0,0,0,0.0,-22.77361488342285,0.01395108550786972,317261794
322,297,2,0,0.1,joint,32,0,32,0,0,0,0.0,-22.770469665527344,0.04992075636982918,317261895
323,297,2,0,0.3,joint,32,0,32,0,0,0,0.0,-22.757274627685547,0.19438563287258148,317261996
324,297,2,0,1.0,joint,32,1,31,0,0,1,0.20062232431271465,-21.39995574951172,7.874006271362305,317262097
325,297,2,8,0.01,joint,32,0,32,0,0,0,0.0,-22.769367218017578,0.048698779195547104,317271700
326,297,2,8,0.03,joint,32,0,32,0,0,0,0.0,-22.782562255859375,0.13463425636291504,317271801
327,297,2,8,0.1,joint,32,0,32,0,0,0,0.0,-22.771438598632812,0.3789767026901245,317271902
328,297,2,8,0.3,joint,32,14,18,0,0,14,0.9886994082884974,-3.256026268005371,22.817880630493164,317272003
329,297,2,8,1.0,joint,32,12,20,0,0,12,0.954434002924965,-7.4455437660217285,22.868553161621094,317272104
330,297,2,16,0.01,joint,32,0,32,0,0,0,0.0,-22.76050567626953,0.033733222633600235,317281707
331,297,2,16,0.03,joint,32,0,32,0,0,0,0.0,-22.71930694580078,0.11987461149692535,317281808
332,297,2,16,0.1,joint,32,1,31,0,0,1,0.20062232431271465,-21.202268600463867,8.09939193725586,317281909
333,297,2,16,0.3,joint,32,11,21,0,0,11,0.9283620723948676,-7.176418304443359,21.605268478393555,317282010
334,297,2,16,1.0,joint,32,10,22,0,0,10,0.8960382325345574,-8.473934173583984,19.426889419555664,317282111
335,297,2,24,0.01,joint,32,0,32,0,0,0,0.0,-22.77330780029297,0.03454222530126572,317291714
336,297,2,24,0.03,joint,32,0,32,0,0,0,0.0,-22.774887084960938,0.10374531149864197,317291815
337,297,2,24,0.1,joint,32,0,32,0,0,0,0.0,-22.670501708984375,0.5023189187049866,317291916
338,297,2,24,0.3,joint,32,0,32,0,0,0,0.0,-22.543624877929688,1.3940670490264893,317292017
339,297,2,24,1.0,joint,32,5,27,0,0,5,0.6252624052234231,-15.330522537231445,15.798687934875488,317292118
340,297,2,32,0.01,joint,32,0,32,0,0,0,0.0,-22.767606735229492,0.048392776399850845,317301721
341,297,2,32,0.03,joint,32,0,32,0,0,0,0.0,-22.805837631225586,0.14823992550373077,317301822
342,297,2,32,0.1,joint,32,0,32,0,0,0,0.0,-22.647480010986328,0.47241494059562683,317301923
343,297,2,32,0.3,joint,32,0,32,0,0,0,0.0,-22.427003860473633,2.3673830032348633,317302024
344,297,2,32,1.0,joint,32,8,24,0,0,8,0.8112781244591328,-10.347010612487793,17.55392074584961,317302125
345,297,2,40,0.01,joint,32,0,32,0,0,0,0.0,-22.79204559326172,0.05193829536437988,317311728
346,297,2,40,0.03,joint,32,0,32,0,0,0,0.0,-22.773141860961914,0.19071970880031586,317311829
347,297,2,40,0.1,joint,32,0,32,0,0,0,0.0,-23.014976501464844,0.5428338050842285,317311930
348,297,2,40,0.3,joint,32,0,32,0,0,0,0.0,-21.758426666259766,1.7492318153381348,317312031
349,297,2,40,1.0,joint,32,13,18,1,0,13,0.9811522341999133,-3.5122480392456055,20.19509506225586,317312132
350,297,2,48,0.01,joint,32,0,32,0,0,0,0.0,-22.780906677246094,0.058388929814100266,317321735
351,297,2,48,0.03,joint,32,0,32,0,0,0,0.0,-22.777210235595703,0.16532200574874878,317321836
352,297,2,48,0.1,joint,32,0,32,0,0,0,0.0,-22.81761932373047,0.5305556654930115,317321937
353,297,2,48,0.3,joint,32,0,32,0,0,0,0.0,-22.26293182373047,2.0630555152893066,317322038
354,297,2,48,1.0,joint,32,5,27,0,0,5,0.6252624052234231,-13.114198684692383,14.199910163879395,317322139
355,297,2,56,0.01,joint,32,0,32,0,0,0,0.0,-22.779380798339844,0.06264781206846237,317331742
356,297,2,56,0.03,joint,32,0,32,0,0,0,0.0,-22.70553970336914,0.22211286425590515,317331843
357,297,2,56,0.1,joint,32,0,32,0,0,0,0.0,-22.86060905456543,0.6254144906997681,317331944
358,297,2,56,0.3,joint,32,0,32,0,0,0,0.0,-21.741004943847656,1.9982402324676514,317332045
359,297,2,56,1.0,joint,32,4,27,1,0,4,0.5547781633412736,-12.319950103759766,10.807744026184082,317332146
360,1818,2,0,0.01,joint,32,0,32,0,0,0,0.0,-28.953975677490234,0.01110586617141962,1838266256
361,1818,2,0,0.03,joint,32,0,32,0,0,0,0.0,-28.942886352539062,0.027146024629473686,1838266357
362,1818,2,0,0.1,joint,32,0,32,0,0,0,0.0,-28.351858139038086,1.8029191493988037,1838266458
363,1818,2,0,0.3,joint,32,0,32,0,0,0,0.0,-26.543418884277344,5.4384074211120605,1838266559
364,1818,2,0,1.0,joint,32,7,24,1,0,7,0.7706290693639405,-11.802783966064453,21.62911033630371,1838266660
365,1818,2,8,0.01,joint,32,0,32,0,0,0,0.0,-28.326290130615234,2.238978624343872,1838276263
366,1818,2,8,0.03,joint,32,0,31,1,0,0,0.0,-25.362159729003906,7.749688625335693,1838276364
367,1818,2,8,0.1,joint,32,4,25,3,0,4,0.5787946246321198,-14.951906204223633,16.535694122314453,1838276465
368,1818,2,8,0.3,joint,32,13,19,0,0,13,0.9744894033980523,-4.440581321716309,27.76070213317871,1838276566
369,1818,2,8,1.0,joint,32,17,15,0,0,17,0.9971803988942642,-0.0780329704284668,30.754985809326172,1838276667
370,1818,2,16,0.01,joint,32,0,32,0,0,0,0.0,-28.94881248474121,0.04465516284108162,1838286270
371,1818,2,16,0.03,joint,32,0,32,0,0,0,0.0,-28.108158111572266,3.1579368114471436,1838286371
372,1818,2,16,0.1,joint,32,3,27,2,0,3,0.4689955935892812,-22.764368057250977,12.976941108703613,1838286472
373,1818,2,16,0.3,joint,32,8,23,1,0,8,0.8238116333123173,-13.759957313537598,21.636465072631836,1838286573
374,1818,2,16,1.0,joint,32,14,18,0,0,14,0.9886994082884974,-5.042220115661621,27.818490982055664,1838286674
375,1818,2,24,0.01,joint,32,0,32,0,0,0,0.0,-28.951190948486328,0.025660628452897072,1838296277
376,1818,2,24,0.03,joint,32,0,32,0,0,0,0.0,-28.941207885742188,0.07444639503955841,1838296378
377,1818,2,24,0.1,joint,32,0,32,0,0,0,0.0,-28.878456115722656,0.20778951048851013,1838296479
378,1818,2,24,0.3,joint,32,2,30,0,0,2,0.3372900666170139,-25.888774871826172,11.351243019104004,1838296580
379,1818,2,24,1.0,joint,32,7,25,0,0,7,0.7578784625383954,-15.89069938659668,21.765623092651367,1838296681
380,1818,2,32,0.01,joint,32,0,32,0,0,0,0.0,-28.953025817871094,0.02696344628930092,1838306284
381,1818,2,32,0.03,joint,32,0,32,0,0,0,0.0,-28.975814819335938,0.10182152688503265,1838306385
382,1818,2,32,0.1,joint,32,0,32,0,0,0,0.0,-28.88582992553711,0.2325339913368225,1838306486
383,1818,2,32,0.3,joint,32,0,32,0,0,0,0.0,-28.672592163085938,0.7820886969566345,1838306587
384,1818,2,32,1.0,joint,32,4,28,0,0,4,0.5435644431995964,-20.04145050048828,17.34193992614746,1838306688
385,1818,2,40,0.01,joint,32,0,32,0,0,0,0.0,-28.96497917175293,0.030098630115389824,1838316291
386,1818,2,40,0.03,joint,32,0,32,0,0,0,0.0,-28.951642990112305,0.11589627712965012,1838316392
387,1818,2,40,0.1,joint,32,0,32,0,0,0,0.0,-28.932104110717773,0.29462921619415283,1838316493
388,1818,2,40,0.3,joint,32,0,32,0,0,0,0.0,-28.446130752563477,1.140520691871643,1838316594
389,1818,2,40,1.0,joint,32,1,31,0,0,1,0.20062232431271465,-26.764179229736328,9.584877967834473,1838316695
390,1818,2,48,0.01,joint,32,0,32,0,0,0,0.0,-28.958858489990234,0.03155825659632683,1838326298
391,1818,2,48,0.03,joint,32,0,32,0,0,0,0.0,-28.93317222595215,0.09686415642499924,1838326399
392,1818,2,48,0.1,joint,32,0,32,0,0,0,0.0,-28.86387825012207,0.25956353545188904,1838326500
393,1818,2,48,0.3,joint,32,0,32,0,0,0,0.0,-28.678804397583008,0.9312536120414734,1838326601
394,1818,2,48,1.0,joint,32,0,32,0,0,0,0.0,-25.934274673461914,7.5897746086120605,1838326702
395,1818,2,56,0.01,joint,32,0,32,0,0,0,0.0,-28.941558837890625,0.05210323631763458,1838336305
396,1818,2,56,0.03,joint,32,0,32,0,0,0,0.0,-28.92250633239746,0.0837644413113594,1838336406
397,1818,2,56,0.1,joint,32,0,32,0,0,0,0.0,-28.860740661621094,0.43050894141197205,1838336507
398,1818,2,56,0.3,joint,32,0,32,0,0,0,0.0,-28.371681213378906,1.5439902544021606,1838336608
399,1818,2,56,1.0,joint,32,3,28,1,0,3,0.4586858162005403,-17.271942138671875,10.758160591125488,1838336709
400,721,1,0,0.01,joint,32,32,0,0,0,0,0.0,22.025230407714844,0.002943383762612939,741262965
401,721,1,0,0.03,joint,32,32,0,0,0,0,0.0,22.026161193847656,0.009123756550252438,741263066
402,721,1,0,0.1,joint,32,32,0,0,0,0,0.0,22.024677276611328,0.038472943007946014,741263167
403,721,1,0,0.3,joint,32,32,0,0,0,0,0.0,21.997249603271484,0.10852868109941483,741263268
404,721,1,0,1.0,joint,32,32,0,0,0,0,0.0,22.166194915771484,0.48735883831977844,741263369
405,721,1,8,0.01,joint,32,32,0,0,0,0,0.0,22.023109436035156,0.03098887763917446,741272972
406,721,1,8,0.03,joint,32,32,0,0,0,0,0.0,22.054882049560547,0.07672107964754105,741273073
407,721,1,8,0.1,joint,32,32,0,0,0,0,0.0,22.033706665039062,0.2687370479106903,741273174
408,721,1,8,0.3,joint,32,32,0,0,0,0,0.0,22.065807342529297,0.8341619372367859,741273275
409,721,1,8,1.0,joint,32,23,5,4,0,5,0.676941869780886,13.831083297729492,17.45357322692871,741273376
410,721,1,16,0.01,joint,32,32,0,0,0,0,0.0,22.029949188232422,0.032921165227890015,741282979
411,721,1,16,0.03,joint,32,32,0,0,0,0,0.0,22.01011085510254,0.0930028110742569,741283080
412,721,1,16,0.1,joint,32,32,0,0,0,0,0.0,21.970996856689453,0.24814288318157196,741283181
413,721,1,16,0.3,joint,32,27,5,0,0,5,0.6252624052234231,15.331191062927246,15.277793884277344,741283282
414,721,1,16,1.0,joint,32,24,7,1,0,7,0.7706290693639406,11.746707916259766,18.78777503967285,741283383
415,721,1,24,0.01,joint,32,32,0,0,0,0,0.0,22.027446746826172,0.033673156052827835,741292986
416,721,1,24,0.03,joint,32,32,0,0,0,0,0.0,22.041500091552734,0.1369609236717224,741293087
417,721,1,24,0.1,joint,32,32,0,0,0,0,0.0,22.020265579223633,0.41007906198501587,741293188
418,721,1,24,0.3,joint,32,32,0,0,0,0,0.0,21.470603942871094,0.8350337743759155,741293289
419,721,1,24,1.0,joint,32,22,10,0,0,10,0.8960382325345574,9.019235610961914,19.836441040039062,741293390
420,721,1,32,0.01,joint,32,32,0,0,0,0,0.0,22.02468490600586,0.0393638089299202,741302993
421,721,1,32,0.03,joint,32,32,0,0,0,0,0.0,22.025779724121094,0.1290222406387329,741303094
422,721,1,32,0.1,joint,32,32,0,0,0,0,0.0,21.861379623413086,0.41650277376174927,741303195
423,721,1,32,0.3,joint,32,32,0,0,0,0,0.0,21.774559020996094,1.4826058149337769,741303296
424,721,1,32,1.0,joint,32,28,4,0,0,4,0.5435644431995964,13.645867347717285,14.552162170410156,741303397
425,721,1,40,0.01,joint,32,32,0,0,0,0,0.0,22.029722213745117,0.05656417831778526,741313000
426,721,1,40,0.03,joint,32,32,0,0,0,0,0.0,22.026172637939453,0.1611374318599701,741313101
427,721,1,40,0.1,joint,32,32,0,0,0,0,0.0,22.027660369873047,0.4489678740501404,741313202
428,721,1,40,0.3,joint,32,32,0,0,0,0,0.0,21.54763412475586,1.727791428565979,741313303
429,721,1,40,1.0,joint,32,24,7,1,0,7,0.7706290693639406,9.920755386352539,15.2402982711792,741313404
430,721,1,48,0.01,joint,32,32,0,0,0,0,0.0,21.99958038330078,0.058815956115722656,741323007
431,721,1,48,0.03,joint,32,32,0,0,0,0,0.0,21.990951538085938,0.158020481467247,741323108
432,721,1,48,0.1,joint,32,32,0,0,0,0,0.0,22.057373046875,0.44819533824920654,741323209
433,721,1,48,0.3,joint,32,32,0,0,0,0,0.0,21.800453186035156,1.8232346773147583,741323310
434,721,1,48,1.0,joint,32,29,3,0,0,3,0.4488644887230294,14.755539894104004,10.521117210388184,741323411
435,721,1,56,0.01,joint,32,32,0,0,0,0,0.0,22.011104583740234,0.06505248695611954,741333014
436,721,1,56,0.03,joint,32,32,0,0,0,0,0.0,22.036418914794922,0.16627198457717896,741333115
437,721,1,56,0.1,joint,32,32,0,0,0,0,0.0,21.777515411376953,0.46792399883270264,741333216
438,721,1,56,0.3,joint,32,32,0,0,0,0,0.0,20.993301391601562,2.373730421066284,741333317
439,721,1,56,1.0,joint,32,27,5,0,0,5,0.6252624052234231,15.711816787719727,11.957672119140625,741333418
440,1813,1,0,0.01,joint,32,32,0,0,0,0,0.0,28.002031326293945,0.23733647167682648,1833266241
441,1813,1,0,0.03,joint,32,32,0,0,0,0,0.0,27.736408233642578,0.609783411026001,1833266342
442,1813,1,0,0.1,joint,32,32,0,0,0,0,0.0,28.24680519104004,1.475175380706787,1833266443
443,1813,1,0,0.3,joint,32,30,2,0,0,2,0.3372900666170139,22.641464233398438,10.813361167907715,1833266544
444,1813,1,0,1.0,joint,32,20,12,0,0,12,0.954434002924965,1.5214574337005615,25.150732040405273,1833266645
445,1813,1,8,0.01,joint,32,32,0,0,0,0,0.0,27.648365020751953,0.715238094329834,1833276248
446,1813,1,8,0.03,joint,32,32,0,0,0,0,0.0,27.606998443603516,1.5971931219100952,1833276349
447,1813,1,8,0.1,joint,32,27,5,0,0,5,0.6252624052234231,15.635323524475098,20.796714782714844,1833276450
448,1813,1,8,0.3,joint,32,19,13,0,0,13,0.9744894033980523,3.1145007610321045,27.627180099487305,1833276551
449,1813,1,8,1.0,joint,32,18,13,1,0,13,0.9811522341999133,1.8068441152572632,27.770103454589844,1833276652
450,1813,1,16,0.01,joint,32,32,0,0,0,0,0.0,27.995101928710938,0.4791930913925171,1833286255
451,1813,1,16,0.03,joint,32,32,0,0,0,0,0.0,27.795448303222656,1.547523021697998,1833286356
452,1813,1,16,0.1,joint,32,31,1,0,0,1,0.20062232431271465,25.013309478759766,10.52502155303955,1833286457
453,1813,1,16,0.3,joint,32,24,8,0,0,8,0.8112781244591328,12.955707550048828,25.785629272460938,1833286558
454,1813,1,16,1.0,joint,32,16,9,7,0,9,0.9426831892554922,4.258810520172119,20.222122192382812,1833286659
455,1813,1,24,0.01,joint,32,32,0,0,0,0,0.0,27.9506893157959,0.6405536532402039,1833296262
456,1813,1,24,0.03,joint,32,32,0,0,0,0,0.0,28.38471221923828,1.1576457023620605,1833296363
457,1813,1,24,0.1,joint,32,32,0,0,0,0,0.0,26.467594146728516,4.217894077301025,1833296464
458,1813,1,24,0.3,joint,32,32,0,0,0,0,0.0,21.929271697998047,8.868794441223145,1833296565
459,1813,1,24,1.0,joint,32,12,9,11,0,9,0.9852281360342515,5.541619777679443,19.85401153564453,1833296666
460,1813,1,32,0.01,joint,32,32,0,0,0,0,0.0,27.95307159423828,0.2077241986989975,1833306269
461,1813,1,32,0.03,joint,32,32,0,0,0,0,0.0,27.936344146728516,0.7880955338478088,1833306370
462,1813,1,32,0.1,joint,32,32,0,0,0,0,0.0,27.762508392333984,1.9442119598388672,1833306471
463,1813,1,32,0.3,joint,32,32,0,0,0,0,0.0,24.986024856567383,6.13358211517334,1833306572
464,1813,1,32,1.0,joint,32,21,4,7,0,4,0.6343095546405662,14.639039039611816,13.789541244506836,1833306673
465,1813,1,40,0.01,joint,32,32,0,0,0,0,0.0,27.93473243713379,0.11445961147546768,1833316276
466,1813,1,40,0.03,joint,32,32,0,0,0,0,0.0,27.920188903808594,0.4029100239276886,1833316377
467,1813,1,40,0.1,joint,32,32,0,0,0,0,0.0,27.68825912475586,1.4212371110916138,1833316478
468,1813,1,40,0.3,joint,32,32,0,0,0,0,0.0,26.488731384277344,3.851292371749878,1833316579
469,1813,1,40,1.0,joint,32,25,2,5,0,2,0.3809465857053901,16.953739166259766,11.575644493103027,1833316680
470,1813,1,48,0.01,joint,32,32,0,0,0,0,0.0,27.955312728881836,0.06945502758026123,1833326283
471,1813,1,48,0.03,joint,32,32,0,0,0,0,0.0,27.907608032226562,0.20306512713432312,1833326384
472,1813,1,48,0.1,joint,32,32,0,0,0,0,0.0,27.65131950378418,0.6838797926902771,1833326485
473,1813,1,48,0.3,joint,32,32,0,0,0,0,0.0,26.987152099609375,1.8092758655548096,1833326586
474,1813,1,48,1.0,joint,32,32,0,0,0,0,0.0,20.036815643310547,7.681532859802246,1833326687
475,1813,1,56,0.01,joint,32,32,0,0,0,0,0.0,27.957054138183594,0.06339477747678757,1833336290
476,1813,1,56,0.03,joint,32,32,0,0,0,0,0.0,27.902008056640625,0.16189692914485931,1833336391
477,1813,1,56,0.1,joint,32,32,0,0,0,0,0.0,27.820415496826172,0.38833868503570557,1833336492
478,1813,1,56,0.3,joint,32,32,0,0,0,0,0.0,27.391414642333984,1.5508649349212646,1833336593
479,1813,1,56,1.0,joint,32,32,0,0,0,0,0.0,23.01827049255371,5.726989269256592,1833336694
480,3854,1,0,0.01,joint,32,32,0,0,0,0,0.0,27.093496322631836,0.011947506107389927,3874272364
481,3854,1,0,0.03,joint,32,32,0,0,0,0,0.0,27.09824562072754,0.03169529139995575,3874272465
482,3854,1,0,0.1,joint,32,32,0,0,0,0,0.0,27.079105377197266,0.09487390518188477,3874272566
483,3854,1,0,0.3,joint,32,32,0,0,0,0,0.0,27.011125564575195,0.3165832757949829,3874272667
484,3854,1,0,1.0,joint,32,32,0,0,0,0,0.0,27.094070434570312,0.9895339012145996,3874272768
485,3854,1,8,0.01,joint,32,32,0,0,0,0,0.0,27.085670471191406,0.0453951358795166,3874282371
486,3854,1,8,0.03,joint,32,32,0,0,0,0,0.0,27.082202911376953,0.15181633830070496,3874282472
487,3854,1,8,0.1,joint,32,32,0,0,0,0,0.0,27.035449981689453,0.3837379217147827,3874282573
488,3854,1,8,0.3,joint,32,32,0,0,0,0,0.0,26.744895935058594,1.0921473503112793,3874282674
489,3854,1,8,1.0,joint,32,32,0,0,0,0,0.0,26.761133193969727,3.181702136993408,3874282775
490,3854,1,16,0.01,joint,32,32,0,0,0,0,0.0,27.097698211669922,0.06167967990040779,3874292378
491,3854,1,16,0.03,joint,32,32,0,0,0,0,0.0,27.072389602661133,0.15602178871631622,3874292479
492,3854,1,16,0.1,joint,32,32,0,0,0,0,0.0,26.941307067871094,0.5068128108978271,3874292580
493,3854,1,16,0.3,joint,32,32,0,0,0,0,0.0,27.45010757446289,1.466794490814209,3874292681
494,3854,1,16,1.0,joint,32,32,0,0,0,0,0.0,26.39398193359375,3.534416675567627,3874292782
495,3854,1,24,0.01,joint,32,32,0,0,0,0,0.0,27.07757568359375,0.07073104381561279,3874302385
496,3854,1,24,0.03,joint,32,32,0,0,0,0,0.0,27.048076629638672,0.18542087078094482,3874302486
497,3854,1,24,0.1,joint,32,32,0,0,0,0,0.0,27.032047271728516,0.6507533192634583,3874302587
498,3854,1,24,0.3,joint,32,32,0,0,0,0,0.0,27.141132354736328,1.710898995399475,3874302688
499,3854,1,24,1.0,joint,32,32,0,0,0,0,0.0,27.770484924316406,6.284494876861572,3874302789
500,3854,1,32,0.01,joint,32,32,0,0,0,0,0.0,27.112022399902344,0.06501466035842896,3874312392
501,3854,1,32,0.03,joint,32,32,0,0,0,0,0.0,27.125036239624023,0.21725134551525116,3874312493
502,3854,1,32,0.1,joint,32,32,0,0,0,0,0.0,27.328439712524414,0.7625980973243713,3874312594
503,3854,1,32,0.3,joint,32,32,0,0,0,0,0.0,27.75030517578125,2.1148133277893066,3874312695
504,3854,1,32,1.0,joint,32,32,0,0,0,0,0.0,26.326812744140625,7.9728522300720215,3874312796
505,3854,1,40,0.01,joint,32,32,0,0,0,0,0.0,27.075416564941406,0.06466426700353622,3874322399
506,3854,1,40,0.03,joint,32,32,0,0,0,0,0.0,27.085268020629883,0.2506409287452698,3874322500
507,3854,1,40,0.1,joint,32,32,0,0,0,0,0.0,27.205718994140625,0.9592422246932983,3874322601
508,3854,1,40,0.3,joint,32,32,0,0,0,0,0.0,27.440814971923828,1.9828953742980957,3874322702
509,3854,1,40,1.0,joint,32,29,3,0,0,3,0.4488644887230294,24.145292282104492,14.15684700012207,3874322803
510,3854,1,48,0.01,joint,32,32,0,0,0,0,0.0,27.083316802978516,0.09549526125192642,3874332406
511,3854,1,48,0.03,joint,32,32,0,0,0,0,0.0,27.105457305908203,0.24217012524604797,3874332507
512,3854,1,48,0.1,joint,32,32,0,0,0,0,0.0,27.2741641998291,0.7991649508476257,3874332608
513,3854,1,48,0.3,joint,32,32,0,0,0,0,0.0,27.091110229492188,2.46573543548584,3874332709
514,3854,1,48,1.0,joint,32,30,1,1,0,1,0.20559250818508293,26.144453048706055,11.292400360107422,3874332810
515,3854,1,56,0.01,joint,32,32,0,0,0,0,0.0,27.090194702148438,0.08193661272525787,3874342413
516,3854,1,56,0.03,joint,32,32,0,0,0,0,0.0,27.033130645751953,0.24289080500602722,3874342514
517,3854,1,56,0.1,joint,32,32,0,0,0,0,0.0,27.201736450195312,1.0048506259918213,3874342615
518,3854,1,56,0.3,joint,32,32,0,0,0,0,0.0,26.901878356933594,2.261549472808838,3874342716
519,3854,1,56,1.0,joint,32,31,1,0,0,1,0.20062232431271465,22.074539184570312,9.414026260375977,3874342817
520,1130,1,0,0.01,joint,32,32,0,0,0,0,0.0,28.18060302734375,0.005124031566083431,1150264192
521,1130,1,0,0.03,joint,32,32,0,0,0,0,0.0,28.179710388183594,0.028872504830360413,1150264293
522,1130,1,0,0.1,joint,32,24,0,8,0,0,0.0,20.95624542236328,12.54660415649414,1150264394
523,1130,1,0,0.3,joint,32,21,0,11,0,0,0.0,18.232471466064453,13.76937484741211,1150264495
524,1130,1,0,1.0,joint,32,16,0,16,0,0,0.0,13.820619583129883,14.464164733886719,1150264596
525,1130,1,8,0.01,joint,32,29,0,3,0,0,0.0,25.444786071777344,8.431455612182617,1150274199
526,1130,1,8,0.03,joint,32,26,0,6,0,0,0.0,22.75784683227539,11.312850952148438,1150274300
527,1130,1,8,0.1,joint,32,22,0,10,0,0,0.0,19.185441970825195,13.450990676879883,1150274401
528,1130,1,8,0.3,joint,32,13,0,19,0,0,0.0,11.038406372070312,14.186196327209473,1150274502
529,1130,1,8,1.0,joint,32,19,5,8,0,5,0.7382848661434506,14.094505310058594,17.63931655883789,1150274603
530,1130,1,16,0.01,joint,32,30,0,2,0,0,0.0,26.364025115966797,6.998571395874023,1150284206
531,1130,1,16,0.03,joint,32,19,0,13,0,0,0.0,16.445091247558594,14.248147964477539,1150284307
532,1130,1,16,0.1,joint,32,22,0,10,0,0,0.0,19.16562271118164,13.427918434143066,1150284408
533,1130,1,16,0.3,joint,32,14,0,18,0,0,0.0,12.047771453857422,14.360325813293457,1150284509
534,1130,1,16,1.0,joint,32,12,9,11,0,9,0.9852281360342515,5.534030914306641,19.669572830200195,1150284610
535,1130,1,24,0.01,joint,32,32,0,0,0,0,0.0,28.18221664428711,0.0196126326918602,1150294213
536,1130,1,24,0.03,joint,32,32,0,0,0,0,0.0,28.17176055908203,0.06124373525381088,1150294314
537,1130,1,24,0.1,joint,32,31,0,1,0,0,0.0,27.227161407470703,5.043862819671631,1150294415
538,1130,1,24,0.3,joint,32,28,0,4,0,0,0.0,24.584064483642578,9.644933700561523,1150294516
539,1130,1,24,1.0,joint,32,28,3,1,0,3,0.45868581620054033,20.20159912109375,14.44459342956543,1150294617
540,1130,1,32,0.01,joint,32,32,0,0,0,0,0.0,28.179479598999023,0.03029242902994156,1150304220
541,1130,1,32,0.03,joint,32,32,0,0,0,0,0.0,28.16893768310547,0.06459088623523712,1150304321
542,1130,1,32,0.1,joint,32,32,0,0,0,0,0.0,28.09010124206543,0.16421836614608765,1150304422
543,1130,1,32,0.3,joint,32,32,0,0,0,0,0.0,27.802879333496094,0.5290555357933044,1150304523
544,1130,1,32,1.0,joint,32,25,7,0,0,7,0.7578784625383954,17.50885009765625,18.981576919555664,1150304624
545,1130,1,40,0.01,joint,32,32,0,0,0,0,0.0,28.175148010253906,0.023666635155677795,1150314227
546,1130,1,40,0.03,joint,32,32,0,0,0,0,0.0,28.18018913269043,0.07292509078979492,1150314328
547,1130,1,40,0.1,joint,32,32,0,0,0,0,0.0,28.17597198486328,0.2647636830806732,1150314429
548,1130,1,40,0.3,joint,32,32,0,0,0,0,0.0,27.87689208984375,0.7688639163970947,1150314530
549,1130,1,40,1.0,joint,32,32,0,0,0,0,0.0,28.286527633666992,5.042575359344482,1150314631
550,1130,1,48,0.01,joint,32,32,0,0,0,0,0.0,28.177635192871094,0.028636258095502853,1150324234
551,1130,1,48,0.03,joint,32,32,0,0,0,0,0.0,28.183237075805664,0.07641571015119553,1150324335
552,1130,1,48,0.1,joint,32,32,0,0,0,0,0.0,28.15468978881836,0.23637977242469788,1150324436
553,1130,1,48,0.3,joint,32,32,0,0,0,0,0.0,27.812908172607422,0.9103301763534546,1150324537
554,1130,1,48,1.0,joint,32,32,0,0,0,0,0.0,26.171985626220703,4.252782821655273,1150324638
555,1130,1,56,0.01,joint,32,32,0,0,0,0,0.0,28.18243408203125,0.026641646400094032,1150334241
556,1130,1,56,0.03,joint,32,32,0,0,0,0,0.0,28.189584732055664,0.1151680126786232,1150334342
557,1130,1,56,0.1,joint,32,32,0,0,0,0,0.0,28.116989135742188,0.24995408952236176,1150334443
558,1130,1,56,0.3,joint,32,32,0,0,0,0,0.0,27.728317260742188,0.9097030758857727,1150334544
559,1130,1,56,1.0,joint,32,31,0,1,0,0,0.0,21.425373077392578,7.5044755935668945,1150334645
560,3344,2,0,0.01,joint,32,0,32,0,0,0,0.0,-31.160663604736328,0.005774627905339003,3364270834
561,3344,2,0,0.03,joint,32,0,32,0,0,0,0.0,-31.16412925720215,0.01042305026203394,3364270935
562,3344,2,0,0.1,joint,32,0,32,0,0,0,0.0,-31.153860092163086,0.0467480830848217,3364271036
563,3344,2,0,0.3,joint,32,1,30,1,0,1,0.205592508185083,-28.266996383666992,11.837878227233887,3364271137
564,3344,2,0,1.0,joint,32,4,27,1,0,4,0.5547781633412736,-23.36440086364746,17.458126068115234,3364271238
565,3344,2,8,0.01,joint,32,0,32,0,0,0,0.0,-31.166301727294922,0.015472203493118286,3364280841
566,3344,2,8,0.03,joint,32,0,32,0,0,0,0.0,-31.134092330932617,0.09016066789627075,3364280942
567,3344,2,8,0.1,joint,32,3,27,2,0,3,0.4689955935892812,-23.595626831054688,18.2762508392334,3364281043
568,3344,2,8,0.3,joint,32,7,24,1,0,7,0.7706290693639405,-16.538700103759766,25.778522491455078,3364281144
569,3344,2,8,1.0,joint,32,17,15,0,0,17,0.9971803988942642,2.878187656402588,29.923728942871094,3364281245
570,3344,2,16,0.01,joint,32,0,32,0,0,0,0.0,-31.165298461914062,0.013774114660918713,3364290848
571,3344,2,16,0.03,joint,32,0,32,0,0,0,0.0,-31.148921966552734,0.047977153211832047,3364290949
572,3344,2,16,0.1,joint,32,0,31,1,0,0,0.0,-29.360517501831055,6.799335479736328,3364291050
573,3344,2,16,0.3,joint,32,12,17,3,0,12,0.9784493292686189,-4.739902019500732,29.125415802001953,3364291151
574,3344,2,16,1.0,joint,32,9,23,0,0,9,0.8571484374283715,-12.589125633239746,26.791784286499023,3364291252
575,3344,2,24,0.01,joint,32,0,32,0,0,0,0.0,-31.164575576782227,0.02052893489599228,3364300855
576,3344,2,24,0.03,joint,32,0,32,0,0,0,0.0,-31.14063835144043,0.059468623250722885,3364300956
577,3344,2,24,0.1,joint,32,2,30,0,0,2,0.3372900666170139,-27.055702209472656,15.416193962097168,3364301057
578,3344,2,24,0.3,joint,32,13,19,0,0,13,0.9744894033980523,-5.614463806152344,29.466463088989258,3364301158
579,3344,2,24,1.0,joint,32,17,15,0,0,17,0.9971803988942642,2.0832698345184326,30.062307357788086,3364301259
580,3344,2,32,0.01,joint,32,0,32,0,0,0,0.0,-31.16033172607422,0.02195616066455841,3364310862
581,3344,2,32,0.03,joint,32,0,32,0,0,0,0.0,-31.153505325317383,0.05636841058731079,3364310963
582,3344,2,32,0.1,joint,32,0,32,0,0,0,0.0,-31.13205337524414,0.20874688029289246,3364311064
583,3344,2,32,0.3,joint,32,3,27,2,0,3,0.4689955935892812,-23.41534423828125,18.898300170898438,3364311165
584,3344,2,32,1.0,joint,32,12,20,0,0,12,0.954434002924965,-8.247379302978516,28.711837768554688,3364311266
585,3344,2,40,0.01,joint,32,0,32,0,0,0,0.0,-31.162063598632812,0.03680272027850151,3364320869
586,3344,2,40,0.03,joint,32,0,32,0,0,0,0.0,-31.15066909790039,0.08296121656894684,3364320970
587,3344,2,40,0.1,joint,32,0,32,0,0,0,0.0,-31.131263732910156,0.2758547365665436,3364321071
588,3344,2,40,0.3,joint,32,0,32,0,0,0,0.0,-31.021682739257812,1.0242321491241455,3364321172
589,3344,2,40,1.0,joint,32,3,29,0,0,3,0.4488644887230294,-23.7667236328125,17.060758590698242,3364321273
590,3344,2,48,0.01,joint,32,0,32,0,0,0,0.0,-31.165159225463867,0.03812588378787041,3364330876
591,3344,2,48,0.03,joint,32,0,32,0,0,0,0.0,-31.177783966064453,0.1203543022274971,3364330977
592,3344,2,48,0.1,joint,32,0,32,0,0,0,0.0,-31.21529197692871,0.3214852809906006,3364331078
593,3344,2,48,0.3,joint,32,0,32,0,0,0,0.0,-31.31589698791504,1.0701839923858643,3364331179
594,3344,2,48,1.0,joint,32,2,30,0,0,2,0.3372900666170139,-25.854511260986328,9.582245826721191,3364331280
595,3344,2,56,0.01,joint,32,0,32,0,0,0,0.0,-31.171144485473633,0.04121217131614685,3364340883
596,3344,2,56,0.03,joint,32,0,32,0,0,0,0.0,-31.1617488861084,0.0934089794754982,3364340984
597,3344,2,56,0.1,joint,32,0,32,0,0,0,0.0,-31.123180389404297,0.34164005517959595,3364341085
598,3344,2,56,0.3,joint,32,0,32,0,0,0,0.0,-30.752506256103516,1.174178123474121,3364341186
599,3344,2,56,1.0,joint,32,1,31,0,0,1,0.20062232431271465,-28.11641502380371,7.076306343078613,3364341287
600,2972,1,0,0.01,joint,32,32,0,0,0,0,0.0,24.180500030517578,0.0029279100708663464,2992269718
601,2972,1,0,0.03,joint,32,32,0,0,0,0,0.0,24.181840896606445,0.009380626492202282,2992269819
602,2972,1,0,0.1,joint,32,32,0,0,0,0,0.0,24.18228530883789,0.02393544837832451,2992269920
603,2972,1,0,0.3,joint,32,32,0,0,0,0,0.0,24.18815040588379,0.09846129268407822,2992270021
604,2972,1,0,1.0,joint,32,28,4,0,0,4,0.5435644431995964,18.171384811401367,15.897876739501953,2992270122
605,2972,1,8,0.01,joint,32,32,0,0,0,0,0.0,24.183582305908203,0.012959926389157772,2992279725
606,2972,1,8,0.03,joint,32,32,0,0,0,0,0.0,24.175466537475586,0.043760549277067184,2992279826
607,2972,1,8,0.1,joint,32,32,0,0,0,0,0.0,24.142379760742188,0.1301589012145996,2992279927
608,2972,1,8,0.3,joint,32,30,2,0,0,2,0.3372900666170139,21.415950775146484,11.555710792541504,2992280028
609,2972,1,8,1.0,joint,32,14,18,0,0,18,0.9886994082884974,-3.680816888809204,25.75008773803711,2992280129
610,2972,1,16,0.01,joint,32,32,0,0,0,0,0.0,24.180891036987305,0.017105093225836754,2992289732
611,2972,1,16,0.03,joint,32,32,0,0,0,0,0.0,24.183603286743164,0.05618952214717865,2992289833
612,2972,1,16,0.1,joint,32,32,0,0,0,0,0.0,24.20993423461914,0.16217970848083496,2992289934
613,2972,1,16,0.3,joint,32,25,7,0,0,7,0.7578784625383954,14.302828788757324,19.218875885009766,2992290035
614,2972,1,16,1.0,joint,32,19,13,0,0,13,0.9744894033980523,4.362245559692383,23.22170639038086,2992290136
615,2972,1,24,0.01,joint,32,32,0,0,0,0,0.0,24.181148529052734,0.023363100364804268,2992299739
616,2972,1,24,0.03,joint,32,32,0,0,0,0,0.0,24.1872615814209,0.06195136904716492,2992299840
617,2972,1,24,0.1,joint,32,32,0,0,0,0,0.0,24.21454620361328,0.23974207043647766,2992299941
618,2972,1,24,0.3,joint,32,25,7,0,0,7,0.7578784625383954,13.57995319366455,19.655017852783203,2992300042
619,2972,1,24,1.0,joint,32,15,17,0,0,17,0.9971803988942642,-0.02359706163406372,22.625322341918945,2992300143
620,2972,1,32,0.01,joint,32,32,0,0,0,0,0.0,24.186752319335938,0.021418461576104164,2992309746
621,2972,1,32,0.03,joint,32,32,0,0,0,0,0.0,24.168018341064453,0.0651649460196495,2992309847
622,2972,1,32,0.1,joint,32,32,0,0,0,0,0.0,24.199295043945312,0.254045695066452,2992309948
623,2972,1,32,0.3,joint,32,31,1,0,0,1,0.20062232431271465,22.449827194213867,8.557263374328613,2992310049
624,2972,1,32,1.0,joint,32,23,9,0,0,9,0.8571484374283715,9.964151382446289,21.31987953186035,2992310150
625,2972,1,40,0.01,joint,32,32,0,0,0,0,0.0,24.176685333251953,0.032147180289030075,2992319753
626,2972,1,40,0.03,joint,32,32,0,0,0,0,0.0,24.185792922973633,0.0871373638510704,2992319854
627,2972,1,40,0.1,joint,32,32,0,0,0,0,0.0,24.20092010498047,0.315957635641098,2992319955
628,2972,1,40,0.3,joint,32,32,0,0,0,0,0.0,23.858535766601562,0.9242008924484253,2992320056
629,2972,1,40,1.0,joint,32,26,6,0,0,6,0.6962122601251458,14.206695556640625,18.620515823364258,2992320157
630,2972,1,48,0.01,joint,32,32,0,0,0,0,0.0,24.181581497192383,0.03546243906021118,2992329760
631,2972,1,48,0.03,joint,32,32,0,0,0,0,0.0,24.184301376342773,0.10502906143665314,2992329861
632,2972,1,48,0.1,joint,32,32,0,0,0,0,0.0,24.270915985107422,0.4117962419986725,2992329962
633,2972,1,48,0.3,joint,32,32,0,0,0,0,0.0,23.571701049804688,1.1269959211349487,2992330063
634,2972,1,48,1.0,joint,32,29,2,1,0,2,0.3451173149449531,18.643909454345703,11.446788787841797,2992330164
635,2972,1,56,0.01,joint,32,32,0,0,0,0,0.0,24.182987213134766,0.03737043961882591,2992339767
636,2972,1,56,0.03,joint,32,32,0,0,0,0,0.0,24.15164566040039,0.11978969722986221,2992339868
637,2972,1,56,0.1,joint,32,32,0,0,0,0,0.0,24.0508975982666,0.4097626805305481,2992339969
638,2972,1,56,0.3,joint,32,32,0,0,0,0,0.0,23.41726303100586,1.5167087316513062,2992340070
639,2972,1,56,1.0,joint,32,31,1,0,0,1,0.20062232431271465,18.95621681213379,9.084632873535156,2992340171
640,3607,2,0,0.01,joint,32,0,32,0,0,0,0.0,-20.402549743652344,0.0057209269143640995,3627271623
641,3607,2,0,0.03,joint,32,0,32,0,0,0,0.0,-20.40494155883789,0.025317789986729622,3627271724
642,3607,2,0,0.1,joint,32,0,32,0,0,0,0.0,-20.420482635498047,0.089486263692379,3627271825
643,3607,2,0,0.3,joint,32,0,32,0,0,0,0.0,-20.423614501953125,0.230731800198555,3627271926
644,3607,2,0,1.0,joint,32,0,32,0,0,0,0.0,-20.67081069946289,0.6488924026489258,3627272027
645,3607,2,8,0.01,joint,32,0,32,0,0,0,0.0,-20.417057037353516,0.05346654728055,3627281630
646,3607,2,8,0.03,joint,32,0,32,0,0,0,0.0,-20.409870147705078,0.14852873980998993,3627281731
647,3607,2,8,0.1,joint,32,0,32,0,0,0,0.0,-20.35767936706543,0.3249574899673462,3627281832
648,3607,2,8,0.3,joint,32,0,32,0,0,0,0.0,-20.824594497680664,2.1047136783599854,3627281933
649,3607,2,8,1.0,joint,32,5,26,1,0,5,0.6373874992221911,-14.599916458129883,15.253929138183594,3627282034
650,3607,2,16,0.01,joint,32,0,32,0,0,0,0.0,-20.408321380615234,0.0544009804725647,3627291637
651,3607,2,16,0.03,joint,32,0,32,0,0,0,0.0,-20.458602905273438,0.16682305932044983,3627291738
652,3607,2,16,0.1,joint,32,0,32,0,0,0,0.0,-20.65962028503418,0.45771583914756775,3627291839
653,3607,2,16,0.3,joint,32,0,32,0,0,0,0.0,-20.685302734375,1.9231001138687134,3627291940
654,3607,2,16,1.0,joint,32,3,29,0,0,3,0.4488644887230294,-17.93484115600586,10.649925231933594,3627292041
655,3607,2,24,0.01,joint,32,0,32,0,0,0,0.0,-20.416046142578125,0.0476030595600605,3627301644
656,3607,2,24,0.03,joint,32,0,32,0,0,0,0.0,-20.42310333251953,0.09225314855575562,3627301745
657,3607,2,24,0.1,joint,32,0,32,0,0,0,0.0,-20.452543258666992,0.3422108590602875,3627301846
658,3607,2,24,0.3,joint,32,0,32,0,0,0,0.0,-20.633304595947266,1.1311588287353516,3627301947
659,3607,2,24,1.0,joint,32,0,32,0,0,0,0.0,-21.1978759765625,3.817244052886963,3627302048
660,3607,2,32,0.01,joint,32,0,32,0,0,0,0.0,-20.391094207763672,0.045649297535419464,3627311651
661,3607,2,32,0.03,joint,32,0,32,0,0,0,0.0,-20.47854232788086,0.16653506457805634,3627311752
662,3607,2,32,0.1,joint,32,0,32,0,0,0,0.0,-20.507591247558594,0.4396207630634308,3627311853
663,3607,2,32,0.3,joint,32,0,32,0,0,0,0.0,-21.188594818115234,1.3067880868911743,3627311954
664,3607,2,32,1.0,joint,32,0,32,0,0,0,0.0,-22.1379337310791,6.030091285705566,3627312055
665,3607,2,40,0.01,joint,32,0,32,0,0,0,0.0,-20.414501190185547,0.056445829570293427,3627321658
666,3607,2,40,0.03,joint,32,0,32,0,0,0,0.0,-20.43358612060547,0.11241456121206284,3627321759
667,3607,2,40,0.1,joint,32,0,32,0,0,0,0.0,-20.47981834411621,0.4140991270542145,3627321860
668,3607,2,40,0.3,joint,32,0,32,0,0,0,0.0,-21.23323631286621,1.3254374265670776,3627321961
669,3607,2,40,1.0,joint,32,0,32,0,0,0,0.0,-19.830530166625977,5.913136959075928,3627322062
670,3607,2,48,0.01,joint,32,0,32,0,0,0,0.0,-20.392602920532227,0.05935654044151306,3627331665
671,3607,2,48,0.03,joint,32,0,32,0,0,0,0.0,-20.376373291015625,0.15470758080482483,3627331766
672,3607,2,48,0.1,joint,32,0,32,0,0,0,0.0,-20.592824935913086,0.5987136363983154,3627331867
673,3607,2,48,0.3,joint,32,0,32,0,0,0,0.0,-20.351158142089844,1.5168124437332153,3627331968
674,3607,2,48,1.0,joint,32,0,32,0,0,0,0.0,-18.069847106933594,4.680230140686035,3627332069
675,3607,2,56,0.01,joint,32,0,32,0,0,0,0.0,-20.408245086669922,0.07050827890634537,3627341672
676,3607,2,56,0.03,joint,32,0,32,0,0,0,0.0,-20.466930389404297,0.17791323363780975,3627341773
677,3607,2,56,0.1,joint,32,0,32,0,0,0,0.0,-20.417470932006836,0.6585334539413452,3627341874
678,3607,2,56,0.3,joint,32,0,32,0,0,0,0.0,-20.687313079833984,2.3392722606658936,3627341975
679,3607,2,56,1.0,joint,32,0,32,0,0,0,0.0,-19.693058013916016,7.0842061042785645,3627342076
680,234,2,0,0.01,joint,32,0,32,0,0,0,0.0,-30.84843635559082,0.0015719454968348145,254261504
681,234,2,0,0.03,joint,32,0,32,0,0,0,0.0,-30.84933090209961,0.0037907189689576626,254261605
682,234,2,0,0.1,joint,32,0,32,0,0,0,0.0,-30.846721649169922,0.016072619706392288,254261706
683,234,2,0,0.3,joint,32,0,32,0,0,0,0.0,-30.851673126220703,0.03770558536052704,254261807
684,234,2,0,1.0,joint,32,0,32,0,0,0,0.0,-30.819774627685547,0.1344444453716278,254261908
685,234,2,8,0.01,joint,32,0,32,0,0,0,0.0,-30.84893035888672,0.007063061930239201,254271511
686,234,2,8,0.03,joint,32,0,32,0,0,0,0.0,-30.84905242919922,0.021024975925683975,254271612
687,234,2,8,0.1,joint,32,0,32,0,0,0,0.0,-30.83327293395996,0.0723336786031723,254271713
688,234,2,8,0.3,joint,32,0,32,0,0,0,0.0,-30.78644561767578,0.20222531259059906,254271814
689,234,2,8,1.0,joint,32,7,25,0,0,7,0.7578784625383954,-16.57548713684082,25.18631935119629,254271915
690,234,2,16,0.01,joint,32,0,32,0,0,0,0.0,-30.84856605529785,0.009518149308860302,254281518
691,234,2,16,0.03,joint,32,0,32,0,0,0,0.0,-30.8436279296875,0.047811221331357956,254281619
692,234,2,16,0.1,joint,32,0,32,0,0,0,0.0,-30.841054916381836,0.12338089197874069,254281720
693,234,2,16,0.3,joint,32,0,32,0,0,0,0.0,-30.841712951660156,0.37838834524154663,254281821
694,234,2,16,1.0,joint,32,4,28,0,0,4,0.5435644431995964,-22.333919525146484,19.917490005493164,254281922
695,234,2,24,0.01,joint,32,0,32,0,0,0,0.0,-30.852733612060547,0.019222456961870193,254291525
696,234,2,24,0.03,joint,32,0,32,0,0,0,0.0,-30.851051330566406,0.0706302747130394,254291626
697,234,2,24,0.1,joint,32,0,32,0,0,0,0.0,-30.816041946411133,0.1960129737854004,254291727
698,234,2,24,0.3,joint,32,0,32,0,0,0,0.0,-30.880268096923828,0.5442782640457153,254291828
699,234,2,24,1.0,joint,32,6,26,0,0,6,0.6962122601251458,-17.74556541442871,23.482545852661133,254291929
700,234,2,32,0.01,joint,32,0,32,0,0,0,0.0,-30.839494705200195,0.02588365599513054,254301532
701,234,2,32,0.03,joint,32,0,32,0,0,0,0.0,-30.853029251098633,0.09159345179796219,254301633
702,234,2,32,0.1,joint,32,0,32,0,0,0,0.0,-30.818986892700195,0.23003074526786804,254301734
703,234,2,32,0.3,joint,32,0,32,0,0,0,0.0,-30.75940704345703,0.8049518465995789,254301835
704,234,2,32,1.0,joint,32,1,31,0,0,1,0.20062232431271465,-27.452533721923828,11.474184036254883,254301936
705,234,2,40,0.01,joint,32,0,32,0,0,0,0.0,-30.845714569091797,0.028884997591376305,254311539
706,234,2,40,0.03,joint,32,0,32,0,0,0,0.0,-30.844749450683594,0.07313857227563858,254311640
707,234,2,40,0.1,joint,32,0,32,0,0,0,0.0,-30.813493728637695,0.26544931530952454,254311741
708,234,2,40,0.3,joint,32,0,32,0,0,0,0.0,-30.58890724182129,0.8380029201507568,254311842
709,234,2,40,1.0,joint,32,1,31,0,0,1,0.20062232431271465,-28.477027893066406,9.789578437805176,254311943
710,234,2,48,0.01,joint,32,0,32,0,0,0,0.0,-30.862415313720703,0.034004054963588715,254321546
711,234,2,48,0.03,joint,32,0,32,0,0,0,0.0,-30.86969757080078,0.09634868055582047,254321647
712,234,2,48,0.1,joint,32,0,32,0,0,0,0.0,-30.844589233398438,0.3001710772514343,254321748
713,234,2,48,0.3,joint,32,0,32,0,0,0,0.0,-30.622589111328125,0.8957856893539429,254321849
714,234,2,48,1.0,joint,32,0,31,1,0,0,0.0,-26.184053421020508,8.030029296875,254321950
715,234,2,56,0.01,joint,32,0,32,0,0,0,0.0,-30.841291427612305,0.03426991030573845,254331553
716,234,2,56,0.03,joint,32,0,32,0,0,0,0.0,-30.82521629333496,0.10573025792837143,254331654
717,234,2,56,0.1,joint,32,0,32,0,0,0,0.0,-30.831153869628906,0.3542959690093994,254331755
718,234,2,56,0.3,joint,32,0,32,0,0,0,0.0,-30.78299331665039,0.8759576678276062,254331856
719,234,2,56,1.0,joint,32,0,32,0,0,0,0.0,-23.987619400024414,6.414012432098389,254331957
720,430,2,0,0.01,joint,32,0,32,0,0,0,0.0,-22.41408920288086,0.015290691517293453,450262092
721,430,2,0,0.03,joint,32,0,32,0,0,0,0.0,-22.420589447021484,0.054215915501117706,450262193
722,430,2,0,0.1,joint,32,0,32,0,0,0,0.0,-22.45160675048828,0.20440725982189178,450262294
723,430,2,0,0.3,joint,32,1,31,0,0,1,0.20062232431271465,-21.05081558227539,7.879846572875977,450262395
724,430,2,0,1.0,joint,32,5,27,0,0,5,0.6252624052234231,-15.387266159057617,16.73323631286621,450262496
725,430,2,8,0.01,joint,32,0,32,0,0,0,0.0,-22.42633819580078,0.11254072189331055,450272099
726,430,2,8,0.03,joint,32,0,32,0,0,0,0.0,-22.409740447998047,0.3047480881214142,450272200
727,430,2,8,0.1,joint,32,2,30,0,0,2,0.3372900666170139,-19.703426361083984,10.987544059753418,450272301
728,430,2,8,0.3,joint,32,10,22,0,0,10,0.8960382325345574,-8.385744094848633,21.593765258789062,450272402
729,430,2,8,1.0,joint,32,20,11,1,0,20,0.9383153522334069,6.526459693908691,22.73992347717285,450272503
730,430,2,16,0.01,joint,32,0,32,0,0,0,0.0,-22.414348602294922,0.05163576453924179,450282106
731,430,2,16,0.03,joint,32,0,32,0,0,0,0.0,-22.394250869750977,0.1373533308506012,450282207
732,430,2,16,0.1,joint,32,0,32,0,0,0,0.0,-22.333406448364258,0.46280449628829956,450282308
733,430,2,16,0.3,joint,32,8,24,0,0,8,0.8112781244591328,-11.482208251953125,19.32832145690918,450282409
734,430,2,16,1.0,joint,32,12,20,0,0,12,0.954434002924965,-6.086116790771484,22.850540161132812,450282510
735,430,2,24,0.01,joint,32,0,32,0,0,0,0.0,-22.41266632080078,0.029075834900140762,450292113
736,430,2,24,0.03,joint,32,0,32,0,0,0,0.0,-22.43109130859375,0.09508616477251053,450292214
737,430,2,24,0.1,joint,32,0,32,0,0,0,0.0,-22.425073623657227,0.3382473289966583,450292315
738,430,2,24,0.3,joint,32,0,32,0,0,0,0.0,-22.71979522705078,1.0641679763793945,450292416
739,430,2,24,1.0,joint,32,4,28,0,0,4,0.5435644431995964,-16.764108657836914,14.982758522033691,450292517
740,430,2,32,0.01,joint,32,0,32,0,0,0,0.0,-22.420581817626953,0.03527407348155975,450302120
741,430,2,32,0.03,joint,32,0,32,0,0,0,0.0,-22.40416717529297,0.11660539358854294,450302221
742,430,2,32,0.1,joint,32,0,32,0,0,0,0.0,-22.468828201293945,0.3981671631336212,450302322
743,430,2,32,0.3,joint,32,0,32,0,0,0,0.0,-22.28264617919922,0.9835500121116638,450302423
744,430,2,32,1.0,joint,32,6,26,0,0,6,0.6962122601251458,-13.224618911743164,16.961198806762695,450302524
745,430,2,40,0.01,joint,32,0,32,0,0,0,0.0,-22.422693252563477,0.04377567768096924,450312127
746,430,2,40,0.03,joint,32,0,32,0,0,0,0.0,-22.418636322021484,0.15360943973064423,450312228
747,430,2,40,0.1,joint,32,0,32,0,0,0,0.0,-22.28266143798828,0.2831886410713196,450312329
748,430,2,40,0.3,joint,32,0,32,0,0,0,0.0,-22.28240966796875,1.177169680595398,450312430
749,430,2,40,1.0,joint,32,3,28,1,0,3,0.4586858162005403,-16.473966598510742,12.309403419494629,450312531
750,430,2,48,0.01,joint,32,0,32,0,0,0,0.0,-22.431346893310547,0.035407256335020065,450322134
751,430,2,48,0.03,joint,32,0,32,0,0,0,0.0,-22.447803497314453,0.13101142644882202,450322235
752,430,2,48,0.1,joint,32,0,32,0,0,0,0.0,-22.393247604370117,0.39367640018463135,450322336
753,430,2,48,0.3,joint,32,0,32,0,0,0,0.0,-22.0557804107666,1.2928017377853394,450322437
754,430,2,48,1.0,joint,32,4,28,0,0,4,0.5435644431995964,-16.99264907836914,14.608936309814453,450322538
755,430,2,56,0.01,joint,32,0,32,0,0,0,0.0,-22.41851043701172,0.04675034061074257,450332141
756,430,2,56,0.03,joint,32,0,32,0,0,0,0.0,-22.43231964111328,0.11972488462924957,450332242
757,430,2,56,0.1,joint,32,0,32,0,0,0,0.0,-22.312273025512695,0.3199918568134308,450332343
758,430,2,56,0.3,joint,32,0,32,0,0,0,0.0,-22.22469139099121,1.1089178323745728,450332444
759,430,2,56,1.0,joint,32,2,30,0,0,2,0.3372900666170139,-17.020648956298828,9.336206436157227,450332545
760,2559,2,0,0.01,joint,32,0,32,0,0,0,0.0,-17.285598754882812,0.004227038007229567,2579268479
761,2559,2,0,0.03,joint,32,0,32,0,0,0,0.0,-17.280378341674805,0.013070054352283478,2579268580
762,2559,2,0,0.1,joint,32,0,32,0,0,0,0.0,-17.2797794342041,0.048589009791612625,2579268681
763,2559,2,0,0.3,joint,32,0,32,0,0,0,0.0,-17.294696807861328,0.12457477301359177,2579268782
764,2559,2,0,1.0,joint,32,0,32,0,0,0,0.0,-17.637954711914062,0.8877166509628296,2579268883
765,2559,2,8,0.01,joint,32,0,32,0,0,0,0.0,-17.286331176757812,0.01699003204703331,2579278486
766,2559,2,8,0.03,joint,32,0,32,0,0,0,0.0,-17.298574447631836,0.06866059452295303,2579278587
767,2559,2,8,0.1,joint,32,0,32,0,0,0,0.0,-17.311180114746094,0.21086594462394714,2579278688
768,2559,2,8,0.3,joint,32,0,32,0,0,0,0.0,-17.0861873626709,0.7549401521682739,2579278789
769,2559,2,8,1.0,joint,32,1,31,0,0,1,0.20062232431271465,-17.27648162841797,6.775468826293945,2579278890
770,2559,2,16,0.01,joint,32,0,32,0,0,0,0.0,-17.293943405151367,0.03215585649013519,2579288493
771,2559,2,16,0.03,joint,32,0,32,0,0,0,0.0,-17.322528839111328,0.12111259996891022,2579288594
772,2559,2,16,0.1,joint,32,0,32,0,0,0,0.0,-17.391027450561523,0.3705272674560547,2579288695
773,2559,2,16,0.3,joint,32,0,32,0,0,0,0.0,-18.102615356445312,2.128429412841797,2579288796
774,2559,2,16,1.0,joint,32,0,32,0,0,0,0.0,-20.899702072143555,5.3076491355896,2579288897
775,2559,2,24,0.01,joint,32,0,32,0,0,0,0.0,-17.277036666870117,0.03256736323237419,2579298500
776,2559,2,24,0.03,joint,32,0,32,0,0,0,0.0,-17.307952880859375,0.11389874666929245,2579298601
777,2559,2,24,0.1,joint,32,0,32,0,0,0,0.0,-17.51227569580078,0.5051331520080566,2579298702
778,2559,2,24,0.3,joint,32,0,32,0,0,0,0.0,-19.176284790039062,2.5258867740631104,2579298803
779,2559,2,24,1.0,joint,32,0,32,0,0,0,0.0,-21.74890899658203,7.047290802001953,2579298904
780,2559,2,32,0.01,joint,32,0,32,0,0,0,0.0,-17.28856658935547,0.04971509054303169,2579308507
781,2559,2,32,0.03,joint,32,0,32,0,0,0,0.0,-17.285221099853516,0.17064353823661804,2579308608
782,2559,2,32,0.1,joint,32,0,32,0,0,0,0.0,-17.460323333740234,0.6606886386871338,2579308709
783,2559,2,32,0.3,joint,32,0,32,0,0,0,0.0,-17.7841739654541,1.5477941036224365,2579308810
784,2559,2,32,1.0,joint,32,0,32,0,0,0,0.0,-20.784812927246094,6.190457820892334,2579308911
785,2559,2,40,0.01,joint,32,0,32,0,0,0,0.0,-17.28612518310547,0.04990803822875023,2579318514
786,2559,2,40,0.03,joint,32,0,32,0,0,0,0.0,-17.339397430419922,0.15102438628673553,2579318615
787,2559,2,40,0.1,joint,32,0,32,0,0,0,0.0,-17.474071502685547,0.5994812250137329,2579318716
788,2559,2,40,0.3,joint,32,0,32,0,0,0,0.0,-18.397096633911133,2.742959976196289,2579318817
789,2559,2,40,1.0,joint,32,0,32,0,0,0,0.0,-19.934629440307617,7.933925628662109,2579318918
790,2559,2,48,0.01,joint,32,0,32,0,0,0,0.0,-17.295637130737305,0.045260507613420486,2579328521
791,2559,2,48,0.03,joint,32,0,32,0,0,0,0.0,-17.302200317382812,0.1614600270986557,2579328622
792,2559,2,48,0.1,joint,32,0,32,0,0,0,0.0,-17.323640823364258,0.6723742485046387,2579328723
793,2559,2,48,0.3,joint,32,0,32,0,0,0,0.0,-18.94660186767578,2.6223878860473633,2579328824
794,2559,2,48,1.0,joint,32,0,32,0,0,0,0.0,-23.367061614990234,9.050918579101562,2579328925
795,2559,2,56,0.01,joint,32,0,32,0,0,0,0.0,-17.289657592773438,0.0660502091050148,2579338528
796,2559,2,56,0.03,joint,32,0,32,0,0,0,0.0,-17.325698852539062,0.1544508934020996,2579338629
797,2559,2,56,0.1,joint,32,0,32,0,0,0,0.0,-17.49118995666504,0.7586074471473694,2579338730
798,2559,2,56,0.3,joint,32,0,32,0,0,0,0.0,-17.47938346862793,1.756222128868103,2579338831
799,2559,2,56,1.0,joint,32,0,32,0,0,0,0.0,-19.476585388183594,6.335660934448242,2579338932
800,3756,1,0,0.01,joint,32,32,0,0,0,0,0.0,22.642578125,0.003732457524165511,3776272070
801,3756,1,0,0.03,joint,32,32,0,0,0,0,0.0,22.640602111816406,0.009235567413270473,3776272171
802,3756,1,0,0.1,joint,32,32,0,0,0,0,0.0,22.637821197509766,0.034832779318094254,3776272272
803,3756,1,0,0.3,joint,32,32,0,0,0,0,0.0,22.644287109375,0.07132475078105927,3776272373
804,3756,1,0,1.0,joint,32,32,0,0,0,0,0.0,22.774608612060547,0.29420745372772217,3776272474
805,3756,1,8,0.01,joint,32,32,0,0,0,0,0.0,22.6418399810791,0.013913608156144619,3776282077
806,3756,1,8,0.03,joint,32,32,0,0,0,0,0.0,22.654558181762695,0.04347139224410057,3776282178
807,3756,1,8,0.1,joint,32,32,0,0,0,0,0.0,22.650394439697266,0.14841477572917938,3776282279
808,3756,1,8,0.3,joint,32,30,2,0,0,2,0.3372900666170139,19.728422164916992,11.354379653930664,3776282380
809,3756,1,8,1.0,joint,32,24,8,0,0,8,0.8112781244591328,10.684040069580078,19.48215675354004,3776282481
810,3756,1,16,0.01,joint,32,32,0,0,0,0,0.0,22.63750457763672,0.024170732125639915,3776292084
811,3756,1,16,0.03,joint,32,32,0,0,0,0,0.0,22.637882232666016,0.06340675055980682,3776292185
812,3756,1,16,0.1,joint,32,32,0,0,0,0,0.0,22.70281219482422,0.264754980802536,3776292286
813,3756,1,16,0.3,joint,32,32,0,0,0,0,0.0,22.8254337310791,0.6560196280479431,3776292387
814,3756,1,16,1.0,joint,32,22,10,0,0,10,0.8960382325345574,8.196237564086914,20.745746612548828,3776292488
815,3756,1,24,0.01,joint,32,32,0,0,0,0,0.0,22.637582778930664,0.03392280265688896,3776302091
816,3756,1,24,0.03,joint,32,32,0,0,0,0,0.0,22.625343322753906,0.10971930623054504,3776302192
817,3756,1,24,0.1,joint,32,32,0,0,0,0,0.0,22.674659729003906,0.37982243299484253,3776302293
818,3756,1,24,0.3,joint,32,32,0,0,0,0,0.0,22.437795639038086,1.198254942893982,3776302394
819,3756,1,24,1.0,joint,32,26,6,0,0,6,0.6962122601251458,13.902397155761719,17.25235366821289,3776302495
820,3756,1,32,0.01,joint,32,32,0,0,0,0,0.0,22.63174819946289,0.05357487127184868,3776312098
821,3756,1,32,0.03,joint,32,32,0,0,0,0,0.0,22.68065643310547,0.1371825486421585,3776312199
822,3756,1,32,0.1,joint,32,32,0,0,0,0,0.0,22.562896728515625,0.3321978747844696,3776312300
823,3756,1,32,0.3,joint,32,32,0,0,0,0,0.0,22.12019920349121,2.0544261932373047,3776312401
824,3756,1,32,1.0,joint,32,27,5,0,0,5,0.6252624052234231,14.731195449829102,16.562036514282227,3776312502
825,3756,1,40,0.01,joint,32,32,0,0,0,0,0.0,22.63092803955078,0.04948388412594795,3776322105
826,3756,1,40,0.03,joint,32,32,0,0,0,0,0.0,22.679773330688477,0.11885479092597961,3776322206
827,3756,1,40,0.1,joint,32,32,0,0,0,0,0.0,22.595693588256836,0.5660247802734375,3776322307
828,3756,1,40,0.3,joint,32,32,0,0,0,0,0.0,21.66841697692871,2.444020986557007,3776322408
829,3756,1,40,1.0,joint,32,27,5,0,0,5,0.6252624052234231,12.647466659545898,12.183270454406738,3776322509
830,3756,1,48,0.01,joint,32,32,0,0,0,0,0.0,22.655811309814453,0.055999450385570526,3776332112
831,3756,1,48,0.03,joint,32,32,0,0,0,0,0.0,22.569007873535156,0.16568966209888458,3776332213
832,3756,1,48,0.1,joint,32,32,0,0,0,0,0.0,22.466163635253906,0.6105177402496338,3776332314
833,3756,1,48,0.3,joint,32,32,0,0,0,0,0.0,21.72870635986328,2.77675461769104,3776332415
834,3756,1,48,1.0,joint,32,26,5,1,0,5,0.6373874992221911,13.302570343017578,11.85354995727539,3776332516
835,3756,1,56,0.01,joint,32,32,0,0,0,0,0.0,22.639698028564453,0.06363128125667572,3776342119
836,3756,1,56,0.03,joint,32,32,0,0,0,0,0.0,22.63298797607422,0.1887298971414566,3776342220
837,3756,1,56,0.1,joint,32,32,0,0,0,0,0.0,22.59857177734375,0.5844570994377136,3776342321
838,3756,1,56,0.3,joint,32,32,0,0,0,0,0.0,20.68921661376953,2.803833484649658,3776342422
839,3756,1,56,1.0,joint,32,28,2,2,0,2,0.3533593350214213,11.315532684326172,7.484600067138672,3776342523
840,271,2,0,0.01,joint,32,0,32,0,0,0,0.0,-30.567276000976562,0.010211114771664143,291261615
841,271,2,0,0.03,joint,32,0,32,0,0,0,0.0,-30.57350730895996,0.02410035766661167,291261716
842,271,2,0,0.1,joint,32,0,32,0,0,0,0.0,-30.571884155273438,0.07447391748428345,291261817
843,271,2,0,0.3,joint,32,0,32,0,0,0,0.0,-30.63347053527832,0.15508070588111877,291261918
844,271,2,0,1.0,joint,32,0,31,1,0,0,0.0,-29.860286712646484,5.091524600982666,291262019
845,271,2,8,0.01,joint,32,0,32,0,0,0,0.0,-30.570642471313477,0.0298500694334507,291271622
846,271,2,8,0.03,joint,32,0,32,0,0,0,0.0,-30.556190490722656,0.0733436793088913,291271723
847,271,2,8,0.1,joint,32,0,32,0,0,0,0.0,-30.609603881835938,0.22149963676929474,291271824
848,271,2,8,0.3,joint,32,0,31,1,0,0,0.0,-29.817296981811523,4.935242176055908,291271925
849,271,2,8,1.0,joint,32,4,21,7,0,4,0.6343095546405662,-16.53420639038086,21.7606143951416,291272026
850,271,2,16,0.01,joint,32,0,32,0,0,0,0.0,-30.575578689575195,0.03257957473397255,291281629
851,271,2,16,0.03,joint,32,0,32,0,0,0,0.0,-30.595687866210938,0.09811758995056152,291281730
852,271,2,16,0.1,joint,32,0,32,0,0,0,0.0,-30.59838104248047,0.31499046087265015,291281831
853,271,2,16,0.3,joint,32,0,29,3,0,0,0.0,-27.45545768737793,8.320837020874023,291281932
854,271,2,16,1.0,joint,32,3,26,3,0,3,0.4798320236161285,-20.406635284423828,18.124462127685547,291282033
855,271,2,24,0.01,joint,32,0,32,0,0,0,0.0,-30.55917739868164,0.03672795742750168,291291636
856,271,2,24,0.03,joint,32,0,32,0,0,0,0.0,-30.56026840209961,0.13683757185935974,291291737
857,271,2,24,0.1,joint,32,0,32,0,0,0,0.0,-30.639211654663086,0.3577251136302948,291291838
858,271,2,24,0.3,joint,32,0,32,0,0,0,0.0,-30.830097198486328,1.0211877822875977,291291939
859,271,2,24,1.0,joint,32,1,25,6,0,1,0.23519338181924143,-22.97800064086914,14.043209075927734,291292040
860,271,2,32,0.01,joint,32,0,32,0,0,0,0.0,-30.5693416595459,0.06232057139277458,291301643
861,271,2,32,0.03,joint,32,0,32,0,0,0,0.0,-30.5650691986084,0.14263136684894562,291301744
862,271,2,32,0.1,joint,32,0,32,0,0,0,0.0,-30.446237564086914,0.5732846260070801,291301845
863,271,2,32,0.3,joint,32,0,32,0,0,0,0.0,-30.815391540527344,1.2549219131469727,291301946
864,271,2,32,1.0,joint,32,3,29,0,0,3,0.4488644887230294,-25.34988784790039,15.406347274780273,291302047
865,271,2,40,0.01,joint,32,0,32,0,0,0,0.0,-30.574874877929688,0.048705991357564926,291311650
866,271,2,40,0.03,joint,32,0,32,0,0,0,0.0,-30.61265754699707,0.14517295360565186,291311751
867,271,2,40,0.1,joint,32,0,32,0,0,0,0.0,-30.44227409362793,0.4329027831554413,291311852
868,271,2,40,0.3,joint,32,0,32,0,0,0,0.0,-31.032682418823242,1.3234413862228394,291311953
869,271,2,40,1.0,joint,32,0,32,0,0,0,0.0,-27.540122985839844,6.752303600311279,291312054
870,271,2,48,0.01,joint,32,0,32,0,0,0,0.0,-30.566194534301758,0.060030706226825714,291321657
871,271,2,48,0.03,joint,32,0,32,0,0,0,0.0,-30.570533752441406,0.19413086771965027,291321758
872,271,2,48,0.1,joint,32,0,32,0,0,0,0.0,-30.717666625976562,0.5130484104156494,291321859
873,271,2,48,0.3,joint,32,0,32,0,0,0,0.0,-31.098072052001953,1.4175409078598022,291321960
874,271,2,48,1.0,joint,32,1,31,0,0,1,0.20062232431271465,-26.159175872802734,9.884472846984863,291322061
875,271,2,56,0.01,joint,32,0,32,0,0,0,0.0,-30.553546905517578,0.06456420570611954,291331664
876,271,2,56,0.03,joint,32,0,32,0,0,0,0.0,-30.55908966064453,0.2085205465555191,291331765
877,271,2,56,0.1,joint,32,0,32,0,0,0,0.0,-30.470834732055664,0.5537331104278564,291331866
878,271,2,56,0.3,joint,32,0,32,0,0,0,0.0,-31.155595779418945,1.6264647245407104,291331967
879,271,2,56,1.0,joint,32,0,32,0,0,0,0.0,-22.96310043334961,8.167715072631836,291332068
880,858,2,0,0.01,joint,32,0,32,0,0,0,0.0,-24.66750717163086,0.030848119407892227,878263376
881,858,2,0,0.03,joint,32,0,32,0,0,0,0.0,-24.666397094726562,0.09044481068849564,878263477
882,858,2,0,0.1,joint,32,0,32,0,0,0,0.0,-24.5949764251709,0.3307719826698303,878263578
883,858,2,0,0.3,joint,32,0,32,0,0,0,0.0,-26.1852970123291,2.0086991786956787,878263679
884,858,2,0,1.0,joint,32,0,32,0,0,0,0.0,-24.400447845458984,5.061969757080078,878263780
885,858,2,8,0.01,joint,32,0,32,0,0,0,0.0,-24.684114456176758,0.22368165850639343,878273383
886,858,2,8,0.03,joint,32,0,32,0,0,0,0.0,-24.64595603942871,0.7059028148651123,878273484
887,858,2,8,0.1,joint,32,0,32,0,0,0,0.0,-24.84103775024414,3.0540623664855957,878273585
888,858,2,8,0.3,joint,32,0,32,0,0,0,0.0,-26.102718353271484,6.059952259063721,878273686
889,858,2,8,1.0,joint,32,3,29,0,0,3,0.4488644887230294,-25.777420043945312,14.869938850402832,878273787
890,858,2,16,0.01,joint,32,0,32,0,0,0,0.0,-24.545684814453125,0.4138752222061157,878283390
891,858,2,16,0.03,joint,32,0,32,0,0,0,0.0,-24.43657684326172,1.2256897687911987,878283491
892,858,2,16,0.1,joint,32,0,32,0,0,0,0.0,-24.991174697875977,3.5769436359405518,878283592
893,858,2,16,0.3,joint,32,0,32,0,0,0,0.0,-23.137096405029297,8.1812744140625,878283693
894,858,2,16,1.0,joint,32,2,30,0,0,2,0.3372900666170139,-24.089523315429688,12.201034545898438,878283794
895,858,2,24,0.01,joint,32,0,32,0,0,0,0.0,-24.62071990966797,0.47322696447372437,878293397
896,858,2,24,0.03,joint,32,0,32,0,0,0,0.0,-24.894939422607422,1.339027762413025,878293498
897,858,2,24,0.1,joint,32,0,32,0,0,0,0.0,-22.823110580444336,3.6882357597351074,878293599
898,858,2,24,0.3,joint,32,1,30,1,0,1,0.205592508185083,-23.39622688293457,8.594233512878418,878293700
899,858,2,24,1.0,joint,32,7,25,0,0,7,0.7578784625383954,-15.569926261901855,21.775896072387695,878293801
900,858,2,32,0.01,joint,32,0,32,0,0,0,0.0,-24.624996185302734,0.6609353423118591,878303404
901,858,2,32,0.03,joint,32,0,32,0,0,0,0.0,-24.8721923828125,1.8595198392868042,878303505
902,858,2,32,0.1,joint,32,0,32,0,0,0,0.0,-24.032081604003906,5.224380970001221,878303606
903,858,2,32,0.3,joint,32,2,30,0,0,2,0.3372900666170139,-19.777088165283203,11.373594284057617,878303707
904,858,2,32,1.0,joint,32,13,19,0,0,13,0.9744894033980523,-6.095736503601074,27.108903884887695,878303808
905,858,2,40,0.01,joint,32,0,32,0,0,0,0.0,-24.935039520263672,0.7434559464454651,878313411
906,858,2,40,0.03,joint,32,0,32,0,0,0,0.0,-23.91806983947754,2.2576940059661865,878313512
907,858,2,40,0.1,joint,32,0,32,0,0,0,0.0,-23.64934730529785,5.54766845703125,878313613
908,858,2,40,0.3,joint,32,1,30,1,0,1,0.205592508185083,-20.76088523864746,12.018352508544922,878313714
909,858,2,40,1.0,joint,32,12,20,0,0,12,0.954434002924965,-7.838153839111328,27.399829864501953,878313815
910,858,2,48,0.01,joint,32,0,32,0,0,0,0.0,-24.72476577758789,0.7294884920120239,878323418
911,858,2,48,0.03,joint,32,0,32,0,0,0,0.0,-24.507923126220703,1.9847230911254883,878323519
912,858,2,48,0.1,joint,32,0,32,0,0,0,0.0,-25.008041381835938,5.341272830963135,878323620
913,858,2,48,0.3,joint,32,1,29,2,0,1,0.21084230031853213,-18.223163604736328,13.602418899536133,878323721
914,858,2,48,1.0,joint,32,11,21,0,0,11,0.9283620723948676,-8.632074356079102,25.542638778686523,878323822
915,858,2,56,0.01,joint,32,0,32,0,0,0,0.0,-24.66303253173828,0.1320444792509079,878333425
916,858,2,56,0.03,joint,32,0,32,0,0,0,0.0,-24.729583740234375,0.38851234316825867,878333526
917,858,2,56,0.1,joint,32,0,32,0,0,0,0.0,-24.671409606933594,1.106791377067566,878333627
918,858,2,56,0.3,joint,32,0,32,0,0,0,0.0,-23.361412048339844,4.287376403808594,878333728
919,858,2,56,1.0,joint,32,0,30,2,0,0,0.0,-18.714797973632812,7.124560356140137,878333829
920,2010,1,0,0.01,joint,32,32,0,0,0,0,0.0,25.518659591674805,0.048771873116493225,2030266832
921,2010,1,0,0.03,joint,32,32,0,0,0,0,0.0,25.591571807861328,0.21670591831207275,2030266933
922,2010,1,0,0.1,joint,32,32,0,0,0,0,0.0,25.85503387451172,0.7469200491905212,2030267034
923,2010,1,0,0.3,joint,32,32,0,0,0,0,0.0,26.45469093322754,2.237708806991577,2030267135
924,2010,1,0,1.0,joint,32,26,2,4,0,2,0.3712323266408755,21.0665283203125,14.656624794006348,2030267236
925,2010,1,8,0.01,joint,32,32,0,0,0,0,0.0,25.69803237915039,0.49566978216171265,2030276839
926,2010,1,8,0.03,joint,32,32,0,0,0,0,0.0,26.16826629638672,0.8112173676490784,2030276940
927,2010,1,8,0.1,joint,32,30,2,0,0,2,0.3372900666170139,24.206520080566406,8.956374168395996,2030277041
928,2010,1,8,0.3,joint,32,24,2,6,0,2,0.3912435636292555,18.935165405273438,17.62435531616211,2030277142
929,2010,1,8,1.0,joint,32,7,8,17,0,8,0.9967916319816366,-1.904181957244873,20.367889404296875,2030277243
930,2010,1,16,0.01,joint,32,32,0,0,0,0,0.0,25.49597930908203,0.1939421445131302,2030286846
931,2010,1,16,0.03,joint,32,32,0,0,0,0,0.0,25.743215560913086,0.7165844440460205,2030286947
932,2010,1,16,0.1,joint,32,32,0,0,0,0,0.0,26.734394073486328,1.7083282470703125,2030287048
933,2010,1,16,0.3,joint,32,29,2,1,0,2,0.3451173149449531,21.546100616455078,14.122586250305176,2030287149
934,2010,1,16,1.0,joint,32,14,6,12,0,6,0.8812908992306927,8.74822998046875,19.618026733398438,2030287250
935,2010,1,24,0.01,joint,32,32,0,0,0,0,0.0,25.537649154663086,0.182852104306221,2030296853
936,2010,1,24,0.03,joint,32,32,0,0,0,0,0.0,25.83626365661621,0.5124335885047913,2030296954
937,2010,1,24,0.1,joint,32,32,0,0,0,0,0.0,26.373422622680664,1.8366456031799316,2030297055
938,2010,1,24,0.3,joint,32,32,0,0,0,0,0.0,25.456928253173828,5.617737770080566,2030297156
939,2010,1,24,1.0,joint,32,24,6,2,0,6,0.7219280948873623,17.799339294433594,23.884992599487305,2030297257
940,2010,1,32,0.01,joint,32,32,0,0,0,0,0.0,25.42329978942871,0.22867713868618011,2030306860
941,2010,1,32,0.03,joint,32,32,0,0,0,0,0.0,25.470375061035156,0.6047073006629944,2030306961
942,2010,1,32,0.1,joint,32,32,0,0,0,0,0.0,25.47528076171875,1.3704503774642944,2030307062
943,2010,1,32,0.3,joint,32,31,0,1,0,0,0.0,25.073837280273438,5.221999645233154,2030307163
944,2010,1,32,1.0,joint,32,17,0,15,0,0,0.0,18.42595100402832,11.615280151367188,2030307264
945,2010,1,40,0.01,joint,32,32,0,0,0,0,0.0,25.501447677612305,0.10179682821035385,2030316867
946,2010,1,40,0.03,joint,32,32,0,0,0,0,0.0,25.474273681640625,0.30107951164245605,2030316968
947,2010,1,40,0.1,joint,32,32,0,0,0,0,0.0,26.091670989990234,0.8234714865684509,2030317069
948,2010,1,40,0.3,joint,32,32,0,0,0,0,0.0,25.470354080200195,3.7282426357269287,2030317170
949,2010,1,40,1.0,joint,32,22,6,4,0,6,0.74959525725948,13.368021011352539,20.489492416381836,2030317271
950,2010,1,48,0.01,joint,32,32,0,0,0,0,0.0,25.510860443115234,0.04629746824502945,2030326874
951,2010,1,48,0.03,joint,32,32,0,0,0,0,0.0,25.490659713745117,0.18891297280788422,2030326975
952,2010,1,48,0.1,joint,32,32,0,0,0,0,0.0,25.52191734313965,0.45852890610694885,2030327076
953,2010,1,48,0.3,joint,32,32,0,0,0,0,0.0,25.143375396728516,1.6767383813858032,2030327177
954,2010,1,48,1.0,joint,32,27,3,2,0,3,0.4689955935892811,18.302783966064453,12.232030868530273,2030327278
955,2010,1,56,0.01,joint,32,32,0,0,0,0,0.0,25.493345260620117,0.038176603615283966,2030336881
956,2010,1,56,0.03,joint,32,32,0,0,0,0,0.0,25.494457244873047,0.12442606687545776,2030336982
957,2010,1,56,0.1,joint,32,32,0,0,0,0,0.0,25.438556671142578,0.4443168342113495,2030337083
958,2010,1,56,0.3,joint,32,32,0,0,0,0,0.0,25.18482208251953,1.8715547323226929,2030337184
959,2010,1,56,1.0,joint,32,31,1,0,0,1,0.20062232431271465,24.594228744506836,9.98719310760498,2030337285
960,3131,1,0,0.01,joint,32,32,0,0,0,0,0.0,30.031604766845703,0.002039752434939146,3151270195
961,3131,1,0,0.03,joint,32,32,0,0,0,0,0.0,30.034164428710938,0.007864612154662609,3151270296
962,3131,1,0,0.1,joint,32,32,0,0,0,0,0.0,30.034576416015625,0.021546581760048866,3151270397
963,3131,1,0,0.3,joint,32,32,0,0,0,0,0.0,30.035112380981445,0.037988562136888504,3151270498
964,3131,1,0,1.0,joint,32,30,2,0,0,2,0.3372900666170139,26.25554656982422,14.473749160766602,3151270599
965,3131,1,8,0.01,joint,32,32,0,0,0,0,0.0,30.0288028717041,0.0157476719468832,3151280202
966,3131,1,8,0.03,joint,32,32,0,0,0,0,0.0,30.03553009033203,0.036966435611248016,3151280303
967,3131,1,8,0.1,joint,32,32,0,0,0,0,0.0,30.025867462158203,0.1204179972410202,3151280404
968,3131,1,8,0.3,joint,32,21,11,0,0,11,0.9283620723948676,9.417858123779297,28.338321685791016,3151280505
969,3131,1,8,1.0,joint,32,18,14,0,0,14,0.9886994082884974,3.907454013824463,29.112571716308594,3151280606
970,3131,1,16,0.01,joint,32,32,0,0,0,0,0.0,30.02847671508789,0.015893884003162384,3151290209
971,3131,1,16,0.03,joint,32,32,0,0,0,0,0.0,30.03989028930664,0.059076931327581406,3151290310
972,3131,1,16,0.1,joint,32,32,0,0,0,0,0.0,29.999130249023438,0.1684361696243286,3151290411
973,3131,1,16,0.3,joint,32,27,5,0,0,5,0.6252624052234231,20.6754207611084,21.59339714050293,3151290512
974,3131,1,16,1.0,joint,32,23,9,0,0,9,0.8571484374283715,12.744958877563477,26.00975799560547,3151290613
975,3131,1,24,0.01,joint,32,32,0,0,0,0,0.0,30.036317825317383,0.026080084964632988,3151300216
976,3131,1,24,0.03,joint,32,32,0,0,0,0,0.0,30.027366638183594,0.06933363527059555,3151300317
977,3131,1,24,0.1,joint,32,32,0,0,0,0,0.0,30.02923011779785,0.25241532921791077,3151300418
978,3131,1,24,0.3,joint,32,32,0,0,0,0,0.0,29.95097541809082,0.7504348158836365,3151300519
979,3131,1,24,1.0,joint,32,27,5,0,0,5,0.6252624052234231,20.507463455200195,21.562524795532227,3151300620
980,3131,1,32,0.01,joint,32,32,0,0,0,0,0.0,30.022493362426758,0.035302285104990005,3151310223
981,3131,1,32,0.03,joint,32,32,0,0,0,0,0.0,30.019227981567383,0.09355365484952927,3151310324
982,3131,1,32,0.1,joint,32,32,0,0,0,0,0.0,29.861534118652344,0.30610135197639465,3151310425
983,3131,1,32,0.3,joint,32,32,0,0,0,0,0.0,29.673871994018555,0.9182308912277222,3151310526
984,3131,1,32,1.0,joint,32,24,8,0,0,8,0.8112781244591328,14.965656280517578,25.190750122070312,3151310627
985,3131,1,40,0.01,joint,32,32,0,0,0,0,0.0,30.0314998626709,0.027401028200984,3151320230
986,3131,1,40,0.03,joint,32,32,0,0,0,0,0.0,30.05169677734375,0.07787465304136276,3151320331
987,3131,1,40,0.1,joint,32,32,0,0,0,0,0.0,29.96143913269043,0.2549596130847931,3151320432
988,3131,1,40,0.3,joint,32,32,0,0,0,0,0.0,29.592090606689453,0.941587507724762,3151320533
989,3131,1,40,1.0,joint,32,28,4,0,0,4,0.5435644431995964,23.31784439086914,19.58588409423828,3151320634
990,3131,1,48,0.01,joint,32,32,0,0,0,0,0.0,30.02493667602539,0.02866392210125923,3151330237
991,3131,1,48,0.03,joint,32,32,0,0,0,0,0.0,30.016603469848633,0.104055255651474,3151330338
992,3131,1,48,0.1,joint,32,32,0,0,0,0,0.0,30.070571899414062,0.35517528653144836,3151330439
993,3131,1,48,0.3,joint,32,32,0,0,0,0,0.0,29.64401626586914,0.8997427821159363,3151330540
994,3131,1,48,1.0,joint,32,26,6,0,0,6,0.6962122601251458,18.598243713378906,19.84695816040039,3151330641
995,3131,1,56,0.01,joint,32,32,0,0,0,0,0.0,30.02916717529297,0.027522260323166847,3151340244
996,3131,1,56,0.03,joint,32,32,0,0,0,0,0.0,30.05384063720703,0.11140868067741394,3151340345
997,3131,1,56,0.1,joint,32,32,0,0,0,0,0.0,30.08072280883789,0.38225653767585754,3151340446
998,3131,1,56,0.3,joint,32,32,0,0,0,0,0.0,29.488555908203125,0.9610163569450378,3151340547
999,3131,1,56,1.0,joint,32,31,1,0,0,1,0.20062232431271465,21.213258743286133,9.476127624511719,3151340648
1000,1239,1,0,0.01,joint,32,32,0,0,0,0,0.0,18.717363357543945,0.0035055086482316256,1259264519
1001,1239,1,0,0.03,joint,32,32,0,0,0,0,0.0,18.717823028564453,0.014850782230496407,1259264620
1002,1239,1,0,0.1,joint,32,32,0,0,0,0,0.0,18.7110595703125,0.04569685459136963,1259264721
1003,1239,1,0,0.3,joint,32,32,0,0,0,0,0.0,18.69948959350586,0.13900956511497498,1259264822
1004,1239,1,0,1.0,joint,32,32,0,0,0,0,0.0,18.665903091430664,0.6490851640701294,1259264923
1005,1239,1,8,0.01,joint,32,32,0,0,0,0,0.0,18.71967124938965,0.03354717046022415,1259274526
1006,1239,1,8,0.03,joint,32,32,0,0,0,0,0.0,18.698759078979492,0.12564842402935028,1259274627
1007,1239,1,8,0.1,joint,32,32,0,0,0,0,0.0,18.72174835205078,0.4231604337692261,1259274728
1008,1239,1,8,0.3,joint,32,31,1,0,0,1,0.20062232431271465,17.287494659423828,6.3054070472717285,1259274829
1009,1239,1,8,1.0,joint,32,25,7,0,0,7,0.7578784625383954,11.421026229858398,16.306076049804688,1259274930
1010,1239,1,16,0.01,joint,32,32,0,0,0,0,0.0,18.714500427246094,0.03382401913404465,1259284533
1011,1239,1,16,0.03,joint,32,32,0,0,0,0,0.0,18.6915283203125,0.11416896432638168,1259284634
1012,1239,1,16,0.1,joint,32,32,0,0,0,0,0.0,18.76216697692871,0.4179140329360962,1259284735
1013,1239,1,16,0.3,joint,32,32,0,0,0,0,0.0,18.614809036254883,1.290982723236084,1259284836
1014,1239,1,16,1.0,joint,32,31,1,0,0,1,0.20062232431271465,18.428035736083984,7.692237854003906,1259284937
1015,1239,1,24,0.01,joint,32,32,0,0,0,0,0.0,18.709033966064453,0.06481464952230453,1259294540
1016,1239,1,24,0.03,joint,32,32,0,0,0,0,0.0,18.683612823486328,0.11604739725589752,1259294641
1017,1239,1,24,0.1,joint,32,32,0,0,0,0,0.0,18.737438201904297,0.5364505052566528,1259294742
1018,1239,1,24,0.3,joint,32,32,0,0,0,0,0.0,18.980010986328125,1.830950140953064,1259294843
1019,1239,1,24,1.0,joint,32,32,0,0,0,0,0.0,18.474925994873047,7.362999439239502,1259294944
1020,1239,1,32,0.01,joint,32,32,0,0,0,0,0.0,18.717208862304688,0.05198711156845093,1259304547
1021,1239,1,32,0.03,joint,32,32,0,0,0,0,0.0,18.719310760498047,0.14806914329528809,1259304648
1022,1239,1,32,0.1,joint,32,32,0,0,0,0,0.0,18.902896881103516,0.555892288684845,1259304749
1023,1239,1,32,0.3,joint,32,32,0,0,0,0,0.0,18.722320556640625,1.8612254858016968,1259304850
1024,1239,1,32,1.0,joint,32,30,2,0,0,2,0.3372900666170139,16.874645233154297,9.254528045654297,1259304951
1025,1239,1,40,0.01,joint,32,32,0,0,0,0,0.0,18.73653793334961,0.051175374537706375,1259314554
1026,1239,1,40,0.03,joint,32,32,0,0,0,0,0.0,18.708511352539062,0.1430041342973709,1259314655
1027,1239,1,40,0.1,joint,32,32,0,0,0,0,0.0,18.632099151611328,0.6132054328918457,1259314756
1028,1239,1,40,0.3,joint,32,32,0,0,0,0,0.0,18.815692901611328,2.3086209297180176,1259314857
1029,1239,1,40,1.0,joint,32,31,1,0,0,1,0.20062232431271465,18.074687957763672,8.374521255493164,1259314958
1030,1239,1,48,0.01,joint,32,32,0,0,0,0,0.0,18.70018768310547,0.056673601269721985,1259324561
1031,1239,1,48,0.03,joint,32,32,0,0,0,0,0.0,18.680261611938477,0.22077825665473938,1259324662
1032,1239,1,48,0.1,joint,32,32,0,0,0,0,0.0,18.57508087158203,0.6632022261619568,1259324763
1033,1239,1,48,0.3,joint,32,32,0,0,0,0,0.0,18.785688400268555,2.348388433456421,1259324864
1034,1239,1,48,1.0,joint,32,30,2,0,0,2,0.3372900666170139,16.513641357421875,10.126193046569824,1259324965
1035,1239,1,56,0.01,joint,32,32,0,0,0,0,0.0,18.709491729736328,0.07436206191778183,1259334568
1036,1239,1,56,0.03,joint,32,32,0,0,0,0,0.0,18.72641372680664,0.2323390692472458,1259334669
1037,1239,1,56,0.1,joint,32,32,0,0,0,0,0.0,18.618732452392578,0.6592401266098022,1259334770
1038,1239,1,56,0.3,joint,32,32,0,0,0,0,0.0,18.33983039855957,1.8877583742141724,1259334871
1039,1239,1,56,1.0,joint,32,31,1,0,0,1,0.20062232431271465,16.246889114379883,8.926776885986328,1259334972
1040,636,2,0,0.01,joint,32,0,32,0,0,0,0.0,-20.854759216308594,0.003257980803027749,656262710
1041,636,2,0,0.03,joint,32,0,32,0,0,0,0.0,-20.853343963623047,0.008039157837629318,656262811
1042,636,2,0,0.1,joint,32,0,32,0,0,0,0.0,-20.852371215820312,0.032177843153476715,656262912
1043,636,2,0,0.3,joint,32,0,32,0,0,0,0.0,-20.907012939453125,0.1679680347442627,656263013
1044,636,2,0,1.0,joint,32,0,32,0,0,0,0.0,-21.050029754638672,0.375867635011673,656263114
1045,636,2,8,0.01,joint,32,0,32,0,0,0,0.0,-20.851848602294922,0.013269654475152493,656272717
1046,636,2,8,0.03,joint,32,0,32,0,0,0,0.0,-20.851375579833984,0.029715334996581078,656272818
1047,636,2,8,0.1,joint,32,0,32,0,0,0,0.0,-20.867097854614258,0.1318558007478714,656272919
1048,636,2,8,0.3,joint,32,0,32,0,0,0,0.0,-21.096759796142578,0.42429715394973755,656273020
1049,636,2,8,1.0,joint,32,6,26,0,0,6,0.6962122601251458,-13.28830623626709,16.035327911376953,656273121
1050,636,2,16,0.01,joint,32,0,32,0,0,0,0.0,-20.85113525390625,0.023639684543013573,656282724
1051,636,2,16,0.03,joint,32,0,32,0,0,0,0.0,-20.84331512451172,0.07151880860328674,656282825
1052,636,2,16,0.1,joint,32,0,32,0,0,0,0.0,-20.921802520751953,0.24008357524871826,656282926
1053,636,2,16,0.3,joint,32,1,31,0,0,1,0.20062232431271465,-19.842761993408203,7.255485534667969,656283027
1054,636,2,16,1.0,joint,32,5,27,0,0,5,0.6252624052234231,-13.77334213256836,14.94124698638916,656283128
1055,636,2,24,0.01,joint,32,0,32,0,0,0,0.0,-20.8616943359375,0.03582136332988739,656292731
1056,636,2,24,0.03,joint,32,0,32,0,0,0,0.0,-20.82086753845215,0.1361568719148636,656292832
1057,636,2,24,0.1,joint,32,0,32,0,0,0,0.0,-20.801795959472656,0.3492235243320465,656292933
1058,636,2,24,0.3,joint,32,0,32,0,0,0,0.0,-20.682363510131836,1.2460298538208008,656293034
1059,636,2,24,1.0,joint,32,2,30,0,0,2,0.3372900666170139,-17.112960815429688,11.269890785217285,656293135
1060,636,2,32,0.01,joint,32,0,32,0,0,0,0.0,-20.865846633911133,0.053679533302783966,656302738
1061,636,2,32,0.03,joint,32,0,32,0,0,0,0.0,-20.850749969482422,0.12195483595132828,656302839
1062,636,2,32,0.1,joint,32,0,32,0,0,0,0.0,-20.891109466552734,0.4140661358833313,656302940
1063,636,2,32,0.3,joint,32,0,32,0,0,0,0.0,-20.25907325744629,1.7973018884658813,656303041
1064,636,2,32,1.0,joint,32,3,29,0,0,3,0.4488644887230294,-14.663087844848633,12.77521800994873,656303142
1065,636,2,40,0.01,joint,32,0,32,0,0,0,0.0,-20.844032287597656,0.047534145414829254,656312745
1066,636,2,40,0.03,joint,32,0,32,0,0,0,0.0,-20.839733123779297,0.15650883316993713,656312846
1067,636,2,40,0.1,joint,32,0,32,0,0,0,0.0,-20.924602508544922,0.6738178730010986,656312947
1068,636,2,40,0.3,joint,32,0,32,0,0,0,0.0,-20.517990112304688,1.7666798830032349,656313048
1069,636,2,40,1.0,joint,32,2,30,0,0,2,0.3372900666170139,-13.967308044433594,8.487701416015625,656313149
1070,636,2,48,0.01,joint,32,0,32,0,0,0,0.0,-20.87148666381836,0.06870639324188232,656322752
1071,636,2,48,0.03,joint,32,0,32,0,0,0,0.0,-20.838245391845703,0.22179029881954193,656322853
1072,636,2,48,0.1,joint,32,0,32,0,0,0,0.0,-20.80865478515625,0.724094808101654,656322954
1073,636,2,48,0.3,joint,32,0,32,0,0,0,0.0,-20.050989151000977,2.41801118850708,656323055
1074,636,2,48,1.0,joint,32,3,29,0,0,3,0.4488644887230294,-11.061259269714355,8.783028602600098,656323156
1075,636,2,56,0.01,joint,32,0,32,0,0,0,0.0,-20.85444450378418,0.07035109400749207,656332759
1076,636,2,56,0.03,joint,32,0,32,0,0,0,0.0,-20.809871673583984,0.1761995553970337,656332860
1077,636,2,56,0.1,joint,32,0,32,0,0,0,0.0,-20.695226669311523,0.6631198525428772,656332961
1078,636,2,56,0.3,joint,32,0,32,0,0,0,0.0,-20.28696632385254,2.1236743927001953,656333062
1079,636,2,56,1.0,joint,32,0,30,2,0,0,0.0,-15.331564903259277,7.355682373046875,656333163
1080,1515,1,0,0.01,joint,32,32,0,0,0,0,0.0,23.41742706298828,0.008398369885981083,1535265347
1081,1515,1,0,0.03,joint,32,32,0,0,0,0,0.0,23.415565490722656,0.030086927115917206,1535265448
1082,1515,1,0,0.1,joint,32,32,0,0,0,0,0.0,23.394744873046875,0.07041677087545395,1535265549
1083,1515,1,0,0.3,joint,32,32,0,0,0,0,0.0,23.048555374145508,0.26192590594291687,1535265650
1084,1515,1,0,1.0,joint,32,30,1,1,0,1,0.20559250818508293,15.568499565124512,10.647682189941406,1535265751
1085,1515,1,8,0.01,joint,32,32,0,0,0,0,0.0,23.340717315673828,0.16772185266017914,1535275354
1086,1515,1,8,0.03,joint,32,32,0,0,0,0,0.0,23.11724853515625,0.24489156901836395,1535275455
1087,1515,1,8,0.1,joint,32,32,0,0,0,0,0.0,21.378665924072266,4.940301418304443,1535275556
1088,1515,1,8,0.3,joint,32,30,2,0,0,2,0.3372900666170139,13.741318702697754,12.529023170471191,1535275657
1089,1515,1,8,1.0,joint,32,25,7,0,0,7,0.7578784625383954,11.545299530029297,17.316083908081055,1535275758
1090,1515,1,16,0.01,joint,32,32,0,0,0,0,0.0,23.42989730834961,0.022135436534881592,1535285361
1091,1515,1,16,0.03,joint,32,32,0,0,0,0,0.0,23.39703369140625,0.07672705501317978,1535285462
1092,1515,1,16,0.1,joint,32,32,0,0,0,0,0.0,23.41547966003418,0.20619851350784302,1535285563
1093,1515,1,16,0.3,joint,32,32,0,0,0,0,0.0,23.160972595214844,0.5899328589439392,1535285664
1094,1515,1,16,1.0,joint,32,29,3,0,0,3,0.4488644887230294,17.2357120513916,11.648323059082031,1535285765
1095,1515,1,24,0.01,joint,32,32,0,0,0,0,0.0,23.421188354492188,0.03421926870942116,1535295368
1096,1515,1,24,0.03,joint,32,32,0,0,0,0,0.0,23.421463012695312,0.1054454892873764,1535295469
1097,1515,1,24,0.1,joint,32,32,0,0,0,0,0.0,23.298572540283203,0.3732246160507202,1535295570
1098,1515,1,24,0.3,joint,32,32,0,0,0,0,0.0,23.613128662109375,0.905729353427887,1535295671
1099,1515,1,24,1.0,joint,32,31,1,0,0,1,0.20062232431271465,22.90729331970215,9.963113784790039,1535295772
1100,1515,1,32,0.01,joint,32,32,0,0,0,0,0.0,23.41412353515625,0.03905976563692093,1535305375
1101,1515,1,32,0.03,joint,32,32,0,0,0,0,0.0,23.42146873474121,0.09681747853755951,1535305476
1102,1515,1,32,0.1,joint,32,32,0,0,0,0,0.0,23.454689025878906,0.37779751420021057,1535305577
1103,1515,1,32,0.3,joint,32,32,0,0,0,0,0.0,23.533781051635742,1.3165409564971924,1535305678
1104,1515,1,32,1.0,joint,32,32,0,0,0,0,0.0,25.443073272705078,7.995675086975098,1535305779
1105,1515,1,40,0.01,joint,32,32,0,0,0,0,0.0,23.427349090576172,0.033682625740766525,1535315382
1106,1515,1,40,0.03,joint,32,32,0,0,0,0,0.0,23.426021575927734,0.1168951690196991,1535315483
1107,1515,1,40,0.1,joint,32,32,0,0,0,0,0.0,23.36746597290039,0.4175759553909302,1535315584
1108,1515,1,40,0.3,joint,32,32,0,0,0,0,0.0,23.71893882751465,1.6246153116226196,1535315685
1109,1515,1,40,1.0,joint,32,32,0,0,0,0,0.0,23.436180114746094,7.396629333496094,1535315786
1110,1515,1,48,0.01,joint,32,32,0,0,0,0,0.0,23.402286529541016,0.05275587737560272,1535325389
1111,1515,1,48,0.03,joint,32,32,0,0,0,0,0.0,23.37485694885254,0.1399758905172348,1535325490
1112,1515,1,48,0.1,joint,32,32,0,0,0,0,0.0,23.518016815185547,0.39961710572242737,1535325591
1113,1515,1,48,0.3,joint,32,32,0,0,0,0,0.0,23.546348571777344,1.6366097927093506,1535325692
1114,1515,1,48,1.0,joint,32,32,0,0,0,0,0.0,22.244598388671875,6.838167190551758,1535325793
1115,1515,1,56,0.01,joint,32,32,0,0,0,0,0.0,23.43753433227539,0.05983743071556091,1535335396
1116,1515,1,56,0.03,joint,32,32,0,0,0,0,0.0,23.427383422851562,0.11848242580890656,1535335497
1117,1515,1,56,0.1,joint,32,32,0,0,0,0,0.0,23.476871490478516,0.5527376532554626,1535335598
1118,1515,1,56,0.3,joint,32,32,0,0,0,0,0.0,23.08206558227539,1.7748647928237915,1535335699
1119,1515,1,56,1.0,joint,32,32,0,0,0,0,0.0,18.321184158325195,7.204191207885742,1535335800
1120,3136,2,0,0.01,joint,32,0,32,0,0,0,0.0,-21.36004066467285,0.009361159056425095,3156270210
1121,3136,2,0,0.03,joint,32,0,32,0,0,0,0.0,-21.360624313354492,0.02244565263390541,3156270311
1122,3136,2,0,0.1,joint,32,0,32,0,0,0,0.0,-21.36300277709961,0.07055792957544327,3156270412
1123,3136,2,0,0.3,joint,32,0,32,0,0,0,0.0,-21.36699104309082,0.1964886486530304,3156270513
1124,3136,2,0,1.0,joint,32,2,29,1,0,2,0.34511731494495285,-18.519954681396484,7.15432596206665,3156270614
1125,3136,2,8,0.01,joint,32,0,32,0,0,0,0.0,-21.362327575683594,0.05011683702468872,3156280217
1126,3136,2,8,0.03,joint,32,0,32,0,0,0,0.0,-21.367591857910156,0.09771039336919785,3156280318
1127,3136,2,8,0.1,joint,32,0,30,2,0,0,0.0,-20.00653076171875,5.284865856170654,3156280419
1128,3136,2,8,0.3,joint,32,1,25,6,0,1,0.23519338181924143,-16.793729782104492,9.161713600158691,3156280520
1129,3136,2,8,1.0,joint,32,10,20,2,0,10,0.9182958340544896,-10.087432861328125,14.797199249267578,3156280621
1130,3136,2,16,0.01,joint,32,0,32,0,0,0,0.0,-21.352725982666016,0.04182420298457146,3156290224
1131,3136,2,16,0.03,joint,32,0,32,0,0,0,0.0,-21.3665771484375,0.16330967843532562,3156290325
1132,3136,2,16,0.1,joint,32,0,30,2,0,0,0.0,-19.898723602294922,5.396083354949951,3156290426
1133,3136,2,16,0.3,joint,32,0,23,9,0,0,0.0,-14.149618148803711,10.219401359558105,3156290527
1134,3136,2,16,1.0,joint,32,5,24,3,0,5,0.6631968402398287,-14.031990051269531,16.552148818969727,3156290628
1135,3136,2,24,0.01,joint,32,0,32,0,0,0,0.0,-21.36265754699707,0.09298844635486603,3156300231
1136,3136,2,24,0.03,joint,32,0,32,0,0,0,0.0,-21.35433006286621,0.20545244216918945,3156300332
1137,3136,2,24,0.1,joint,32,0,23,9,0,0,0.0,-13.589219093322754,9.864060401916504,3156300433
1138,3136,2,24,0.3,joint,32,3,20,9,0,3,0.5586293734521992,-12.84147834777832,10.701802253723145,3156300534
1139,3136,2,24,1.0,joint,32,9,21,2,0,9,0.8812908992306927,-9.928235054016113,17.260427474975586,3156300635
1140,3136,2,32,0.01,joint,32,0,32,0,0,0,0.0,-21.369598388671875,0.05789443105459213,3156310238
1141,3136,2,32,0.03,joint,32,0,32,0,0,0,0.0,-21.364856719970703,0.14868664741516113,3156310339
1142,3136,2,32,0.1,joint,32,0,32,0,0,0,0.0,-21.447763442993164,0.4505707621574402,3156310440
1143,3136,2,32,0.3,joint,32,1,31,0,0,1,0.20062232431271465,-20.72246742248535,5.122078895568848,3156310541
1144,3136,2,32,1.0,joint,32,7,25,0,0,7,0.7578784625383954,-12.696288108825684,15.017537117004395,3156310642
1145,3136,2,40,0.01,joint,32,0,32,0,0,0,0.0,-21.35967254638672,0.053569089621305466,3156320245
1146,3136,2,40,0.03,joint,32,0,32,0,0,0,0.0,-21.38691520690918,0.19739185273647308,3156320346
1147,3136,2,40,0.1,joint,32,0,32,0,0,0,0.0,-21.32406997680664,0.6458438634872437,3156320447
1148,3136,2,40,0.3,joint,32,0,32,0,0,0,0.0,-21.443456649780273,1.3454291820526123,3156320548
1149,3136,2,40,1.0,joint,32,3,29,0,0,3,0.4488644887230294,-13.486778259277344,9.513948440551758,3156320649
1150,3136,2,48,0.01,joint,32,0,32,0,0,0,0.0,-21.37076187133789,0.06349595636129379,3156330252
1151,3136,2,48,0.03,joint,32,0,32,0,0,0,0.0,-21.35540771484375,0.19295544922351837,3156330353
1152,3136,2,48,0.1,joint,32,0,32,0,0,0,0.0,-21.416906356811523,0.6087479591369629,3156330454
1153,3136,2,48,0.3,joint,32,0,32,0,0,0,0.0,-21.38779067993164,1.7923529148101807,3156330555
1154,3136,2,48,1.0,joint,32,2,29,1,0,2,0.34511731494495285,-13.84312915802002,9.255836486816406,3156330656
1155,3136,2,56,0.01,joint,32,0,32,0,0,0,0.0,-21.342405319213867,0.08615193516016006,3156340259
1156,3136,2,56,0.03,joint,32,0,32,0,0,0,0.0,-21.309890747070312,0.239909365773201,3156340360
1157,3136,2,56,0.1,joint,32,0,32,0,0,0,0.0,-21.637493133544922,0.7372408509254456,3156340461
1158,3136,2,56,0.3,joint,32,0,32,0,0,0,0.0,-21.065589904785156,2.1976158618927,3156340562
1159,3136,2,56,1.0,joint,32,2,28,2,0,2,0.35335933502142136,-9.391167640686035,7.044773101806641,3156340663
1160,2923,2,0,0.01,joint,32,0,32,0,0,0,0.0,-22.7872314453125,0.004068067763000727,2943269571
1161,2923,2,0,0.03,joint,32,0,32,0,0,0,0.0,-22.784507751464844,0.012873467989265919,2943269672
1162,2923,2,0,0.1,joint,32,0,32,0,0,0,0.0,-22.78845977783203,0.0422508530318737,2943269773
1163,2923,2,0,0.3,joint,32,0,32,0,0,0,0.0,-22.796401977539062,0.13621748983860016,2943269874
1164,2923,2,0,1.0,joint,32,0,32,0,0,0,0.0,-22.676136016845703,0.6688275933265686,2943269975
1165,2923,2,8,0.01,joint,32,0,32,0,0,0,0.0,-22.778207778930664,0.03444010019302368,2943279578
1166,2923,2,8,0.03,joint,32,0,32,0,0,0,0.0,-22.768505096435547,0.07778225839138031,2943279679
1167,2923,2,8,0.1,joint,32,0,32,0,0,0,0.0,-22.749164581298828,0.34007924795150757,2943279780
1168,2923,2,8,0.3,joint,32,0,32,0,0,0,0.0,-21.16996955871582,4.799640655517578,2943279881
1169,2923,2,8,1.0,joint,32,4,26,2,0,4,0.5665095065529053,-15.443840980529785,14.425678253173828,2943279982
1170,2923,2,16,0.01,joint,32,0,32,0,0,0,0.0,-22.801441192626953,0.04302243888378143,2943289585
1171,2923,2,16,0.03,joint,32,0,32,0,0,0,0.0,-22.807350158691406,0.15626811981201172,2943289686
1172,2923,2,16,0.1,joint,32,0,32,0,0,0,0.0,-22.873432159423828,0.4531037509441376,2943289787
1173,2923,2,16,0.3,joint,32,0,32,0,0,0,0.0,-21.590137481689453,4.475305080413818,2943289888
1174,2923,2,16,1.0,joint,32,1,29,2,0,1,0.21084230031853213,-19.937244415283203,10.99290943145752,2943289989
1175,2923,2,24,0.01,joint,32,0,32,0,0,0,0.0,-22.773822784423828,0.06682378798723221,2943299592
1176,2923,2,24,0.03,joint,32,0,32,0,0,0,0.0,-22.840072631835938,0.14227235317230225,2943299693
1177,2923,2,24,0.1,joint,32,0,32,0,0,0,0.0,-22.807771682739258,0.5288260579109192,2943299794
1178,2923,2,24,0.3,joint,32,0,32,0,0,0,0.0,-23.164663314819336,1.2754138708114624,2943299895
1179,2923,2,24,1.0,joint,32,2,30,0,0,2,0.3372900666170139,-20.404155731201172,11.824880599975586,2943299996
1180,2923,2,32,0.01,joint,32,0,32,0,0,0,0.0,-22.79167938232422,0.07817260175943375,2943309599
1181,2923,2,32,0.03,joint,32,0,32,0,0,0,0.0,-22.786375045776367,0.20442776381969452,2943309700
1182,2923,2,32,0.1,joint,32,0,32,0,0,0,0.0,-22.953731536865234,0.527779221534729,2943309801
1183,2923,2,32,0.3,joint,32,0,32,0,0,0,0.0,-23.133373260498047,1.498062252998352,2943309902
1184,2923,2,32,1.0,joint,32,2,30,0,0,2,0.3372900666170139,-21.726905822753906,8.843541145324707,2943310003
1185,2923,2,40,0.01,joint,32,0,32,0,0,0,0.0,-22.768537521362305,0.06926372647285461,2943319606
1186,2923,2,40,0.03,joint,32,0,32,0,0,0,0.0,-22.78435516357422,0.17372164130210876,2943319707
1187,2923,2,40,0.1,joint,32,0,32,0,0,0,0.0,-22.857051849365234,0.6576748490333557,2943319808
1188,2923,2,40,0.3,joint,32,0,32,0,0,0,0.0,-22.709308624267578,1.8583029508590698,2943319909
1189,2923,2,40,1.0,joint,32,1,30,1,0,1,0.205592508185083,-20.33736228942871,9.734646797180176,2943320010
1190,2923,2,48,0.01,joint,32,0,32,0,0,0,0.0,-22.79844856262207,0.0701836347579956,2943329613
1191,2923,2,48,0.03,joint,32,0,32,0,0,0,0.0,-22.855295181274414,0.19391906261444092,2943329714
1192,2923,2,48,0.1,joint,32,0,32,0,0,0,0.0,-22.787860870361328,0.5800724625587463,2943329815
1193,2923,2,48,0.3,joint,32,0,32,0,0,0,0.0,-22.80529022216797,1.5165902376174927,2943329916
1194,2923,2,48,1.0,joint,32,0,32,0,0,0,0.0,-20.084972381591797,9.925934791564941,2943330017
1195,2923,2,56,0.01,joint,32,0,32,0,0,0,0.0,-22.783077239990234,0.06338264793157578,2943339620
1196,2923,2,56,0.03,joint,32,0,32,0,0,0,0.0,-22.747865676879883,0.1925474852323532,2943339721
1197,2923,2,56,0.1,joint,32,0,32,0,0,0,0.0,-22.9158935546875,0.6401577591896057,2943339822
1198,2923,2,56,0.3,joint,32,0,32,0,0,0,0.0,-23.2381649017334,2.243940591812134,2943339923
1199,2923,2,56,1.0,joint,32,0,32,0,0,0,0.0,-16.34459686279297,8.019597053527832,2943340024
1200,4082,2,0,0.01,joint,32,0,32,0,0,0,0.0,-28.482982635498047,0.0010484636295586824,4102273048
1201,4082,2,0,0.03,joint,32,0,32,0,0,0,0.0,-28.48113250732422,0.002774477005004883,4102273149
1202,4082,2,0,0.1,joint,32,0,32,0,0,0,0.0,-28.482643127441406,0.010885821655392647,4102273250
1203,4082,2,0,0.3,joint,32,0,32,0,0,0,0.0,-28.488059997558594,0.030683036893606186,4102273351
1204,4082,2,0,1.0,joint,32,0,32,0,0,0,0.0,-28.466197967529297,0.11949919909238815,4102273452
1205,4082,2,8,0.01,joint,32,0,32,0,0,0,0.0,-28.481822967529297,0.0083573954179883,4102283055
1206,4082,2,8,0.03,joint,32,0,32,0,0,0,0.0,-28.485017776489258,0.030553869903087616,4102283156
1207,4082,2,8,0.1,joint,32,0,32,0,0,0,0.0,-28.44222640991211,0.09451771527528763,4102283257
1208,4082,2,8,0.3,joint,32,0,31,1,0,0,0.0,-27.470932006835938,4.926959037780762,4102283358
1209,4082,2,8,1.0,joint,32,0,27,5,0,0,0.0,-23.14726448059082,10.525099754333496,4102283459
1210,4082,2,16,0.01,joint,32,0,32,0,0,0,0.0,-28.484275817871094,0.014134964905679226,4102293062
1211,4082,2,16,0.03,joint,32,0,32,0,0,0,0.0,-28.474496841430664,0.029972873628139496,4102293163
1212,4082,2,16,0.1,joint,32,0,32,0,0,0,0.0,-28.433204650878906,0.15414975583553314,4102293264
1213,4082,2,16,0.3,joint,32,0,32,0,0,0,0.0,-28.328821182250977,0.40172404050827026,4102293365
1214,4082,2,16,1.0,joint,32,4,23,5,0,4,0.6051865766334206,-16.687137603759766,19.09107780456543,4102293466
1215,4082,2,24,0.01,joint,32,0,32,0,0,0,0.0,-28.491207122802734,0.017563939094543457,4102303069
1216,4082,2,24,0.03,joint,32,0,32,0,0,0,0.0,-28.485546112060547,0.06336379051208496,4102303170
1217,4082,2,24,0.1,joint,32,0,32,0,0,0,0.0,-28.456947326660156,0.19945792853832245,4102303271
1218,4082,2,24,0.3,joint,32,0,32,0,0,0,0.0,-28.375160217285156,0.5463780760765076,4102303372
1219,4082,2,24,1.0,joint,32,4,27,1,0,4,0.5547781633412736,-21.755447387695312,17.973304748535156,4102303473
1220,4082,2,32,0.01,joint,32,0,32,0,0,0,0.0,-28.481788635253906,0.01983311027288437,4102313076
1221,4082,2,32,0.03,joint,32,0,32,0,0,0,0.0,-28.46584701538086,0.08080533146858215,4102313177
1222,4082,2,32,0.1,joint,32,0,32,0,0,0,0.0,-28.468313217163086,0.21140770614147186,4102313278
1223,4082,2,32,0.3,joint,32,0,32,0,0,0,0.0,-28.356765747070312,0.5975573658943176,4102313379
1224,4082,2,32,1.0,joint,32,1,30,1,0,1,0.205592508185083,-26.055763244628906,10.960375785827637,4102313480
1225,4082,2,40,0.01,joint,32,0,32,0,0,0,0.0,-28.476608276367188,0.023346243426203728,4102323083
1226,4082,2,40,0.03,joint,32,0,32,0,0,0,0.0,-28.48349380493164,0.08790656924247742,4102323184
1227,4082,2,40,0.1,joint,32,0,32,0,0,0,0.0,-28.40482521057129,0.22766360640525818,4102323285
1228,4082,2,40,0.3,joint,32,0,32,0,0,0,0.0,-28.333229064941406,0.9125297665596008,4102323386
1229,4082,2,40,1.0,joint,32,3,28,1,0,3,0.4586858162005403,-22.536151885986328,15.908394813537598,4102323487
1230,4082,2,48,0.01,joint,32,0,32,0,0,0,0.0,-28.48712921142578,0.027300335466861725,4102333090
1231,4082,2,48,0.03,joint,32,0,32,0,0,0,0.0,-28.488937377929688,0.07183481007814407,4102333191
1232,4082,2,48,0.1,joint,32,0,32,0,0,0,0.0,-28.413061141967773,0.25701025128364563,4102333292
1233,4082,2,48,0.3,joint,32,0,32,0,0,0,0.0,-28.247011184692383,0.828209400177002,4102333393
1234,4082,2,48,1.0,joint,32,1,31,0,0,1,0.20062232431271465,-27.49867057800293,11.223748207092285,4102333494
1235,4082,2,56,0.01,joint,32,0,32,0,0,0,0.0,-28.474956512451172,0.03283253684639931,4102343097
1236,4082,2,56,0.03,joint,32,0,32,0,0,0,0.0,-28.493240356445312,0.10233111679553986,4102343198
1237,4082,2,56,0.1,joint,32,0,32,0,0,0,0.0,-28.545124053955078,0.2636149823665619,4102343299
1238,4082,2,56,0.3,joint,32,0,32,0,0,0,0.0,-28.27985382080078,1.2211920022964478,4102343400
1239,4082,2,56,1.0,joint,32,0,31,1,0,0,0.0,-24.33420753479004,8.470826148986816,4102343501
1240,1904,2,0,0.01,joint,32,0,32,0,0,0,0.0,-20.07623291015625,0.024168848991394043,1924266514
1241,1904,2,0,0.03,joint,32,0,32,0,0,0,0.0,-20.071805953979492,0.0700450912117958,1924266615
1242,1904,2,0,0.1,joint,32,0,32,0,0,0,0.0,-20.024818420410156,0.28095030784606934,1924266716
1243,1904,2,0,0.3,joint,32,0,32,0,0,0,0.0,-20.1773681640625,0.8811213970184326,1924266817
1244,1904,2,0,1.0,joint,32,0,32,0,0,0,0.0,-20.870769500732422,2.709585666656494,1924266918
1245,1904,2,8,0.01,joint,32,0,32,0,0,0,0.0,-20.056331634521484,0.1893986165523529,1924276521
1246,1904,2,8,0.03,joint,32,0,32,0,0,0,0.0,-20.140625,0.6844377517700195,1924276622
1247,1904,2,8,0.1,joint,32,0,32,0,0,0,0.0,-19.420745849609375,3.0083694458007812,1924276723
1248,1904,2,8,0.3,joint,32,6,26,0,0,6,0.6962122601251458,-12.550662994384766,16.102453231811523,1924276824
1249,1904,2,8,1.0,joint,32,16,15,1,0,16,0.9992492479956565,3.6413350105285645,20.417707443237305,1924276925
1250,1904,2,16,0.01,joint,32,0,32,0,0,0,0.0,-20.06756591796875,0.3455457389354706,1924286528
1251,1904,2,16,0.03,joint,32,0,32,0,0,0,0.0,-19.97488021850586,0.8554583787918091,1924286629
1252,1904,2,16,0.1,joint,32,1,31,0,0,1,0.20062232431271465,-18.294118881225586,6.143051624298096,1924286730
1253,1904,2,16,0.3,joint,32,5,26,1,0,5,0.6373874992221911,-15.339960098266602,12.148307800292969,1924286831
1254,1904,2,16,1.0,joint,32,17,15,0,0,17,0.9971803988942642,1.83573579788208,21.115386962890625,1924286932
1255,1904,2,24,0.01,joint,32,0,32,0,0,0,0.0,-20.20953941345215,0.34683242440223694,1924296535
1256,1904,2,24,0.03,joint,32,0,32,0,0,0,0.0,-20.20706558227539,1.514270305633545,1924296636
1257,1904,2,24,0.1,joint,32,1,31,0,0,1,0.20062232431271465,-17.383159637451172,6.625233173370361,1924296737
1258,1904,2,24,0.3,joint,32,7,23,2,0,7,0.7837769474847012,-9.238689422607422,17.63320541381836,1924296838
1259,1904,2,24,1.0,joint,32,12,20,0,0,12,0.954434002924965,-5.390110492706299,20.669897079467773,1924296939
1260,1904,2,32,0.01,joint,32,0,32,0,0,0,0.0,-19.880569458007812,0.7746434807777405,1924306542
1261,1904,2,32,0.03,joint,32,0,32,0,0,0,0.0,-19.102636337280273,3.8542728424072266,1924306643
1262,1904,2,32,0.1,joint,32,3,25,4,0,3,0.49123734182433315,-13.784366607666016,12.14511775970459,1924306744
1263,1904,2,32,0.3,joint,32,11,20,1,0,11,0.9383153522334069,-5.985292434692383,20.324357986450195,1924306845
1264,1904,2,32,1.0,joint,32,11,20,1,0,11,0.9383153522334069,-5.781544208526611,20.288156509399414,1924306946
1265,1904,2,40,0.01,joint,32,0,32,0,0,0,0.0,-19.879840850830078,0.5839745402336121,1924316549
1266,1904,2,40,0.03,joint,32,0,32,0,0,0,0.0,-18.707286834716797,3.4535062313079834,1924316650
1267,1904,2,40,0.1,joint,32,5,26,1,0,5,0.6373874992221911,-11.889933586120605,13.88317584991455,1924316751
1268,1904,2,40,0.3,joint,32,10,21,1,0,10,0.907165767573082,-7.874935150146484,19.208070755004883,1924316852
1269,1904,2,40,1.0,joint,32,15,17,0,0,15,0.9971803988942642,-1.314391016960144,22.49484634399414,1924316953
1270,1904,2,48,0.01,joint,32,0,32,0,0,0,0.0,-20.08209228515625,0.16804444789886475,1924326556
1271,1904,2,48,0.03,joint,32,0,32,0,0,0,0.0,-19.939064025878906,0.5302029848098755,1924326657
1272,1904,2,48,0.1,joint,32,0,32,0,0,0,0.0,-18.82229995727539,4.128467082977295,1924326758
1273,1904,2,48,0.3,joint,32,8,24,0,0,8,0.8112781244591328,-9.853079795837402,15.422629356384277,1924326859
1274,1904,2,48,1.0,joint,32,18,13,1,0,18,0.9811522341999133,2.1774730682373047,18.614561080932617,1924326960
1275,1904,2,56,0.01,joint,32,0,32,0,0,0,0.0,-20.08646583557129,0.06137172132730484,1924336563
1276,1904,2,56,0.03,joint,32,0,32,0,0,0,0.0,-20.0875301361084,0.13758304715156555,1924336664
1277,1904,2,56,0.1,joint,32,0,32,0,0,0,0.0,-20.050487518310547,0.5932196974754333,1924336765
1278,1904,2,56,0.3,joint,32,0,32,0,0,0,0.0,-19.26582145690918,1.791805624961853,1924336866
1279,1904,2,56,1.0,joint,32,2,29,1,0,2,0.34511731494495285,-12.854387283325195,8.829952239990234,1924336967
1280,3212,1,0,0.01,joint,32,32,0,0,0,0,0.0,4.224010467529297,0.011053265072405338,3232270438
1281,3212,1,0,0.03,joint,32,32,0,0,0,0,0.0,4.222970962524414,0.034043144434690475,3232270539
1282,3212,1,0,0.1,joint,32,32,0,0,0,0,0.0,4.250153064727783,0.16513118147850037,3232270640
1283,3212,1,0,0.3,joint,32,31,0,1,0,0,0.0,4.138426303863525,0.8937731981277466,3232270741
1284,3212,1,0,1.0,joint,32,31,0,1,0,0,0.0,6.533270359039307,6.676360130310059,3232270842
1285,3212,1,8,0.01,joint,32,32,0,0,0,0,0.0,4.212185382843018,0.1093662679195404,3232280445
1286,3212,1,8,0.03,joint,32,32,0,0,0,0,0.0,4.197501182556152,0.3162490129470825,3232280546
1287,3212,1,8,0.1,joint,32,32,0,0,0,0,0.0,4.713717937469482,0.966428816318512,3232280647
1288,3212,1,8,0.3,joint,32,22,9,1,0,9,0.869137580612638,2.9413399696350098,6.849635124206543,3232280748
1289,3212,1,8,1.0,joint,32,21,11,0,0,11,0.9283620723948676,5.201268196105957,11.260998725891113,3232280849
1290,3212,1,16,0.01,joint,32,32,0,0,0,0,0.0,4.1704254150390625,0.170701265335083,3232290452
1291,3212,1,16,0.03,joint,32,32,0,0,0,0,0.0,4.3449296951293945,0.48969024419784546,3232290553
1292,3212,1,16,0.1,joint,32,28,1,3,0,1,0.21639693245126448,3.9621050357818604,2.172872304916382,3232290654
1293,3212,1,16,0.3,joint,32,24,6,2,0,6,0.7219280948873623,3.001469850540161,4.562402725219727,3232290755
1294,3212,1,16,1.0,joint,32,21,11,0,0,11,0.9283620723948676,1.1906033754348755,10.955314636230469,3232290856
1295,3212,1,24,0.01,joint,32,32,0,0,0,0,0.0,4.235103130340576,0.2599368393421173,3232300459
1296,3212,1,24,0.03,joint,32,32,0,0,0,0,0.0,4.174890518188477,0.6965852975845337,3232300560
1297,3212,1,24,0.1,joint,32,21,6,5,0,6,0.7642045065086203,2.6260735988616943,3.5409862995147705,3232300661
1298,3212,1,24,0.3,joint,32,23,8,1,0,8,0.8238116333123173,2.3494873046875,4.911350250244141,3232300762
1299,3212,1,24,1.0,joint,32,15,17,0,0,17,0.9971803988942642,-0.9831777215003967,12.644193649291992,3232300863
1300,3212,1,32,0.01,joint,32,32,0,0,0,0,0.0,4.0201735496521,0.4804078936576843,3232310466
1301,3212,1,32,0.03,joint,32,25,0,7,0,0,0.0,3.537062883377075,2.1083037853240967,3232310567
1302,3212,1,32,0.1,joint,32,17,13,2,0,13,0.9871377743721863,0.9683679342269897,4.96970796585083,3232310668
1303,3212,1,32,0.3,joint,32,17,13,2,0,13,0.9871377743721863,0.6474166512489319,6.801754951477051,3232310769
1304,3212,1,32,1.0,joint,32,11,20,1,0,20,0.9383153522334069,-4.737753391265869,15.085522651672363,3232310870
1305,3212,1,40,0.01,joint,32,31,0,1,0,0,0.0,3.8837928771972656,1.560418963432312,3232320473
1306,3212,1,40,0.03,joint,32,23,7,2,0,7,0.7837769474847008,2.7387781143188477,4.016590595245361,3232320574
1307,3212,1,40,0.1,joint,32,15,17,0,0,17,0.9971803988942642,-0.2261163890361786,6.54016637802124,3232320675
1308,3212,1,40,0.3,joint,32,11,20,1,0,20,0.9383153522334069,-1.5439772605895996,9.608091354370117,3232320776
1309,3212,1,40,1.0,joint,32,20,12,0,0,12,0.954434002924965,1.8179137706756592,16.671220779418945,3232320877
1310,3212,1,48,0.01,joint,32,32,0,0,0,0,0.0,4.249476432800293,0.5181499719619751,3232330480
1311,3212,1,48,0.03,joint,32,29,2,1,0,2,0.3451173149449531,3.7577338218688965,2.4800004959106445,3232330581
1312,3212,1,48,0.1,joint,32,16,12,4,0,12,0.9852281360342515,0.09715458005666733,5.133665561676025,3232330682
1313,3212,1,48,0.3,joint,32,15,13,4,0,13,0.996316519558962,-0.311276912689209,7.468471527099609,3232330783
1314,3212,1,48,1.0,joint,32,16,16,0,0,16,1.0,0.6088057160377502,15.842716217041016,3232330884
1315,3212,1,56,0.01,joint,32,32,0,0,0,0,0.0,4.217047691345215,0.09152644872665405,3232340487
1316,3212,1,56,0.03,joint,32,32,0,0,0,0,0.0,4.3038411140441895,0.2355925440788269,3232340588
1317,3212,1,56,0.1,joint,32,31,0,1,0,0,0.0,3.947462320327759,1.3882989883422852,3232340689
1318,3212,1,56,0.3,joint,32,23,6,3,0,6,0.7355085815538399,3.1260554790496826,4.136134624481201,3232340790
1319,3212,1,56,1.0,joint,32,19,11,2,0,11,0.9480782435939055,2.0102272033691406,9.273918151855469,3232340891
1320,1683,1,0,0.01,joint,32,32,0,0,0,0,0.0,30.091928482055664,0.010335138067603111,1703265851
1321,1683,1,0,0.03,joint,32,32,0,0,0,0,0.0,30.078845977783203,0.027450693771243095,1703265952
1322,1683,1,0,0.1,joint,32,32,0,0,0,0,0.0,30.09000015258789,0.11022766679525375,1703266053
1323,1683,1,0,0.3,joint,32,32,0,0,0,0,0.0,30.102725982666016,0.23496916890144348,1703266154
1324,1683,1,0,1.0,joint,32,32,0,0,0,0,0.0,29.63324546813965,0.9399033188819885,1703266255
1325,1683,1,8,0.01,joint,32,32,0,0,0,0,0.0,30.098777770996094,0.045652132481336594,1703275858
1326,1683,1,8,0.03,joint,32,32,0,0,0,0,0.0,30.095727920532227,0.1671934723854065,1703275959
1327,1683,1,8,0.1,joint,32,32,0,0,0,0,0.0,29.981441497802734,0.5009711384773254,1703276060
1328,1683,1,8,0.3,joint,32,32,0,0,0,0,0.0,30.308300018310547,0.8977019786834717,1703276161
1329,1683,1,8,1.0,joint,32,29,3,0,0,3,0.4488644887230294,25.864606857299805,17.03732681274414,1703276262
1330,1683,1,16,0.01,joint,32,32,0,0,0,0,0.0,30.086402893066406,0.03068862110376358,1703285865
1331,1683,1,16,0.03,joint,32,32,0,0,0,0,0.0,30.084239959716797,0.08473172783851624,1703285966
1332,1683,1,16,0.1,joint,32,32,0,0,0,0,0.0,30.117431640625,0.32478612661361694,1703286067
1333,1683,1,16,0.3,joint,32,32,0,0,0,0,0.0,29.924175262451172,1.3910561800003052,1703286168
1334,1683,1,16,1.0,joint,32,32,0,0,0,0,0.0,31.300657272338867,5.6378865242004395,1703286269
1335,1683,1,24,0.01,joint,32,32,0,0,0,0,0.0,30.100635528564453,0.032659344375133514,1703295872
1336,1683,1,24,0.03,joint,32,32,0,0,0,0,0.0,30.092453002929688,0.0896519273519516,1703295973
1337,1683,1,24,0.1,joint,32,32,0,0,0,0,0.0,30.105995178222656,0.3558032214641571,1703296074
1338,1683,1,24,0.3,joint,32,32,0,0,0,0,0.0,30.590988159179688,1.3489617109298706,1703296175
1339,1683,1,24,1.0,joint,32,32,0,0,0,0,0.0,29.675853729248047,4.986152648925781,1703296276
1340,1683,1,32,0.01,joint,32,32,0,0,0,0,0.0,30.07876968383789,0.04739197716116905,1703305879
1341,1683,1,32,0.03,joint,32,32,0,0,0,0,0.0,30.067724227905273,0.1426907777786255,1703305980
1342,1683,1,32,0.1,joint,32,32,0,0,0,0,0.0,29.94350814819336,0.5247048139572144,1703306081
1343,1683,1,32,0.3,joint,32,32,0,0,0,0,0.0,30.26688575744629,1.3036540746688843,1703306182
1344,1683,1,32,1.0,joint,32,32,0,0,0,0,0.0,30.649459838867188,6.092644691467285,1703306283
1345,1683,1,40,0.01,joint,32,32,0,0,0,0,0.0,30.085920333862305,0.03826374188065529,1703315886
1346,1683,1,40,0.03,joint,32,32,0,0,0,0,0.0,30.093385696411133,0.10890946537256241,1703315987
1347,1683,1,40,0.1,joint,32,32,0,0,0,0,0.0,30.00914764404297,0.501020073890686,1703316088
1348,1683,1,40,0.3,joint,32,32,0,0,0,0,0.0,29.856271743774414,1.4057987928390503,1703316189
1349,1683,1,40,1.0,joint,32,32,0,0,0,0,0.0,30.17807388305664,7.782294750213623,1703316290
1350,1683,1,48,0.01,joint,32,32,0,0,0,0,0.0,30.10163116455078,0.03661997988820076,1703325893
1351,1683,1,48,0.03,joint,32,32,0,0,0,0,0.0,30.076400756835938,0.1305149495601654,1703325994
1352,1683,1,48,0.1,joint,32,32,0,0,0,0,0.0,30.15996551513672,0.46307921409606934,1703326095
1353,1683,1,48,0.3,joint,32,32,0,0,0,0,0.0,30.201818466186523,1.3404690027236938,1703326196
1354,1683,1,48,1.0,joint,32,32,0,0,0,0,0.0,29.072874069213867,9.770051956176758,1703326297
1355,1683,1,56,0.01,joint,32,32,0,0,0,0,0.0,30.08531379699707,0.06096011772751808,1703335900
1356,1683,1,56,0.03,joint,32,32,0,0,0,0,0.0,30.147201538085938,0.11539600789546967,1703336001
1357,1683,1,56,0.1,joint,32,32,0,0,0,0,0.0,30.099159240722656,0.4992542266845703,1703336102
1358,1683,1,56,0.3,joint,32,32,0,0,0,0,0.0,30.012815475463867,1.8004412651062012,1703336203
1359,1683,1,56,1.0,joint,32,32,0,0,0,0,0.0,23.13091278076172,7.015773296356201,1703336304
1360,2930,1,0,0.01,joint,32,32,0,0,0,0,0.0,2.997311592102051,0.05264318361878395,2950269592
1361,2930,1,0,0.03,joint,32,32,0,0,0,0,0.0,2.985011100769043,0.1197456419467926,2950269693
1362,2930,1,0,0.1,joint,32,32,0,0,0,0,0.0,3.06411075592041,0.4855959117412567,2950269794
1363,2930,1,0,0.3,joint,32,27,0,5,0,0,0.0,2.6055378913879395,1.5640939474105835,2950269895
1364,2930,1,0,1.0,joint,32,12,17,3,0,17,0.9784493292686189,-2.59710431098938,8.32467269897461,2950269996
1365,2930,1,8,0.01,joint,32,32,0,0,0,0,0.0,2.9800848960876465,0.385084331035614,2950279599
1366,2930,1,8,0.03,joint,32,27,0,5,0,0,0.0,2.7362704277038574,1.3265457153320312,2950279700
1367,2930,1,8,0.1,joint,32,17,9,6,0,9,0.9305861291319928,0.9813345670700073,5.560482501983643,2950279801
1368,2930,1,8,0.3,joint,32,14,17,1,0,17,0.9932338197397066,-1.9538929462432861,13.16396713256836,2950279902
1369,2930,1,8,1.0,joint,32,8,23,1,0,23,0.8238116333123173,-10.352049827575684,17.63921356201172,2950280003
1370,2930,1,16,0.01,joint,32,32,0,0,0,0,0.0,3.1101107597351074,0.5223119854927063,2950289606
1371,2930,1,16,0.03,joint,32,28,0,4,0,0,0.0,3.052335023880005,1.7079881429672241,2950289707
1372,2930,1,16,0.1,joint,32,18,10,4,0,10,0.9402859586706311,0.6394875645637512,4.7139458656311035,2950289808
1373,2930,1,16,0.3,joint,32,16,16,0,0,16,1.0,-0.150091290473938,13.942410469055176,2950289909
1374,2930,1,16,1.0,joint,32,15,17,0,0,17,0.9971803988942642,-1.908185362815857,23.90921401977539,2950290010
1375,2930,1,24,0.01,joint,32,32,0,0,0,0,0.0,2.889828681945801,0.56339031457901,2950299613
1376,2930,1,24,0.03,joint,32,27,0,5,0,0,0.0,2.90504789352417,1.6590962409973145,2950299714
1377,2930,1,24,0.1,joint,32,18,5,9,0,5,0.7553754125614287,2.7123045921325684,4.715769290924072,2950299815
1378,2930,1,24,0.3,joint,32,16,15,1,0,15,0.9992492479956565,-0.33591699600219727,13.550782203674316,2950299916
1379,2930,1,24,1.0,joint,32,17,15,0,0,15,0.9971803988942642,1.441723346710205,23.328439712524414,2950300017
1380,2930,1,32,0.01,joint,32,32,0,0,0,0,0.0,3.0856142044067383,0.7541568279266357,2950309620
1381,2930,1,32,0.03,joint,32,23,4,5,0,4,0.6051865766334206,2.103029727935791,2.7676491737365723,2950309721
1382,2930,1,32,0.1,joint,32,22,9,1,0,9,0.869137580612638,1.9862250089645386,7.670764446258545,2950309822
1383,2930,1,32,0.3,joint,32,17,14,1,0,14,0.9932338197397066,2.853658676147461,20.187578201293945,2950309923
1384,2930,1,32,1.0,joint,32,17,15,0,0,15,0.9971803988942642,2.508871555328369,22.913938522338867,2950310024
1385,2930,1,40,0.01,joint,32,27,0,5,0,0,0.0,2.930798292160034,1.5787131786346436,2950319627
1386,2930,1,40,0.03,joint,32,17,8,7,0,8,0.9043814577244937,2.5345096588134766,5.271662712097168,2950319728
1387,2930,1,40,0.1,joint,32,16,14,2,0,14,0.9967916319816366,2.826678991317749,11.099750518798828,2950319829
1388,2930,1,40,0.3,joint,32,16,16,0,0,16,1.0,-1.162581205368042,23.709150314331055,2950319930
1389,2930,1,40,1.0,joint,32,11,21,0,0,21,0.9283620723948676,-6.4802069664001465,21.89210319519043,2950320031
1390,2930,1,48,0.01,joint,32,29,0,3,0,0,0.0,2.912496566772461,1.4191402196884155,2950329634
1391,2930,1,48,0.03,joint,32,21,4,7,0,4,0.6343095546405662,2.294713258743286,3.196413516998291,2950329735
1392,2930,1,48,0.1,joint,32,21,10,1,0,10,0.907165767573082,2.508894920349121,9.098688125610352,2950329836
1393,2930,1,48,0.3,joint,32,15,17,0,0,17,0.9971803988942642,-0.2907748818397522,18.512191772460938,2950329937
1394,2930,1,48,1.0,joint,32,13,19,0,0,19,0.9744894033980523,-4.506411552429199,20.584075927734375,2950330038
1395,2930,1,56,0.01,joint,32,32,0,0,0,0,0.0,2.953876495361328,0.326496958732605,2950339641
1396,2930,1,56,0.03,joint,32,32,0,0,0,0,0.0,2.7868051528930664,0.8329358696937561,2950339742
1397,2930,1,56,0.1,joint,32,24,1,7,0,1,0.24229218908241493,3.397597551345825,2.6997780799865723,2950339843
1398,2930,1,56,0.3,joint,32,16,15,1,0,15,0.9992492479956565,0.22992157936096191,8.192214965820312,2950339944
1399,2930,1,56,1.0,joint,32,19,11,2,0,11,0.9480782435939055,4.112273693084717,12.082730293273926,2950340045
1400,1972,2,0,0.01,joint,32,0,32,0,0,0,0.0,-20.53164291381836,0.14661744236946106,1992266718
1401,1972,2,0,0.03,joint,32,0,32,0,0,0,0.0,-20.54532814025879,0.24812237918376923,1992266819
1402,1972,2,0,0.1,joint,32,2,30,0,0,2,0.3372900666170139,-18.57374382019043,8.563861846923828,1992266920
1403,1972,2,0,0.3,joint,32,7,25,0,0,7,0.7578784625383954,-11.019262313842773,17.753488540649414,1992267021
1404,1972,2,0,1.0,joint,32,14,18,0,0,14,0.9886994082884974,-1.00889253616333,21.34227752685547,1992267122
1405,1972,2,8,0.01,joint,32,0,32,0,0,0,0.0,-20.442331314086914,0.442419171333313,1992276725
1406,1972,2,8,0.03,joint,32,2,30,0,0,2,0.3372900666170139,-18.006935119628906,10.423266410827637,1992276826
1407,1972,2,8,0.1,joint,32,16,16,0,0,16,1.0,0.9268332719802856,21.136070251464844,1992276927
1408,1972,2,8,0.3,joint,32,25,7,0,0,25,0.7578784625383954,14.0585355758667,18.860679626464844,1992277028
1409,1972,2,8,1.0,joint,32,21,11,0,0,21,0.9283620723948676,8.699882507324219,20.945667266845703,1992277129
1410,1972,2,16,0.01,joint,32,0,32,0,0,0,0.0,-20.556800842285156,0.2716790735721588,1992286732
1411,1972,2,16,0.03,joint,32,0,32,0,0,0,0.0,-20.138826370239258,1.8055346012115479,1992286833
1412,1972,2,16,0.1,joint,32,9,23,0,0,9,0.8571484374283715,-8.427801132202148,19.390729904174805,1992286934
1413,1972,2,16,0.3,joint,32,21,11,0,0,21,0.9283620723948676,7.251559734344482,20.810062408447266,1992287035
1414,1972,2,16,1.0,joint,32,22,10,0,0,22,0.8960382325345574,9.63945198059082,21.475637435913086,1992287136
1415,1972,2,24,0.01,joint,32,0,32,0,0,0,0.0,-20.551990509033203,0.15693925321102142,1992296739
1416,1972,2,24,0.03,joint,32,0,32,0,0,0,0.0,-20.53351593017578,0.47025907039642334,1992296840
1417,1972,2,24,0.1,joint,32,4,27,1,0,4,0.5547781633412736,-14.611465454101562,13.92747974395752,1992296941
1418,1972,2,24,0.3,joint,32,17,15,0,0,17,0.9971803988942642,2.120542049407959,21.033655166625977,1992297042
1419,1972,2,24,1.0,joint,32,14,18,0,0,14,0.9886994082884974,-1.7424516677856445,20.573246002197266,1992297143
1420,1972,2,32,0.01,joint,32,0,32,0,0,0,0.0,-20.508243560791016,0.10627039521932602,1992306746
1421,1972,2,32,0.03,joint,32,0,32,0,0,0,0.0,-20.44415855407715,0.3786729872226715,1992306847
1422,1972,2,32,0.1,joint,32,0,32,0,0,0,0.0,-20.695446014404297,1.0055148601531982,1992306948
1423,1972,2,32,0.3,joint,32,4,28,0,0,4,0.5435644431995964,-15.168031692504883,14.587142944335938,1992307049
1424,1972,2,32,1.0,joint,32,13,17,2,0,13,0.9871377743721863,-1.4721661806106567,20.25794219970703,1992307150
1425,1972,2,40,0.01,joint,32,0,32,0,0,0,0.0,-20.541316986083984,0.13816414773464203,1992316753
1426,1972,2,40,0.03,joint,32,0,32,0,0,0,0.0,-20.3818302154541,0.2977786958217621,1992316854
1427,1972,2,40,0.1,joint,32,0,32,0,0,0,0.0,-20.18520164489746,1.2820905447006226,1992316955
1428,1972,2,40,0.3,joint,32,0,32,0,0,0,0.0,-17.476890563964844,3.645031690597534,1992317056
1429,1972,2,40,1.0,joint,32,7,24,1,0,7,0.7706290693639405,-9.860383987426758,14.403525352478027,1992317157
1430,1972,2,48,0.01,joint,32,0,32,0,0,0,0.0,-20.54546356201172,0.08711925148963928,1992326760
1431,1972,2,48,0.03,joint,32,0,32,0,0,0,0.0,-20.511432647705078,0.2797906994819641,1992326861
1432,1972,2,48,0.1,joint,32,0,32,0,0,0,0.0,-20.24086570739746,1.5443695783615112,1992326962
1433,1972,2,48,0.3,joint,32,0,32,0,0,0,0.0,-17.772903442382812,3.8857359886169434,1992327063
1434,1972,2,48,1.0,joint,32,8,21,3,0,8,0.8497511372532974,-8.619266510009766,13.515189170837402,1992327164
1435,1972,2,56,0.01,joint,32,0,32,0,0,0,0.0,-20.544586181640625,0.08307114988565445,1992336767
1436,1972,2,56,0.03,joint,32,0,32,0,0,0,0.0,-20.45444107055664,0.2662328779697418,1992336868
1437,1972,2,56,0.1,joint,32,0,32,0,0,0,0.0,-20.343154907226562,0.9460358619689941,1992336969
1438,1972,2,56,0.3,joint,32,0,32,0,0,0,0.0,-18.73819351196289,3.4044106006622314,1992337070
1439,1972,2,56,1.0,joint,32,1,27,4,0,1,0.222284830685688,-11.008974075317383,8.37338638305664,1992337171
1440,1800,1,0,0.01,joint,32,32,0,0,0,0,0.0,26.130699157714844,0.0047681331634521484,1820266202
1441,1800,1,0,0.03,joint,32,32,0,0,0,0,0.0,26.131988525390625,0.013438504189252853,1820266303
1442,1800,1,0,0.1,joint,32,32,0,0,0,0,0.0,26.124435424804688,0.05504097789525986,1820266404
1443,1800,1,0,0.3,joint,32,32,0,0,0,0,0.0,26.152240753173828,0.16770505905151367,1820266505
1444,1800,1,0,1.0,joint,32,30,2,0,0,2,0.3372900666170139,23.848716735839844,9.72811222076416,1820266606
1445,1800,1,8,0.01,joint,32,32,0,0,0,0,0.0,26.13252067565918,0.022601956501603127,1820276209
1446,1800,1,8,0.03,joint,32,32,0,0,0,0,0.0,26.148212432861328,0.08185027539730072,1820276310
1447,1800,1,8,0.1,joint,32,32,0,0,0,0,0.0,26.154586791992188,0.23257340490818024,1820276411
1448,1800,1,8,0.3,joint,32,30,2,0,0,2,0.3372900666170139,23.209041595458984,12.094742774963379,1820276512
1449,1800,1,8,1.0,joint,32,28,4,0,0,4,0.5435644431995964,20.607290267944336,17.768447875976562,1820276613
1450,1800,1,16,0.01,joint,32,32,0,0,0,0,0.0,26.137298583984375,0.01989149861037731,1820286216
1451,1800,1,16,0.03,joint,32,32,0,0,0,0,0.0,26.15869140625,0.06417172402143478,1820286317
1452,1800,1,16,0.1,joint,32,32,0,0,0,0,0.0,26.053287506103516,0.23846419155597687,1820286418
1453,1800,1,16,0.3,joint,32,32,0,0,0,0,0.0,26.19925308227539,0.6342344880104065,1820286519
1454,1800,1,16,1.0,joint,32,27,5,0,0,5,0.6252624052234231,18.204784393310547,18.496915817260742,1820286620
1455,1800,1,24,0.01,joint,32,32,0,0,0,0,0.0,26.125179290771484,0.03335239365696907,1820296223
1456,1800,1,24,0.03,joint,32,32,0,0,0,0,0.0,26.15191650390625,0.09361917525529861,1820296324
1457,1800,1,24,0.1,joint,32,32,0,0,0,0,0.0,26.130447387695312,0.31238436698913574,1820296425
1458,1800,1,24,0.3,joint,32,32,0,0,0,0,0.0,26.19431495666504,0.9854635000228882,1820296526
1459,1800,1,24,1.0,joint,32,32,0,0,0,0,0.0,26.815898895263672,5.227443218231201,1820296627
1460,1800,1,32,0.01,joint,32,32,0,0,0,0,0.0,26.1302490234375,0.03909634053707123,1820306230
1461,1800,1,32,0.03,joint,32,32,0,0,0,0,0.0,26.13568115234375,0.1181342601776123,1820306331
1462,1800,1,32,0.1,joint,32,32,0,0,0,0,0.0,26.05436897277832,0.3646075427532196,1820306432
1463,1800,1,32,0.3,joint,32,32,0,0,0,0,0.0,25.705453872680664,1.0777376890182495,1820306533
1464,1800,1,32,1.0,joint,32,29,3,0,0,3,0.4488644887230294,21.61178970336914,13.761791229248047,1820306634
1465,1800,1,40,0.01,joint,32,32,0,0,0,0,0.0,26.13907241821289,0.04205108806490898,1820316237
1466,1800,1,40,0.03,joint,32,32,0,0,0,0,0.0,26.14478874206543,0.09873969852924347,1820316338
1467,1800,1,40,0.1,joint,32,32,0,0,0,0,0.0,26.138362884521484,0.3724841773509979,1820316439
1468,1800,1,40,0.3,joint,32,32,0,0,0,0,0.0,25.724620819091797,1.1006386280059814,1820316540
1469,1800,1,40,1.0,joint,32,30,2,0,0,2,0.3372900666170139,24.08694839477539,11.431821823120117,1820316641
1470,1800,1,48,0.01,joint,32,32,0,0,0,0,0.0,26.134260177612305,0.05345337837934494,1820326244
1471,1800,1,48,0.03,joint,32,32,0,0,0,0,0.0,26.091854095458984,0.15947915613651276,1820326345
1472,1800,1,48,0.1,joint,32,32,0,0,0,0,0.0,26.113018035888672,0.3587211072444916,1820326446
1473,1800,1,48,0.3,joint,32,32,0,0,0,0,0.0,26.095664978027344,1.4178522825241089,1820326547
1474,1800,1,48,1.0,joint,32,29,3,0,0,3,0.4488644887230294,19.969697952270508,11.499844551086426,1820326648
1475,1800,1,56,0.01,joint,32,32,0,0,0,0,0.0,26.139169692993164,0.05022894963622093,1820336251
1476,1800,1,56,0.03,joint,32,32,0,0,0,0,0.0,26.141605377197266,0.16299286484718323,1820336352
1477,1800,1,56,0.1,joint,32,32,0,0,0,0,0.0,26.14027214050293,0.45436960458755493,1820336453
1478,1800,1,56,0.3,joint,32,32,0,0,0,0,0.0,25.737499237060547,1.302512288093567,1820336554
1479,1800,1,56,1.0,joint,32,29,1,2,0,1,0.21084230031853213,17.612693786621094,10.24791431427002,1820336655
1480,2625,1,0,0.01,joint,32,20,1,11,0,1,0.27619542764793925,17.547983169555664,10.682538032531738,2645268677
1481,2625,1,0,0.03,joint,32,9,11,12,0,11,0.9927744539878083,1.24301278591156,19.957256317138672,2645268778
1482,2625,1,0,0.1,joint,32,3,4,25,0,4,0.9852281360342515,0.09835883975028992,13.404095649719238,2645268879
1483,2625,1,0,0.3,joint,32,0,2,30,0,2,0.0,-1.8007614612579346,9.385129928588867,2645268980
1484,2625,1,0,1.0,joint,32,0,0,32,0,0,nan,0.0906059741973877,8.770238876342773,2645269081
1485,2625,1,8,0.01,joint,32,10,8,14,0,8,0.9910760598382222,5.488834381103516,18.77132225036621,2645278684
1486,2625,1,8,0.03,joint,32,3,9,20,0,9,0.8112781244591328,-2.9702067375183105,16.117984771728516,2645278785
1487,2625,1,8,0.1,joint,32,3,1,28,0,1,0.8112781244591328,0.25766855478286743,11.010093688964844,2645278886
1488,2625,1,8,0.3,joint,32,1,0,31,0,0,0.0,-0.8277338743209839,9.145084381103516,2645278987
1489,2625,1,8,1.0,joint,32,0,2,30,0,2,0.0,-2.4982357025146484,11.785784721374512,2645279088
1490,2625,1,16,0.01,joint,32,20,0,12,0,0,0.0,19.04819107055664,8.070825576782227,2645288691
1491,2625,1,16,0.03,joint,32,15,3,14,0,3,0.6500224216483541,13.171875,14.166181564331055,2645288792
1492,2625,1,16,0.1,joint,32,7,9,16,0,9,0.9886994082884974,1.1520260572433472,18.3377628326416,2645288893
1493,2625,1,16,0.3,joint,32,3,1,28,0,1,0.8112781244591328,3.3951900005340576,10.673133850097656,2645288994
1494,2625,1,16,1.0,joint,32,1,3,28,0,3,0.8112781244591328,-1.4797627925872803,11.69277286529541,2645289095
1495,2625,1,24,0.01,joint,32,32,0,0,0,0,0.0,25.748153686523438,0.16748549044132233,2645298698
1496,2625,1,24,0.03,joint,32,31,0,1,0,0,0.0,25.12123680114746,3.2753448486328125,2645298799
1497,2625,1,24,0.1,joint,32,24,0,8,0,0,0.0,20.044965744018555,7.346479892730713,2645298900
1498,2625,1,24,0.3,joint,32,13,7,12,0,7,0.934068055375491,7.29818058013916,19.036073684692383,2645299001
1499,2625,1,24,1.0,joint,32,3,7,22,0,7,0.8812908992306927,-2.1303679943084717,15.256402015686035,2645299102
1500,2625,1,32,0.01,joint,32,32,0,0,0,0,0.0,25.746471405029297,0.03162514790892601,2645308705
1501,2625,1,32,0.03,joint,32,32,0,0,0,0,0.0,25.780593872070312,0.11625141650438309,2645308806
1502,2625,1,32,0.1,joint,32,32,0,0,0,0,0.0,25.765911102294922,0.4300750494003296,2645308907
1503,2625,1,32,0.3,joint,32,30,0,2,0,0,0.0,24.606178283691406,4.223467826843262,2645309008
1504,2625,1,32,1.0,joint,32,18,6,8,0,6,0.8112781244591328,12.085192680358887,19.155258178710938,2645309109
1505,2625,1,40,0.01,joint,32,32,0,0,0,0,0.0,25.74687957763672,0.031932517886161804,2645318712
1506,2625,1,40,0.03,joint,32,32,0,0,0,0,0.0,25.773178100585938,0.09173575043678284,2645318813
1507,2625,1,40,0.1,joint,32,32,0,0,0,0,0.0,25.816722869873047,0.32563507556915283,2645318914
1508,2625,1,40,0.3,joint,32,32,0,0,0,0,0.0,25.969219207763672,1.0444252490997314,2645319015
1509,2625,1,40,1.0,joint,32,21,8,3,0,8,0.8497511372532974,11.934282302856445,21.023609161376953,2645319116
1510,2625,1,48,0.01,joint,32,32,0,0,0,0,0.0,25.746685028076172,0.029613599181175232,2645328719
1511,2625,1,48,0.03,joint,32,32,0,0,0,0,0.0,25.747764587402344,0.1149987280368805,2645328820
1512,2625,1,48,0.1,joint,32,32,0,0,0,0,0.0,25.654510498046875,0.39034417271614075,2645328921
1513,2625,1,48,0.3,joint,32,32,0,0,0,0,0.0,25.794679641723633,0.653156042098999,2645329022
1514,2625,1,48,1.0,joint,32,25,7,0,0,7,0.7578784625383954,16.010679244995117,21.76416015625,2645329123
1515,2625,1,56,0.01,joint,32,32,0,0,0,0,0.0,25.751996994018555,0.03176877647638321,2645338726
1516,2625,1,56,0.03,joint,32,32,0,0,0,0,0.0,25.744773864746094,0.11814118921756744,2645338827
1517,2625,1,56,0.1,joint,32,32,0,0,0,0,0.0,25.748003005981445,0.3764744997024536,2645338928
1518,2625,1,56,0.3,joint,32,32,0,0,0,0,0.0,25.250988006591797,0.8310552835464478,2645339029
1519,2625,1,56,1.0,joint,32,30,2,0,0,2,0.3372900666170139,19.254199981689453,11.762944221496582,2645339130
1520,1199,1,0,0.01,joint,32,32,0,0,0,0,0.0,26.166091918945312,0.01950250379741192,1219264399
1521,1199,1,0,0.03,joint,32,32,0,0,0,0,0.0,26.163002014160156,0.05335260182619095,1219264500
1522,1199,1,0,0.1,joint,32,32,0,0,0,0,0.0,26.121864318847656,0.18468879163265228,1219264601
1523,1199,1,0,0.3,joint,32,32,0,0,0,0,0.0,26.1517391204834,0.37742507457733154,1219264702
1524,1199,1,0,1.0,joint,32,31,1,0,0,1,0.20062232431271465,24.358713150024414,9.048371315002441,1219264803
1525,1199,1,8,0.01,joint,32,32,0,0,0,0,0.0,26.153329849243164,0.07299283891916275,1219274406
1526,1199,1,8,0.03,joint,32,32,0,0,0,0,0.0,26.18400001525879,0.23231011629104614,1219274507
1527,1199,1,8,0.1,joint,32,32,0,0,0,0,0.0,26.171375274658203,0.4945579469203949,1219274608
1528,1199,1,8,0.3,joint,32,29,3,0,0,3,0.4488644887230294,21.210418701171875,14.803275108337402,1219274709
1529,1199,1,8,1.0,joint,32,22,10,0,0,10,0.8960382325345574,11.439623832702637,24.981124877929688,1219274810
1530,1199,1,16,0.01,joint,32,32,0,0,0,0,0.0,26.158885955810547,0.02994486503303051,1219284413
1531,1199,1,16,0.03,joint,32,32,0,0,0,0,0.0,26.177453994750977,0.11335553973913193,1219284514
1532,1199,1,16,0.1,joint,32,32,0,0,0,0,0.0,26.222206115722656,0.24097903072834015,1219284615
1533,1199,1,16,0.3,joint,32,32,0,0,0,0,0.0,26.25205421447754,0.7581841349601746,1219284716
1534,1199,1,16,1.0,joint,32,26,6,0,0,6,0.6962122601251458,15.948261260986328,19.826784133911133,1219284817
1535,1199,1,24,0.01,joint,32,32,0,0,0,0,0.0,26.158039093017578,0.02800426259636879,1219294420
1536,1199,1,24,0.03,joint,32,32,0,0,0,0,0.0,26.17860984802246,0.10192607343196869,1219294521
1537,1199,1,24,0.1,joint,32,32,0,0,0,0,0.0,26.165348052978516,0.3507625162601471,1219294622
1538,1199,1,24,0.3,joint,32,32,0,0,0,0,0.0,26.061439514160156,1.149181842803955,1219294723
1539,1199,1,24,1.0,joint,32,32,0,0,0,0,0.0,25.14139175415039,4.571978569030762,1219294824
1540,1199,1,32,0.01,joint,32,32,0,0,0,0,0.0,26.15578842163086,0.030412912368774414,1219304427
1541,1199,1,32,0.03,joint,32,32,0,0,0,0,0.0,26.166030883789062,0.12210070341825485,1219304528
1542,1199,1,32,0.1,joint,32,32,0,0,0,0,0.0,26.202014923095703,0.3279854953289032,1219304629
1543,1199,1,32,0.3,joint,32,32,0,0,0,0,0.0,26.017751693725586,0.9037391543388367,1219304730
1544,1199,1,32,1.0,joint,32,29,3,0,0,3,0.4488644887230294,21.66349983215332,15.81338119506836,1219304831
1545,1199,1,40,0.01,joint,32,32,0,0,0,0,0.0,26.164844512939453,0.03434281796216965,1219314434
1546,1199,1,40,0.03,joint,32,32,0,0,0,0,0.0,26.134029388427734,0.13106855750083923,1219314535
1547,1199,1,40,0.1,joint,32,32,0,0,0,0,0.0,26.269756317138672,0.3854534924030304,1219314636
1548,1199,1,40,0.3,joint,32,32,0,0,0,0,0.0,26.139368057250977,1.3377479314804077,1219314737
1549,1199,1,40,1.0,joint,32,31,1,0,0,1,0.20062232431271465,26.03249740600586,10.725000381469727,1219314838
1550,1199,1,48,0.01,joint,32,32,0,0,0,0,0.0,26.150062561035156,0.04787152633070946,1219324441
1551,1199,1,48,0.03,joint,32,32,0,0,0,0,0.0,26.186004638671875,0.12485264241695404,1219324542
1552,1199,1,48,0.1,joint,32,32,0,0,0,0,0.0,26.15723419189453,0.2603747844696045,1219324643
1553,1199,1,48,0.3,joint,32,32,0,0,0,0,0.0,26.03204345703125,0.9877636432647705,1219324744
1554,1199,1,48,1.0,joint,32,31,1,0,0,1,0.20062232431271465,23.791336059570312,8.036567687988281,1219324845
1555,1199,1,56,0.01,joint,32,32,0,0,0,0,0.0,26.1562442779541,0.0445132702589035,1219334448
1556,1199,1,56,0.03,joint,32,32,0,0,0,0,0.0,26.17369842529297,0.12750893831253052,1219334549
1557,1199,1,56,0.1,joint,32,32,0,0,0,0,0.0,26.08190155029297,0.45440128445625305,1219334650
1558,1199,1,56,0.3,joint,32,32,0,0,0,0,0.0,25.955848693847656,1.229224681854248,1219334751
1559,1199,1,56,1.0,joint,32,31,0,1,0,0,0.0,22.248756408691406,7.482560634613037,1219334852
1560,239,1,0,0.01,joint,32,32,0,0,0,0,0.0,20.853404998779297,0.008837838657200336,259261519
1561,239,1,0,0.03,joint,32,32,0,0,0,0,0.0,20.859575271606445,0.036616574972867966,259261620
1562,239,1,0,0.1,joint,32,32,0,0,0,0,0.0,20.849960327148438,0.09713195264339447,259261721
1563,239,1,0,0.3,joint,32,32,0,0,0,0,0.0,20.712820053100586,0.3349017798900604,259261822
1564,239,1,0,1.0,joint,32,31,1,0,0,1,0.20062232431271465,19.217952728271484,7.244748592376709,259261923
1565,239,1,8,0.01,joint,32,32,0,0,0,0,0.0,20.85908317565918,0.05932950973510742,259271526
1566,239,1,8,0.03,joint,32,32,0,0,0,0,0.0,20.832286834716797,0.229878231883049,259271627
1567,239,1,8,0.1,joint,32,32,0,0,0,0,0.0,20.714500427246094,0.5144680142402649,259271728
1568,239,1,8,0.3,joint,32,29,3,0,0,3,0.4488644887230294,16.414104461669922,12.458656311035156,259271829
1569,239,1,8,1.0,joint,32,29,3,0,0,3,0.4488644887230294,18.3548526763916,12.545228004455566,259271930
1570,239,1,16,0.01,joint,32,32,0,0,0,0,0.0,20.844282150268555,0.05133805796504021,259281533
1571,239,1,16,0.03,joint,32,32,0,0,0,0,0.0,20.875598907470703,0.15323404967784882,259281634
1572,239,1,16,0.1,joint,32,32,0,0,0,0,0.0,20.764686584472656,0.41666340827941895,259281735
1573,239,1,16,0.3,joint,32,31,1,0,0,1,0.20062232431271465,19.102264404296875,7.318641662597656,259281836
1574,239,1,16,1.0,joint,32,28,4,0,0,4,0.5435644431995964,14.362306594848633,13.590989112854004,259281937
1575,239,1,24,0.01,joint,32,32,0,0,0,0,0.0,20.867958068847656,0.05798274278640747,259291540
1576,239,1,24,0.03,joint,32,32,0,0,0,0,0.0,20.83823585510254,0.24700935184955597,259291641
1577,239,1,24,0.1,joint,32,32,0,0,0,0,0.0,20.699298858642578,0.8139340281486511,259291742
1578,239,1,24,0.3,joint,32,31,1,0,0,1,0.20062232431271465,17.757566452026367,8.676461219787598,259291843
1579,239,1,24,1.0,joint,32,24,8,0,0,8,0.8112781244591328,11.071418762207031,18.395864486694336,259291944
1580,239,1,32,0.01,joint,32,32,0,0,0,0,0.0,20.880197525024414,0.05308562144637108,259301547
1581,239,1,32,0.03,joint,32,32,0,0,0,0,0.0,20.86404037475586,0.1953062117099762,259301648
1582,239,1,32,0.1,joint,32,32,0,0,0,0,0.0,20.582609176635742,0.8247264623641968,259301749
1583,239,1,32,0.3,joint,32,32,0,0,0,0,0.0,18.73423194885254,5.250378131866455,259301850
1584,239,1,32,1.0,joint,32,22,10,0,0,10,0.8960382325345574,7.864105701446533,20.456119537353516,259301951
1585,239,1,40,0.01,joint,32,32,0,0,0,0,0.0,20.86301612854004,0.08341668546199799,259311554
1586,239,1,40,0.03,joint,32,32,0,0,0,0,0.0,20.879194259643555,0.22317157685756683,259311655
1587,239,1,40,0.1,joint,32,32,0,0,0,0,0.0,20.902389526367188,0.7458904981613159,259311756
1588,239,1,40,0.3,joint,32,30,2,0,0,2,0.3372900666170139,15.757545471191406,9.061190605163574,259311857
1589,239,1,40,1.0,joint,32,21,11,0,0,11,0.9283620723948676,4.691884994506836,20.559370040893555,259311958
1590,239,1,48,0.01,joint,32,32,0,0,0,0,0.0,20.853164672851562,0.09032203257083893,259321561
1591,239,1,48,0.03,joint,32,32,0,0,0,0,0.0,20.853130340576172,0.24121315777301788,259321662
1592,239,1,48,0.1,joint,32,32,0,0,0,0,0.0,20.450801849365234,0.833555281162262,259321763
1593,239,1,48,0.3,joint,32,32,0,0,0,0,0.0,18.801237106323242,4.949607849121094,259321864
1594,239,1,48,1.0,joint,32,18,14,0,0,14,0.9886994082884974,3.0776305198669434,22.00084686279297,259321965
1595,239,1,56,0.01,joint,32,32,0,0,0,0,0.0,20.85243034362793,0.10278020799160004,259331568
1596,239,1,56,0.03,joint,32,32,0,0,0,0,0.0,20.844905853271484,0.24319395422935486,259331669
1597,239,1,56,0.1,joint,32,32,0,0,0,0,0.0,20.247713088989258,1.0462082624435425,259331770
1598,239,1,56,0.3,joint,32,32,0,0,0,0,0.0,17.94829559326172,4.82162618637085,259331871
1599,239,1,56,1.0,joint,32,19,9,4,0,9,0.9059282160429991,5.665369033813477,14.585799217224121,259331972
1600,1587,1,0,0.01,joint,32,32,0,0,0,0,0.0,30.300846099853516,0.0038290973752737045,1607265563
1601,1587,1,0,0.03,joint,32,32,0,0,0,0,0.0,30.300819396972656,0.013103422708809376,1607265664
1602,1587,1,0,0.1,joint,32,32,0,0,0,0,0.0,30.306129455566406,0.043898068368434906,1607265765
1603,1587,1,0,0.3,joint,32,32,0,0,0,0,0.0,30.29894256591797,0.14521338045597076,1607265866
1604,1587,1,0,1.0,joint,32,32,0,0,0,0,0.0,30.123146057128906,0.5413482189178467,1607265967
1605,1587,1,8,0.01,joint,32,32,0,0,0,0,0.0,30.293983459472656,0.01783270388841629,1607275570
1606,1587,1,8,0.03,joint,32,32,0,0,0,0,0.0,30.284347534179688,0.057467009872198105,1607275671
1607,1587,1,8,0.1,joint,32,32,0,0,0,0,0.0,30.201478958129883,0.1958695948123932,1607275772
1608,1587,1,8,0.3,joint,32,32,0,0,0,0,0.0,30.255311965942383,0.6385189890861511,1607275873
1609,1587,1,8,1.0,joint,32,32,0,0,0,0,0.0,26.2772159576416,8.501175880432129,1607275974
1610,1587,1,16,0.01,joint,32,32,0,0,0,0,0.0,30.304288864135742,0.03424172103404999,1607285577
1611,1587,1,16,0.03,joint,32,32,0,0,0,0,0.0,30.29843521118164,0.09341710060834885,1607285678
1612,1587,1,16,0.1,joint,32,32,0,0,0,0,0.0,30.23011589050293,0.31548693776130676,1607285779
1613,1587,1,16,0.3,joint,32,32,0,0,0,0,0.0,29.75839614868164,0.9069961905479431,1607285880
1614,1587,1,16,1.0,joint,32,30,1,1,0,1,0.20559250818508293,22.533302307128906,12.607193946838379,1607285981
1615,1587,1,24,0.01,joint,32,32,0,0,0,0,0.0,30.30596160888672,0.047139883041381836,1607295584
1616,1587,1,24,0.03,joint,32,32,0,0,0,0,0.0,30.291728973388672,0.14912161231040955,1607295685
1617,1587,1,24,0.1,joint,32,32,0,0,0,0,0.0,30.257627487182617,0.4991011619567871,1607295786
1618,1587,1,24,0.3,joint,32,32,0,0,0,0,0.0,30.116052627563477,1.4517021179199219,1607295887
1619,1587,1,24,1.0,joint,32,30,2,0,0,2,0.3372900666170139,26.255544662475586,14.061223983764648,1607295988
1620,1587,1,32,0.01,joint,32,32,0,0,0,0,0.0,30.306520462036133,0.047005437314510345,1607305591
1621,1587,1,32,0.03,joint,32,32,0,0,0,0,0.0,30.224414825439453,0.14010658860206604,1607305692
1622,1587,1,32,0.1,joint,32,32,0,0,0,0,0.0,30.285003662109375,0.6033245325088501,1607305793
1623,1587,1,32,0.3,joint,32,32,0,0,0,0,0.0,29.874692916870117,1.6503996849060059,1607305894
1624,1587,1,32,1.0,joint,32,31,1,0,0,1,0.20062232431271465,25.06725311279297,9.4912691116333,1607305995
1625,1587,1,40,0.01,joint,32,32,0,0,0,0,0.0,30.298194885253906,0.05406216159462929,1607315598
1626,1587,1,40,0.03,joint,32,32,0,0,0,0,0.0,30.274028778076172,0.16947221755981445,1607315699
1627,1587,1,40,0.1,joint,32,32,0,0,0,0,0.0,30.266162872314453,0.5289339423179626,1607315800
1628,1587,1,40,0.3,joint,32,32,0,0,0,0,0.0,30.105972290039062,1.7437139749526978,1607315901
1629,1587,1,40,1.0,joint,32,31,0,1,0,0,0.0,24.696884155273438,8.698892593383789,1607316002
1630,1587,1,48,0.01,joint,32,32,0,0,0,0,0.0,30.28923225402832,0.056203048676252365,1607325605
1631,1587,1,48,0.03,joint,32,32,0,0,0,0,0.0,30.339534759521484,0.21579401195049286,1607325706
1632,1587,1,48,0.1,joint,32,32,0,0,0,0,0.0,30.180753707885742,0.5929440855979919,1607325807
1633,1587,1,48,0.3,joint,32,32,0,0,0,0,0.0,29.960479736328125,1.3803037405014038,1607325908
1634,1587,1,48,1.0,joint,32,32,0,0,0,0,0.0,19.392972946166992,7.781548500061035,1607326009
1635,1587,1,56,0.01,joint,32,32,0,0,0,0,0.0,30.304880142211914,0.07013827562332153,1607335612
1636,1587,1,56,0.03,joint,32,32,0,0,0,0,0.0,30.27764129638672,0.21945683658123016,1607335713
1637,1587,1,56,0.1,joint,32,32,0,0,0,0,0.0,30.090133666992188,0.7844222784042358,1607335814
1638,1587,1,56,0.3,joint,32,32,0,0,0,0,0.0,30.438968658447266,2.1491525173187256,1607335915
1639,1587,1,56,1.0,joint,32,32,0,0,0,0,0.0,18.62429428100586,8.24178695678711,1607336016
1640,3929,1,0,0.01,joint,32,32,0,0,0,0,0.0,21.100711822509766,0.004342339467257261,3949272589
1641,3929,1,0,0.03,joint,32,32,0,0,0,0,0.0,21.101093292236328,0.0138979097828269,3949272690
1642,3929,1,0,0.1,joint,32,32,0,0,0,0,0.0,21.103578567504883,0.0442756749689579,3949272791
1643,3929,1,0,0.3,joint,32,32,0,0,0,0,0.0,21.169376373291016,0.11966750770807266,3949272892
1644,3929,1,0,1.0,joint,32,32,0,0,0,0,0.0,21.162063598632812,0.3174370527267456,3949272993
1645,3929,1,8,0.01,joint,32,32,0,0,0,0,0.0,21.098936080932617,0.028756368905305862,3949282596
1646,3929,1,8,0.03,joint,32,32,0,0,0,0,0.0,21.116748809814453,0.06622106581926346,3949282697
1647,3929,1,8,0.1,joint,32,32,0,0,0,0,0.0,21.067771911621094,0.18675431609153748,3949282798
1648,3929,1,8,0.3,joint,32,32,0,0,0,0,0.0,21.32185173034668,0.6515617966651917,3949282899
1649,3929,1,8,1.0,joint,32,31,1,0,0,1,0.20062232431271465,19.711748123168945,8.093612670898438,3949283000
1650,3929,1,16,0.01,joint,32,32,0,0,0,0,0.0,21.102554321289062,0.03574332594871521,3949292603
1651,3929,1,16,0.03,joint,32,32,0,0,0,0,0.0,21.12183380126953,0.10951439291238785,3949292704
1652,3929,1,16,0.1,joint,32,32,0,0,0,0,0.0,21.252885818481445,0.3857828676700592,3949292805
1653,3929,1,16,0.3,joint,32,32,0,0,0,0,0.0,21.239805221557617,0.9350836873054504,3949292906
1654,3929,1,16,1.0,joint,32,28,4,0,0,4,0.5435644431995964,18.03912925720215,14.814722061157227,3949293007
1655,3929,1,24,0.01,joint,32,32,0,0,0,0,0.0,21.10733413696289,0.03389010205864906,3949302610
1656,3929,1,24,0.03,joint,32,32,0,0,0,0,0.0,21.092735290527344,0.07794847339391708,3949302711
1657,3929,1,24,0.1,joint,32,32,0,0,0,0,0.0,21.114871978759766,0.5168886780738831,3949302812
1658,3929,1,24,0.3,joint,32,32,0,0,0,0,0.0,21.040897369384766,1.1657673120498657,3949302913
1659,3929,1,24,1.0,joint,32,25,7,0,0,7,0.7578784625383954,11.93560791015625,18.41029167175293,3949303014
1660,3929,1,32,0.01,joint,32,32,0,0,0,0,0.0,21.103374481201172,0.051571618765592575,3949312617
1661,3929,1,32,0.03,joint,32,32,0,0,0,0,0.0,21.13425064086914,0.1531902700662613,3949312718
1662,3929,1,32,0.1,joint,32,32,0,0,0,0,0.0,21.270362854003906,0.6178155541419983,3949312819
1663,3929,1,32,0.3,joint,32,32,0,0,0,0,0.0,20.707876205444336,2.2277724742889404,3949312920
1664,3929,1,32,1.0,joint,32,32,0,0,0,0,0.0,20.994007110595703,6.399281024932861,3949313021
1665,3929,1,40,0.01,joint,32,32,0,0,0,0,0.0,21.103151321411133,0.0524221807718277,3949322624
1666,3929,1,40,0.03,joint,32,32,0,0,0,0,0.0,21.096294403076172,0.11447490751743317,3949322725
1667,3929,1,40,0.1,joint,32,32,0,0,0,0,0.0,21.070846557617188,0.5409319996833801,3949322826
1668,3929,1,40,0.3,joint,32,32,0,0,0,0,0.0,20.76608657836914,1.6897071599960327,3949322927
1669,3929,1,40,1.0,joint,32,32,0,0,0,0,0.0,17.998321533203125,6.4879865646362305,3949323028
1670,3929,1,48,0.01,joint,32,32,0,0,0,0,0.0,21.09103012084961,0.06033710390329361,3949332631
1671,3929,1,48,0.03,joint,32,32,0,0,0,0,0.0,21.126911163330078,0.20838460326194763,3949332732
1672,3929,1,48,0.1,joint,32,32,0,0,0,0,0.0,21.032241821289062,0.48468899726867676,3949332833
1673,3929,1,48,0.3,joint,32,32,0,0,0,0,0.0,20.366565704345703,1.8016283512115479,3949332934
1674,3929,1,48,1.0,joint,32,29,2,1,0,2,0.3451173149449531,15.96232795715332,8.638955116271973,3949333035
1675,3929,1,56,0.01,joint,32,32,0,0,0,0,0.0,21.092395782470703,0.056247279047966,3949342638
1676,3929,1,56,0.03,joint,32,32,0,0,0,0,0.0,21.072036743164062,0.20067305862903595,3949342739
1677,3929,1,56,0.1,joint,32,32,0,0,0,0,0.0,20.908153533935547,0.6834169030189514,3949342840
1678,3929,1,56,0.3,joint,32,32,0,0,0,0,0.0,20.04020881652832,1.8367191553115845,3949342941
1679,3929,1,56,1.0,joint,32,31,1,0,0,1,0.20062232431271465,16.83526611328125,7.693776607513428,3949343042
1680,618,1,0,0.01,joint,32,32,0,0,0,0,0.0,22.856464385986328,0.022342462092638016,638262656
1681,618,1,0,0.03,joint,32,32,0,0,0,0,0.0,22.85628890991211,0.06621130555868149,638262757
1682,618,1,0,0.1,joint,32,32,0,0,0,0,0.0,22.879865646362305,0.24437886476516724,638262858
1683,618,1,0,0.3,joint,32,29,2,1,0,2,0.3451173149449531,19.80137062072754,10.127918243408203,638262959
1684,618,1,0,1.0,joint,32,18,12,2,0,12,0.9709505944546686,7.118714332580566,19.81944465637207,638263060
1685,618,1,8,0.01,joint,32,32,0,0,0,0,0.0,22.856243133544922,0.09773910790681839,638272663
1686,618,1,8,0.03,joint,32,32,0,0,0,0,0.0,22.82910919189453,0.2815655767917633,638272764
1687,618,1,8,0.1,joint,32,27,5,0,0,5,0.6252624052234231,15.896194458007812,16.988073348999023,638272865
1688,618,1,8,0.3,joint,32,20,11,1,0,11,0.9383153522334069,6.859038352966309,21.95420265197754,638272966
1689,618,1,8,1.0,joint,32,20,10,2,0,10,0.9182958340544896,7.614829063415527,22.0111141204834,638273067
1690,618,1,16,0.01,joint,32,32,0,0,0,0,0.0,22.854307174682617,0.02735298126935959,638282670
1691,618,1,16,0.03,joint,32,32,0,0,0,0,0.0,22.85702896118164,0.13191966712474823,638282771
1692,618,1,16,0.1,joint,32,30,1,1,0,1,0.20559250818508293,20.77703094482422,6.6436309814453125,638282872
1693,618,1,16,0.3,joint,32,27,4,1,0,4,0.5547781633412736,17.18769073486328,14.262079238891602,638282973
1694,618,1,16,1.0,joint,32,18,13,1,0,13,0.9811522341999133,5.138774871826172,21.401838302612305,638283074
1695,618,1,24,0.01,joint,32,32,0,0,0,0,0.0,22.861663818359375,0.02709360048174858,638292677
1696,618,1,24,0.03,joint,32,32,0,0,0,0,0.0,22.865873336791992,0.08161177486181259,638292778
1697,618,1,24,0.1,joint,32,32,0,0,0,0,0.0,22.855960845947266,0.27758488059043884,638292879
1698,618,1,24,0.3,joint,32,29,2,1,0,2,0.3451173149449531,19.292911529541016,12.047051429748535,638292980
1699,618,1,24,1.0,joint,32,29,3,0,0,3,0.4488644887230294,19.208663940429688,10.671722412109375,638293081
1700,618,1,32,0.01,joint,32,32,0,0,0,0,0.0,22.855995178222656,0.0333530530333519,638302684
1701,618,1,32,0.03,joint,32,32,0,0,0,0,0.0,22.83363151550293,0.08108721673488617,638302785
1702,618,1,32,0.1,joint,32,32,0,0,0,0,0.0,22.88479232788086,0.29724928736686707,638302886
1703,618,1,32,0.3,joint,32,32,0,0,0,0,0.0,22.649276733398438,0.7139092087745667,638302987
1704,618,1,32,1.0,joint,32,28,4,0,0,4,0.5435644431995964,17.22936248779297,14.867114067077637,638303088
1705,618,1,40,0.01,joint,32,32,0,0,0,0,0.0,22.853260040283203,0.030219363048672676,638312691
1706,618,1,40,0.03,joint,32,32,0,0,0,0,0.0,22.83915901184082,0.07410946488380432,638312792
1707,618,1,40,0.1,joint,32,32,0,0,0,0,0.0,22.806964874267578,0.3744141757488251,638312893
1708,618,1,40,0.3,joint,32,32,0,0,0,0,0.0,23.07858657836914,1.1104238033294678,638312994
1709,618,1,40,1.0,joint,32,28,4,0,0,4,0.5435644431995964,18.387039184570312,13.958534240722656,638313095
1710,618,1,48,0.01,joint,32,32,0,0,0,0,0.0,22.862165451049805,0.03930404782295227,638322698
1711,618,1,48,0.03,joint,32,32,0,0,0,0,0.0,22.904613494873047,0.10726236552000046,638322799
1712,618,1,48,0.1,joint,32,32,0,0,0,0,0.0,22.890365600585938,0.39724433422088623,638322900
1713,618,1,48,0.3,joint,32,32,0,0,0,0,0.0,22.808042526245117,1.1502383947372437,638323001
1714,618,1,48,1.0,joint,32,30,2,0,0,2,0.3372900666170139,17.886993408203125,11.199199676513672,638323102
1715,618,1,56,0.01,joint,32,32,0,0,0,0,0.0,22.858139038085938,0.04026850685477257,638332705
1716,618,1,56,0.03,joint,32,32,0,0,0,0,0.0,22.88427734375,0.11307765543460846,638332806
1717,618,1,56,0.1,joint,32,32,0,0,0,0,0.0,22.759647369384766,0.30428871512413025,638332907
1718,618,1,56,0.3,joint,32,32,0,0,0,0,0.0,22.870460510253906,1.0842236280441284,638333008
1719,618,1,56,1.0,joint,32,32,0,0,0,0,0.0,19.66179084777832,8.274726867675781,638333109
1720,1951,1,0,0.01,joint,32,32,0,0,0,0,0.0,25.042926788330078,0.008545110933482647,1971266655
1721,1951,1,0,0.03,joint,32,32,0,0,0,0,0.0,25.039716720581055,0.020981185138225555,1971266756
1722,1951,1,0,0.1,joint,32,32,0,0,0,0,0.0,25.033409118652344,0.0822373703122139,1971266857
1723,1951,1,0,0.3,joint,32,32,0,0,0,0,0.0,24.864757537841797,0.33130913972854614,1971266958
1724,1951,1,0,1.0,joint,32,24,8,0,0,8,0.8112781244591328,12.813016891479492,21.183589935302734,1971267059
1725,1951,1,8,0.01,joint,32,32,0,0,0,0,0.0,25.033784866333008,0.02463529072701931,1971276662
1726,1951,1,8,0.03,joint,32,32,0,0,0,0,0.0,25.014781951904297,0.08440440893173218,1971276763
1727,1951,1,8,0.1,joint,32,32,0,0,0,0,0.0,24.972261428833008,0.3165740668773651,1971276864
1728,1951,1,8,0.3,joint,32,25,7,0,0,7,0.7578784625383954,14.389684677124023,20.25434684753418,1971276965
1729,1951,1,8,1.0,joint,32,20,12,0,0,12,0.954434002924965,6.6977972984313965,23.901857376098633,1971277066
1730,1951,1,16,0.01,joint,32,32,0,0,0,0,0.0,25.05136489868164,0.021760761737823486,1971286669
1731,1951,1,16,0.03,joint,32,32,0,0,0,0,0.0,25.026853561401367,0.05646523833274841,1971286770
1732,1951,1,16,0.1,joint,32,32,0,0,0,0,0.0,25.02916717529297,0.19310571253299713,1971286871
1733,1951,1,16,0.3,joint,32,32,0,0,0,0,0.0,25.043659210205078,0.6353965997695923,1971286972
1734,1951,1,16,1.0,joint,32,32,0,0,0,0,0.0,25.474668502807617,4.2918500900268555,1971287073
1735,1951,1,24,0.01,joint,32,32,0,0,0,0,0.0,25.043115615844727,0.026867667213082314,1971296676
1736,1951,1,24,0.03,joint,32,32,0,0,0,0,0.0,25.02424430847168,0.0860792025923729,1971296777
1737,1951,1,24,0.1,joint,32,32,0,0,0,0,0.0,24.962570190429688,0.28962674736976624,1971296878
1738,1951,1,24,0.3,joint,32,32,0,0,0,0,0.0,24.8994140625,1.1417030096054077,1971296979
1739,1951,1,24,1.0,joint,32,31,1,0,0,1,0.20062232431271465,24.896648406982422,9.736326217651367,1971297080
1740,1951,1,32,0.01,joint,32,32,0,0,0,0,0.0,25.04144287109375,0.030879726633429527,1971306683
1741,1951,1,32,0.03,joint,32,32,0,0,0,0,0.0,25.034130096435547,0.10476097464561462,1971306784
1742,1951,1,32,0.1,joint,32,32,0,0,0,0,0.0,24.93540382385254,0.3238273859024048,1971306885
1743,1951,1,32,0.3,joint,32,32,0,0,0,0,0.0,24.908206939697266,1.3327388763427734,1971306986
1744,1951,1,32,1.0,joint,32,32,0,0,0,0,0.0,24.61037826538086,5.580216407775879,1971307087
1745,1951,1,40,0.01,joint,32,32,0,0,0,0,0.0,25.036701202392578,0.030161969363689423,1971316690
1746,1951,1,40,0.03,joint,32,32,0,0,0,0,0.0,25.009502410888672,0.09340807795524597,1971316791
1747,1951,1,40,0.1,joint,32,32,0,0,0,0,0.0,24.980873107910156,0.42322584986686707,1971316892
1748,1951,1,40,0.3,joint,32,32,0,0,0,0,0.0,25.203842163085938,1.0848146677017212,1971316993
1749,1951,1,40,1.0,joint,32,31,1,0,0,1,0.20062232431271465,27.006145477294922,10.895705223083496,1971317094
1750,1951,1,48,0.01,joint,32,32,0,0,0,0,0.0,25.040485382080078,0.042363014072179794,1971326697
1751,1951,1,48,0.03,joint,32,32,0,0,0,0,0.0,25.054725646972656,0.11155436187982559,1971326798
1752,1951,1,48,0.1,joint,32,32,0,0,0,0,0.0,24.939504623413086,0.44671040773391724,1971326899
1753,1951,1,48,0.3,joint,32,32,0,0,0,0,0.0,25.12761688232422,1.1805603504180908,1971327000
1754,1951,1,48,1.0,joint,32,32,0,0,0,0,0.0,24.90762710571289,7.647077560424805,1971327101
1755,1951,1,56,0.01,joint,32,32,0,0,0,0,0.0,25.048446655273438,0.04243761673569679,1971336704
1756,1951,1,56,0.03,joint,32,32,0,0,0,0,0.0,25.059833526611328,0.10578712075948715,1971336805
1757,1951,1,56,0.1,joint,32,32,0,0,0,0,0.0,24.877323150634766,0.4784746468067169,1971336906
1758,1951,1,56,0.3,joint,32,32,0,0,0,0,0.0,24.74987030029297,1.4260361194610596,1971337007
1759,1951,1,56,1.0,joint,32,32,0,0,0,0,0.0,19.288103103637695,8.19841480255127,1971337108
1760,2038,1,0,0.01,joint,32,32,0,0,0,0,0.0,1.2208251953125,0.00425191642716527,2058266916
1761,2038,1,0,0.03,joint,32,32,0,0,0,0,0.0,1.2205042839050293,0.014899848029017448,2058267017
1762,2038,1,0,0.1,joint,32,32,0,0,0,0,0.0,1.214052438735962,0.0489964596927166,2058267118
1763,2038,1,0,0.3,joint,32,32,0,0,0,0,0.0,1.2097402811050415,0.14138461649417877,2058267219
1764,2038,1,0,1.0,joint,32,21,0,11,0,0,0.0,1.8666274547576904,3.978267192840576,2058267320
1765,2038,1,8,0.01,joint,32,32,0,0,0,0,0.0,1.2201828956604004,0.0330803245306015,2058276923
1766,2038,1,8,0.03,joint,32,32,0,0,0,0,0.0,1.2044860124588013,0.07614057511091232,2058277024
1767,2038,1,8,0.1,joint,32,27,0,5,0,0,0.0,1.2144596576690674,0.2811220586299896,2058277125
1768,2038,1,8,0.3,joint,32,25,0,7,0,0,0.0,4.250802040100098,7.6527581214904785,2058277226
1769,2038,1,8,1.0,joint,32,13,15,4,0,15,0.996316519558962,-2.7090651988983154,19.83643913269043,2058277327
1770,2038,1,16,0.01,joint,32,32,0,0,0,0,0.0,1.2225807905197144,0.033280134201049805,2058286930
1771,2038,1,16,0.03,joint,32,32,0,0,0,0,0.0,1.1872471570968628,0.08320301026105881,2058287031
1772,2038,1,16,0.1,joint,32,25,0,7,0,0,0.0,1.1672289371490479,0.3201005160808563,2058287132
1773,2038,1,16,0.3,joint,32,16,0,16,0,0,0.0,2.7106635570526123,5.498321056365967,2058287233
1774,2038,1,16,1.0,joint,32,16,11,5,0,11,0.9751190649408661,3.5231003761291504,21.787927627563477,2058287334
1775,2038,1,24,0.01,joint,32,32,0,0,0,0,0.0,1.2209923267364502,0.03758464753627777,2058296937
1776,2038,1,24,0.03,joint,32,32,0,0,0,0,0.0,1.2160015106201172,0.09499162435531616,2058297038
1777,2038,1,24,0.1,joint,32,26,0,6,0,0,0.0,1.2464200258255005,0.35468733310699463,2058297139
1778,2038,1,24,0.3,joint,32,20,1,11,0,1,0.27619542764793925,1.7074462175369263,2.125068426132202,2058297240
1779,2038,1,24,1.0,joint,32,19,8,5,0,8,0.876716288999464,5.228171348571777,17.2978458404541,2058297341
1780,2038,1,32,0.01,joint,32,32,0,0,0,0,0.0,1.2256557941436768,0.03912939876317978,2058306944
1781,2038,1,32,0.03,joint,32,32,0,0,0,0,0.0,1.1787402629852295,0.0939684584736824,2058307045
1782,2038,1,32,0.1,joint,32,25,0,7,0,0,0.0,1.2622805833816528,0.3728479743003845,2058307146
1783,2038,1,32,0.3,joint,32,20,0,12,0,0,0.0,1.3359668254852295,1.0047658681869507,2058307247
1784,2038,1,32,1.0,joint,32,14,10,8,0,10,0.9798687566511528,3.2297399044036865,16.11359405517578,2058307348
1785,2038,1,40,0.01,joint,32,32,0,0,0,0,0.0,1.2191189527511597,0.04542729631066322,2058316951
1786,2038,1,40,0.03,joint,32,32,0,0,0,0,0.0,1.2160522937774658,0.14826102554798126,2058317052
1787,2038,1,40,0.1,joint,32,26,0,6,0,0,0.0,1.308363676071167,0.5136531591415405,2058317153
1788,2038,1,40,0.3,joint,32,16,1,15,0,1,0.3227569588973983,1.5580759048461914,2.7464966773986816,2058317254
1789,2038,1,40,1.0,joint,32,16,14,2,0,14,0.9967916319816366,2.3519866466522217,18.726078033447266,2058317355
1790,2038,1,48,0.01,joint,32,32,0,0,0,0,0.0,1.2165340185165405,0.06076379865407944,2058326958
1791,2038,1,48,0.03,joint,32,32,0,0,0,0,0.0,1.2915927171707153,0.19903960824012756,2058327059
1792,2038,1,48,0.1,joint,32,22,0,10,0,0,0.0,1.2784392833709717,0.6345190405845642,2058327160
1793,2038,1,48,0.3,joint,32,20,1,11,0,1,0.27619542764793925,2.790668487548828,5.000350475311279,2058327261
1794,2038,1,48,1.0,joint,32,20,11,1,0,11,0.9383153522334069,4.816550254821777,17.91919708251953,2058327362
1795,2038,1,56,0.01,joint,32,32,0,0,0,0,0.0,1.2257535457611084,0.048752766102552414,2058336965
1796,2038,1,56,0.03,joint,32,31,0,1,0,0,0.0,1.2044413089752197,0.17398066818714142,2058337066
1797,2038,1,56,0.1,joint,32,21,0,11,0,0,0.0,1.2397363185882568,0.4838572144508362,2058337167
1798,2038,1,56,0.3,joint,32,17,3,12,0,3,0.6098403047164005,1.689347743988037,2.4252941608428955,2058337268
1799,2038,1,56,1.0,joint,32,20,9,3,0,9,0.8935711016541907,4.711787700653076,9.487700462341309,2058337369
1800,2027,1,0,0.01,joint,32,32,0,0,0,0,0.0,13.587783813476562,0.02342834137380123,2047266883
1801,2027,1,0,0.03,joint,32,32,0,0,0,0,0.0,13.606836318969727,0.0805579274892807,2047266984
1802,2027,1,0,0.1,joint,32,32,0,0,0,0,0.0,13.602346420288086,0.2842906713485718,2047267085
1803,2027,1,0,0.3,joint,32,32,0,0,0,0,0.0,13.255450248718262,0.8828666806221008,2047267186
1804,2027,1,0,1.0,joint,32,29,3,0,0,3,0.4488644887230294,9.613554000854492,9.106111526489258,2047267287
1805,2027,1,8,0.01,joint,32,32,0,0,0,0,0.0,13.559796333312988,0.3644556999206543,2047276890
1806,2027,1,8,0.03,joint,32,31,1,0,0,1,0.20062232431271465,12.492081642150879,5.82269287109375,2047276991
1807,2027,1,8,0.1,joint,32,26,6,0,0,6,0.6962122601251458,7.552385330200195,12.112360000610352,2047277092
1808,2027,1,8,0.3,joint,32,27,5,0,0,5,0.6252624052234231,9.544527053833008,11.235458374023438,2047277193
1809,2027,1,8,1.0,joint,32,18,14,0,0,14,0.9886994082884974,3.3669114112854004,20.071653366088867,2047277294
1810,2027,1,16,0.01,joint,32,32,0,0,0,0,0.0,13.580382347106934,0.24321813881397247,2047286897
1811,2027,1,16,0.03,joint,32,32,0,0,0,0,0.0,13.634803771972656,0.731887698173523,2047286998
1812,2027,1,16,0.1,joint,32,28,4,0,0,4,0.5435644431995964,9.63265609741211,10.183245658874512,2047287099
1813,2027,1,16,0.3,joint,32,24,8,0,0,8,0.8112781244591328,7.557602882385254,15.242624282836914,2047287200
1814,2027,1,16,1.0,joint,32,15,17,0,0,17,0.9971803988942642,0.45918840169906616,19.237071990966797,2047287301
1815,2027,1,24,0.01,joint,32,32,0,0,0,0,0.0,13.465500831604004,0.28649216890335083,2047296904
1816,2027,1,24,0.03,joint,32,29,2,1,0,2,0.3451173149449531,11.022029876708984,7.33320426940918,2047297005
1817,2027,1,24,0.1,joint,32,22,10,0,0,10,0.8960382325345574,3.11514949798584,15.134462356567383,2047297106
1818,2027,1,24,0.3,joint,32,25,7,0,0,7,0.7578784625383954,6.891946792602539,12.909159660339355,2047297207
1819,2027,1,24,1.0,joint,32,18,14,0,0,14,0.9886994082884974,1.7438087463378906,17.31787109375,2047297308
1820,2027,1,32,0.01,joint,32,32,0,0,0,0,0.0,13.50618839263916,0.4110207259654999,2047306911
1821,2027,1,32,0.03,joint,32,32,0,0,0,0,0.0,13.047464370727539,1.5467065572738647,2047307012
1822,2027,1,32,0.1,joint,32,22,10,0,0,10,0.8960382325345574,2.232481002807617,15.665632247924805,2047307113
1823,2027,1,32,0.3,joint,32,14,17,1,0,17,0.9932338197397066,-2.909191131591797,16.704038619995117,2047307214
1824,2027,1,32,1.0,joint,32,23,9,0,0,9,0.8571484374283715,7.938409805297852,17.960981369018555,2047307315
1825,2027,1,40,0.01,joint,32,32,0,0,0,0,0.0,13.688146591186523,0.8021291494369507,2047316918
1826,2027,1,40,0.03,joint,32,32,0,0,0,0,0.0,13.092632293701172,2.54781436920166,2047317019
1827,2027,1,40,0.1,joint,32,30,2,0,0,2,0.3372900666170139,11.4513578414917,7.314294815063477,2047317120
1828,2027,1,40,0.3,joint,32,21,10,1,0,10,0.907165767573082,5.388839244842529,17.528465270996094,2047317221
1829,2027,1,40,1.0,joint,32,15,17,0,0,17,0.9971803988942642,0.3290140628814697,20.813716888427734,2047317322
1830,2027,1,48,0.01,joint,32,32,0,0,0,0,0.0,13.648643493652344,0.42815518379211426,2047326925
1831,2027,1,48,0.03,joint,32,32,0,0,0,0,0.0,13.590288162231445,1.1280289888381958,2047327026
1832,2027,1,48,0.1,joint,32,32,0,0,0,0,0.0,11.758424758911133,5.63473653793335,2047327127
1833,2027,1,48,0.3,joint,32,21,9,2,0,9,0.8812908992306927,6.451457977294922,13.041841506958008,2047327228
1834,2027,1,48,1.0,joint,32,16,16,0,0,16,1.0,0.779495894908905,19.905426025390625,2047327329
1835,2027,1,56,0.01,joint,32,32,0,0,0,0,0.0,13.590713500976562,0.18688474595546722,2047336932
1836,2027,1,56,0.03,joint,32,32,0,0,0,0,0.0,13.567665100097656,0.5071486234664917,2047337033
1837,2027,1,56,0.1,joint,32,32,0,0,0,0,0.0,12.953206062316895,2.0663576126098633,2047337134
1838,2027,1,56,0.3,joint,32,31,0,1,0,0,0.0,12.464188575744629,5.401363849639893,2047337235
1839,2027,1,56,1.0,joint,32,16,14,2,0,14,0.9967916319816366,1.9744013547897339,14.378731727600098,2047337336
1840,2079,1,0,0.01,joint,32,32,0,0,0,0,0.0,19.137290954589844,0.00567586487159133,2099267039
1841,2079,1,0,0.03,joint,32,32,0,0,0,0,0.0,19.153820037841797,0.033897168934345245,2099267140
1842,2079,1,0,0.1,joint,32,30,2,0,0,2,0.3372900666170139,16.490089416503906,6.563967704772949,2099267241
1843,2079,1,0,0.3,joint,32,18,14,0,0,14,0.9886994082884974,5.52506160736084,13.524670600891113,2099267342
1844,2079,1,0,1.0,joint,32,8,24,0,0,24,0.8112781244591328,-8.123010635375977,15.340002059936523,2099267443
1845,2079,1,8,0.01,joint,32,32,0,0,0,0,0.0,19.14869499206543,0.042987387627363205,2099277046
1846,2079,1,8,0.03,joint,32,27,5,0,0,5,0.6252624052234231,14.103998184204102,9.88942813873291,2099277147
1847,2079,1,8,0.1,joint,32,8,24,0,0,24,0.8112781244591328,-5.4718241691589355,11.853785514831543,2099277248
1848,2079,1,8,0.3,joint,32,5,27,0,0,27,0.6252624052234231,-11.091962814331055,13.513941764831543,2099277349
1849,2079,1,8,1.0,joint,32,11,21,0,0,21,0.9283620723948676,-6.830719947814941,17.63597297668457,2099277450
1850,2079,1,16,0.01,joint,32,32,0,0,0,0,0.0,19.143211364746094,0.03946363180875778,2099287053
1851,2079,1,16,0.03,joint,32,29,3,0,0,3,0.4488644887230294,16.325393676757812,7.426642417907715,2099287154
1852,2079,1,16,0.1,joint,32,18,14,0,0,14,0.9886994082884974,4.708799839019775,13.611878395080566,2099287255
1853,2079,1,16,0.3,joint,32,11,21,0,0,21,0.9283620723948676,-3.88307523727417,16.668323516845703,2099287356
1854,2079,1,16,1.0,joint,32,12,20,0,0,20,0.954434002924965,-3.8040356636047363,18.38423728942871,2099287457
1855,2079,1,24,0.01,joint,32,32,0,0,0,0,0.0,19.127662658691406,0.08061206340789795,2099297060
1856,2079,1,24,0.03,joint,32,31,1,0,0,1,0.20062232431271465,17.817487716674805,4.357532501220703,2099297161
1857,2079,1,24,0.1,joint,32,17,14,1,0,14,0.9932338197397066,5.5644073486328125,14.048417091369629,2099297262
1858,2079,1,24,0.3,joint,32,16,15,1,0,15,0.9992492479956565,2.518002986907959,16.27792739868164,2099297363
1859,2079,1,24,1.0,joint,32,13,19,0,0,19,0.9744894033980523,-3.8973944187164307,18.348398208618164,2099297464
1860,2079,1,32,0.01,joint,32,32,0,0,0,0,0.0,19.11468505859375,0.05406155437231064,2099307067
1861,2079,1,32,0.03,joint,32,31,1,0,0,1,0.20062232431271465,18.160308837890625,3.9118497371673584,2099307168
1862,2079,1,32,0.1,joint,32,25,7,0,0,7,0.7578784625383954,12.56613540649414,11.321820259094238,2099307269
1863,2079,1,32,0.3,joint,32,16,16,0,0,16,1.0,4.374070644378662,13.758302688598633,2099307370
1864,2079,1,32,1.0,joint,32,11,21,0,0,21,0.9283620723948676,-4.788773536682129,16.136585235595703,2099307471
1865,2079,1,40,0.01,joint,32,32,0,0,0,0,0.0,19.12342071533203,0.05847850814461708,2099317074
1866,2079,1,40,0.03,joint,32,31,1,0,0,1,0.20062232431271465,18.36784553527832,4.146834850311279,2099317175
1867,2079,1,40,0.1,joint,32,28,4,0,0,4,0.5435644431995964,14.632797241210938,9.853182792663574,2099317276
1868,2079,1,40,0.3,joint,32,19,13,0,0,13,0.9744894033980523,6.026838302612305,14.453568458557129,2099317377
1869,2079,1,40,1.0,joint,32,13,19,0,0,19,0.9744894033980523,-3.847939968109131,16.733680725097656,2099317478
1870,2079,1,48,0.01,joint,32,32,0,0,0,0,0.0,19.1225528717041,0.08552952855825424,2099327081
1871,2079,1,48,0.03,joint,32,32,0,0,0,0,0.0,19.10881233215332,0.19098128378391266,2099327182
1872,2079,1,48,0.1,joint,32,32,0,0,0,0,0.0,19.242595672607422,0.574603796005249,2099327283
1873,2079,1,48,0.3,joint,32,32,0,0,0,0,0.0,18.075918197631836,1.9348922967910767,2099327384
1874,2079,1,48,1.0,joint,32,21,10,1,0,10,0.907165767573082,6.22792387008667,15.782319068908691,2099327485
1875,2079,1,56,0.01,joint,32,32,0,0,0,0,0.0,19.13718032836914,0.0703919529914856,2099337088
1876,2079,1,56,0.03,joint,32,32,0,0,0,0,0.0,19.11901092529297,0.25779664516448975,2099337189
1877,2079,1,56,0.1,joint,32,32,0,0,0,0,0.0,19.01172637939453,0.6955423355102539,2099337290
1878,2079,1,56,0.3,joint,32,32,0,0,0,0,0.0,17.584381103515625,2.2559702396392822,2099337391
1879,2079,1,56,1.0,joint,32,26,4,2,0,4,0.5665095065529052,11.309964179992676,8.678075790405273,2099337492
1880,1910,1,0,0.01,joint,32,32,0,0,0,0,0.0,3.2299442291259766,0.011092222295701504,1930266532
1881,1910,1,0,0.03,joint,32,32,0,0,0,0,0.0,3.229339122772217,0.02923184633255005,1930266633
1882,1910,1,0,0.1,joint,32,32,0,0,0,0,0.0,3.2774980068206787,0.14495247602462769,1930266734
1883,1910,1,0,0.3,joint,32,32,0,0,0,0,0.0,3.2765588760375977,0.33544090390205383,1930266835
1884,1910,1,0,1.0,joint,32,28,0,4,0,0,0.0,3.7179720401763916,2.0615086555480957,1930266936
1885,1910,1,8,0.01,joint,32,32,0,0,0,0,0.0,3.217271327972412,0.08799371123313904,1930276539
1886,1910,1,8,0.03,joint,32,32,0,0,0,0,0.0,3.2301316261291504,0.2814580500125885,1930276640
1887,1910,1,8,0.1,joint,32,29,0,3,0,0,0.0,3.3540456295013428,1.0753729343414307,1930276741
1888,1910,1,8,0.3,joint,32,23,0,9,0,0,0.0,4.844684600830078,4.030837059020996,1930276842
1889,1910,1,8,1.0,joint,32,20,10,2,0,10,0.9182958340544896,5.6465163230896,20.16752052307129,1930276943
1890,1910,1,16,0.01,joint,32,32,0,0,0,0,0.0,3.207732677459717,0.13033749163150787,1930286546
1891,1910,1,16,0.03,joint,32,32,0,0,0,0,0.0,3.2607531547546387,0.3478584587574005,1930286647
1892,1910,1,16,0.1,joint,32,27,0,5,0,0,0.0,3.2007179260253906,1.4437239170074463,1930286748
1893,1910,1,16,0.3,joint,32,15,3,14,0,3,0.6500224216483541,3.976003646850586,8.790619850158691,1930286849
1894,1910,1,16,1.0,joint,32,17,13,2,0,13,0.9871377743721863,1.959368109703064,21.394346237182617,1930286950
1895,1910,1,24,0.01,joint,32,32,0,0,0,0,0.0,3.1873409748077393,0.20266841351985931,1930296553
1896,1910,1,24,0.03,joint,32,32,0,0,0,0,0.0,3.407421827316284,0.8928045630455017,1930296654
1897,1910,1,24,0.1,joint,32,27,0,5,0,0,0.0,4.504525661468506,3.8224334716796875,1930296755
1898,1910,1,24,0.3,joint,32,19,6,7,0,6,0.7950402793845223,5.049971103668213,17.479942321777344,1930296856
1899,1910,1,24,1.0,joint,32,17,14,1,0,14,0.9932338197397066,2.0530295372009277,24.2309627532959,1930296957
1900,1910,1,32,0.01,joint,32,32,0,0,0,0,0.0,3.251009464263916,0.3171544373035431,1930306560
1901,1910,1,32,0.03,joint,32,32,0,0,0,0,0.0,3.540012836456299,0.9336239695549011,1930306661
1902,1910,1,32,0.1,joint,32,22,0,10,0,0,0.0,6.028322219848633,7.363966941833496,1930306762
1903,1910,1,32,0.3,joint,32,15,3,14,0,3,0.6500224216483541,7.393462657928467,12.4857177734375,1930306863
1904,1910,1,32,1.0,joint,32,20,12,0,0,12,0.954434002924965,4.931806564331055,25.11251449584961,1930306964
1905,1910,1,40,0.01,joint,32,32,0,0,0,0,0.0,3.262197732925415,0.4366474747657776,1930316567
1906,1910,1,40,0.03,joint,32,32,0,0,0,0,0.0,3.8164310455322266,1.100143551826477,1930316668
1907,1910,1,40,0.1,joint,32,27,0,5,0,0,0.0,8.634347915649414,9.589637756347656,1930316769
1908,1910,1,40,0.3,joint,32,20,4,8,0,4,0.6500224216483541,8.061009407043457,14.987963676452637,1930316870
1909,1910,1,40,1.0,joint,32,17,14,1,0,14,0.9932338197397066,4.005970001220703,25.924285888671875,1930316971
1910,1910,1,48,0.01,joint,32,32,0,0,0,0,0.0,3.2389702796936035,0.3329976797103882,1930326574
1911,1910,1,48,0.03,joint,32,30,0,2,0,0,0.0,3.7786355018615723,1.0143952369689941,1930326675
1912,1910,1,48,0.1,joint,32,21,1,10,0,1,0.2667649878030259,3.466923713684082,3.246591091156006,1930326776
1913,1910,1,48,0.3,joint,32,22,4,6,0,4,0.6193821946787638,10.333462715148926,14.14334774017334,1930326877
1914,1910,1,48,1.0,joint,32,17,12,3,0,12,0.9784493292686189,3.742436647415161,25.32862091064453,1930326978
1915,1910,1,56,0.01,joint,32,32,0,0,0,0,0.0,3.227642774581909,0.09501636773347855,1930336581
1916,1910,1,56,0.03,joint,32,32,0,0,0,0,0.0,3.285794258117676,0.35623839497566223,1930336682
1917,1910,1,56,0.1,joint,32,28,0,4,0,0,0.0,3.501832962036133,1.559230089187622,1930336783
1918,1910,1,56,0.3,joint,32,27,2,3,0,2,0.36205125173399805,6.978981971740723,7.4117207527160645,1930336884
1919,1910,1,56,1.0,joint,32,17,13,2,0,13,0.9871377743721863,4.247476577758789,15.334835052490234,1930336985
1920,1433,1,0,0.01,joint,32,32,0,0,0,0,0.0,22.19635772705078,0.004194467794150114,1453265101
1921,1433,1,0,0.03,joint,32,32,0,0,0,0,0.0,22.198638916015625,0.00934596173465252,1453265202
1922,1433,1,0,0.1,joint,32,32,0,0,0,0,0.0,22.19605255126953,0.03925825655460358,1453265303
1923,1433,1,0,0.3,joint,32,32,0,0,0,0,0.0,22.18137550354004,0.14502443373203278,1453265404
1924,1433,1,0,1.0,joint,32,26,6,0,0,6,0.6962122601251458,14.271524429321289,17.226566314697266,1453265505
1925,1433,1,8,0.01,joint,32,32,0,0,0,0,0.0,22.189844131469727,0.019546082243323326,1453275108
1926,1433,1,8,0.03,joint,32,32,0,0,0,0,0.0,22.198843002319336,0.05675125494599342,1453275209
1927,1433,1,8,0.1,joint,32,32,0,0,0,0,0.0,22.075260162353516,0.30029746890068054,1453275310
1928,1433,1,8,0.3,joint,32,29,3,0,0,3,0.4488644887230294,18.113956451416016,12.858210563659668,1453275411
1929,1433,1,8,1.0,joint,32,22,10,0,0,10,0.8960382325345574,9.151297569274902,20.87383270263672,1453275512
1930,1433,1,16,0.01,joint,32,32,0,0,0,0,0.0,22.20559310913086,0.030941978096961975,1453285115
1931,1433,1,16,0.03,joint,32,32,0,0,0,0,0.0,22.199071884155273,0.0705915242433548,1453285216
1932,1433,1,16,0.1,joint,32,32,0,0,0,0,0.0,22.24033546447754,0.26043829321861267,1453285317
1933,1433,1,16,0.3,joint,32,32,0,0,0,0,0.0,22.183547973632812,1.1892040967941284,1453285418
1934,1433,1,16,1.0,joint,32,30,2,0,0,2,0.3372900666170139,20.44868278503418,11.285994529724121,1453285519
1935,1433,1,24,0.01,joint,32,32,0,0,0,0,0.0,22.20478057861328,0.03658468276262283,1453295122
1936,1433,1,24,0.03,joint,32,32,0,0,0,0,0.0,22.183881759643555,0.1170758530497551,1453295223
1937,1433,1,24,0.1,joint,32,32,0,0,0,0,0.0,22.21811294555664,0.42406606674194336,1453295324
1938,1433,1,24,0.3,joint,32,32,0,0,0,0,0.0,22.20622444152832,1.4980539083480835,1453295425
1939,1433,1,24,1.0,joint,32,31,1,0,0,1,0.20062232431271465,23.20606231689453,8.671199798583984,1453295526
1940,1433,1,32,0.01,joint,32,32,0,0,0,0,0.0,22.184528350830078,0.03720381483435631,1453305129
1941,1433,1,32,0.03,joint,32,32,0,0,0,0,0.0,22.232810974121094,0.12244973331689835,1453305230
1942,1433,1,32,0.1,joint,32,32,0,0,0,0,0.0,22.22833824157715,0.5002095699310303,1453305331
1943,1433,1,32,0.3,joint,32,32,0,0,0,0,0.0,21.658601760864258,1.2724602222442627,1453305432
1944,1433,1,32,1.0,joint,32,32,0,0,0,0,0.0,27.120620727539062,6.47446346282959,1453305533
1945,1433,1,40,0.01,joint,32,32,0,0,0,0,0.0,22.197206497192383,0.04300353303551674,1453315136
1946,1433,1,40,0.03,joint,32,32,0,0,0,0,0.0,22.210229873657227,0.1300891637802124,1453315237
1947,1433,1,40,0.1,joint,32,32,0,0,0,0,0.0,22.155025482177734,0.4961529076099396,1453315338
1948,1433,1,40,0.3,joint,32,32,0,0,0,0,0.0,22.209087371826172,1.2938165664672852,1453315439
1949,1433,1,40,1.0,joint,32,30,2,0,0,2,0.3372900666170139,23.096595764160156,13.217845916748047,1453315540
1950,1433,1,48,0.01,joint,32,32,0,0,0,0,0.0,22.192745208740234,0.04380553960800171,1453325143
1951,1433,1,48,0.03,joint,32,32,0,0,0,0,0.0,22.206836700439453,0.133527010679245,1453325244
1952,1433,1,48,0.1,joint,32,32,0,0,0,0,0.0,22.198307037353516,0.47540080547332764,1453325345
1953,1433,1,48,0.3,joint,32,32,0,0,0,0,0.0,22.550495147705078,1.4618009328842163,1453325446
1954,1433,1,48,1.0,joint,32,30,2,0,0,2,0.3372900666170139,22.869455337524414,11.298029899597168,1453325547
1955,1433,1,56,0.01,joint,32,32,0,0,0,0,0.0,22.177040100097656,0.05848899856209755,1453335150
1956,1433,1,56,0.03,joint,32,32,0,0,0,0,0.0,22.168846130371094,0.17174221575260162,1453335251
1957,1433,1,56,0.1,joint,32,32,0,0,0,0,0.0,21.988330841064453,0.5791152119636536,1453335352
1958,1433,1,56,0.3,joint,32,32,0,0,0,0,0.0,22.300880432128906,1.5281310081481934,1453335453
1959,1433,1,56,1.0,joint,32,31,0,1,0,0,0.0,21.474395751953125,7.241511821746826,1453335554
1960,36,2,0,0.01,joint,32,0,32,0,0,0,0.0,-19.057693481445312,0.009076109156012535,56260910
1961,36,2,0,0.03,joint,32,0,32,0,0,0,0.0,-19.062408447265625,0.024822760373353958,56261011
1962,36,2,0,0.1,joint,32,0,32,0,0,0,0.0,-19.06740951538086,0.11978071182966232,56261112
1963,36,2,0,0.3,joint,32,0,32,0,0,0,0.0,-19.105751037597656,0.32524484395980835,56261213
1964,36,2,0,1.0,joint,32,1,31,0,0,1,0.20062232431271465,-18.140819549560547,5.962747573852539,56261314
1965,36,2,8,0.01,joint,32,0,32,0,0,0,0.0,-19.043790817260742,0.07319709658622742,56270917
1966,36,2,8,0.03,joint,32,0,32,0,0,0,0.0,-19.036558151245117,0.14678381383419037,56271018
1967,36,2,8,0.1,joint,32,0,32,0,0,0,0.0,-18.94918441772461,0.5331205725669861,56271119
1968,36,2,8,0.3,joint,32,1,31,0,0,1,0.20062232431271465,-17.66606903076172,5.792829990386963,56271220
1969,36,2,8,1.0,joint,32,8,24,0,0,8,0.8112781244591328,-11.250747680664062,16.505727767944336,56271321
1970,36,2,16,0.01,joint,32,0,32,0,0,0,0.0,-19.056148529052734,0.0396096371114254,56280924
1971,36,2,16,0.03,joint,32,0,32,0,0,0,0.0,-19.041606903076172,0.12214463949203491,56281025
1972,36,2,16,0.1,joint,32,0,32,0,0,0,0.0,-19.011001586914062,0.49410802125930786,56281126
1973,36,2,16,0.3,joint,32,0,32,0,0,0,0.0,-19.010562896728516,1.1015657186508179,56281227
1974,36,2,16,1.0,joint,32,2,30,0,0,2,0.3372900666170139,-17.04488754272461,9.513341903686523,56281328
1975,36,2,24,0.01,joint,32,0,32,0,0,0,0.0,-19.059370040893555,0.05605233088135719,56290931
1976,36,2,24,0.03,joint,32,0,32,0,0,0,0.0,-19.066238403320312,0.1590729057788849,56291032
1977,36,2,24,0.1,joint,32,0,32,0,0,0,0.0,-19.04759979248047,0.5779319405555725,56291133
1978,36,2,24,0.3,joint,32,0,32,0,0,0,0.0,-19.02935028076172,1.747470498085022,56291234
1979,36,2,24,1.0,joint,32,0,32,0,0,0,0.0,-18.938583374023438,6.429396629333496,56291335
1980,36,2,32,0.01,joint,32,0,32,0,0,0,0.0,-19.047595977783203,0.0740710198879242,56300938
1981,36,2,32,0.03,joint,32,0,32,0,0,0,0.0,-19.04131317138672,0.19960527122020721,56301039
1982,36,2,32,0.1,joint,32,0,32,0,0,0,0.0,-19.05800437927246,0.5160964131355286,56301140
1983,36,2,32,0.3,joint,32,0,32,0,0,0,0.0,-19.300216674804688,2.014313220977783,56301241
1984,36,2,32,1.0,joint,32,2,29,1,0,2,0.34511731494495285,-16.440135955810547,9.906646728515625,56301342
1985,36,2,40,0.01,joint,32,0,32,0,0,0,0.0,-19.063928604125977,0.06457556039094925,56310945
1986,36,2,40,0.03,joint,32,0,32,0,0,0,0.0,-19.025951385498047,0.20543581247329712,56311046
1987,36,2,40,0.1,joint,32,0,32,0,0,0,0.0,-18.92818832397461,0.6341257691383362,56311147
1988,36,2,40,0.3,joint,32,0,32,0,0,0,0.0,-19.05320930480957,1.6016523838043213,56311248
1989,36,2,40,1.0,joint,32,1,31,0,0,1,0.20062232431271465,-18.77385711669922,8.37434196472168,56311349
1990,36,2,48,0.01,joint,32,0,32,0,0,0,0.0,-19.037757873535156,0.05711911618709564,56320952
1991,36,2,48,0.03,joint,32,0,32,0,0,0,0.0,-19.056442260742188,0.2196132242679596,56321053
1992,36,2,48,0.1,joint,32,0,32,0,0,0,0.0,-18.915874481201172,0.6854678988456726,56321154
1993,36,2,48,0.3,joint,32,0,32,0,0,0,0.0,-19.18094253540039,2.0676047801971436,56321255
1994,36,2,48,1.0,joint,32,0,32,0,0,0,0.0,-17.336885452270508,7.344756126403809,56321356
1995,36,2,56,0.01,joint,32,0,32,0,0,0,0.0,-19.044023513793945,0.07744739204645157,56330959
1996,36,2,56,0.03,joint,32,0,32,0,0,0,0.0,-19.045352935791016,0.21871529519557953,56331060
1997,36,2,56,0.1,joint,32,0,32,0,0,0,0.0,-19.013856887817383,0.6764886379241943,56331161
1998,36,2,56,0.3,joint,32,0,32,0,0,0,0.0,-18.451656341552734,2.3385939598083496,56331262
1999,36,2,56,1.0,joint,32,0,31,1,0,0,0.0,-15.618066787719727,6.216305732727051,56331363
2000,2326,1,0,0.01,joint,32,32,0,0,0,0,0.0,19.058971405029297,0.015976229682564735,2346267780
2001,2326,1,0,0.03,joint,32,32,0,0,0,0,0.0,19.06324005126953,0.05771114304661751,2346267881
2002,2326,1,0,0.1,joint,32,32,0,0,0,0,0.0,19.029468536376953,0.140912726521492,2346267982
2003,2326,1,0,0.3,joint,32,32,0,0,0,0,0.0,19.078962326049805,0.37376368045806885,2346268083
2004,2326,1,0,1.0,joint,32,32,0,0,0,0,0.0,19.020809173583984,1.099651575088501,2346268184
2005,2326,1,8,0.01,joint,32,32,0,0,0,0,0.0,19.027095794677734,0.07896852493286133,2346277787
2006,2326,1,8,0.03,joint,32,32,0,0,0,0,0.0,19.062543869018555,0.27736160159111023,2346277888
2007,2326,1,8,0.1,joint,32,32,0,0,0,0,0.0,18.792118072509766,0.7337517142295837,2346277989
2008,2326,1,8,0.3,joint,32,29,3,0,0,3,0.4488644887230294,15.9668607711792,11.478273391723633,2346278090
2009,2326,1,8,1.0,joint,32,21,11,0,0,11,0.9283620723948676,7.3672027587890625,19.753643035888672,2346278191
2010,2326,1,16,0.01,joint,32,32,0,0,0,0,0.0,19.061233520507812,0.05635249987244606,2346287794
2011,2326,1,16,0.03,joint,32,32,0,0,0,0,0.0,19.051244735717773,0.20969432592391968,2346287895
2012,2326,1,16,0.1,joint,32,32,0,0,0,0,0.0,19.170076370239258,0.6803669929504395,2346287996
2013,2326,1,16,0.3,joint,32,30,2,0,0,2,0.3372900666170139,16.85306167602539,9.387317657470703,2346288097
2014,2326,1,16,1.0,joint,32,20,12,0,0,12,0.954434002924965,4.676741600036621,19.48453140258789,2346288198
2015,2326,1,24,0.01,joint,32,32,0,0,0,0,0.0,19.06531524658203,0.06864453107118607,2346297801
2016,2326,1,24,0.03,joint,32,32,0,0,0,0,0.0,19.019699096679688,0.13403792679309845,2346297902
2017,2326,1,24,0.1,joint,32,32,0,0,0,0,0.0,19.173358917236328,0.470819890499115,2346298003
2018,2326,1,24,0.3,joint,32,32,0,0,0,0,0.0,18.76768684387207,1.5459965467453003,2346298104
2019,2326,1,24,1.0,joint,32,27,5,0,0,5,0.6252624052234231,14.531535148620605,13.160168647766113,2346298205
2020,2326,1,32,0.01,joint,32,32,0,0,0,0,0.0,19.072265625,0.06788481771945953,2346307808
2021,2326,1,32,0.03,joint,32,32,0,0,0,0,0.0,19.030811309814453,0.24066536128520966,2346307909
2022,2326,1,32,0.1,joint,32,32,0,0,0,0,0.0,19.2758846282959,0.8511187434196472,2346308010
2023,2326,1,32,0.3,joint,32,32,0,0,0,0,0.0,18.824302673339844,2.3984458446502686,2346308111
2024,2326,1,32,1.0,joint,32,28,3,1,0,3,0.45868581620054033,16.30743980407715,11.73453140258789,2346308212
2025,2326,1,40,0.01,joint,32,32,0,0,0,0,0.0,19.08515167236328,0.07962854951620102,2346317815
2026,2326,1,40,0.03,joint,32,32,0,0,0,0,0.0,19.054977416992188,0.26428309082984924,2346317916
2027,2326,1,40,0.1,joint,32,32,0,0,0,0,0.0,19.011524200439453,0.8417679071426392,2346318017
2028,2326,1,40,0.3,joint,32,32,0,0,0,0,0.0,18.272884368896484,3.1521804332733154,2346318118
2029,2326,1,40,1.0,joint,32,26,6,0,0,6,0.6962122601251458,11.917028427124023,14.44094181060791,2346318219
2030,2326,1,48,0.01,joint,32,32,0,0,0,0,0.0,19.08778190612793,0.10003800690174103,2346327822
2031,2326,1,48,0.03,joint,32,32,0,0,0,0,0.0,19.018455505371094,0.40371474623680115,2346327923
2032,2326,1,48,0.1,joint,32,32,0,0,0,0,0.0,18.869415283203125,1.2475547790527344,2346328024
2033,2326,1,48,0.3,joint,32,32,0,0,0,0,0.0,17.43711280822754,2.9655096530914307,2346328125
2034,2326,1,48,1.0,joint,32,27,2,3,0,2,0.36205125173399805,14.865707397460938,10.1112060546875,2346328226
2035,2326,1,56,0.01,joint,32,32,0,0,0,0,0.0,19.055038452148438,0.10966473072767258,2346337829
2036,2326,1,56,0.03,joint,32,32,0,0,0,0,0.0,19.132673263549805,0.28964686393737793,2346337930
2037,2326,1,56,0.1,joint,32,32,0,0,0,0,0.0,18.789649963378906,1.053771734237671,2346338031
2038,2326,1,56,0.3,joint,32,32,0,0,0,0,0.0,17.31386375427246,2.401337146759033,2346338132
2039,2326,1,56,1.0,joint,32,27,2,3,0,2,0.36205125173399805,10.110097885131836,8.46242618560791,2346338233
2040,527,2,0,0.01,joint,32,0,32,0,0,0,0.0,-27.74539566040039,0.0034208958968520164,547262383
2041,527,2,0,0.03,joint,32,0,32,0,0,0,0.0,-27.746295928955078,0.010296180844306946,547262484
2042,527,2,0,0.1,joint,32,0,32,0,0,0,0.0,-27.741222381591797,0.03615427389740944,547262585
2043,527,2,0,0.3,joint,32,1,31,0,0,1,0.20062232431271465,-26.026269912719727,9.68415355682373,547262686
2044,527,2,0,1.0,joint,32,16,16,0,0,16,1.0,0.11789476871490479,27.868175506591797,547262787
2045,527,2,8,0.01,joint,32,0,32,0,0,0,0.0,-27.746421813964844,0.030940277501940727,547272390
2046,527,2,8,0.03,joint,32,0,32,0,0,0,0.0,-27.78777313232422,0.13276667892932892,547272491
2047,527,2,8,0.1,joint,32,12,20,0,0,12,0.954434002924965,-6.9100518226623535,27.026906967163086,547272592
2048,527,2,8,0.3,joint,32,15,17,0,0,15,0.9971803988942642,-1.5633537769317627,28.14311981201172,547272693
2049,527,2,8,1.0,joint,32,18,14,0,0,18,0.9886994082884974,4.052585601806641,28.623680114746094,547272794
2050,527,2,16,0.01,joint,32,0,32,0,0,0,0.0,-27.7401123046875,0.014730912633240223,547282397
2051,527,2,16,0.03,joint,32,0,32,0,0,0,0.0,-27.72577667236328,0.05337850749492645,547282498
2052,527,2,16,0.1,joint,32,3,29,0,0,3,0.4488644887230294,-22.52409553527832,16.3662166595459,547282599
2053,527,2,16,0.3,joint,32,13,19,0,0,13,0.9744894033980523,-5.198990821838379,27.486059188842773,547282700
2054,527,2,16,1.0,joint,32,12,20,0,0,12,0.954434002924965,-6.978991508483887,26.45672607421875,547282801
2055,527,2,24,0.01,joint,32,0,32,0,0,0,0.0,-27.74757194519043,0.02400922030210495,547292404
2056,527,2,24,0.03,joint,32,0,32,0,0,0,0.0,-27.739704132080078,0.07100232690572739,547292505
2057,527,2,24,0.1,joint,32,0,32,0,0,0,0.0,-27.784929275512695,0.21201582252979279,547292606
2058,527,2,24,0.3,joint,32,0,32,0,0,0,0.0,-27.609094619750977,0.7444291114807129,547292707
2059,527,2,24,1.0,joint,32,6,26,0,0,6,0.6962122601251458,-17.75052261352539,21.196006774902344,547292808
2060,527,2,32,0.01,joint,32,0,32,0,0,0,0.0,-27.746936798095703,0.029539108276367188,547302411
2061,527,2,32,0.03,joint,32,0,32,0,0,0,0.0,-27.75069808959961,0.09225518256425858,547302512
2062,527,2,32,0.1,joint,32,0,32,0,0,0,0.0,-27.708900451660156,0.27910974621772766,547302613
2063,527,2,32,0.3,joint,32,0,32,0,0,0,0.0,-27.800579071044922,1.080329179763794,547302714
2064,527,2,32,1.0,joint,32,3,29,0,0,3,0.4488644887230294,-21.67809295654297,14.793813705444336,547302815
2065,527,2,40,0.01,joint,32,0,32,0,0,0,0.0,-27.74505615234375,0.03658274561166763,547312418
2066,527,2,40,0.03,joint,32,0,32,0,0,0,0.0,-27.73550033569336,0.09372105449438095,547312519
2067,527,2,40,0.1,joint,32,0,32,0,0,0,0.0,-27.70721435546875,0.32734471559524536,547312620
2068,527,2,40,0.3,joint,32,0,32,0,0,0,0.0,-27.5324649810791,0.9810492992401123,547312721
2069,527,2,40,1.0,joint,32,1,31,0,0,1,0.20062232431271465,-26.320524215698242,9.970574378967285,547312822
2070,527,2,48,0.01,joint,32,0,32,0,0,0,0.0,-27.74844741821289,0.03502008691430092,547322425
2071,527,2,48,0.03,joint,32,0,32,0,0,0,0.0,-27.745155334472656,0.11740086227655411,547322526
2072,527,2,48,0.1,joint,32,0,32,0,0,0,0.0,-27.623811721801758,0.4028472602367401,547322627
2073,527,2,48,0.3,joint,32,0,32,0,0,0,0.0,-27.95217514038086,1.1469504833221436,547322728
2074,527,2,48,1.0,joint,32,1,31,0,0,1,0.20062232431271465,-24.711902618408203,8.857491493225098,547322829
2075,527,2,56,0.01,joint,32,0,32,0,0,0,0.0,-27.747468948364258,0.04443227872252464,547332432
2076,527,2,56,0.03,joint,32,0,32,0,0,0,0.0,-27.77838134765625,0.15038847923278809,547332533
2077,527,2,56,0.1,joint,32,0,32,0,0,0,0.0,-27.703983306884766,0.4013896882534027,547332634
2078,527,2,56,0.3,joint,32,0,32,0,0,0,0.0,-27.1763916015625,1.3286406993865967,547332735
2079,527,2,56,1.0,joint,32,0,32,0,0,0,0.0,-22.835304260253906,8.476912498474121,547332836
2080,1332,1,0,0.01,joint,32,32,0,0,0,0,0.0,17.845041275024414,0.06512724608182907,1352264798
2081,1332,1,0,0.03,joint,32,32,0,0,0,0,0.0,17.801546096801758,0.1684724986553192,1352264899
2082,1332,1,0,0.1,joint,32,32,0,0,0,0,0.0,17.708251953125,0.6533921957015991,1352265000
2083,1332,1,0,0.3,joint,32,32,0,0,0,0,0.0,16.797677993774414,1.804338812828064,1352265101
2084,1332,1,0,1.0,joint,32,30,0,2,0,0,0.0,13.410396575927734,6.504870414733887,1352265202
2085,1332,1,8,0.01,joint,32,32,0,0,0,0,0.0,17.805185317993164,0.41990962624549866,1352274805
2086,1332,1,8,0.03,joint,32,32,0,0,0,0,0.0,17.499061584472656,1.4888079166412354,1352274906
2087,1332,1,8,0.1,joint,32,32,0,0,0,0,0.0,16.126476287841797,3.184272289276123,1352275007
2088,1332,1,8,0.3,joint,32,22,7,3,0,7,0.7973265101474423,7.243220329284668,13.10271167755127,1352275108
2089,1332,1,8,1.0,joint,32,20,12,0,0,12,0.954434002924965,3.682819128036499,17.489328384399414,1352275209
2090,1332,1,16,0.01,joint,32,32,0,0,0,0,0.0,17.873432159423828,0.38697925209999084,1352284812
2091,1332,1,16,0.03,joint,32,32,0,0,0,0,0.0,16.850872039794922,1.7483717203140259,1352284913
2092,1332,1,16,0.1,joint,32,30,0,2,0,0,0.0,16.037193298339844,4.76354455947876,1352285014
2093,1332,1,16,0.3,joint,32,29,1,2,0,1,0.21084230031853213,13.657838821411133,7.061234474182129,1352285115
2094,1332,1,16,1.0,joint,32,23,9,0,0,9,0.8571484374283715,8.007308006286621,14.39871597290039,1352285216
2095,1332,1,24,0.01,joint,32,32,0,0,0,0,0.0,17.763208389282227,0.28098148107528687,1352294819
2096,1332,1,24,0.03,joint,32,32,0,0,0,0,0.0,17.827600479125977,0.727613091468811,1352294920
2097,1332,1,24,0.1,joint,32,32,0,0,0,0,0.0,16.844406127929688,2.3249688148498535,1352295021
2098,1332,1,24,0.3,joint,32,28,3,1,0,3,0.45868581620054033,13.560786247253418,8.605219841003418,1352295122
2099,1332,1,24,1.0,joint,32,28,3,1,0,3,0.45868581620054033,11.828825950622559,9.764200210571289,1352295223
2100,1332,1,32,0.01,joint,32,32,0,0,0,0,0.0,17.79755210876465,0.24467268586158752,1352304826
2101,1332,1,32,0.03,joint,32,32,0,0,0,0,0.0,17.652847290039062,0.5270375609397888,1352304927
2102,1332,1,32,0.1,joint,32,32,0,0,0,0,0.0,17.433778762817383,1.5427896976470947,1352305028
2103,1332,1,32,0.3,joint,32,26,3,3,0,3,0.4798320236161285,12.094636917114258,9.391290664672852,1352305129
2104,1332,1,32,1.0,joint,32,25,7,0,0,7,0.7578784625383954,9.11337661743164,12.175371170043945,1352305230
2105,1332,1,40,0.01,joint,32,32,0,0,0,0,0.0,17.811119079589844,0.11267563700675964,1352314833
2106,1332,1,40,0.03,joint,32,32,0,0,0,0,0.0,17.80425262451172,0.33281421661376953,1352314934
2107,1332,1,40,0.1,joint,32,32,0,0,0,0,0.0,17.509153366088867,1.163919448852539,1352315035
2108,1332,1,40,0.3,joint,32,31,0,1,0,0,0.0,15.90080738067627,4.717458248138428,1352315136
2109,1332,1,40,1.0,joint,32,23,9,0,0,9,0.8571484374283715,7.16730260848999,14.097186088562012,1352315237
2110,1332,1,48,0.01,joint,32,32,0,0,0,0,0.0,17.83171844482422,0.07236108928918839,1352324840
2111,1332,1,48,0.03,joint,32,32,0,0,0,0,0.0,17.89263916015625,0.20477458834648132,1352324941
2112,1332,1,48,0.1,joint,32,32,0,0,0,0,0.0,17.906064987182617,0.7469367980957031,1352325042
2113,1332,1,48,0.3,joint,32,32,0,0,0,0,0.0,17.468265533447266,2.4911584854125977,1352325143
2114,1332,1,48,1.0,joint,32,30,2,0,0,2,0.3372900666170139,11.572365760803223,8.630107879638672,1352325244
2115,1332,1,56,0.01,joint,32,32,0,0,0,0,0.0,17.829540252685547,0.07348962873220444,1352334847
2116,1332,1,56,0.03,joint,32,32,0,0,0,0,0.0,17.769567489624023,0.179859459400177,1352334948
2117,1332,1,56,0.1,joint,32,32,0,0,0,0,0.0,17.53641128540039,0.6837238669395447,1352335049
2118,1332,1,56,0.3,joint,32,32,0,0,0,0,0.0,16.689456939697266,2.3151233196258545,1352335150
2119,1332,1,56,1.0,joint,32,31,0,1,0,0,0.0,11.661297798156738,5.556107044219971,1352335251
2120,3586,1,0,0.01,joint,32,32,0,0,0,0,0.0,36.90439224243164,0.01191545557230711,3606271560
2121,3586,1,0,0.03,joint,32,32,0,0,0,0,0.0,36.90168380737305,0.05220597982406616,3606271661
2122,3586,1,0,0.1,joint,32,32,0,0,0,0,0.0,36.95123291015625,0.14675769209861755,3606271762
2123,3586,1,0,0.3,joint,32,32,0,0,0,0,0.0,37.065673828125,0.40391355752944946,3606271863
2124,3586,1,0,1.0,joint,32,32,0,0,0,0,0.0,37.068077087402344,1.8496532440185547,3606271964
2125,3586,1,8,0.01,joint,32,32,0,0,0,0,0.0,36.89830017089844,0.08240871131420135,3606281567
2126,3586,1,8,0.03,joint,32,32,0,0,0,0,0.0,36.96344757080078,0.2663792371749878,3606281668
2127,3586,1,8,0.1,joint,32,32,0,0,0,0,0.0,36.91993713378906,0.6480053663253784,3606281769
2128,3586,1,8,0.3,joint,32,32,0,0,0,0,0.0,37.641319274902344,1.8908427953720093,3606281870
2129,3586,1,8,1.0,joint,32,31,1,0,0,1,0.20062232431271465,35.21565246582031,12.63766860961914,3606281971
2130,3586,1,16,0.01,joint,32,32,0,0,0,0,0.0,36.91259002685547,0.04596199467778206,3606291574
2131,3586,1,16,0.03,joint,32,32,0,0,0,0,0.0,36.93845748901367,0.10893616080284119,3606291675
2132,3586,1,16,0.1,joint,32,32,0,0,0,0,0.0,36.93303680419922,0.4524952471256256,3606291776
2133,3586,1,16,0.3,joint,32,32,0,0,0,0,0.0,36.90602111816406,1.3434234857559204,3606291877
2134,3586,1,16,1.0,joint,32,32,0,0,0,0,0.0,39.402915954589844,5.570281028747559,3606291978
2135,3586,1,24,0.01,joint,32,32,0,0,0,0,0.0,36.919742584228516,0.07080240547657013,3606301581
2136,3586,1,24,0.03,joint,32,32,0,0,0,0,0.0,36.924598693847656,0.18336491286754608,3606301682
2137,3586,1,24,0.1,joint,32,32,0,0,0,0,0.0,36.848236083984375,0.5505489706993103,3606301783
2138,3586,1,24,0.3,joint,32,32,0,0,0,0,0.0,37.44989013671875,1.5963544845581055,3606301884
2139,3586,1,24,1.0,joint,32,32,0,0,0,0,0.0,39.952919006347656,6.636473655700684,3606301985
2140,3586,1,32,0.01,joint,32,32,0,0,0,0,0.0,36.93154525756836,0.08257333189249039,3606311588
2141,3586,1,32,0.03,joint,32,32,0,0,0,0,0.0,36.95164489746094,0.21198393404483795,3606311689
2142,3586,1,32,0.1,joint,32,32,0,0,0,0,0.0,36.67833709716797,0.7378616333007812,3606311790
2143,3586,1,32,0.3,joint,32,32,0,0,0,0,0.0,38.68193817138672,2.197727680206299,3606311891
2144,3586,1,32,1.0,joint,32,32,0,0,0,0,0.0,38.29027557373047,6.028701305389404,3606311992
2145,3586,1,40,0.01,joint,32,32,0,0,0,0,0.0,36.931114196777344,0.08709527552127838,3606321595
2146,3586,1,40,0.03,joint,32,32,0,0,0,0,0.0,36.847816467285156,0.22223739326000214,3606321696
2147,3586,1,40,0.1,joint,32,32,0,0,0,0,0.0,36.886539459228516,1.0003448724746704,3606321797
2148,3586,1,40,0.3,joint,32,32,0,0,0,0,0.0,37.59723663330078,2.292405605316162,3606321898
2149,3586,1,40,1.0,joint,32,32,0,0,0,0,0.0,38.011436462402344,9.119098663330078,3606321999
2150,3586,1,48,0.01,joint,32,32,0,0,0,0,0.0,36.91693115234375,0.09388118237257004,3606331602
2151,3586,1,48,0.03,joint,32,32,0,0,0,0,0.0,36.925926208496094,0.2537401020526886,3606331703
2152,3586,1,48,0.1,joint,32,32,0,0,0,0,0.0,36.895694732666016,0.7885382175445557,3606331804
2153,3586,1,48,0.3,joint,32,32,0,0,0,0,0.0,38.32305145263672,2.3645811080932617,3606331905
2154,3586,1,48,1.0,joint,32,32,0,0,0,0,0.0,39.8861198425293,9.21623706817627,3606332006
2155,3586,1,56,0.01,joint,32,32,0,0,0,0,0.0,36.91192626953125,0.07375907152891159,3606341609
2156,3586,1,56,0.03,joint,32,32,0,0,0,0,0.0,36.98707962036133,0.3191932439804077,3606341710
2157,3586,1,56,0.1,joint,32,32,0,0,0,0,0.0,36.85072708129883,0.8741054534912109,3606341811
2158,3586,1,56,0.3,joint,32,32,0,0,0,0,0.0,36.412132263183594,2.4120640754699707,3606341912
2159,3586,1,56,1.0,joint,32,32,0,0,0,0,0.0,36.697750091552734,8.663907051086426,3606342013
2160,747,2,0,0.01,joint,32,0,32,0,0,0,0.0,-29.019241333007812,0.003961074631661177,767263043
2161,747,2,0,0.03,joint,32,0,32,0,0,0,0.0,-29.01793098449707,0.009769153781235218,767263144
2162,747,2,0,0.1,joint,32,0,32,0,0,0,0.0,-29.017423629760742,0.04008837044239044,767263245
2163,747,2,0,0.3,joint,32,0,32,0,0,0,0.0,-28.98865509033203,0.11316578090190887,767263346
2164,747,2,0,1.0,joint,32,0,32,0,0,0,0.0,-29.038299560546875,0.43107661604881287,767263447
2165,747,2,8,0.01,joint,32,0,32,0,0,0,0.0,-29.020437240600586,0.011560059152543545,767273050
2166,747,2,8,0.03,joint,32,0,32,0,0,0,0.0,-29.030324935913086,0.04867476969957352,767273151
2167,747,2,8,0.1,joint,32,0,32,0,0,0,0.0,-29.018585205078125,0.130613312125206,767273252
2168,747,2,8,0.3,joint,32,0,32,0,0,0,0.0,-29.003643035888672,0.5499528050422668,767273353
2169,747,2,8,1.0,joint,32,11,17,4,0,11,0.9666186325481027,-6.198341369628906,26.55656623840332,767273454
2170,747,2,16,0.01,joint,32,0,32,0,0,0,0.0,-29.012516021728516,0.018951285630464554,767283057
2171,747,2,16,0.03,joint,32,0,32,0,0,0,0.0,-29.001659393310547,0.052048370242118835,767283158
2172,747,2,16,0.1,joint,32,0,32,0,0,0,0.0,-28.999290466308594,0.16596762835979462,767283259
2173,747,2,16,0.3,joint,32,0,32,0,0,0,0.0,-29.058629989624023,0.5737444162368774,767283360
2174,747,2,16,1.0,joint,32,3,29,0,0,3,0.4488644887230294,-24.99951934814453,16.205245971679688,767283461
2175,747,2,24,0.01,joint,32,0,32,0,0,0,0.0,-29.020076751708984,0.019137782976031303,767293064
2176,747,2,24,0.03,joint,32,0,32,0,0,0,0.0,-29.0155086517334,0.07546944916248322,767293165
2177,747,2,24,0.1,joint,32,0,32,0,0,0,0.0,-28.958080291748047,0.29094383120536804,767293266
2178,747,2,24,0.3,joint,32,0,32,0,0,0,0.0,-29.268409729003906,0.8442580699920654,767293367
2179,747,2,24,1.0,joint,32,2,30,0,0,2,0.3372900666170139,-26.165267944335938,14.431571960449219,767293468
2180,747,2,32,0.01,joint,32,0,32,0,0,0,0.0,-29.02294921875,0.021908355876803398,767303071
2181,747,2,32,0.03,joint,32,0,32,0,0,0,0.0,-29.01260757446289,0.0616079643368721,767303172
2182,747,2,32,0.1,joint,32,0,32,0,0,0,0.0,-28.986148834228516,0.31697094440460205,767303273
2183,747,2,32,0.3,joint,32,0,32,0,0,0,0.0,-29.21683692932129,0.7735822200775146,767303374
2184,747,2,32,1.0,joint,32,3,29,0,0,3,0.4488644887230294,-26.07613754272461,15.490362167358398,767303475
2185,747,2,40,0.01,joint,32,0,32,0,0,0,0.0,-29.016563415527344,0.030345618724822998,767313078
2186,747,2,40,0.03,joint,32,0,32,0,0,0,0.0,-29.036773681640625,0.07999042421579361,767313179
2187,747,2,40,0.1,joint,32,0,32,0,0,0,0.0,-29.115203857421875,0.3363073468208313,767313280
2188,747,2,40,0.3,joint,32,0,32,0,0,0,0.0,-28.878864288330078,1.28423273563385,767313381
2189,747,2,40,1.0,joint,32,0,32,0,0,0,0.0,-29.137296676635742,6.103689670562744,767313482
2190,747,2,48,0.01,joint,32,0,32,0,0,0,0.0,-29.017147064208984,0.03494608402252197,767323085
2191,747,2,48,0.03,joint,32,0,32,0,0,0,0.0,-29.02760887145996,0.0856686607003212,767323186
2192,747,2,48,0.1,joint,32,0,32,0,0,0,0.0,-29.080265045166016,0.41332367062568665,767323287
2193,747,2,48,0.3,joint,32,0,32,0,0,0,0.0,-29.072317123413086,0.9339445233345032,767323388
2194,747,2,48,1.0,joint,32,1,31,0,0,1,0.20062232431271465,-28.29798126220703,8.969411849975586,767323489
2195,747,2,56,0.01,joint,32,0,32,0,0,0,0.0,-29.01215934753418,0.029485614970326424,767333092
2196,747,2,56,0.03,joint,32,0,32,0,0,0,0.0,-29.021562576293945,0.11102015525102615,767333193
2197,747,2,56,0.1,joint,32,0,32,0,0,0,0.0,-29.024717330932617,0.42431506514549255,767333294
2198,747,2,56,0.3,joint,32,0,32,0,0,0,0.0,-29.296785354614258,1.5483129024505615,767333395
2199,747,2,56,1.0,joint,32,0,31,1,0,0,0.0,-25.779151916503906,8.432713508605957,767333496
2200,2357,1,0,0.01,joint,32,32,0,0,0,0,0.0,29.550128936767578,0.004674228373914957,2377267873
2201,2357,1,0,0.03,joint,32,32,0,0,0,0,0.0,29.55070686340332,0.011156851425766945,2377267974
2202,2357,1,0,0.1,joint,32,32,0,0,0,0,0.0,29.544086456298828,0.04111497104167938,2377268075
2203,2357,1,0,0.3,joint,32,32,0,0,0,0,0.0,29.552978515625,0.13437940180301666,2377268176
2204,2357,1,0,1.0,joint,32,31,0,1,0,0,0.0,28.821849822998047,4.818005084991455,2377268277
2205,2357,1,8,0.01,joint,32,32,0,0,0,0,0.0,29.55390167236328,0.024161851033568382,2377277880
2206,2357,1,8,0.03,joint,32,32,0,0,0,0,0.0,29.554271697998047,0.05489995330572128,2377277981
2207,2357,1,8,0.1,joint,32,32,0,0,0,0,0.0,29.585384368896484,0.2669711112976074,2377278082
2208,2357,1,8,0.3,joint,32,31,0,1,0,0,0.0,28.542949676513672,5.188397407531738,2377278183
2209,2357,1,8,1.0,joint,32,22,2,8,0,2,0.41381685030363385,18.82660484313965,17.247079849243164,2377278284
2210,2357,1,16,0.01,joint,32,32,0,0,0,0,0.0,29.551193237304688,0.021252388134598732,2377287887
2211,2357,1,16,0.03,joint,32,32,0,0,0,0,0.0,29.546735763549805,0.06525019556283951,2377287988
2212,2357,1,16,0.1,joint,32,32,0,0,0,0,0.0,29.497756958007812,0.2767524719238281,2377288089
2213,2357,1,16,0.3,joint,32,32,0,0,0,0,0.0,29.57585334777832,0.5947796702384949,2377288190
2214,2357,1,16,1.0,joint,32,20,9,3,0,9,0.8935711016541907,11.036284446716309,24.384063720703125,2377288291
2215,2357,1,24,0.01,joint,32,32,0,0,0,0,0.0,29.548133850097656,0.021134348586201668,2377297894
2216,2357,1,24,0.03,joint,32,32,0,0,0,0,0.0,29.563810348510742,0.07406019419431686,2377297995
2217,2357,1,24,0.1,joint,32,32,0,0,0,0,0.0,29.53310203552246,0.22602833807468414,2377298096
2218,2357,1,24,0.3,joint,32,32,0,0,0,0,0.0,29.516340255737305,0.717815637588501,2377298197
2219,2357,1,24,1.0,joint,32,19,10,3,0,10,0.9293636260137187,9.055583953857422,26.24087142944336,2377298298
2220,2357,1,32,0.01,joint,32,32,0,0,0,0,0.0,29.54990005493164,0.025385132059454918,2377307901
2221,2357,1,32,0.03,joint,32,32,0,0,0,0,0.0,29.55396270751953,0.06296825408935547,2377308002
2222,2357,1,32,0.1,joint,32,32,0,0,0,0,0.0,29.606508255004883,0.22592133283615112,2377308103
2223,2357,1,32,0.3,joint,32,32,0,0,0,0,0.0,29.474483489990234,0.9525453448295593,2377308204
2224,2357,1,32,1.0,joint,32,25,7,0,0,7,0.7578784625383954,17.25832176208496,23.45785140991211,2377308305
2225,2357,1,40,0.01,joint,32,32,0,0,0,0,0.0,29.5548038482666,0.0295188557356596,2377317908
2226,2357,1,40,0.03,joint,32,32,0,0,0,0,0.0,29.50621795654297,0.10279659181833267,2377318009
2227,2357,1,40,0.1,joint,32,32,0,0,0,0,0.0,29.536502838134766,0.33061739802360535,2377318110
2228,2357,1,40,0.3,joint,32,32,0,0,0,0,0.0,29.412918090820312,0.9071924686431885,2377318211
2229,2357,1,40,1.0,joint,32,31,1,0,0,1,0.20062232431271465,26.453369140625,10.163471221923828,2377318312
2230,2357,1,48,0.01,joint,32,32,0,0,0,0,0.0,29.54269790649414,0.03403033688664436,2377327915
2231,2357,1,48,0.03,joint,32,32,0,0,0,0,0.0,29.56560516357422,0.10348968952894211,2377328016
2232,2357,1,48,0.1,joint,32,32,0,0,0,0,0.0,29.59725570678711,0.24092315137386322,2377328117
2233,2357,1,48,0.3,joint,32,32,0,0,0,0,0.0,29.058385848999023,1.3685619831085205,2377328218
2234,2357,1,48,1.0,joint,32,32,0,0,0,0,0.0,27.49205780029297,4.2997941970825195,2377328319
2235,2357,1,56,0.01,joint,32,32,0,0,0,0,0.0,29.54018783569336,0.04643477872014046,2377337922
2236,2357,1,56,0.03,joint,32,32,0,0,0,0,0.0,29.579086303710938,0.10111498087644577,2377338023
2237,2357,1,56,0.1,joint,32,32,0,0,0,0,0.0,29.60974884033203,0.40331903100013733,2377338124
2238,2357,1,56,0.3,joint,32,32,0,0,0,0,0.0,29.23587989807129,1.254934310913086,2377338225
2239,2357,1,56,1.0,joint,32,32,0,0,0,0,0.0,23.646617889404297,7.620924472808838,2377338326
2240,2486,1,0,0.01,joint,32,32,0,0,0,0,0.0,30.254053115844727,0.005094557069242001,2506268260
2241,2486,1,0,0.03,joint,32,32,0,0,0,0,0.0,30.25402069091797,0.01445271447300911,2506268361
2242,2486,1,0,0.1,joint,32,32,0,0,0,0,0.0,30.25557518005371,0.05448677018284798,2506268462
2243,2486,1,0,0.3,joint,32,32,0,0,0,0,0.0,30.262123107910156,0.12384214252233505,2506268563
2244,2486,1,0,1.0,joint,32,32,0,0,0,0,0.0,30.35964584350586,0.2753910720348358,2506268664
2245,2486,1,8,0.01,joint,32,32,0,0,0,0,0.0,30.24454116821289,0.03460295870900154,2506278267
2246,2486,1,8,0.03,joint,32,32,0,0,0,0,0.0,30.227622985839844,0.0716407299041748,2506278368
2247,2486,1,8,0.1,joint,32,32,0,0,0,0,0.0,30.301767349243164,0.21588893234729767,2506278469
2248,2486,1,8,0.3,joint,32,32,0,0,0,0,0.0,30.695877075195312,0.7195702791213989,2506278570
2249,2486,1,8,1.0,joint,32,27,5,0,0,5,0.6252624052234231,21.488853454589844,21.93912696838379,2506278671
2250,2486,1,16,0.01,joint,32,32,0,0,0,0,0.0,30.253232955932617,0.02288409322500229,2506288274
2251,2486,1,16,0.03,joint,32,32,0,0,0,0,0.0,30.251482009887695,0.061367813497781754,2506288375
2252,2486,1,16,0.1,joint,32,32,0,0,0,0,0.0,30.22027587890625,0.16799043118953705,2506288476
2253,2486,1,16,0.3,joint,32,32,0,0,0,0,0.0,30.119182586669922,0.42976051568984985,2506288577
2254,2486,1,16,1.0,joint,32,32,0,0,0,0,0.0,29.648488998413086,1.8458753824234009,2506288678
2255,2486,1,24,0.01,joint,32,32,0,0,0,0,0.0,30.2481632232666,0.03232154622673988,2506298281
2256,2486,1,24,0.03,joint,32,32,0,0,0,0,0.0,30.25363540649414,0.1026674434542656,2506298382
2257,2486,1,24,0.1,joint,32,32,0,0,0,0,0.0,30.304962158203125,0.2207740694284439,2506298483
2258,2486,1,24,0.3,joint,32,32,0,0,0,0,0.0,30.302698135375977,0.7207968831062317,2506298584
2259,2486,1,24,1.0,joint,32,31,1,0,0,1,0.20062232431271465,28.249704360961914,10.95246410369873,2506298685
2260,2486,1,32,0.01,joint,32,32,0,0,0,0,0.0,30.255258560180664,0.03289257735013962,2506308288
2261,2486,1,32,0.03,joint,32,32,0,0,0,0,0.0,30.241973876953125,0.07654861360788345,2506308389
2262,2486,1,32,0.1,joint,32,32,0,0,0,0,0.0,30.240398406982422,0.25468775629997253,2506308490
2263,2486,1,32,0.3,joint,32,32,0,0,0,0,0.0,30.04914093017578,0.8754370212554932,2506308591
2264,2486,1,32,1.0,joint,32,32,0,0,0,0,0.0,30.046981811523438,4.923630237579346,2506308692
2265,2486,1,40,0.01,joint,32,32,0,0,0,0,0.0,30.252077102661133,0.033940043300390244,2506318295
2266,2486,1,40,0.03,joint,32,32,0,0,0,0,0.0,30.261425018310547,0.11504066735506058,2506318396
2267,2486,1,40,0.1,joint,32,32,0,0,0,0,0.0,30.282909393310547,0.36941492557525635,2506318497
2268,2486,1,40,0.3,joint,32,32,0,0,0,0,0.0,29.97260093688965,0.8879467248916626,2506318598
2269,2486,1,40,1.0,joint,32,32,0,0,0,0,0.0,29.43492889404297,5.0762128829956055,2506318699
2270,2486,1,48,0.01,joint,32,32,0,0,0,0,0.0,30.24770736694336,0.02871052548289299,2506328302
2271,2486,1,48,0.03,joint,32,32,0,0,0,0,0.0,30.231521606445312,0.12086322158575058,2506328403
2272,2486,1,48,0.1,joint,32,32,0,0,0,0,0.0,30.30803680419922,0.394335001707077,2506328504
2273,2486,1,48,0.3,joint,32,32,0,0,0,0,0.0,29.94780921936035,1.096921682357788,2506328605
2274,2486,1,48,1.0,joint,32,32,0,0,0,0,0.0,30.05282211303711,7.653082847595215,2506328706
2275,2486,1,56,0.01,joint,32,32,0,0,0,0,0.0,30.257648468017578,0.04336977377533913,2506338309
2276,2486,1,56,0.03,joint,32,32,0,0,0,0,0.0,30.195110321044922,0.14467331767082214,2506338410
2277,2486,1,56,0.1,joint,32,32,0,0,0,0,0.0,30.197338104248047,0.40142911672592163,2506338511
2278,2486,1,56,0.3,joint,32,32,0,0,0,0,0.0,30.054832458496094,1.2680844068527222,2506338612
2279,2486,1,56,1.0,joint,32,32,0,0,0,0,0.0,22.842018127441406,6.945830821990967,2506338713
2280,2241,2,0,0.01,joint,32,0,32,0,0,0,0.0,-30.406021118164062,0.008478296920657158,2261267525
2281,2241,2,0,0.03,joint,32,0,32,0,0,0,0.0,-30.404205322265625,0.024120083078742027,2261267626
2282,2241,2,0,0.1,joint,32,0,32,0,0,0,0.0,-30.39021110534668,0.06587275117635727,2261267727
2283,2241,2,0,0.3,joint,32,0,32,0,0,0,0.0,-30.446735382080078,0.21217122673988342,2261267828
2284,2241,2,0,1.0,joint,32,1,31,0,0,1,0.20062232431271465,-28.879531860351562,10.858123779296875,2261267929
2285,2241,2,8,0.01,joint,32,0,32,0,0,0,0.0,-30.410734176635742,0.027066508308053017,2261277532
2286,2241,2,8,0.03,joint,32,0,32,0,0,0,0.0,-30.428157806396484,0.05984259396791458,2261277633
2287,2241,2,8,0.1,joint,32,0,32,0,0,0,0.0,-30.353221893310547,0.3671961724758148,2261277734
2288,2241,2,8,0.3,joint,32,2,30,0,0,2,0.3372900666170139,-26.75748634338379,14.900150299072266,2261277835
2289,2241,2,8,1.0,joint,32,5,27,0,0,5,0.6252624052234231,-20.760543823242188,23.499685287475586,2261277936
2290,2241,2,16,0.01,joint,32,0,32,0,0,0,0.0,-30.4061336517334,0.02303900569677353,2261287539
2291,2241,2,16,0.03,joint,32,0,32,0,0,0,0.0,-30.39314079284668,0.05055737495422363,2261287640
2292,2241,2,16,0.1,joint,32,0,32,0,0,0,0.0,-30.419498443603516,0.18473272025585175,2261287741
2293,2241,2,16,0.3,joint,32,0,32,0,0,0,0.0,-30.334213256835938,0.6888145208358765,2261287842
2294,2241,2,16,1.0,joint,32,9,23,0,0,9,0.8571484374283715,-13.799812316894531,27.80076026916504,2261287943
2295,2241,2,24,0.01,joint,32,0,32,0,0,0,0.0,-30.407752990722656,0.030520493164658546,2261297546
2296,2241,2,24,0.03,joint,32,0,32,0,0,0,0.0,-30.428722381591797,0.08023367077112198,2261297647
2297,2241,2,24,0.1,joint,32,0,32,0,0,0,0.0,-30.388046264648438,0.3146545886993408,2261297748
2298,2241,2,24,0.3,joint,32,0,32,0,0,0,0.0,-30.364469528198242,1.1415743827819824,2261297849
2299,2241,2,24,1.0,joint,32,1,31,0,0,1,0.20062232431271465,-29.949373245239258,11.438865661621094,2261297950
2300,2241,2,32,0.01,joint,32,0,32,0,0,0,0.0,-30.402877807617188,0.026946641504764557,2261307553
2301,2241,2,32,0.03,joint,32,0,32,0,0,0,0.0,-30.3790225982666,0.09786269068717957,2261307654
2302,2241,2,32,0.1,joint,32,0,32,0,0,0,0.0,-30.412269592285156,0.3568485677242279,2261307755
2303,2241,2,32,0.3,joint,32,0,32,0,0,0,0.0,-30.68498992919922,1.2586621046066284,2261307856
2304,2241,2,32,1.0,joint,32,1,31,0,0,1,0.20062232431271465,-28.236949920654297,10.389575004577637,2261307957
2305,2241,2,40,0.01,joint,32,0,32,0,0,0,0.0,-30.408946990966797,0.03357749432325363,2261317560
2306,2241,2,40,0.03,joint,32,0,32,0,0,0,0.0,-30.431636810302734,0.10402020812034607,2261317661
2307,2241,2,40,0.1,joint,32,0,32,0,0,0,0.0,-30.497718811035156,0.5567006468772888,2261317762
2308,2241,2,40,0.3,joint,32,0,32,0,0,0,0.0,-30.343616485595703,1.5009253025054932,2261317863
2309,2241,2,40,1.0,joint,32,1,31,0,0,1,0.20062232431271465,-30.21177101135254,11.622893333435059,2261317964
2310,2241,2,48,0.01,joint,32,0,32,0,0,0,0.0,-30.406158447265625,0.031810589134693146,2261327567
2311,2241,2,48,0.03,joint,32,0,32,0,0,0,0.0,-30.41326141357422,0.12114742398262024,2261327668
2312,2241,2,48,0.1,joint,32,0,32,0,0,0,0.0,-30.462570190429688,0.42162957787513733,2261327769
2313,2241,2,48,0.3,joint,32,0,32,0,0,0,0.0,-30.320697784423828,1.5466588735580444,2261327870
2314,2241,2,48,1.0,joint,32,0,32,0,0,0,0.0,-29.41496467590332,7.326009750366211,2261327971
2315,2241,2,56,0.01,joint,32,0,32,0,0,0,0.0,-30.41705322265625,0.04032544046640396,2261337574
2316,2241,2,56,0.03,joint,32,0,32,0,0,0,0.0,-30.407886505126953,0.11593670397996902,2261337675
2317,2241,2,56,0.1,joint,32,0,32,0,0,0,0.0,-30.3443546295166,0.5392706394195557,2261337776
2318,2241,2,56,0.3,joint,32,0,32,0,0,0,0.0,-30.55685806274414,1.6082844734191895,2261337877
2319,2241,2,56,1.0,joint,32,0,31,1,0,0,0.0,-24.33120346069336,8.485808372497559,2261337978
2320,2184,1,0,0.01,joint,32,32,0,0,0,0,0.0,5.0483527183532715,0.1354718804359436,2204267354
2321,2184,1,0,0.03,joint,32,32,0,0,0,0,0.0,5.060809135437012,0.46926745772361755,2204267455
2322,2184,1,0,0.1,joint,32,17,0,15,0,0,0.0,4.162683486938477,1.54068124294281,2204267556
2323,2184,1,0,0.3,joint,32,16,5,11,0,5,0.7918583525674836,2.5581610202789307,11.311017036437988,2204267657
2324,2184,1,0,1.0,joint,32,15,15,2,0,15,1.0,-0.10014790296554565,19.570547103881836,2204267758
2325,2184,1,8,0.01,joint,32,25,0,7,0,0,0.0,4.962375640869141,0.9783363342285156,2204277361
2326,2184,1,8,0.03,joint,32,19,0,13,0,0,0.0,5.710900783538818,3.8447444438934326,2204277462
2327,2184,1,8,0.1,joint,32,10,15,7,0,15,0.9709505944546686,-3.7367148399353027,15.829395294189453,2204277563
2328,2184,1,8,0.3,joint,32,14,17,1,0,17,0.9932338197397066,-1.977818250656128,20.98104476928711,2204277664
2329,2184,1,8,1.0,joint,32,13,19,0,0,19,0.9744894033980523,-3.783284902572632,20.408464431762695,2204277765
2330,2184,1,16,0.01,joint,32,27,0,5,0,0,0.0,5.00837516784668,1.255513072013855,2204287368
2331,2184,1,16,0.03,joint,32,15,1,16,0,1,0.3372900666170139,4.956455707550049,6.205599308013916,2204287469
2332,2184,1,16,0.1,joint,32,13,18,1,0,18,0.9811522341999133,-4.141317367553711,20.129039764404297,2204287570
2333,2184,1,16,0.3,joint,32,20,12,0,0,12,0.954434002924965,5.653213977813721,20.384353637695312,2204287671
2334,2184,1,16,1.0,joint,32,20,12,0,0,12,0.954434002924965,5.699863433837891,20.868234634399414,2204287772
2335,2184,1,24,0.01,joint,32,22,0,10,0,0,0.0,6.722649574279785,4.1007795333862305,2204297375
2336,2184,1,24,0.03,joint,32,20,7,5,0,7,0.8256265261578954,4.582179069519043,13.91125774383545,2204297476
2337,2184,1,24,0.1,joint,32,11,19,2,0,19,0.9480782435939055,-4.764674186706543,19.486963272094727,2204297577
2338,2184,1,24,0.3,joint,32,15,17,0,0,17,0.9971803988942642,-1.7069551944732666,21.371376037597656,2204297678
2339,2184,1,24,1.0,joint,32,15,17,0,0,17,0.9971803988942642,-1.6315007209777832,20.957937240600586,2204297779
2340,2184,1,32,0.01,joint,32,24,0,8,0,0,0.0,5.091784477233887,1.5353419780731201,2204307382
2341,2184,1,32,0.03,joint,32,14,7,11,0,7,0.9182958340544896,-0.36509180068969727,11.760478973388672,2204307483
2342,2184,1,32,0.1,joint,32,11,18,3,0,18,0.9575534837147482,-4.576170444488525,19.060232162475586,2204307584
2343,2184,1,32,0.3,joint,32,11,20,1,0,20,0.9383153522334069,-5.792609691619873,21.134868621826172,2204307685
2344,2184,1,32,1.0,joint,32,13,19,0,0,19,0.9744894033980523,-2.500868797302246,22.4678897857666,2204307786
2345,2184,1,40,0.01,joint,32,18,0,14,0,0,0.0,4.929132461547852,2.4523472785949707,2204317389
2346,2184,1,40,0.03,joint,32,19,5,8,0,5,0.7382848661434506,4.389589309692383,9.123957633972168,2204317490
2347,2184,1,40,0.1,joint,32,16,12,4,0,12,0.9852281360342515,1.8913516998291016,18.05697250366211,2204317591
2348,2184,1,40,0.3,joint,32,15,17,0,0,17,0.9971803988942642,-0.5112618803977966,22.664697647094727,2204317692
2349,2184,1,40,1.0,joint,32,18,14,0,0,14,0.9886994082884974,2.606914758682251,22.993797302246094,2204317793
2350,2184,1,48,0.01,joint,32,27,0,5,0,0,0.0,5.8830180168151855,1.5654317140579224,2204327396
2351,2184,1,48,0.03,joint,32,19,0,13,0,0,0.0,6.197056770324707,4.701498508453369,2204327497
2352,2184,1,48,0.1,joint,32,17,9,6,0,9,0.9305861291319928,5.876948356628418,16.061010360717773,2204327598
2353,2184,1,48,0.3,joint,32,19,12,1,0,12,0.9629004147713269,4.213932514190674,21.578092575073242,2204327699
2354,2184,1,48,1.0,joint,32,17,15,0,0,15,0.9971803988942642,3.168989658355713,21.717790603637695,2204327800
2355,2184,1,56,0.01,joint,32,32,0,0,0,0,0.0,5.3281402587890625,0.5522627830505371,2204337403
2356,2184,1,56,0.03,joint,32,27,0,5,0,0,0.0,5.1854753494262695,1.2424887418746948,2204337504
2357,2184,1,56,0.1,joint,32,25,0,7,0,0,0.0,8.017860412597656,4.548773288726807,2204337605
2358,2184,1,56,0.3,joint,32,12,12,8,0,12,1.0,1.9053916931152344,12.21971321105957,2204337706
2359,2184,1,56,1.0,joint,32,17,13,2,0,13,0.9871377743721863,4.011807918548584,17.118183135986328,2204337807
2360,3585,2,0,0.01,joint,32,0,32,0,0,0,0.0,-34.02463150024414,0.002870299154892564,3605271557
2361,3585,2,0,0.03,joint,32,0,32,0,0,0,0.0,-34.026180267333984,0.009132917039096355,3605271658
2362,3585,2,0,0.1,joint,32,0,32,0,0,0,0.0,-34.02376937866211,0.025364289060235023,3605271759
2363,3585,2,0,0.3,joint,32,0,32,0,0,0,0.0,-34.02185821533203,0.09031012654304504,3605271860
2364,3585,2,0,1.0,joint,32,0,32,0,0,0,0.0,-34.01442337036133,0.3645504415035248,3605271961
2365,3585,2,8,0.01,joint,32,0,32,0,0,0,0.0,-34.02705383300781,0.01271110214293003,3605281564
2366,3585,2,8,0.03,joint,32,0,32,0,0,0,0.0,-34.02686309814453,0.03703737631440163,3605281665
2367,3585,2,8,0.1,joint,32,0,32,0,0,0,0.0,-34.02182388305664,0.14533020555973053,3605281766
2368,3585,2,8,0.3,joint,32,0,32,0,0,0,0.0,-34.04639434814453,0.28140076994895935,3605281867
2369,3585,2,8,1.0,joint,32,1,31,0,0,1,0.20062232431271465,-31.021942138671875,11.525611877441406,3605281968
2370,3585,2,16,0.01,joint,32,0,32,0,0,0,0.0,-34.02532958984375,0.019317811354994774,3605291571
2371,3585,2,16,0.03,joint,32,0,32,0,0,0,0.0,-34.00967788696289,0.0646328255534172,3605291672
2372,3585,2,16,0.1,joint,32,0,32,0,0,0,0.0,-34.047882080078125,0.1987031102180481,3605291773
2373,3585,2,16,0.3,joint,32,0,32,0,0,0,0.0,-34.2264404296875,0.4946747124195099,3605291874
2374,3585,2,16,1.0,joint,32,0,32,0,0,0,0.0,-35.19325256347656,2.915515422821045,3605291975
2375,3585,2,24,0.01,joint,32,0,32,0,0,0,0.0,-34.02880859375,0.041287023574113846,3605301578
2376,3585,2,24,0.03,joint,32,0,32,0,0,0,0.0,-34.005821228027344,0.09728199988603592,3605301679
2377,3585,2,24,0.1,joint,32,0,32,0,0,0,0.0,-34.08840560913086,0.3794838488101959,3605301780
2378,3585,2,24,0.3,joint,32,0,32,0,0,0,0.0,-33.84010696411133,0.8832511901855469,3605301881
2379,3585,2,24,1.0,joint,32,0,32,0,0,0,0.0,-34.61236572265625,4.128918647766113,3605301982
2380,3585,2,32,0.01,joint,32,0,32,0,0,0,0.0,-34.01882553100586,0.040521472692489624,3605311585
2381,3585,2,32,0.03,joint,32,0,32,0,0,0,0.0,-34.004188537597656,0.12422657757997513,3605311686
2382,3585,2,32,0.1,joint,32,0,32,0,0,0,0.0,-34.078861236572266,0.3920198380947113,3605311787
2383,3585,2,32,0.3,joint,32,0,32,0,0,0,0.0,-34.086822509765625,1.5309021472930908,3605311888
2384,3585,2,32,1.0,joint,32,0,32,0,0,0,0.0,-33.52088165283203,6.221836566925049,3605311989
2385,3585,2,40,0.01,joint,32,0,32,0,0,0,0.0,-34.018985748291016,0.03844376653432846,3605321592
2386,3585,2,40,0.03,joint,32,0,32,0,0,0,0.0,-34.00564956665039,0.13895109295845032,3605321693
2387,3585,2,40,0.1,joint,32,0,32,0,0,0,0.0,-34.05064392089844,0.37423187494277954,3605321794
2388,3585,2,40,0.3,joint,32,0,32,0,0,0,0.0,-34.53803253173828,1.4502700567245483,3605321895
2389,3585,2,40,1.0,joint,32,0,32,0,0,0,0.0,-33.12250518798828,5.094398021697998,3605321996
2390,3585,2,48,0.01,joint,32,0,32,0,0,0,0.0,-34.02684783935547,0.0452461764216423,3605331599
2391,3585,2,48,0.03,joint,32,0,32,0,0,0,0.0,-33.991844177246094,0.11951585859060287,3605331700
2392,3585,2,48,0.1,joint,32,0,32,0,0,0,0.0,-34.035404205322266,0.42126375436782837,3605331801
2393,3585,2,48,0.3,joint,32,0,32,0,0,0,0.0,-34.158111572265625,1.3656419515609741,3605331902
2394,3585,2,48,1.0,joint,32,0,32,0,0,0,0.0,-32.2381591796875,7.3192572593688965,3605332003
2395,3585,2,56,0.01,joint,32,0,32,0,0,0,0.0,-34.03300857543945,0.046103380620479584,3605341606
2396,3585,2,56,0.03,joint,32,0,32,0,0,0,0.0,-34.012550354003906,0.14375203847885132,3605341707
2397,3585,2,56,0.1,joint,32,0,32,0,0,0,0.0,-33.97267150878906,0.5562905669212341,3605341808
2398,3585,2,56,0.3,joint,32,0,32,0,0,0,0.0,-34.291717529296875,1.6181608438491821,3605341909
2399,3585,2,56,1.0,joint,32,0,32,0,0,0,0.0,-31.102338790893555,9.360599517822266,3605342010
2400,1627,2,0,0.01,joint,32,0,32,0,0,0,0.0,-29.280174255371094,0.00357560021802783,1647265683
2401,1627,2,0,0.03,joint,32,0,32,0,0,0,0.0,-29.280649185180664,0.00989958643913269,1647265784
2402,1627,2,0,0.1,joint,32,0,32,0,0,0,0.0,-29.28000259399414,0.03092663548886776,1647265885
2403,1627,2,0,0.3,joint,32,0,32,0,0,0,0.0,-29.2850341796875,0.1055636927485466,1647265986
2404,1627,2,0,1.0,joint,32,0,32,0,0,0,0.0,-29.313993453979492,0.5097347497940063,1647266087
2405,1627,2,8,0.01,joint,32,0,32,0,0,0,0.0,-29.283355712890625,0.014951135963201523,1647275690
2406,1627,2,8,0.03,joint,32,0,32,0,0,0,0.0,-29.286487579345703,0.04402276501059532,1647275791
2407,1627,2,8,0.1,joint,32,0,32,0,0,0,0.0,-29.31800079345703,0.1849510669708252,1647275892
2408,1627,2,8,0.3,joint,32,0,32,0,0,0,0.0,-29.246992111206055,0.5837257504463196,1647275993
2409,1627,2,8,1.0,joint,32,0,31,1,0,0,0.0,-29.926166534423828,4.4539384841918945,1647276094
2410,1627,2,16,0.01,joint,32,0,32,0,0,0,0.0,-29.280471801757812,0.018407702445983887,1647285697
2411,1627,2,16,0.03,joint,32,0,32,0,0,0,0.0,-29.2616024017334,0.08208678662776947,1647285798
2412,1627,2,16,0.1,joint,32,0,32,0,0,0,0.0,-29.32474136352539,0.2412850260734558,1647285899
2413,1627,2,16,0.3,joint,32,0,32,0,0,0,0.0,-29.11604881286621,0.6472600698471069,1647286000
2414,1627,2,16,1.0,joint,32,0,31,1,0,0,0.0,-29.419248580932617,4.606802463531494,1647286101
2415,1627,2,24,0.01,joint,32,0,32,0,0,0,0.0,-29.27475357055664,0.027642814442515373,1647295704
2416,1627,2,24,0.03,joint,32,0,32,0,0,0,0.0,-29.282859802246094,0.09012724459171295,1647295805
2417,1627,2,24,0.1,joint,32,0,32,0,0,0,0.0,-29.455076217651367,0.3318604826927185,1647295906
2418,1627,2,24,0.3,joint,32,0,32,0,0,0,0.0,-29.486921310424805,0.9988484978675842,1647296007
2419,1627,2,24,1.0,joint,32,0,32,0,0,0,0.0,-30.0430908203125,3.9557974338531494,1647296108
2420,1627,2,32,0.01,joint,32,0,32,0,0,0,0.0,-29.283227920532227,0.038859620690345764,1647305711
2421,1627,2,32,0.03,joint,32,0,32,0,0,0,0.0,-29.27117347717285,0.136618509888649,1647305812
2422,1627,2,32,0.1,joint,32,0,32,0,0,0,0.0,-29.22420310974121,0.39236530661582947,1647305913
2423,1627,2,32,0.3,joint,32,0,32,0,0,0,0.0,-29.610435485839844,1.3579773902893066,1647306014
2424,1627,2,32,1.0,joint,32,2,30,0,0,2,0.3372900666170139,-25.794055938720703,14.686071395874023,1647306115
2425,1627,2,40,0.01,joint,32,0,32,0,0,0,0.0,-29.274904251098633,0.04482094198465347,1647315718
2426,1627,2,40,0.03,joint,32,0,32,0,0,0,0.0,-29.252605438232422,0.11393826454877853,1647315819
2427,1627,2,40,0.1,joint,32,0,32,0,0,0,0.0,-29.40995979309082,0.39861661195755005,1647315920
2428,1627,2,40,0.3,joint,32,0,32,0,0,0,0.0,-29.279603958129883,1.0183908939361572,1647316021
2429,1627,2,40,1.0,joint,32,1,31,0,0,1,0.20062232431271465,-28.172969818115234,11.282276153564453,1647316122
2430,1627,2,48,0.01,joint,32,0,32,0,0,0,0.0,-29.273256301879883,0.03910068795084953,1647325725
2431,1627,2,48,0.03,joint,32,0,32,0,0,0,0.0,-29.259532928466797,0.11965180933475494,1647325826
2432,1627,2,48,0.1,joint,32,0,32,0,0,0,0.0,-29.299007415771484,0.4815232753753662,1647325927
2433,1627,2,48,0.3,joint,32,0,32,0,0,0,0.0,-29.166536331176758,1.3591525554656982,1647326028
2434,1627,2,48,1.0,joint,32,3,29,0,0,3,0.4488644887230294,-23.586042404174805,14.167597770690918,1647326129
2435,1627,2,56,0.01,joint,32,0,32,0,0,0,0.0,-29.28142547607422,0.04497136175632477,1647335732
2436,1627,2,56,0.03,joint,32,0,32,0,0,0,0.0,-29.315250396728516,0.173946812748909,1647335833
2437,1627,2,56,0.1,joint,32,0,32,0,0,0,0.0,-29.270967483520508,0.5827191472053528,1647335934
2438,1627,2,56,0.3,joint,32,0,32,0,0,0,0.0,-29.071060180664062,1.7625895738601685,1647336035
2439,1627,2,56,1.0,joint,32,0,32,0,0,0,0.0,-25.3013916015625,6.959170818328857,1647336136
2440,1246,2,0,0.01,joint,32,0,32,0,0,0,0.0,-22.30484390258789,0.009602213278412819,1266264540
2441,1246,2,0,0.03,joint,32,0,32,0,0,0,0.0,-22.300395965576172,0.031057819724082947,1266264641
2442,1246,2,0,0.1,joint,32,0,32,0,0,0,0.0,-22.296588897705078,0.07773750275373459,1266264742
2443,1246,2,0,0.3,joint,32,0,32,0,0,0,0.0,-22.38564109802246,0.3232341706752777,1266264843
2444,1246,2,0,1.0,joint,32,9,21,2,0,9,0.8812908992306927,-8.801490783691406,18.009384155273438,1266264944
2445,1246,2,8,0.01,joint,32,0,32,0,0,0,0.0,-22.296775817871094,0.05318969115614891,1266274547
2446,1246,2,8,0.03,joint,32,0,32,0,0,0,0.0,-22.385704040527344,0.18967819213867188,1266274648
2447,1246,2,8,0.1,joint,32,9,22,1,0,9,0.869137580612638,-9.365922927856445,18.105886459350586,1266274749
2448,1246,2,8,0.3,joint,32,14,18,0,0,14,0.9886994082884974,-4.081294059753418,19.830862045288086,1266274850
2449,1246,2,8,1.0,joint,32,9,23,0,0,9,0.8571484374283715,-10.795072555541992,18.41857147216797,1266274951
2450,1246,2,16,0.01,joint,32,0,32,0,0,0,0.0,-22.309579849243164,0.08744537830352783,1266284554
2451,1246,2,16,0.03,joint,32,2,30,0,0,2,0.3372900666170139,-19.811264038085938,9.88778018951416,1266284655
2452,1246,2,16,0.1,joint,32,14,18,0,0,14,0.9886994082884974,-4.324665546417236,19.704818725585938,1266284756
2453,1246,2,16,0.3,joint,32,16,15,1,0,16,0.9992492479956565,-0.93051677942276,19.796499252319336,1266284857
2454,1246,2,16,1.0,joint,32,18,13,1,0,18,0.9811522341999133,3.380222797393799,21.707447052001953,1266284958
2455,1246,2,24,0.01,joint,32,0,32,0,0,0,0.0,-22.30314826965332,0.04700959101319313,1266294561
2456,1246,2,24,0.03,joint,32,0,32,0,0,0,0.0,-22.348684310913086,0.15093645453453064,1266294662
2457,1246,2,24,0.1,joint,32,7,23,2,0,7,0.7837769474847012,-11.234596252441406,16.94979476928711,1266294763
2458,1246,2,24,0.3,joint,32,20,12,0,0,20,0.954434002924965,3.9466779232025146,19.8415470123291,1266294864
2459,1246,2,24,1.0,joint,32,14,18,0,0,14,0.9886994082884974,-3.1800789833068848,20.075281143188477,1266294965
2460,1246,2,32,0.01,joint,32,0,32,0,0,0,0.0,-22.315338134765625,0.06190042570233345,1266304568
2461,1246,2,32,0.03,joint,32,0,32,0,0,0,0.0,-22.299179077148438,0.1775721311569214,1266304669
2462,1246,2,32,0.1,joint,32,8,24,0,0,8,0.8112781244591328,-11.817546844482422,17.81353187561035,1266304770
2463,1246,2,32,0.3,joint,32,14,17,1,0,14,0.9932338197397066,-2.759063720703125,20.668325424194336,1266304871
2464,1246,2,32,1.0,joint,32,12,19,1,0,12,0.9629004147713269,-5.113354682922363,20.437118530273438,1266304972
2465,1246,2,40,0.01,joint,32,0,32,0,0,0,0.0,-22.30211639404297,0.03246826305985451,1266314575
2466,1246,2,40,0.03,joint,32,0,32,0,0,0,0.0,-22.318614959716797,0.09485352784395218,1266314676
2467,1246,2,40,0.1,joint,32,0,30,2,0,0,0.0,-20.37554931640625,5.7921977043151855,1266314777
2468,1246,2,40,0.3,joint,32,11,19,2,0,11,0.9480782435939055,-6.231401443481445,20.34709358215332,1266314878
2469,1246,2,40,1.0,joint,32,13,19,0,0,13,0.9744894033980523,-3.0198323726654053,20.361364364624023,1266314979
2470,1246,2,48,0.01,joint,32,0,32,0,0,0,0.0,-22.314786911010742,0.04825858771800995,1266324582
2471,1246,2,48,0.03,joint,32,0,32,0,0,0,0.0,-22.29146957397461,0.10589345544576645,1266324683
2472,1246,2,48,0.1,joint,32,0,32,0,0,0,0.0,-22.353057861328125,0.6177792549133301,1266324784
2473,1246,2,48,0.3,joint,32,3,27,2,0,3,0.4689955935892812,-16.8387451171875,11.630539894104004,1266324885
2474,1246,2,48,1.0,joint,32,15,17,0,0,15,0.9971803988942642,-1.2991104125976562,21.919466018676758,1266324986
2475,1246,2,56,0.01,joint,32,0,32,0,0,0,0.0,-22.315235137939453,0.058786630630493164,1266334589
2476,1246,2,56,0.03,joint,32,0,32,0,0,0,0.0,-22.325645446777344,0.1824430525302887,1266334690
2477,1246,2,56,0.1,joint,32,0,32,0,0,0,0.0,-22.319957733154297,0.562265932559967,1266334791
2478,1246,2,56,0.3,joint,32,0,32,0,0,0,0.0,-21.57727813720703,2.2769031524658203,1266334892
2479,1246,2,56,1.0,joint,32,7,22,3,0,7,0.7973265101474423,-8.471199989318848,14.643983840942383,1266334993
2480,2092,1,0,0.01,joint,32,32,0,0,0,0,0.0,5.27134895324707,0.009900703094899654,2112267078
2481,2092,1,0,0.03,joint,32,32,0,0,0,0,0.0,5.272101879119873,0.02641359716653824,2112267179
2482,2092,1,0,0.1,joint,32,32,0,0,0,0,0.0,5.2820892333984375,0.1031818613409996,2112267280
2483,2092,1,0,0.3,joint,32,32,0,0,0,0,0.0,5.249846458435059,0.33941563963890076,2112267381
2484,2092,1,0,1.0,joint,32,32,0,0,0,0,0.0,7.9055633544921875,5.637592315673828,2112267482
2485,2092,1,8,0.01,joint,32,32,0,0,0,0,0.0,5.268802642822266,0.0911443680524826,2112277085
2486,2092,1,8,0.03,joint,32,32,0,0,0,0,0.0,5.298870086669922,0.27663344144821167,2112277186
2487,2092,1,8,0.1,joint,32,32,0,0,0,0,0.0,5.3413496017456055,0.9776835441589355,2112277287
2488,2092,1,8,0.3,joint,32,32,0,0,0,0,0.0,10.890678405761719,8.879088401794434,2112277388
2489,2092,1,8,1.0,joint,32,22,7,3,0,7,0.7973265101474423,9.054011344909668,16.962078094482422,2112277489
2490,2092,1,16,0.01,joint,32,32,0,0,0,0,0.0,5.274413108825684,0.09932292997837067,2112287092
2491,2092,1,16,0.03,joint,32,32,0,0,0,0,0.0,5.324422359466553,0.3229450285434723,2112287193
2492,2092,1,16,0.1,joint,32,32,0,0,0,0,0.0,5.833255767822266,1.3404678106307983,2112287294
2493,2092,1,16,0.3,joint,32,30,0,2,0,0,0.0,9.132601737976074,7.9632697105407715,2112287395
2494,2092,1,16,1.0,joint,32,15,13,4,0,13,0.996316519558962,2.7890965938568115,19.714832305908203,2112287496
2495,2092,1,24,0.01,joint,32,32,0,0,0,0,0.0,5.252777099609375,0.16920027136802673,2112297099
2496,2092,1,24,0.03,joint,32,32,0,0,0,0,0.0,5.24676513671875,0.5312547087669373,2112297200
2497,2092,1,24,0.1,joint,32,32,0,0,0,0,0.0,5.276505470275879,1.6836458444595337,2112297301
2498,2092,1,24,0.3,joint,32,28,1,3,0,1,0.21639693245126448,8.0286865234375,6.631917953491211,2112297402
2499,2092,1,24,1.0,joint,32,25,7,0,0,7,0.7578784625383954,12.508914947509766,16.35399055480957,2112297503
2500,2092,1,32,0.01,joint,32,32,0,0,0,0,0.0,5.255241394042969,0.19301174581050873,2112307106
2501,2092,1,32,0.03,joint,32,32,0,0,0,0,0.0,5.273813247680664,0.7713718414306641,2112307207
2502,2092,1,32,0.1,joint,32,31,0,1,0,0,0.0,5.974046230316162,2.920325756072998,2112307308
2503,2092,1,32,0.3,joint,32,22,3,7,0,3,0.5293608652873644,5.887544631958008,8.778294563293457,2112307409
2504,2092,1,32,1.0,joint,32,16,15,1,0,15,0.9992492479956565,-0.18975567817687988,20.385732650756836,2112307510
2505,2092,1,40,0.01,joint,32,32,0,0,0,0,0.0,5.230620861053467,0.2825315594673157,2112317113
2506,2092,1,40,0.03,joint,32,32,0,0,0,0,0.0,5.196683883666992,0.6523078083992004,2112317214
2507,2092,1,40,0.1,joint,32,31,0,1,0,0,0.0,5.4525556564331055,2.9088172912597656,2112317315
2508,2092,1,40,0.3,joint,32,25,3,4,0,3,0.49123734182433304,9.361845016479492,8.488565444946289,2112317416
2509,2092,1,40,1.0,joint,32,15,15,2,0,15,1.0,-0.07545995712280273,16.797468185424805,2112317517
2510,2092,1,48,0.01,joint,32,32,0,0,0,0,0.0,5.271962642669678,0.1635904610157013,2112327120
2511,2092,1,48,0.03,joint,32,32,0,0,0,0,0.0,5.309624671936035,0.6390365362167358,2112327221
2512,2092,1,48,0.1,joint,32,32,0,0,0,0,0.0,5.636767387390137,2.383467674255371,2112327322
2513,2092,1,48,0.3,joint,32,23,2,7,0,2,0.40217919020227266,7.257562637329102,7.925241947174072,2112327423
2514,2092,1,48,1.0,joint,32,18,14,0,0,14,0.9886994082884974,1.9592803716659546,16.1592960357666,2112327524
2515,2092,1,56,0.01,joint,32,32,0,0,0,0,0.0,5.261295795440674,0.0687718391418457,2112337127
2516,2092,1,56,0.03,joint,32,32,0,0,0,0,0.0,5.268782615661621,0.2681901156902313,2112337228
2517,2092,1,56,0.1,joint,32,32,0,0,0,0,0.0,5.400827407836914,1.2415144443511963,2112337329
2518,2092,1,56,0.3,joint,32,31,0,1,0,0,0.0,6.778102874755859,3.4718539714813232,2112337430
2519,2092,1,56,1.0,joint,32,20,8,4,0,8,0.863120568566631,5.091998100280762,8.875993728637695,2112337531
2520,2213,1,0,0.01,joint,32,32,0,0,0,0,0.0,20.338748931884766,0.011495213024318218,2233267441
2521,2213,1,0,0.03,joint,32,32,0,0,0,0,0.0,20.349273681640625,0.03160010650753975,2233267542
2522,2213,1,0,0.1,joint,32,32,0,0,0,0,0.0,20.34609603881836,0.09810572862625122,2233267643
2523,2213,1,0,0.3,joint,32,32,0,0,0,0,0.0,20.31141471862793,0.19705328345298767,2233267744
2524,2213,1,0,1.0,joint,32,32,0,0,0,0,0.0,20.408645629882812,0.6988595128059387,2233267845
2525,2213,1,8,0.01,joint,32,32,0,0,0,0,0.0,20.337642669677734,0.05546776205301285,2233277448
2526,2213,1,8,0.03,joint,32,32,0,0,0,0,0.0,20.312191009521484,0.14027062058448792,2233277549
2527,2213,1,8,0.1,joint,32,32,0,0,0,0,0.0,20.45380401611328,0.31562870740890503,2233277650
2528,2213,1,8,0.3,joint,32,31,1,0,0,1,0.20062232431271465,19.301902770996094,7.220682621002197,2233277751
2529,2213,1,8,1.0,joint,32,25,7,0,0,7,0.7578784625383954,12.001493453979492,17.33174705505371,2233277852
2530,2213,1,16,0.01,joint,32,32,0,0,0,0,0.0,20.341777801513672,0.035222917795181274,2233287455
2531,2213,1,16,0.03,joint,32,32,0,0,0,0,0.0,20.356611251831055,0.1077103316783905,2233287556
2532,2213,1,16,0.1,joint,32,32,0,0,0,0,0.0,20.428468704223633,0.35289260745048523,2233287657
2533,2213,1,16,0.3,joint,32,32,0,0,0,0,0.0,20.784259796142578,1.0755741596221924,2233287758
2534,2213,1,16,1.0,joint,32,25,7,0,0,7,0.7578784625383954,11.500043869018555,16.965198516845703,2233287859
2535,2213,1,24,0.01,joint,32,32,0,0,0,0,0.0,20.34154510498047,0.04365122318267822,2233297462
2536,2213,1,24,0.03,joint,32,32,0,0,0,0,0.0,20.34991455078125,0.165204718708992,2233297563
2537,2213,1,24,0.1,joint,32,32,0,0,0,0,0.0,20.350177764892578,0.5167383551597595,2233297664
2538,2213,1,24,0.3,joint,32,32,0,0,0,0,0.0,20.188213348388672,1.207946538925171,2233297765
2539,2213,1,24,1.0,joint,32,27,5,0,0,5,0.6252624052234231,14.448125839233398,15.349946975708008,2233297866
2540,2213,1,32,0.01,joint,32,32,0,0,0,0,0.0,20.34451675415039,0.06317520886659622,2233307469
2541,2213,1,32,0.03,joint,32,32,0,0,0,0,0.0,20.379318237304688,0.16263417899608612,2233307570
2542,2213,1,32,0.1,joint,32,32,0,0,0,0,0.0,20.159034729003906,0.6370049715042114,2233307671
2543,2213,1,32,0.3,joint,32,32,0,0,0,0,0.0,19.600522994995117,1.8653029203414917,2233307772
2544,2213,1,32,1.0,joint,32,28,4,0,0,4,0.5435644431995964,14.870617866516113,15.189867973327637,2233307873
2545,2213,1,40,0.01,joint,32,32,0,0,0,0,0.0,20.352115631103516,0.07615164667367935,2233317476
2546,2213,1,40,0.03,joint,32,32,0,0,0,0,0.0,20.27522850036621,0.2541435956954956,2233317577
2547,2213,1,40,0.1,joint,32,32,0,0,0,0,0.0,20.25634002685547,0.6539192199707031,2233317678
2548,2213,1,40,0.3,joint,32,32,0,0,0,0,0.0,20.31606101989746,1.6409958600997925,2233317779
2549,2213,1,40,1.0,joint,32,26,5,1,0,5,0.6373874992221911,12.106168746948242,12.267921447753906,2233317880
2550,2213,1,48,0.01,joint,32,32,0,0,0,0,0.0,20.33407974243164,0.08827116340398788,2233327483
2551,2213,1,48,0.03,joint,32,32,0,0,0,0,0.0,20.31903839111328,0.24287086725234985,2233327584
2552,2213,1,48,0.1,joint,32,32,0,0,0,0,0.0,19.979026794433594,0.663099467754364,2233327685
2553,2213,1,48,0.3,joint,32,32,0,0,0,0,0.0,19.68282699584961,2.486333131790161,2233327786
2554,2213,1,48,1.0,joint,32,27,3,2,0,3,0.4689955935892811,14.018607139587402,12.477547645568848,2233327887
2555,2213,1,56,0.01,joint,32,32,0,0,0,0,0.0,20.340404510498047,0.08580908924341202,2233337490
2556,2213,1,56,0.03,joint,32,32,0,0,0,0,0.0,20.342039108276367,0.21431492269039154,2233337591
2557,2213,1,56,0.1,joint,32,32,0,0,0,0,0.0,20.112751007080078,0.8553165197372437,2233337692
2558,2213,1,56,0.3,joint,32,32,0,0,0,0,0.0,19.414087295532227,2.050893783569336,2233337793
2559,2213,1,56,1.0,joint,32,27,2,3,0,2,0.36205125173399805,9.564980506896973,6.298995018005371,2233337894
2560,3728,2,0,0.01,joint,32,0,32,0,0,0,0.0,-15.994783401489258,0.0925511047244072,3748271986
2561,3728,2,0,0.03,joint,32,0,32,0,0,0,0.0,-15.963113784790039,0.28362199664115906,3748272087
2562,3728,2,0,0.1,joint,32,0,32,0,0,0,0.0,-15.73727035522461,0.9761922359466553,3748272188
2563,3728,2,0,0.3,joint,32,6,22,4,0,6,0.74959525725948,-7.791079044342041,11.177218437194824,3748272289
2564,3728,2,0,1.0,joint,32,12,19,1,0,12,0.9629004147713269,-4.535717487335205,16.16426658630371,3748272390
2565,3728,2,8,0.01,joint,32,1,31,0,0,1,0.20062232431271465,-14.697705268859863,4.626534938812256,3748281993
2566,3728,2,8,0.03,joint,32,12,20,0,0,12,0.954434002924965,-4.658771514892578,13.203310012817383,3748282094
2567,3728,2,8,0.1,joint,32,12,20,0,0,12,0.954434002924965,-3.6018810272216797,16.166662216186523,3748282195
2568,3728,2,8,0.3,joint,32,11,21,0,0,11,0.9283620723948676,-5.010519981384277,16.94828987121582,3748282296
2569,3728,2,8,1.0,joint,32,18,14,0,0,18,0.9886994082884974,2.446321725845337,17.395103454589844,3748282397
2570,3728,2,16,0.01,joint,32,0,32,0,0,0,0.0,-15.524642944335938,0.6812771558761597,3748292000
2571,3728,2,16,0.03,joint,32,7,25,0,0,7,0.7578784625383954,-9.404922485351562,12.737922668457031,3748292101
2572,3728,2,16,0.1,joint,32,11,20,1,0,11,0.9383153522334069,-5.416298866271973,14.894805908203125,3748292202
2573,3728,2,16,0.3,joint,32,20,12,0,0,20,0.954434002924965,5.28639030456543,16.544614791870117,3748292303
2574,3728,2,16,1.0,joint,32,18,14,0,0,18,0.9886994082884974,1.515979290008545,17.60430335998535,3748292404
2575,3728,2,24,0.01,joint,32,0,32,0,0,0,0.0,-16.06356430053711,0.7762730717658997,3748302007
2576,3728,2,24,0.03,joint,32,3,28,1,0,3,0.4586858162005403,-13.059976577758789,9.040692329406738,3748302108
2577,3728,2,24,0.1,joint,32,10,22,0,0,10,0.8960382325345574,-6.301183700561523,15.721532821655273,3748302209
2578,3728,2,24,0.3,joint,32,16,16,0,0,16,1.0,-0.24774599075317383,18.061586380004883,3748302310
2579,3728,2,24,1.0,joint,32,18,13,1,0,18,0.9811522341999133,2.1485137939453125,16.038633346557617,3748302411
2580,3728,2,32,0.01,joint,32,0,32,0,0,0,0.0,-16.05477523803711,0.28850340843200684,3748312014
2581,3728,2,32,0.03,joint,32,1,31,0,0,1,0.20062232431271465,-14.614126205444336,5.194844722747803,3748312115
2582,3728,2,32,0.1,joint,32,14,18,0,0,14,0.9886994082884974,-2.1816611289978027,15.737485885620117,3748312216
2583,3728,2,32,0.3,joint,32,14,18,0,0,14,0.9886994082884974,-2.1979477405548096,17.29445457458496,3748312317
2584,3728,2,32,1.0,joint,32,16,16,0,0,16,1.0,-0.7814357280731201,17.367488861083984,3748312418
2585,3728,2,40,0.01,joint,32,0,32,0,0,0,0.0,-16.010440826416016,0.13398477435112,3748322021
2586,3728,2,40,0.03,joint,32,0,32,0,0,0,0.0,-15.829948425292969,0.5403539538383484,3748322122
2587,3728,2,40,0.1,joint,32,2,30,0,0,2,0.3372900666170139,-15.063650131225586,5.0808892250061035,3748322223
2588,3728,2,40,0.3,joint,32,12,18,2,0,12,0.9709505944546686,-3.373007297515869,14.605521202087402,3748322324
2589,3728,2,40,1.0,joint,32,19,13,0,0,19,0.9744894033980523,2.2364463806152344,14.510700225830078,3748322425
2590,3728,2,48,0.01,joint,32,0,32,0,0,0,0.0,-15.997047424316406,0.061785195022821426,3748332028
2591,3728,2,48,0.03,joint,32,0,32,0,0,0,0.0,-15.986196517944336,0.17799462378025055,3748332129
2592,3728,2,48,0.1,joint,32,0,32,0,0,0,0.0,-16.071365356445312,0.7137917876243591,3748332230
2593,3728,2,48,0.3,joint,32,0,32,0,0,0,0.0,-15.606966018676758,2.074519157409668,3748332331
2594,3728,2,48,1.0,joint,32,7,25,0,0,7,0.7578784625383954,-7.941408157348633,14.095229148864746,3748332432
2595,3728,2,56,0.01,joint,32,0,32,0,0,0,0.0,-15.981382369995117,0.05620621144771576,3748342035
2596,3728,2,56,0.03,joint,32,0,32,0,0,0,0.0,-16.012876510620117,0.12908761203289032,3748342136
2597,3728,2,56,0.1,joint,32,0,32,0,0,0,0.0,-15.865287780761719,0.35201379656791687,3748342237
2598,3728,2,56,0.3,joint,32,0,32,0,0,0,0.0,-15.53339672088623,1.3966467380523682,3748342338
2599,3728,2,56,1.0,joint,32,0,31,1,0,0,0.0,-12.822355270385742,5.009947776794434,3748342439
2600,736,1,0,0.01,joint,32,32,0,0,0,0,0.0,25.899627685546875,0.012020222842693329,756263010
2601,736,1,0,0.03,joint,32,32,0,0,0,0,0.0,25.895668029785156,0.04605519026517868,756263111
2602,736,1,0,0.1,joint,32,32,0,0,0,0,0.0,25.912046432495117,0.14753957092761993,756263212
2603,736,1,0,0.3,joint,32,32,0,0,0,0,0.0,25.844663619995117,0.3802860379219055,756263313
2604,736,1,0,1.0,joint,32,32,0,0,0,0,0.0,25.420738220214844,2.4474194049835205,756263414
2605,736,1,8,0.01,joint,32,32,0,0,0,0,0.0,25.90361213684082,0.09022174030542374,756273017
2606,736,1,8,0.03,joint,32,32,0,0,0,0,0.0,25.930580139160156,0.2757618725299835,756273118
2607,736,1,8,0.1,joint,32,32,0,0,0,0,0.0,25.859657287597656,0.9713412523269653,756273219
2608,736,1,8,0.3,joint,32,29,3,0,0,3,0.4488644887230294,22.196636199951172,15.767931938171387,756273320
2609,736,1,8,1.0,joint,32,26,6,0,0,6,0.6962122601251458,19.428577423095703,21.14603614807129,756273421
2610,736,1,16,0.01,joint,32,32,0,0,0,0,0.0,25.900087356567383,0.03942115977406502,756283024
2611,736,1,16,0.03,joint,32,32,0,0,0,0,0.0,25.901172637939453,0.08620285242795944,756283125
2612,736,1,16,0.1,joint,32,32,0,0,0,0,0.0,25.87962532043457,0.33305877447128296,756283226
2613,736,1,16,0.3,joint,32,32,0,0,0,0,0.0,25.848388671875,0.8115758299827576,756283327
2614,736,1,16,1.0,joint,32,31,1,0,0,1,0.20062232431271465,25.95220947265625,10.202680587768555,756283428
2615,736,1,24,0.01,joint,32,32,0,0,0,0,0.0,25.90313720703125,0.03342343121767044,756293031
2616,736,1,24,0.03,joint,32,32,0,0,0,0,0.0,25.917396545410156,0.14495760202407837,756293132
2617,736,1,24,0.1,joint,32,32,0,0,0,0,0.0,25.833770751953125,0.3814280927181244,756293233
2618,736,1,24,0.3,joint,32,32,0,0,0,0,0.0,25.846637725830078,1.3148492574691772,756293334
2619,736,1,24,1.0,joint,32,31,1,0,0,1,0.20062232431271465,25.085472106933594,10.744945526123047,756293435
2620,736,1,32,0.01,joint,32,32,0,0,0,0,0.0,25.904958724975586,0.03762490302324295,756303038
2621,736,1,32,0.03,joint,32,32,0,0,0,0,0.0,25.920631408691406,0.1092812791466713,756303139
2622,736,1,32,0.1,joint,32,32,0,0,0,0,0.0,25.85751724243164,0.3639804422855377,756303240
2623,736,1,32,0.3,joint,32,32,0,0,0,0,0.0,25.50836944580078,1.1641151905059814,756303341
2624,736,1,32,1.0,joint,32,31,1,0,0,1,0.20062232431271465,23.381839752197266,9.99998664855957,756303442
2625,736,1,40,0.01,joint,32,32,0,0,0,0,0.0,25.907541275024414,0.03953145444393158,756313045
2626,736,1,40,0.03,joint,32,32,0,0,0,0,0.0,25.926944732666016,0.09537564218044281,756313146
2627,736,1,40,0.1,joint,32,32,0,0,0,0,0.0,25.91265869140625,0.35462483763694763,756313247
2628,736,1,40,0.3,joint,32,32,0,0,0,0,0.0,26.11039924621582,1.344205379486084,756313348
2629,736,1,40,1.0,joint,32,28,4,0,0,4,0.5435644431995964,20.438488006591797,14.429281234741211,756313449
2630,736,1,48,0.01,joint,32,32,0,0,0,0,0.0,25.899311065673828,0.04503566399216652,756323052
2631,736,1,48,0.03,joint,32,32,0,0,0,0,0.0,25.906089782714844,0.16866467893123627,756323153
2632,736,1,48,0.1,joint,32,32,0,0,0,0,0.0,25.811664581298828,0.38704946637153625,756323254
2633,736,1,48,0.3,joint,32,32,0,0,0,0,0.0,25.583707809448242,1.3761117458343506,756323355
2634,736,1,48,1.0,joint,32,30,2,0,0,2,0.3372900666170139,24.474592208862305,12.773348808288574,756323456
2635,736,1,56,0.01,joint,32,32,0,0,0,0,0.0,25.893165588378906,0.04864725098013878,756333059
2636,736,1,56,0.03,joint,32,32,0,0,0,0,0.0,25.90448760986328,0.14123785495758057,756333160
2637,736,1,56,0.1,joint,32,32,0,0,0,0,0.0,25.833621978759766,0.4442378878593445,756333261
2638,736,1,56,0.3,joint,32,32,0,0,0,0,0.0,25.468101501464844,1.1821140050888062,756333362
2639,736,1,56,1.0,joint,32,31,1,0,0,1,0.20062232431271465,22.481342315673828,9.846734046936035,756333463
2640,1244,2,0,0.01,joint,32,0,32,0,0,0,0.0,-19.938434600830078,0.0051202187314629555,1264264534
2641,1244,2,0,0.03,joint,32,0,32,0,0,0,0.0,-19.94103240966797,0.014110129326581955,1264264635
2642,1244,2,0,0.1,joint,32,0,32,0,0,0,0.0,-19.91588592529297,0.05637117102742195,1264264736
2643,1244,2,0,0.3,joint,32,0,32,0,0,0,0.0,-19.835777282714844,0.20487360656261444,1264264837
2644,1244,2,0,1.0,joint,32,11,21,0,0,11,0.9283620723948676,-6.130609035491943,18.77012825012207,1264264938
2645,1244,2,8,0.01,joint,32,0,32,0,0,0,0.0,-19.93319320678711,0.018683863803744316,1264274541
2646,1244,2,8,0.03,joint,32,0,32,0,0,0,0.0,-19.930023193359375,0.07360376417636871,1264274642
2647,1244,2,8,0.1,joint,32,3,29,0,0,3,0.4488644887230294,-16.03179359436035,11.977224349975586,1264274743
2648,1244,2,8,0.3,joint,32,5,27,0,0,5,0.6252624052234231,-13.291958808898926,15.041962623596191,1264274844
2649,1244,2,8,1.0,joint,32,17,15,0,0,17,0.9971803988942642,1.5963678359985352,19.387435913085938,1264274945
2650,1244,2,16,0.01,joint,32,0,32,0,0,0,0.0,-19.940874099731445,0.039583418518304825,1264284548
2651,1244,2,16,0.03,joint,32,0,32,0,0,0,0.0,-19.92444610595703,0.07125774025917053,1264284649
2652,1244,2,16,0.1,joint,32,0,32,0,0,0,0.0,-20.031681060791016,0.3453079164028168,1264284750
2653,1244,2,16,0.3,joint,32,10,22,0,0,10,0.8960382325345574,-6.907077789306641,18.69307518005371,1264284851
2654,1244,2,16,1.0,joint,32,18,14,0,0,18,0.9886994082884974,2.677043914794922,18.141420364379883,1264284952
2655,1244,2,24,0.01,joint,32,0,32,0,0,0,0.0,-19.92340850830078,0.04228977859020233,1264294555
2656,1244,2,24,0.03,joint,32,0,32,0,0,0,0.0,-19.901491165161133,0.14283323287963867,1264294656
2657,1244,2,24,0.1,joint,32,1,31,0,0,1,0.20062232431271465,-18.4571533203125,7.389664173126221,1264294757
2658,1244,2,24,0.3,joint,32,8,24,0,0,8,0.8112781244591328,-9.797914505004883,16.89386558532715,1264294858
2659,1244,2,24,1.0,joint,32,13,19,0,0,13,0.9744894033980523,-1.7015867233276367,18.4906063079834,1264294959
2660,1244,2,32,0.01,joint,32,0,32,0,0,0,0.0,-19.94793128967285,0.04595288634300232,1264304562
2661,1244,2,32,0.03,joint,32,0,32,0,0,0,0.0,-19.891733169555664,0.13697513937950134,1264304663
2662,1244,2,32,0.1,joint,32,0,32,0,0,0,0.0,-19.86923599243164,0.4855089783668518,1264304764
2663,1244,2,32,0.3,joint,32,0,32,0,0,0,0.0,-19.202877044677734,2.0157923698425293,1264304865
2664,1244,2,32,1.0,joint,32,5,27,0,0,5,0.6252624052234231,-11.464193344116211,14.043525695800781,1264304966
2665,1244,2,40,0.01,joint,32,0,32,0,0,0,0.0,-19.93780517578125,0.056432466953992844,1264314569
2666,1244,2,40,0.03,joint,32,0,32,0,0,0,0.0,-19.948944091796875,0.1887686550617218,1264314670
2667,1244,2,40,0.1,joint,32,0,32,0,0,0,0.0,-19.632444381713867,0.5875868797302246,1264314771
2668,1244,2,40,0.3,joint,32,0,32,0,0,0,0.0,-18.97167205810547,3.2142820358276367,1264314872
2669,1244,2,40,1.0,joint,32,6,26,0,0,6,0.6962122601251458,-12.959197998046875,12.134564399719238,1264314973
2670,1244,2,48,0.01,joint,32,0,32,0,0,0,0.0,-19.91307258605957,0.058822423219680786,1264324576
2671,1244,2,48,0.03,joint,32,0,32,0,0,0,0.0,-19.972858428955078,0.2442529797554016,1264324677
2672,1244,2,48,0.1,joint,32,0,32,0,0,0,0.0,-19.87260627746582,0.8414086699485779,1264324778
2673,1244,2,48,0.3,joint,32,0,32,0,0,0,0.0,-17.042701721191406,3.54386568069458,1264324879
2674,1244,2,48,1.0,joint,32,9,22,1,0,9,0.869137580612638,-8.238122940063477,12.712451934814453,1264324980
2675,1244,2,56,0.01,joint,32,0,32,0,0,0,0.0,-19.94617462158203,0.07289095968008041,1264334583
2676,1244,2,56,0.03,joint,32,0,32,0,0,0,0.0,-19.900901794433594,0.20321467518806458,1264334684
2677,1244,2,56,0.1,joint,32,0,32,0,0,0,0.0,-19.555339813232422,0.9336221218109131,1264334785
2678,1244,2,56,0.3,joint,32,0,32,0,0,0,0.0,-16.963991165161133,3.1750667095184326,1264334886
2679,1244,2,56,1.0,joint,32,1,27,4,0,1,0.222284830685688,-10.789916038513184,8.254396438598633,1264334987
2680,1495,1,0,0.01,joint,32,32,0,0,0,0,0.0,38.646583557128906,0.011665825732052326,1515265287
2681,1495,1,0,0.03,joint,32,32,0,0,0,0,0.0,38.649993896484375,0.036579642444849014,1515265388
2682,1495,1,0,0.1,joint,32,32,0,0,0,0,0.0,38.647361755371094,0.08921322971582413,1515265489
2683,1495,1,0,0.3,joint,32,32,0,0,0,0,0.0,38.71429443359375,0.29047709703445435,1515265590
2684,1495,1,0,1.0,joint,32,30,0,2,0,0,0.0,37.17936706542969,6.830471515655518,1515265691
2685,1495,1,8,0.01,joint,32,32,0,0,0,0,0.0,38.6449089050293,0.03545862063765526,1515275294
2686,1495,1,8,0.03,joint,32,32,0,0,0,0,0.0,38.61326599121094,0.09170117974281311,1515275395
2687,1495,1,8,0.1,joint,32,32,0,0,0,0,0.0,38.746376037597656,0.2775457203388214,1515275496
2688,1495,1,8,0.3,joint,32,31,0,1,0,0,0.0,38.40137481689453,4.928966999053955,1515275597
2689,1495,1,8,1.0,joint,32,26,1,5,0,1,0.2285381439535282,31.075782775878906,15.258928298950195,1515275698
2690,1495,1,16,0.01,joint,32,32,0,0,0,0,0.0,38.64540481567383,0.042660463601350784,1515285301
2691,1495,1,16,0.03,joint,32,32,0,0,0,0,0.0,38.67892074584961,0.1495308130979538,1515285402
2692,1495,1,16,0.1,joint,32,32,0,0,0,0,0.0,38.731529235839844,0.4487723708152771,1515285503
2693,1495,1,16,0.3,joint,32,32,0,0,0,0,0.0,39.212276458740234,1.2521302700042725,1515285604
2694,1495,1,16,1.0,joint,32,26,0,6,0,0,0.0,34.4016227722168,11.435173034667969,1515285705
2695,1495,1,24,0.01,joint,32,32,0,0,0,0,0.0,38.658897399902344,0.055602867156267166,1515295308
2696,1495,1,24,0.03,joint,32,32,0,0,0,0,0.0,38.635772705078125,0.17708636820316315,1515295409
2697,1495,1,24,0.1,joint,32,32,0,0,0,0,0.0,38.60436248779297,0.4703139662742615,1515295510
2698,1495,1,24,0.3,joint,32,32,0,0,0,0,0.0,38.722599029541016,1.759469747543335,1515295611
2699,1495,1,24,1.0,joint,32,32,0,0,0,0,0.0,39.525779724121094,6.082125186920166,1515295712
2700,1495,1,32,0.01,joint,32,32,0,0,0,0,0.0,38.6523323059082,0.06559716165065765,1515305315
2701,1495,1,32,0.03,joint,32,32,0,0,0,0,0.0,38.682884216308594,0.23858045041561127,1515305416
2702,1495,1,32,0.1,joint,32,32,0,0,0,0,0.0,38.70783233642578,0.555792510509491,1515305517
2703,1495,1,32,0.3,joint,32,32,0,0,0,0,0.0,39.44957733154297,2.6934683322906494,1515305618
2704,1495,1,32,1.0,joint,32,32,0,0,0,0,0.0,39.541709899902344,7.41655969619751,1515305719
2705,1495,1,40,0.01,joint,32,32,0,0,0,0,0.0,38.63819122314453,0.07162194699048996,1515315322
2706,1495,1,40,0.03,joint,32,32,0,0,0,0,0.0,38.722084045410156,0.20101140439510345,1515315423
2707,1495,1,40,0.1,joint,32,32,0,0,0,0,0.0,38.687889099121094,0.6700210571289062,1515315524
2708,1495,1,40,0.3,joint,32,32,0,0,0,0,0.0,38.348358154296875,1.6111972332000732,1515315625
2709,1495,1,40,1.0,joint,32,31,0,1,0,0,0.0,35.75288391113281,8.44339656829834,1515315726
2710,1495,1,48,0.01,joint,32,32,0,0,0,0,0.0,38.655548095703125,0.06871739029884338,1515325329
2711,1495,1,48,0.03,joint,32,32,0,0,0,0,0.0,38.609031677246094,0.22132331132888794,1515325430
2712,1495,1,48,0.1,joint,32,32,0,0,0,0,0.0,38.76307678222656,0.7726592421531677,1515325531
2713,1495,1,48,0.3,joint,32,32,0,0,0,0,0.0,38.929283142089844,2.155738353729248,1515325632
2714,1495,1,48,1.0,joint,32,32,0,0,0,0,0.0,36.57901382446289,6.627131938934326,1515325733
2715,1495,1,56,0.01,joint,32,32,0,0,0,0,0.0,38.67121124267578,0.0808686912059784,1515335336
2716,1495,1,56,0.03,joint,32,32,0,0,0,0,0.0,38.72522735595703,0.306883841753006,1515335437
2717,1495,1,56,0.1,joint,32,32,0,0,0,0,0.0,38.73789978027344,0.7072597146034241,1515335538
2718,1495,1,56,0.3,joint,32,32,0,0,0,0,0.0,39.333160400390625,1.880408763885498,1515335639
2719,1495,1,56,1.0,joint,32,32,0,0,0,0,0.0,31.884641647338867,8.347650527954102,1515335740
2720,2339,1,0,0.01,joint,32,32,0,0,0,0,0.0,23.92566680908203,0.0014990895288065076,2359267819
2721,2339,1,0,0.03,joint,32,32,0,0,0,0,0.0,23.925981521606445,0.006867630407214165,2359267920
2722,2339,1,0,0.1,joint,32,32,0,0,0,0,0.0,23.927688598632812,0.01664757914841175,2359268021
2723,2339,1,0,0.3,joint,32,32,0,0,0,0,0.0,23.923282623291016,0.049753013998270035,2359268122
2724,2339,1,0,1.0,joint,32,24,2,6,0,2,0.3912435636292555,17.114765167236328,12.485090255737305,2359268223
2725,2339,1,8,0.01,joint,32,32,0,0,0,0,0.0,23.920713424682617,0.009416967630386353,2359277826
2726,2339,1,8,0.03,joint,32,32,0,0,0,0,0.0,23.928451538085938,0.04250284284353256,2359277927
2727,2339,1,8,0.1,joint,32,18,1,13,0,1,0.2974722489192898,11.815402030944824,13.481051445007324,2359278028
2728,2339,1,8,0.3,joint,32,18,10,4,0,10,0.9402859586706311,8.750311851501465,18.851638793945312,2359278129
2729,2339,1,8,1.0,joint,32,18,10,4,0,10,0.9402859586706311,5.16330623626709,20.01047706604004,2359278230
2730,2339,1,16,0.01,joint,32,32,0,0,0,0,0.0,23.92525291442871,0.01903308928012848,2359287833
2731,2339,1,16,0.03,joint,32,30,0,2,0,0,0.0,22.411048889160156,5.868052959442139,2359287934
2732,2339,1,16,0.1,joint,32,23,2,7,0,2,0.40217919020227266,15.54741382598877,14.436439514160156,2359288035
2733,2339,1,16,0.3,joint,32,19,6,7,0,6,0.7950402793845223,9.673007011413574,18.911386489868164,2359288136
2734,2339,1,16,1.0,joint,32,17,13,2,0,13,0.9871377743721863,3.358088493347168,23.010007858276367,2359288237
2735,2339,1,24,0.01,joint,32,32,0,0,0,0,0.0,23.925519943237305,0.0203312486410141,2359297840
2736,2339,1,24,0.03,joint,32,32,0,0,0,0,0.0,23.933029174804688,0.06811250001192093,2359297941
2737,2339,1,24,0.1,joint,32,32,0,0,0,0,0.0,23.89015769958496,0.20525917410850525,2359298042
2738,2339,1,24,0.3,joint,32,30,2,0,0,2,0.3372900666170139,21.819259643554688,8.080562591552734,2359298143
2739,2339,1,24,1.0,joint,32,22,10,0,0,10,0.8960382325345574,8.536226272583008,21.551240921020508,2359298244
2740,2339,1,32,0.01,joint,32,32,0,0,0,0,0.0,23.922473907470703,0.02795383147895336,2359307847
2741,2339,1,32,0.03,joint,32,32,0,0,0,0,0.0,23.92494773864746,0.08542049676179886,2359307948
2742,2339,1,32,0.1,joint,32,32,0,0,0,0,0.0,23.882484436035156,0.32520198822021484,2359308049
2743,2339,1,32,0.3,joint,32,32,0,0,0,0,0.0,23.712186813354492,0.9197629690170288,2359308150
2744,2339,1,32,1.0,joint,32,23,9,0,0,9,0.8571484374283715,11.543128967285156,18.77290916442871,2359308251
2745,2339,1,40,0.01,joint,32,32,0,0,0,0,0.0,23.92119026184082,0.03342624008655548,2359317854
2746,2339,1,40,0.03,joint,32,32,0,0,0,0,0.0,23.913585662841797,0.09618381410837173,2359317955
2747,2339,1,40,0.1,joint,32,32,0,0,0,0,0.0,23.959341049194336,0.25548481941223145,2359318056
2748,2339,1,40,0.3,joint,32,32,0,0,0,0,0.0,23.76775360107422,0.8973227739334106,2359318157
2749,2339,1,40,1.0,joint,32,28,4,0,0,4,0.5435644431995964,19.799297332763672,13.9190034866333,2359318258
2750,2339,1,48,0.01,joint,32,32,0,0,0,0,0.0,23.9247989654541,0.0436299592256546,2359327861
2751,2339,1,48,0.03,joint,32,32,0,0,0,0,0.0,23.91303062438965,0.09306590259075165,2359327962
2752,2339,1,48,0.1,joint,32,32,0,0,0,0,0.0,23.91705322265625,0.34288036823272705,2359328063
2753,2339,1,48,0.3,joint,32,32,0,0,0,0,0.0,23.592792510986328,1.1557306051254272,2359328164
2754,2339,1,48,1.0,joint,32,28,4,0,0,4,0.5435644431995964,18.106460571289062,13.586639404296875,2359328265
2755,2339,1,56,0.01,joint,32,32,0,0,0,0,0.0,23.91918182373047,0.036782506853342056,2359337868
2756,2339,1,56,0.03,joint,32,32,0,0,0,0,0.0,23.933849334716797,0.12167138606309891,2359337969
2757,2339,1,56,0.1,joint,32,32,0,0,0,0,0.0,23.86186981201172,0.4091247618198395,2359338070
2758,2339,1,56,0.3,joint,32,32,0,0,0,0,0.0,23.288681030273438,0.974741518497467,2359338171
2759,2339,1,56,1.0,joint,32,31,1,0,0,1,0.20062232431271465,17.615415573120117,8.539382934570312,2359338272
2760,3818,1,0,0.01,joint,32,32,0,0,0,0,0.0,18.374374389648438,0.005180916748940945,3838272256
2761,3818,1,0,0.03,joint,32,32,0,0,0,0,0.0,18.366676330566406,0.019961949437856674,3838272357
2762,3818,1,0,0.1,joint,32,32,0,0,0,0,0.0,18.361995697021484,0.06546276062726974,3838272458
2763,3818,1,0,0.3,joint,32,32,0,0,0,0,0.0,18.358163833618164,0.13971805572509766,3838272559
2764,3818,1,0,1.0,joint,32,29,3,0,0,3,0.4488644887230294,14.958013534545898,8.06750774383545,3838272660
2765,3818,1,8,0.01,joint,32,32,0,0,0,0,0.0,18.34446907043457,0.03718781843781471,3838282263
2766,3818,1,8,0.03,joint,32,32,0,0,0,0,0.0,18.376930236816406,0.1209026649594307,3838282364
2767,3818,1,8,0.1,joint,32,31,1,0,0,1,0.20062232431271465,17.210914611816406,4.981171131134033,3838282465
2768,3818,1,8,0.3,joint,32,18,14,0,0,14,0.9886994082884974,1.533681869506836,17.64875602722168,3838282566
2769,3818,1,8,1.0,joint,32,17,11,4,0,11,0.9666186325481028,4.773993492126465,18.96502113342285,3838282667
2770,3818,1,16,0.01,joint,32,32,0,0,0,0,0.0,18.377174377441406,0.057663656771183014,3838292270
2771,3818,1,16,0.03,joint,32,32,0,0,0,0,0.0,18.417354583740234,0.1947547346353531,3838292371
2772,3818,1,16,0.1,joint,32,32,0,0,0,0,0.0,18.402484893798828,0.5439253449440002,3838292472
2773,3818,1,16,0.3,joint,32,27,5,0,0,5,0.6252624052234231,12.531417846679688,13.659812927246094,3838292573
2774,3818,1,16,1.0,joint,32,19,13,0,0,13,0.9744894033980523,3.854720115661621,19.598289489746094,3838292674
2775,3818,1,24,0.01,joint,32,32,0,0,0,0,0.0,18.368587493896484,0.037153854966163635,3838302277
2776,3818,1,24,0.03,joint,32,32,0,0,0,0,0.0,18.366268157958984,0.17013567686080933,3838302378
2777,3818,1,24,0.1,joint,32,32,0,0,0,0,0.0,18.462974548339844,0.4851634204387665,3838302479
2778,3818,1,24,0.3,joint,32,30,2,0,0,2,0.3372900666170139,15.911837577819824,9.722380638122559,3838302580
2779,3818,1,24,1.0,joint,32,21,11,0,0,11,0.9283620723948676,5.894696235656738,17.06803321838379,3838302681
2780,3818,1,32,0.01,joint,32,32,0,0,0,0,0.0,18.372028350830078,0.09633937478065491,3838312284
2781,3818,1,32,0.03,joint,32,32,0,0,0,0,0.0,18.348690032958984,0.23603278398513794,3838312385
2782,3818,1,32,0.1,joint,32,32,0,0,0,0,0.0,18.28830337524414,0.8620050549507141,3838312486
2783,3818,1,32,0.3,joint,32,32,0,0,0,0,0.0,18.166141510009766,2.217158317565918,3838312587
2784,3818,1,32,1.0,joint,32,21,10,1,0,10,0.907165767573082,4.841965198516846,17.29379653930664,3838312688
2785,3818,1,40,0.01,joint,32,32,0,0,0,0,0.0,18.39246940612793,0.06972259283065796,3838322291
2786,3818,1,40,0.03,joint,32,32,0,0,0,0,0.0,18.415918350219727,0.25076672434806824,3838322392
2787,3818,1,40,0.1,joint,32,32,0,0,0,0,0.0,18.184032440185547,0.8568490147590637,3838322493
2788,3818,1,40,0.3,joint,32,32,0,0,0,0,0.0,16.96863555908203,2.711949110031128,3838322594
2789,3818,1,40,1.0,joint,32,26,6,0,0,6,0.6962122601251458,14.535478591918945,12.968774795532227,3838322695
2790,3818,1,48,0.01,joint,32,32,0,0,0,0,0.0,18.360483169555664,0.06371324509382248,3838332298
2791,3818,1,48,0.03,joint,32,32,0,0,0,0,0.0,18.317262649536133,0.24697232246398926,3838332399
2792,3818,1,48,0.1,joint,32,32,0,0,0,0,0.0,18.407024383544922,0.8102049827575684,3838332500
2793,3818,1,48,0.3,joint,32,32,0,0,0,0,0.0,17.078384399414062,2.5244719982147217,3838332601
2794,3818,1,48,1.0,joint,32,22,10,0,0,10,0.8960382325345574,6.964031219482422,12.359996795654297,3838332702
2795,3818,1,56,0.01,joint,32,32,0,0,0,0,0.0,18.379558563232422,0.10406693816184998,3838342305
2796,3818,1,56,0.03,joint,32,32,0,0,0,0,0.0,18.330406188964844,0.22416061162948608,3838342406
2797,3818,1,56,0.1,joint,32,32,0,0,0,0,0.0,18.391244888305664,1.2115310430526733,3838342507
2798,3818,1,56,0.3,joint,32,32,0,0,0,0,0.0,17.980276107788086,2.7016022205352783,3838342608
2799,3818,1,56,1.0,joint,32,26,4,2,0,4,0.5665095065529052,10.908557891845703,8.596858024597168,3838342709
2800,1538,2,0,0.01,joint,32,0,32,0,0,0,0.0,-26.005887985229492,0.006467730272561312,1558265416
2801,1538,2,0,0.03,joint,32,0,32,0,0,0,0.0,-26.013992309570312,0.020076679065823555,1558265517
2802,1538,2,0,0.1,joint,32,0,32,0,0,0,0.0,-26.010265350341797,0.050550442188978195,1558265618
2803,1538,2,0,0.3,joint,32,0,32,0,0,0,0.0,-25.976703643798828,0.18492081761360168,1558265719
2804,1538,2,0,1.0,joint,32,0,32,0,0,0,0.0,-25.90874671936035,0.8414689898490906,1558265820
2805,1538,2,8,0.01,joint,32,0,32,0,0,0,0.0,-26.000940322875977,0.05195149406790733,1558275423
2806,1538,2,8,0.03,joint,32,0,32,0,0,0,0.0,-26.013103485107422,0.17636999487876892,1558275524
2807,1538,2,8,0.1,joint,32,0,32,0,0,0,0.0,-25.88853645324707,0.8204345703125,1558275625
2808,1538,2,8,0.3,joint,32,2,30,0,0,2,0.3372900666170139,-22.628820419311523,12.40750789642334,1558275726
2809,1538,2,8,1.0,joint,32,17,15,0,0,17,0.9971803988942642,2.2809596061706543,28.442581176757812,1558275827
2810,1538,2,16,0.01,joint,32,0,32,0,0,0,0.0,-26.00326919555664,0.04652754217386246,1558285430
2811,1538,2,16,0.03,joint,32,0,32,0,0,0,0.0,-25.985464096069336,0.1301182061433792,1558285531
2812,1538,2,16,0.1,joint,32,0,32,0,0,0,0.0,-25.985910415649414,0.4541220963001251,1558285632
2813,1538,2,16,0.3,joint,32,2,30,0,0,2,0.3372900666170139,-22.708080291748047,12.086821556091309,1558285733
2814,1538,2,16,1.0,joint,32,11,21,0,0,11,0.9283620723948676,-9.820348739624023,25.418498992919922,1558285834
2815,1538,2,24,0.01,joint,32,0,32,0,0,0,0.0,-26.006664276123047,0.045899879187345505,1558295437
2816,1538,2,24,0.03,joint,32,0,32,0,0,0,0.0,-25.954254150390625,0.12423527240753174,1558295538
2817,1538,2,24,0.1,joint,32,0,32,0,0,0,0.0,-25.88161277770996,0.4046708047389984,1558295639
2818,1538,2,24,0.3,joint,32,0,32,0,0,0,0.0,-25.758941650390625,1.1660664081573486,1558295740
2819,1538,2,24,1.0,joint,32,0,32,0,0,0,0.0,-25.9698486328125,3.893925905227661,1558295841
2820,1538,2,32,0.01,joint,32,0,32,0,0,0,0.0,-26.00916862487793,0.05153931304812431,1558305444
2821,1538,2,32,0.03,joint,32,0,32,0,0,0,0.0,-25.996559143066406,0.11367681622505188,1558305545
2822,1538,2,32,0.1,joint,32,0,32,0,0,0,0.0,-26.111129760742188,0.5095019340515137,1558305646
2823,1538,2,32,0.3,joint,32,0,32,0,0,0,0.0,-25.741952896118164,1.3341827392578125,1558305747
2824,1538,2,32,1.0,joint,32,2,30,0,0,2,0.3372900666170139,-24.95797348022461,11.863734245300293,1558305848
2825,1538,2,40,0.01,joint,32,0,32,0,0,0,0.0,-25.99686622619629,0.04196260869503021,1558315451
2826,1538,2,40,0.03,joint,32,0,32,0,0,0,0.0,-26.03762435913086,0.14722004532814026,1558315552
2827,1538,2,40,0.1,joint,32,0,32,0,0,0,0.0,-26.153430938720703,0.5254881381988525,1558315653
2828,1538,2,40,0.3,joint,32,0,32,0,0,0,0.0,-25.903217315673828,1.7837780714035034,1558315754
2829,1538,2,40,1.0,joint,32,0,32,0,0,0,0.0,-26.848068237304688,6.323085308074951,1558315855
2830,1538,2,48,0.01,joint,32,0,32,0,0,0,0.0,-26.007122039794922,0.05643453449010849,1558325458
2831,1538,2,48,0.03,joint,32,0,32,0,0,0,0.0,-26.007797241210938,0.12223835289478302,1558325559
2832,1538,2,48,0.1,joint,32,0,32,0,0,0,0.0,-25.958900451660156,0.7052972316741943,1558325660
2833,1538,2,48,0.3,joint,32,0,32,0,0,0,0.0,-26.373634338378906,1.5306425094604492,1558325761
2834,1538,2,48,1.0,joint,32,1,31,0,0,1,0.20062232431271465,-25.70953369140625,8.983413696289062,1558325862
2835,1538,2,56,0.01,joint,32,0,32,0,0,0,0.0,-26.010278701782227,0.054846834391355515,1558335465
2836,1538,2,56,0.03,joint,32,0,32,0,0,0,0.0,-26.057392120361328,0.13862572610378265,1558335566
2837,1538,2,56,0.1,joint,32,0,32,0,0,0,0.0,-26.127567291259766,0.6651185750961304,1558335667
2838,1538,2,56,0.3,joint,32,0,32,0,0,0,0.0,-25.794063568115234,1.8946071863174438,1558335768
2839,1538,2,56,1.0,joint,32,0,32,0,0,0,0.0,-22.99139976501465,6.208627223968506,1558335869
2840,3240,2,0,0.01,joint,32,0,32,0,0,0,0.0,-29.276264190673828,0.003572084242478013,3260270522
2841,3240,2,0,0.03,joint,32,0,32,0,0,0,0.0,-29.277565002441406,0.008611572906374931,3260270623
2842,3240,2,0,0.1,joint,32,0,32,0,0,0,0.0,-29.2733154296875,0.03194376453757286,3260270724
2843,3240,2,0,0.3,joint,32,0,32,0,0,0,0.0,-29.271013259887695,0.10134533792734146,3260270825
2844,3240,2,0,1.0,joint,32,0,32,0,0,0,0.0,-29.24353790283203,0.5237281322479248,3260270926
2845,3240,2,8,0.01,joint,32,0,32,0,0,0,0.0,-29.275386810302734,0.015332766808569431,3260280529
2846,3240,2,8,0.03,joint,32,0,32,0,0,0,0.0,-29.261646270751953,0.058483559638261795,3260280630
2847,3240,2,8,0.1,joint,32,0,32,0,0,0,0.0,-29.245296478271484,0.19932326674461365,3260280731
2848,3240,2,8,0.3,joint,32,0,32,0,0,0,0.0,-29.175643920898438,0.7350476384162903,3260280832
2849,3240,2,8,1.0,joint,32,10,22,0,0,10,0.8960382325345574,-11.633085250854492,26.97587776184082,3260280933
2850,3240,2,16,0.01,joint,32,0,32,0,0,0,0.0,-29.28378677368164,0.034181177616119385,3260290536
2851,3240,2,16,0.03,joint,32,0,32,0,0,0,0.0,-29.243877410888672,0.09611472487449646,3260290637
2852,3240,2,16,0.1,joint,32,0,32,0,0,0,0.0,-29.36243438720703,0.3875514566898346,3260290738
2853,3240,2,16,0.3,joint,32,0,32,0,0,0,0.0,-29.067974090576172,1.1217334270477295,3260290839
2854,3240,2,16,1.0,joint,32,0,32,0,0,0,0.0,-27.950008392333984,4.9232330322265625,3260290940
2855,3240,2,24,0.01,joint,32,0,32,0,0,0,0.0,-29.27556610107422,0.03927187621593475,3260300543
2856,3240,2,24,0.03,joint,32,0,32,0,0,0,0.0,-29.279041290283203,0.11549922078847885,3260300644
2857,3240,2,24,0.1,joint,32,0,32,0,0,0,0.0,-29.26585578918457,0.4149155616760254,3260300745
2858,3240,2,24,0.3,joint,32,0,32,0,0,0,0.0,-29.338504791259766,1.555721402168274,3260300846
2859,3240,2,24,1.0,joint,32,0,32,0,0,0,0.0,-29.234756469726562,4.0609846115112305,3260300947
2860,3240,2,32,0.01,joint,32,0,32,0,0,0,0.0,-29.276626586914062,0.04384361580014229,3260310550
2861,3240,2,32,0.03,joint,32,0,32,0,0,0,0.0,-29.299240112304688,0.11724899709224701,3260310651
2862,3240,2,32,0.1,joint,32,0,32,0,0,0,0.0,-29.304115295410156,0.5401473045349121,3260310752
2863,3240,2,32,0.3,joint,32,0,32,0,0,0,0.0,-29.8175048828125,1.593772292137146,3260310853
2864,3240,2,32,1.0,joint,32,0,32,0,0,0,0.0,-30.887893676757812,6.42481803894043,3260310954
2865,3240,2,40,0.01,joint,32,0,32,0,0,0,0.0,-29.280479431152344,0.05427918955683708,3260320557
2866,3240,2,40,0.03,joint,32,0,32,0,0,0,0.0,-29.258647918701172,0.15551868081092834,3260320658
2867,3240,2,40,0.1,joint,32,0,32,0,0,0,0.0,-29.313920974731445,0.497728168964386,3260320759
2868,3240,2,40,0.3,joint,32,0,32,0,0,0,0.0,-29.386661529541016,1.5162193775177002,3260320860
2869,3240,2,40,1.0,joint,32,0,32,0,0,0,0.0,-27.81031036376953,8.553265571594238,3260320961
2870,3240,2,48,0.01,joint,32,0,32,0,0,0,0.0,-29.274585723876953,0.04896453022956848,3260330564
2871,3240,2,48,0.03,joint,32,0,32,0,0,0,0.0,-29.31902503967285,0.17649102210998535,3260330665
2872,3240,2,48,0.1,joint,32,0,32,0,0,0,0.0,-29.360239028930664,0.5987537503242493,3260330766
2873,3240,2,48,0.3,joint,32,0,32,0,0,0,0.0,-29.289634704589844,2.204986333847046,3260330867
2874,3240,2,48,1.0,joint,32,0,32,0,0,0,0.0,-26.25905990600586,9.716434478759766,3260330968
2875,3240,2,56,0.01,joint,32,0,32,0,0,0,0.0,-29.275344848632812,0.05959232524037361,3260340571
2876,3240,2,56,0.03,joint,32,0,32,0,0,0,0.0,-29.273691177368164,0.15978342294692993,3260340672
2877,3240,2,56,0.1,joint,32,0,32,0,0,0,0.0,-29.194841384887695,0.583476185798645,3260340773
2878,3240,2,56,0.3,joint,32,0,32,0,0,0,0.0,-28.88901138305664,2.137202501296997,3260340874
2879,3240,2,56,1.0,joint,32,0,32,0,0,0,0.0,-20.5333251953125,7.331263065338135,3260340975
2880,1869,1,0,0.01,joint,32,32,0,0,0,0,0.0,27.851913452148438,0.014816450886428356,1889266409
2881,1869,1,0,0.03,joint,32,32,0,0,0,0,0.0,27.843238830566406,0.05124956741929054,1889266510
2882,1869,1,0,0.1,joint,32,32,0,0,0,0,0.0,27.85092544555664,0.14080874621868134,1889266611
2883,1869,1,0,0.3,joint,32,32,0,0,0,0,0.0,27.76270294189453,0.4976891577243805,1889266712
2884,1869,1,0,1.0,joint,32,25,3,4,0,3,0.49123734182433304,19.31342124938965,18.050487518310547,1889266813
2885,1869,1,8,0.01,joint,32,32,0,0,0,0,0.0,27.849857330322266,0.05522254481911659,1889276416
2886,1869,1,8,0.03,joint,32,32,0,0,0,0,0.0,27.815584182739258,0.14219437539577484,1889276517
2887,1869,1,8,0.1,joint,32,31,0,1,0,0,0.0,26.759719848632812,4.906548023223877,1889276618
2888,1869,1,8,0.3,joint,32,21,3,8,0,3,0.5435644431995964,15.583873748779297,18.780132293701172,1889276719
2889,1869,1,8,1.0,joint,32,15,13,4,0,13,0.996316519558962,1.214130163192749,27.148656845092773,1889276820
2890,1869,1,16,0.01,joint,32,32,0,0,0,0,0.0,27.847091674804688,0.04248978942632675,1889286423
2891,1869,1,16,0.03,joint,32,32,0,0,0,0,0.0,27.80432891845703,0.15254245698451996,1889286524
2892,1869,1,16,0.1,joint,32,32,0,0,0,0,0.0,27.841320037841797,0.42399051785469055,1889286625
2893,1869,1,16,0.3,joint,32,21,1,10,0,1,0.2667649878030259,17.891767501831055,13.409102439880371,1889286726
2894,1869,1,16,1.0,joint,32,18,12,2,0,12,0.9709505944546686,8.732059478759766,24.542247772216797,1889286827
2895,1869,1,24,0.01,joint,32,32,0,0,0,0,0.0,27.83327865600586,0.04761187732219696,1889296430
2896,1869,1,24,0.03,joint,32,32,0,0,0,0,0.0,27.857330322265625,0.14075951278209686,1889296531
2897,1869,1,24,0.1,joint,32,32,0,0,0,0,0.0,27.868850708007812,0.45222121477127075,1889296632
2898,1869,1,24,0.3,joint,32,32,0,0,0,0,0.0,27.870525360107422,1.264762282371521,1889296733
2899,1869,1,24,1.0,joint,32,30,1,1,0,1,0.20559250818508293,26.15142250061035,10.141366958618164,1889296834
2900,1869,1,32,0.01,joint,32,32,0,0,0,0,0.0,27.84961700439453,0.04791725054383278,1889306437
2901,1869,1,32,0.03,joint,32,32,0,0,0,0,0.0,27.838726043701172,0.16565802693367004,1889306538
2902,1869,1,32,0.1,joint,32,32,0,0,0,0,0.0,27.796981811523438,0.5377902388572693,1889306639
2903,1869,1,32,0.3,joint,32,32,0,0,0,0,0.0,28.57433319091797,1.4603896141052246,1889306740
2904,1869,1,32,1.0,joint,32,30,2,0,0,2,0.3372900666170139,24.35586166381836,14.065934181213379,1889306841
2905,1869,1,40,0.01,joint,32,32,0,0,0,0,0.0,27.835311889648438,0.05329674482345581,1889316444
2906,1869,1,40,0.03,joint,32,32,0,0,0,0,0.0,27.850088119506836,0.17388397455215454,1889316545
2907,1869,1,40,0.1,joint,32,32,0,0,0,0,0.0,27.94832420349121,0.515370786190033,1889316646
2908,1869,1,40,0.3,joint,32,32,0,0,0,0,0.0,27.76406478881836,1.7270233631134033,1889316747
2909,1869,1,40,1.0,joint,32,31,1,0,0,1,0.20062232431271465,25.79848289489746,8.07388687133789,1889316848
2910,1869,1,48,0.01,joint,32,32,0,0,0,0,0.0,27.833417892456055,0.056351348757743835,1889326451
2911,1869,1,48,0.03,joint,32,32,0,0,0,0,0.0,27.800310134887695,0.14640671014785767,1889326552
2912,1869,1,48,0.1,joint,32,32,0,0,0,0,0.0,28.05046844482422,0.5632144212722778,1889326653
2913,1869,1,48,0.3,joint,32,32,0,0,0,0,0.0,28.428089141845703,1.6073319911956787,1889326754
2914,1869,1,48,1.0,joint,32,32,0,0,0,0,0.0,26.220144271850586,7.335376739501953,1889326855
2915,1869,1,56,0.01,joint,32,32,0,0,0,0,0.0,27.861404418945312,0.053651582449674606,1889336458
2916,1869,1,56,0.03,joint,32,32,0,0,0,0,0.0,27.841157913208008,0.19688735902309418,1889336559
2917,1869,1,56,0.1,joint,32,32,0,0,0,0,0.0,28.086963653564453,0.7360231280326843,1889336660
2918,1869,1,56,0.3,joint,32,32,0,0,0,0,0.0,27.730594635009766,1.6042643785476685,1889336761
2919,1869,1,56,1.0,joint,32,31,0,1,0,0,0.0,21.797428131103516,9.406495094299316,1889336862
2920,2609,1,0,0.01,joint,32,32,0,0,0,0,0.0,36.989234924316406,0.012365292757749557,2629268629
2921,2609,1,0,0.03,joint,32,32,0,0,0,0,0.0,36.98108673095703,0.033715713769197464,2629268730
2922,2609,1,0,0.1,joint,32,32,0,0,0,0,0.0,36.934295654296875,0.0785544291138649,2629268831
2923,2609,1,0,0.3,joint,32,32,0,0,0,0,0.0,36.83816146850586,0.2723909914493561,2629268932
2924,2609,1,0,1.0,joint,32,28,0,4,0,0,0.0,28.83000946044922,9.909578323364258,2629269033
2925,2609,1,8,0.01,joint,32,32,0,0,0,0,0.0,36.96549987792969,0.055653296411037445,2629278636
2926,2609,1,8,0.03,joint,32,32,0,0,0,0,0.0,36.83409118652344,0.2264639139175415,2629278737
2927,2609,1,8,0.1,joint,32,32,0,0,0,0,0.0,34.98218536376953,3.8210554122924805,2629278838
2928,2609,1,8,0.3,joint,32,27,0,5,0,0,0.0,27.4199161529541,10.70318603515625,2629278939
2929,2609,1,8,1.0,joint,32,22,0,10,0,0,0.0,26.207351684570312,11.567085266113281,2629279040
2930,2609,1,16,0.01,joint,32,32,0,0,0,0,0.0,36.976566314697266,0.07393458485603333,2629288643
2931,2609,1,16,0.03,joint,32,32,0,0,0,0,0.0,36.951904296875,0.17079651355743408,2629288744
2932,2609,1,16,0.1,joint,32,32,0,0,0,0,0.0,36.783485412597656,0.6434742212295532,2629288845
2933,2609,1,16,0.3,joint,32,31,0,1,0,0,0.0,35.87749481201172,4.970552444458008,2629288946
2934,2609,1,16,1.0,joint,32,25,0,7,0,0,0.0,31.6656436920166,9.697002410888672,2629289047
2935,2609,1,24,0.01,joint,32,32,0,0,0,0,0.0,36.998966217041016,0.063360296189785,2629298650
2936,2609,1,24,0.03,joint,32,32,0,0,0,0,0.0,36.942848205566406,0.23054096102714539,2629298751
2937,2609,1,24,0.1,joint,32,32,0,0,0,0,0.0,36.92219543457031,0.7723572850227356,2629298852
2938,2609,1,24,0.3,joint,32,32,0,0,0,0,0.0,33.56653594970703,5.972678184509277,2629298953
2939,2609,1,24,1.0,joint,32,22,0,10,0,0,0.0,27.27496337890625,12.034701347351074,2629299054
2940,2609,1,32,0.01,joint,32,32,0,0,0,0,0.0,36.993980407714844,0.06052915379405022,2629308657
2941,2609,1,32,0.03,joint,32,32,0,0,0,0,0.0,36.99065399169922,0.21435929834842682,2629308758
2942,2609,1,32,0.1,joint,32,32,0,0,0,0,0.0,36.68790817260742,0.8166391253471375,2629308859
2943,2609,1,32,0.3,joint,32,32,0,0,0,0,0.0,34.59999084472656,6.102381706237793,2629308960
2944,2609,1,32,1.0,joint,32,28,0,4,0,0,0.0,33.39018249511719,7.9941864013671875,2629309061
2945,2609,1,40,0.01,joint,32,32,0,0,0,0,0.0,36.99547576904297,0.06902684271335602,2629318664
2946,2609,1,40,0.03,joint,32,32,0,0,0,0,0.0,36.96355056762695,0.24160657823085785,2629318765
2947,2609,1,40,0.1,joint,32,32,0,0,0,0,0.0,36.875999450683594,0.769810676574707,2629318866
2948,2609,1,40,0.3,joint,32,32,0,0,0,0,0.0,35.661075592041016,3.9662179946899414,2629318967
2949,2609,1,40,1.0,joint,32,26,0,6,0,0,0.0,30.58934783935547,10.34104061126709,2629319068
2950,2609,1,48,0.01,joint,32,32,0,0,0,0,0.0,37.006317138671875,0.07064559310674667,2629328671
2951,2609,1,48,0.03,joint,32,32,0,0,0,0,0.0,37.0339241027832,0.2296220064163208,2629328772
2952,2609,1,48,0.1,joint,32,32,0,0,0,0,0.0,37.02849578857422,0.5354031920433044,2629328873
2953,2609,1,48,0.3,joint,32,32,0,0,0,0,0.0,36.53533172607422,2.284644842147827,2629328974
2954,2609,1,48,1.0,joint,32,29,0,3,0,0,0.0,28.920578002929688,8.27358341217041,2629329075
2955,2609,1,56,0.01,joint,32,32,0,0,0,0,0.0,37.01433563232422,0.07223280519247055,2629338678
2956,2609,1,56,0.03,joint,32,32,0,0,0,0,0.0,36.99541091918945,0.2396799623966217,2629338779
2957,2609,1,56,0.1,joint,32,32,0,0,0,0,0.0,36.89208984375,0.7543696165084839,2629338880
2958,2609,1,56,0.3,joint,32,32,0,0,0,0,0.0,36.761470794677734,2.0521366596221924,2629338981
2959,2609,1,56,1.0,joint,32,32,0,0,0,0,0.0,33.945587158203125,6.161200046539307,2629339082
2960,2779,2,0,0.01,joint,32,0,32,0,0,0,0.0,-24.051130294799805,0.004441792145371437,2799269139
2961,2779,2,0,0.03,joint,32,0,32,0,0,0,0.0,-24.05230140686035,0.008133191615343094,2799269240
2962,2779,2,0,0.1,joint,32,0,32,0,0,0,0.0,-24.061742782592773,0.03233082592487335,2799269341
2963,2779,2,0,0.3,joint,32,0,31,1,0,0,0.0,-23.444623947143555,3.949910879135132,2799269442
2964,2779,2,0,1.0,joint,32,0,24,8,0,0,0.0,-18.02067756652832,10.205521583557129,2799269543
2965,2779,2,8,0.01,joint,32,0,32,0,0,0,0.0,-24.052148818969727,0.013922528363764286,2799279146
2966,2779,2,8,0.03,joint,32,0,32,0,0,0,0.0,-24.06026268005371,0.04163220897316933,2799279247
2967,2779,2,8,0.1,joint,32,0,27,5,0,0,0.0,-20.597572326660156,8.256124496459961,2799279348
2968,2779,2,8,0.3,joint,32,0,20,12,0,0,0.0,-15.777697563171387,11.157578468322754,2799279449
2969,2779,2,8,1.0,joint,32,4,23,5,0,4,0.6051865766334206,-15.243101119995117,17.884342193603516,2799279550
2970,2779,2,16,0.01,joint,32,0,32,0,0,0,0.0,-24.060428619384766,0.021557439118623734,2799289153
2971,2779,2,16,0.03,joint,32,0,32,0,0,0,0.0,-24.12590789794922,0.13403309881687164,2799289254
2972,2779,2,16,0.1,joint,32,0,21,11,0,0,0.0,-15.720157623291016,11.068867683410645,2799289355
2973,2779,2,16,0.3,joint,32,0,19,13,0,0,0.0,-15.314517974853516,12.036858558654785,2799289456
2974,2779,2,16,1.0,joint,32,10,18,4,0,10,0.9402859586706311,-7.688325881958008,24.280467987060547,2799289557
2975,2779,2,24,0.01,joint,32,0,32,0,0,0,0.0,-24.05693817138672,0.020015405490994453,2799299160
2976,2779,2,24,0.03,joint,32,0,32,0,0,0,0.0,-24.081926345825195,0.06353294104337692,2799299261
2977,2779,2,24,0.1,joint,32,0,31,1,0,0,0.0,-23.57444953918457,3.9923393726348877,2799299362
2978,2779,2,24,0.3,joint,32,0,22,10,0,0,0.0,-16.545366287231445,10.804591178894043,2799299463
2979,2779,2,24,1.0,joint,32,6,21,5,0,6,0.7642045065086203,-11.313891410827637,19.73784065246582,2799299564
2980,2779,2,32,0.01,joint,32,0,32,0,0,0,0.0,-24.056730270385742,0.030724233016371727,2799309167
2981,2779,2,32,0.03,joint,32,0,32,0,0,0,0.0,-24.054332733154297,0.06868532299995422,2799309268
2982,2779,2,32,0.1,joint,32,0,32,0,0,0,0.0,-24.008939743041992,0.3056378662586212,2799309369
2983,2779,2,32,0.3,joint,32,0,28,4,0,0,0.0,-21.197425842285156,7.9324822425842285,2799309470
2984,2779,2,32,1.0,joint,32,4,28,0,0,4,0.5435644431995964,-18.460899353027344,15.309174537658691,2799309571
2985,2779,2,40,0.01,joint,32,0,32,0,0,0,0.0,-24.062942504882812,0.03740369901061058,2799319174
2986,2779,2,40,0.03,joint,32,0,32,0,0,0,0.0,-24.078449249267578,0.1411919891834259,2799319275
2987,2779,2,40,0.1,joint,32,0,32,0,0,0,0.0,-24.058210372924805,0.3703209161758423,2799319376
2988,2779,2,40,0.3,joint,32,0,32,0,0,0,0.0,-24.164642333984375,0.9978616237640381,2799319477
2989,2779,2,40,1.0,joint,32,3,28,1,0,3,0.4586858162005403,-17.382835388183594,14.575915336608887,2799319578
2990,2779,2,48,0.01,joint,32,0,32,0,0,0,0.0,-24.064266204833984,0.04292828217148781,2799329181
2991,2779,2,48,0.03,joint,32,0,32,0,0,0,0.0,-24.053804397583008,0.09420732408761978,2799329282
2992,2779,2,48,0.1,joint,32,0,32,0,0,0,0.0,-23.954164505004883,0.39584115147590637,2799329383
2993,2779,2,48,0.3,joint,32,0,32,0,0,0,0.0,-23.603811264038086,1.158145546913147,2799329484
2994,2779,2,48,1.0,joint,32,4,28,0,0,4,0.5435644431995964,-17.99323272705078,12.644756317138672,2799329585
2995,2779,2,56,0.01,joint,32,0,32,0,0,0,0.0,-24.042526245117188,0.04119415581226349,2799339188
2996,2779,2,56,0.03,joint,32,0,32,0,0,0,0.0,-24.030590057373047,0.09314189106225967,2799339289
2997,2779,2,56,0.1,joint,32,0,32,0,0,0,0.0,-24.090253829956055,0.3803822994232178,2799339390
2998,2779,2,56,0.3,joint,32,0,32,0,0,0,0.0,-23.721160888671875,1.337257981300354,2799339491
2999,2779,2,56,1.0,joint,32,0,31,1,0,0,0.0,-16.76675033569336,9.166240692138672,2799339592
3000,1760,2,0,0.01,joint,32,0,32,0,0,0,0.0,-5.886046409606934,0.2129276990890503,1780266082
3001,1760,2,0,0.03,joint,32,0,32,0,0,0,0.0,-5.806532382965088,0.5246556401252747,1780266183
3002,1760,2,0,0.1,joint,32,0,32,0,0,0,0.0,-7.398313522338867,4.296469688415527,1780266284
3003,1760,2,0,0.3,joint,32,4,28,0,0,4,0.5435644431995964,-4.336219787597656,12.676504135131836,1780266385
3004,1760,2,0,1.0,joint,32,10,15,7,0,10,0.9709505944546686,4.7027459144592285,15.350667953491211,1780266486
3005,1760,2,8,0.01,joint,32,0,32,0,0,0,0.0,-6.131417274475098,1.2395248413085938,1780276089
3006,1760,2,8,0.03,joint,32,0,32,0,0,0,0.0,-6.828678131103516,2.9021129608154297,1780276190
3007,1760,2,8,0.1,joint,32,3,28,1,0,3,0.4586858162005403,-4.300241470336914,11.460363388061523,1780276291
3008,1760,2,8,0.3,joint,32,15,11,6,0,15,0.9828586897127056,7.599380016326904,18.451807022094727,1780276392
3009,1760,2,8,1.0,joint,32,17,7,8,0,17,0.8708644692353646,10.677345275878906,16.553499221801758,1780276493
3010,1760,2,16,0.01,joint,32,0,32,0,0,0,0.0,-5.393778324127197,1.5948655605316162,1780286096
3011,1760,2,16,0.03,joint,32,7,25,0,0,7,0.7578784625383954,0.9338277578353882,13.744561195373535,1780286197
3012,1760,2,16,0.1,joint,32,12,13,7,0,12,0.9988455359952018,6.49614143371582,16.333784103393555,1780286298
3013,1760,2,16,0.3,joint,32,11,12,9,0,11,0.9986359641585718,4.736560821533203,17.222946166992188,1780286399
3014,1760,2,16,1.0,joint,32,18,12,2,0,18,0.9709505944546686,6.166716575622559,23.75946617126465,1780286500
3015,1760,2,24,0.01,joint,32,0,32,0,0,0,0.0,-5.907092094421387,0.40274930000305176,1780296103
3016,1760,2,24,0.03,joint,32,0,32,0,0,0,0.0,-6.431347370147705,1.5280282497406006,1780296204
3017,1760,2,24,0.1,joint,32,1,28,3,0,1,0.21639693245126462,-5.639880180358887,7.6454877853393555,1780296305
3018,1760,2,24,0.3,joint,32,14,14,4,0,14,1.0,6.515683650970459,19.11675453186035,1780296406
3019,1760,2,24,1.0,joint,32,16,13,3,0,16,0.9922666387194963,4.221653938293457,25.198097229003906,1780296507
3020,1760,2,32,0.01,joint,32,0,32,0,0,0,0.0,-5.868078708648682,0.35810747742652893,1780306110
3021,1760,2,32,0.03,joint,32,0,32,0,0,0,0.0,-6.495708465576172,1.21694016456604,1780306211
3022,1760,2,32,0.1,joint,32,0,32,0,0,0,0.0,-8.703470230102539,5.034361362457275,1780306312
3023,1760,2,32,0.3,joint,32,6,21,5,0,6,0.7642045065086203,-4.601454257965088,18.240140914916992,1780306413
3024,1760,2,32,1.0,joint,32,17,14,1,0,17,0.9932338197397066,3.363835334777832,26.1488094329834,1780306514
3025,1760,2,40,0.01,joint,32,0,32,0,0,0,0.0,-5.9579644203186035,0.6627295613288879,1780316117
3026,1760,2,40,0.03,joint,32,0,32,0,0,0,0.0,-8.040955543518066,4.358231544494629,1780316218
3027,1760,2,40,0.1,joint,32,0,26,6,0,0,0.0,-12.941934585571289,11.295372009277344,1780316319
3028,1760,2,40,0.3,joint,32,0,20,12,0,0,0.0,-14.668986320495605,13.277708053588867,1780316420
3029,1760,2,40,1.0,joint,32,9,21,2,0,9,0.8812908992306927,-10.725916862487793,24.543241500854492,1780316521
3030,1760,2,48,0.01,joint,32,0,32,0,0,0,0.0,-5.800601005554199,0.49877113103866577,1780326124
3031,1760,2,48,0.03,joint,32,0,32,0,0,0,0.0,-5.995384693145752,1.6367799043655396,1780326225
3032,1760,2,48,0.1,joint,32,0,29,3,0,0,0.0,-9.672636032104492,7.873986721038818,1780326326
3033,1760,2,48,0.3,joint,32,4,24,4,0,4,0.5916727785823273,-15.86673641204834,14.940106391906738,1780326427
3034,1760,2,48,1.0,joint,32,12,20,0,0,12,0.954434002924965,-8.182392120361328,27.32551383972168,1780326528
3035,1760,2,56,0.01,joint,32,0,32,0,0,0,0.0,-5.923092842102051,0.22932679951190948,1780336131
3036,1760,2,56,0.03,joint,32,0,32,0,0,0,0.0,-5.885613918304443,0.7046330571174622,1780336232
3037,1760,2,56,0.1,joint,32,0,32,0,0,0,0.0,-6.733375549316406,2.447892427444458,1780336333
3038,1760,2,56,0.3,joint,32,0,29,3,0,0,0.0,-10.842926979064941,8.784356117248535,1780336434
3039,1760,2,56,1.0,joint,32,11,18,3,0,11,0.9575534837147482,-2.9667868614196777,14.263242721557617,1780336535
3040,2065,2,0,0.01,joint,32,0,32,0,0,0,0.0,-20.6428279876709,0.005803463514894247,2085266997
3041,2065,2,0,0.03,joint,32,0,32,0,0,0,0.0,-20.641855239868164,0.016608193516731262,2085267098
3042,2065,2,0,0.1,joint,32,0,32,0,0,0,0.0,-20.62863540649414,0.042612943798303604,2085267199
3043,2065,2,0,0.3,joint,32,3,29,0,0,3,0.4488644887230294,-17.201297760009766,10.655348777770996,2085267300
3044,2065,2,0,1.0,joint,32,6,26,0,0,6,0.6962122601251458,-12.800189971923828,16.11932945251465,2085267401
3045,2065,2,8,0.01,joint,32,0,32,0,0,0,0.0,-20.633365631103516,0.028742659837007523,2085277004
3046,2065,2,8,0.03,joint,32,0,32,0,0,0,0.0,-20.648635864257812,0.052059952169656754,2085277105
3047,2065,2,8,0.1,joint,32,5,27,0,0,5,0.6252624052234231,-14.745542526245117,14.33000373840332,2085277206
3048,2065,2,8,0.3,joint,32,16,16,0,0,16,1.0,-0.0612483024597168,20.440261840820312,2085277307
3049,2065,2,8,1.0,joint,32,11,21,0,0,11,0.9283620723948676,-5.71979284286499,18.30803108215332,2085277408
3050,2065,2,16,0.01,joint,32,0,32,0,0,0,0.0,-20.64258575439453,0.02020927518606186,2085287011
3051,2065,2,16,0.03,joint,32,0,32,0,0,0,0.0,-20.639209747314453,0.06095535308122635,2085287112
3052,2065,2,16,0.1,joint,32,0,32,0,0,0,0.0,-20.648738861083984,0.24703891575336456,2085287213
3053,2065,2,16,0.3,joint,32,3,29,0,0,3,0.4488644887230294,-16.598495483398438,12.16054916381836,2085287314
3054,2065,2,16,1.0,joint,32,8,24,0,0,8,0.8112781244591328,-10.135150909423828,16.591962814331055,2085287415
3055,2065,2,24,0.01,joint,32,0,32,0,0,0,0.0,-20.6497745513916,0.03210238367319107,2085297018
3056,2065,2,24,0.03,joint,32,0,32,0,0,0,0.0,-20.622173309326172,0.08912082016468048,2085297119
3057,2065,2,24,0.1,joint,32,0,32,0,0,0,0.0,-20.6722412109375,0.27974745631217957,2085297220
3058,2065,2,24,0.3,joint,32,0,32,0,0,0,0.0,-20.425487518310547,0.9790106415748596,2085297321
3059,2065,2,24,1.0,joint,32,6,26,0,0,6,0.6962122601251458,-13.96536636352539,17.06374740600586,2085297422
3060,2065,2,32,0.01,joint,32,0,32,0,0,0,0.0,-20.64151382446289,0.03949202597141266,2085307025
3061,2065,2,32,0.03,joint,32,0,32,0,0,0,0.0,-20.63392448425293,0.12627670168876648,2085307126
3062,2065,2,32,0.1,joint,32,0,32,0,0,0,0.0,-20.75684356689453,0.25704121589660645,2085307227
3063,2065,2,32,0.3,joint,32,0,32,0,0,0,0.0,-20.686737060546875,1.0974422693252563,2085307328
3064,2065,2,32,1.0,joint,32,5,26,1,0,5,0.6373874992221911,-14.266613006591797,15.475720405578613,2085307429
3065,2065,2,40,0.01,joint,32,0,32,0,0,0,0.0,-20.62541389465332,0.04979353025555611,2085317032
3066,2065,2,40,0.03,joint,32,0,32,0,0,0,0.0,-20.654245376586914,0.13169237971305847,2085317133
3067,2065,2,40,0.1,joint,32,0,32,0,0,0,0.0,-20.568279266357422,0.476247102022171,2085317234
3068,2065,2,40,0.3,joint,32,0,32,0,0,0,0.0,-20.60414695739746,1.5820860862731934,2085317335
3069,2065,2,40,1.0,joint,32,1,31,0,0,1,0.20062232431271465,-16.98910140991211,7.524379253387451,2085317436
3070,2065,2,48,0.01,joint,32,0,32,0,0,0,0.0,-20.634260177612305,0.053952623158693314,2085327039
3071,2065,2,48,0.03,joint,32,0,32,0,0,0,0.0,-20.703750610351562,0.12970443069934845,2085327140
3072,2065,2,48,0.1,joint,32,0,32,0,0,0,0.0,-20.628952026367188,0.4184842109680176,2085327241
3073,2065,2,48,0.3,joint,32,0,32,0,0,0,0.0,-21.14484405517578,1.939903736114502,2085327342
3074,2065,2,48,1.0,joint,32,0,32,0,0,0,0.0,-17.520137786865234,6.89624547958374,2085327443
3075,2065,2,56,0.01,joint,32,0,32,0,0,0,0.0,-20.645721435546875,0.04800216481089592,2085337046
3076,2065,2,56,0.03,joint,32,0,32,0,0,0,0.0,-20.672212600708008,0.14989861845970154,2085337147
3077,2065,2,56,0.1,joint,32,0,32,0,0,0,0.0,-20.58849334716797,0.4997505843639374,2085337248
3078,2065,2,56,0.3,joint,32,0,32,0,0,0,0.0,-19.731304168701172,1.6926597356796265,2085337349
3079,2065,2,56,1.0,joint,32,0,32,0,0,0,0.0,-16.0718936920166,7.160236835479736,2085337450
3080,3237,2,0,0.01,joint,32,0,32,0,0,0,0.0,-5.501002788543701,0.08876899629831314,3257270513
3081,3237,2,0,0.03,joint,32,0,32,0,0,0,0.0,-5.482665061950684,0.3328814208507538,3257270614
3082,3237,2,0,0.1,joint,32,1,30,1,0,1,0.205592508185083,-5.108908653259277,2.517329216003418,3257270715
3083,3237,2,0,0.3,joint,32,5,21,6,0,5,0.7062740891876007,-5.273372173309326,7.934891223907471,3257270816
3084,3237,2,0,1.0,joint,32,7,17,8,0,7,0.8708644692353646,-5.64694356918335,10.949882507324219,3257270917
3085,3237,2,8,0.01,joint,32,0,32,0,0,0,0.0,-5.857276916503906,0.5819362998008728,3257280520
3086,3237,2,8,0.03,joint,32,3,26,3,0,3,0.4798320236161285,-4.1113739013671875,4.699068069458008,3257280621
3087,3237,2,8,0.1,joint,32,18,11,3,0,18,0.9575534837147482,3.948699474334717,13.042158126831055,3257280722
3088,3237,2,8,0.3,joint,32,14,10,8,0,14,0.9798687566511528,3.539100408554077,14.726547241210938,3257280823
3089,3237,2,8,1.0,joint,32,17,13,2,0,17,0.9871377743721863,4.929664134979248,19.922155380249023,3257280924
3090,3237,2,16,0.01,joint,32,0,32,0,0,0,0.0,-5.585821151733398,0.4474770426750183,3257290527
3091,3237,2,16,0.03,joint,32,4,25,3,0,4,0.5787946246321198,-4.594536781311035,6.947017669677734,3257290628
3092,3237,2,16,0.1,joint,32,10,22,0,0,10,0.8960382325345574,-7.567553997039795,18.4416446685791,3257290729
3093,3237,2,16,0.3,joint,32,20,11,1,0,20,0.9383153522334069,6.466460704803467,22.618122100830078,3257290830
3094,3237,2,16,1.0,joint,32,21,10,1,0,21,0.907165767573082,7.859273433685303,21.478565216064453,3257290931
3095,3237,2,24,0.01,joint,32,0,32,0,0,0,0.0,-5.640653610229492,0.4716861844062805,3257300534
3096,3237,2,24,0.03,joint,32,1,27,4,0,1,0.222284830685688,-5.0610761642456055,3.9318926334381104,3257300635
3097,3237,2,24,0.1,joint,32,3,23,6,0,3,0.5159469300074474,-8.59826374053955,12.745567321777344,3257300736
3098,3237,2,24,0.3,joint,32,9,21,2,0,9,0.8812908992306927,-7.569084167480469,19.75294303894043,3257300837
3099,3237,2,24,1.0,joint,32,14,18,0,0,14,0.9886994082884974,-3.363496780395508,23.315731048583984,3257300938
3100,3237,2,32,0.01,joint,32,0,32,0,0,0,0.0,-5.817111492156982,1.4023391008377075,3257310541
3101,3237,2,32,0.03,joint,32,2,21,9,0,2,0.4262286569981447,-3.8828132152557373,4.092456817626953,3257310642
3102,3237,2,32,0.1,joint,32,9,17,6,0,9,0.9305861291319928,-0.8304967284202576,16.343774795532227,3257310743
3103,3237,2,32,0.3,joint,32,9,22,1,0,9,0.869137580612638,-7.377511501312256,21.234533309936523,3257310844
3104,3237,2,32,1.0,joint,32,18,14,0,0,18,0.9886994082884974,3.183891773223877,25.620929718017578,3257310945
3105,3237,2,40,0.01,joint,32,0,32,0,0,0,0.0,-5.800358772277832,1.3805782794952393,3257320548
3106,3237,2,40,0.03,joint,32,0,28,4,0,0,0.0,-7.37076997756958,4.679039478302002,3257320649
3107,3237,2,40,0.1,joint,32,4,21,7,0,4,0.6343095546405662,-8.506234169006348,9.238005638122559,3257320750
3108,3237,2,40,0.3,joint,32,8,22,2,0,8,0.8366407419411672,-7.771130084991455,21.17973518371582,3257320851
3109,3237,2,40,1.0,joint,32,11,21,0,0,11,0.9283620723948676,-7.687828063964844,22.246837615966797,3257320952
3110,3237,2,48,0.01,joint,32,0,31,1,0,0,0.0,-5.324774742126465,1.0530600547790527,3257330555
3111,3237,2,48,0.03,joint,32,0,31,1,0,0,0.0,-6.028626441955566,2.6256942749023438,3257330656
3112,3237,2,48,0.1,joint,32,2,20,10,0,2,0.4394969869215134,-8.709136962890625,9.832547187805176,3257330757
3113,3237,2,48,0.3,joint,32,8,20,4,0,8,0.863120568566631,-9.435420989990234,17.0115966796875,3257330858
3114,3237,2,48,1.0,joint,32,14,17,1,0,14,0.9932338197397066,-1.8126028776168823,24.41897964477539,3257330959
3115,3237,2,56,0.01,joint,32,0,32,0,0,0,0.0,-5.649611473083496,0.2685319781303406,3257340562
3116,3237,2,56,0.03,joint,32,0,32,0,0,0,0.0,-5.521848678588867,0.7489389777183533,3257340663
3117,3237,2,56,0.1,joint,32,0,29,3,0,0,0.0,-7.058033466339111,4.56251859664917,3257340764
3118,3237,2,56,0.3,joint,32,4,24,4,0,4,0.5916727785823273,-9.470403671264648,11.06446361541748,3257340865
3119,3237,2,56,1.0,joint,32,13,17,2,0,13,0.9871377743721863,-5.278102397918701,16.909160614013672,3257340966
3120,3144,2,0,0.01,joint,32,0,32,0,0,0,0.0,-5.399996757507324,0.01716255210340023,3164270234
3121,3144,2,0,0.03,joint,32,0,32,0,0,0,0.0,-5.390646934509277,0.03947751596570015,3164270335
3122,3144,2,0,0.1,joint,32,0,32,0,0,0,0.0,-5.379217624664307,0.1358518749475479,3164270436
3123,3144,2,0,0.3,joint,32,0,32,0,0,0,0.0,-5.261972904205322,0.4456442892551422,3164270537
3124,3144,2,0,1.0,joint,32,0,29,3,0,0,0.0,-5.618303298950195,1.624281406402588,3164270638
3125,3144,2,8,0.01,joint,32,0,32,0,0,0,0.0,-5.395572662353516,0.0698835477232933,3164280241
3126,3144,2,8,0.03,joint,32,0,32,0,0,0,0.0,-5.315702438354492,0.26245224475860596,3164280342
3127,3144,2,8,0.1,joint,32,0,32,0,0,0,0.0,-5.055987358093262,0.8029736280441284,3164280443
3128,3144,2,8,0.3,joint,32,0,21,11,0,0,0.0,-4.418792724609375,2.0590574741363525,3164280544
3129,3144,2,8,1.0,joint,32,2,22,8,0,2,0.41381685030363374,-10.54997444152832,14.620199203491211,3164280645
3130,3144,2,16,0.01,joint,32,0,32,0,0,0,0.0,-5.391090393066406,0.11390356719493866,3164290248
3131,3144,2,16,0.03,joint,32,0,32,0,0,0,0.0,-5.408156394958496,0.3876418173313141,3164290349
3132,3144,2,16,0.1,joint,32,0,32,0,0,0,0.0,-5.706735610961914,1.1629865169525146,3164290450
3133,3144,2,16,0.3,joint,32,0,26,6,0,0,0.0,-9.630071640014648,8.857705116271973,3164290551
3134,3144,2,16,1.0,joint,32,9,15,8,0,9,0.954434002924965,-4.923387050628662,19.98561668395996,3164290652
3135,3144,2,24,0.01,joint,32,0,32,0,0,0,0.0,-5.417340278625488,0.19039113819599152,3164300255
3136,3144,2,24,0.03,joint,32,0,32,0,0,0,0.0,-5.6516265869140625,0.5756727457046509,3164300356
3137,3144,2,24,0.1,joint,32,0,29,3,0,0,0.0,-5.480936050415039,1.6788411140441895,3164300457
3138,3144,2,24,0.3,joint,32,0,27,5,0,0,0.0,-12.033374786376953,11.148947715759277,3164300558
3139,3144,2,24,1.0,joint,32,7,23,2,0,7,0.7837769474847012,-12.237004280090332,21.47426986694336,3164300659
3140,3144,2,32,0.01,joint,32,0,32,0,0,0,0.0,-5.412723541259766,0.20424315333366394,3164310262
3141,3144,2,32,0.03,joint,32,0,32,0,0,0,0.0,-5.292320728302002,0.5126646161079407,3164310363
3142,3144,2,32,0.1,joint,32,0,29,3,0,0,0.0,-5.981490135192871,1.8598252534866333,3164310464
3143,3144,2,32,0.3,joint,32,1,20,11,0,1,0.2761954276479391,-7.961736679077148,9.481724739074707,3164310565
3144,3144,2,32,1.0,joint,32,10,17,5,0,10,0.9509560484549725,-7.654959678649902,22.868125915527344,3164310666
3145,3144,2,40,0.01,joint,32,0,32,0,0,0,0.0,-5.402786731719971,0.16653504967689514,3164320269
3146,3144,2,40,0.03,joint,32,0,32,0,0,0,0.0,-5.374841690063477,0.34122467041015625,3164320370
3147,3144,2,40,0.1,joint,32,0,28,4,0,0,0.0,-5.494401931762695,1.7408965826034546,3164320471
3148,3144,2,40,0.3,joint,32,0,23,9,0,0,0.0,-8.228863716125488,8.570967674255371,3164320572
3149,3144,2,40,1.0,joint,32,4,20,8,0,4,0.6500224216483541,-12.833610534667969,20.429689407348633,3164320673
3150,3144,2,48,0.01,joint,32,0,32,0,0,0,0.0,-5.3961687088012695,0.12026336789131165,3164330276
3151,3144,2,48,0.03,joint,32,0,32,0,0,0,0.0,-5.375049591064453,0.3258703649044037,3164330377
3152,3144,2,48,0.1,joint,32,0,30,2,0,0,0.0,-5.77529239654541,1.59027099609375,3164330478
3153,3144,2,48,0.3,joint,32,0,26,6,0,0,0.0,-9.340051651000977,8.17951488494873,3164330579
3154,3144,2,48,1.0,joint,32,5,23,4,0,5,0.676941869780886,-15.923035621643066,17.015989303588867,3164330680
3155,3144,2,56,0.01,joint,32,0,32,0,0,0,0.0,-5.408106327056885,0.08490736782550812,3164340283
3156,3144,2,56,0.03,joint,32,0,32,0,0,0,0.0,-5.398580551147461,0.17321769893169403,3164340384
3157,3144,2,56,0.1,joint,32,0,31,1,0,0,0.0,-5.428194999694824,0.6444169878959656,3164340485
3158,3144,2,56,0.3,joint,32,0,24,8,0,0,0.0,-6.281167507171631,4.356409072875977,3164340586
3159,3144,2,56,1.0,joint,32,2,26,4,0,2,0.37123232664087563,-10.47044563293457,8.382951736450195,3164340687
3160,3357,2,0,0.01,joint,32,0,32,0,0,0,0.0,-28.48227310180664,0.005089244339615107,3377270873
3161,3357,2,0,0.03,joint,32,0,32,0,0,0,0.0,-28.476898193359375,0.016687758266925812,3377270974
3162,3357,2,0,0.1,joint,32,0,32,0,0,0,0.0,-28.473949432373047,0.0803472250699997,3377271075
3163,3357,2,0,0.3,joint,32,0,32,0,0,0,0.0,-28.475204467773438,0.17586110532283783,3377271176
3164,3357,2,0,1.0,joint,32,0,32,0,0,0,0.0,-28.629718780517578,0.8248334527015686,3377271277
3165,3357,2,8,0.01,joint,32,0,32,0,0,0,0.0,-28.477645874023438,0.024156995117664337,3377280880
3166,3357,2,8,0.03,joint,32,0,32,0,0,0,0.0,-28.44761848449707,0.10532192140817642,3377280981
3167,3357,2,8,0.1,joint,32,0,32,0,0,0,0.0,-28.46078872680664,0.25361207127571106,3377281082
3168,3357,2,8,0.3,joint,32,0,32,0,0,0,0.0,-28.572256088256836,0.7956078052520752,3377281183
3169,3357,2,8,1.0,joint,32,4,27,1,0,4,0.5547781633412736,-20.384441375732422,18.665769577026367,3377281284
3170,3357,2,16,0.01,joint,32,0,32,0,0,0,0.0,-28.48360824584961,0.024064935743808746,3377290887
3171,3357,2,16,0.03,joint,32,0,32,0,0,0,0.0,-28.459819793701172,0.06351158022880554,3377290988
3172,3357,2,16,0.1,joint,32,0,32,0,0,0,0.0,-28.432510375976562,0.18907573819160461,3377291089
3173,3357,2,16,0.3,joint,32,0,32,0,0,0,0.0,-28.629846572875977,0.791365385055542,3377291190
3174,3357,2,16,1.0,joint,32,5,27,0,0,5,0.6252624052234231,-19.489002227783203,20.82071876525879,3377291291
3175,3357,2,24,0.01,joint,32,0,32,0,0,0,0.0,-28.478466033935547,0.028764938935637474,3377300894
3176,3357,2,24,0.03,joint,32,0,32,0,0,0,0.0,-28.47585105895996,0.06602417677640915,3377300995
3177,3357,2,24,0.1,joint,32,0,32,0,0,0,0.0,-28.444011688232422,0.22955180704593658,3377301096
3178,3357,2,24,0.3,joint,32,1,31,0,0,1,0.20062232431271465,-26.57648277282715,9.765325546264648,3377301197
3179,3357,2,24,1.0,joint,32,6,26,0,0,6,0.6962122601251458,-18.16511344909668,22.320825576782227,3377301298
3180,3357,2,32,0.01,joint,32,0,32,0,0,0,0.0,-28.482799530029297,0.02581574022769928,3377310901
3181,3357,2,32,0.03,joint,32,0,32,0,0,0,0.0,-28.48944091796875,0.07683350145816803,3377311002
3182,3357,2,32,0.1,joint,32,0,32,0,0,0,0.0,-28.485254287719727,0.2314653843641281,3377311103
3183,3357,2,32,0.3,joint,32,0,32,0,0,0,0.0,-28.508983612060547,0.6662164330482483,3377311204
3184,3357,2,32,1.0,joint,32,8,24,0,0,8,0.8112781244591328,-14.971285820007324,24.809478759765625,3377311305
3185,3357,2,40,0.01,joint,32,0,32,0,0,0,0.0,-28.48614501953125,0.02568225748836994,3377320908
3186,3357,2,40,0.03,joint,32,0,32,0,0,0,0.0,-28.454631805419922,0.06805139034986496,3377321009
3187,3357,2,40,0.1,joint,32,0,32,0,0,0,0.0,-28.40157699584961,0.23015688359737396,3377321110
3188,3357,2,40,0.3,joint,32,0,32,0,0,0,0.0,-28.315933227539062,0.6592031121253967,3377321211
3189,3357,2,40,1.0,joint,32,1,31,0,0,1,0.20062232431271465,-26.42247200012207,6.820778846740723,3377321312
3190,3357,2,48,0.01,joint,32,0,32,0,0,0,0.0,-28.475629806518555,0.03961195424199104,3377330915
3191,3357,2,48,0.03,joint,32,0,32,0,0,0,0.0,-28.47569465637207,0.10600211471319199,3377331016
3192,3357,2,48,0.1,joint,32,0,32,0,0,0,0.0,-28.49309539794922,0.3286687433719635,3377331117
3193,3357,2,48,0.3,joint,32,0,32,0,0,0,0.0,-28.002887725830078,0.9414337277412415,3377331218
3194,3357,2,48,1.0,joint,32,0,31,1,0,0,0.0,-25.71828269958496,7.97035026550293,3377331319
3195,3357,2,56,0.01,joint,32,0,32,0,0,0,0.0,-28.487403869628906,0.03877902030944824,3377340922
3196,3357,2,56,0.03,joint,32,0,32,0,0,0,0.0,-28.490100860595703,0.11406918615102768,3377341023
3197,3357,2,56,0.1,joint,32,0,32,0,0,0,0.0,-28.354717254638672,0.4994458854198456,3377341124
3198,3357,2,56,0.3,joint,32,0,32,0,0,0,0.0,-27.77267074584961,1.4392653703689575,3377341225
3199,3357,2,56,1.0,joint,32,0,32,0,0,0,0.0,-18.258764266967773,7.0550384521484375,3377341326
3200,3574,2,0,0.01,joint,32,0,32,0,0,0,0.0,-32.424827575683594,0.012016918510198593,3594271524
3201,3574,2,0,0.03,joint,32,0,32,0,0,0,0.0,-32.42594909667969,0.0398758202791214,3594271625
3202,3574,2,0,0.1,joint,32,0,32,0,0,0,0.0,-32.435943603515625,0.08577056974172592,3594271726
3203,3574,2,0,0.3,joint,32,0,32,0,0,0,0.0,-32.36412811279297,0.2637633979320526,3594271827
3204,3574,2,0,1.0,joint,32,0,32,0,0,0,0.0,-32.1820068359375,0.8370091915130615,3594271928
3205,3574,2,8,0.01,joint,32,0,32,0,0,0,0.0,-32.422332763671875,0.06733513623476028,3594281531
3206,3574,2,8,0.03,joint,32,0,32,0,0,0,0.0,-32.41118621826172,0.1556110829114914,3594281632
3207,3574,2,8,0.1,joint,32,0,32,0,0,0,0.0,-32.366127014160156,0.4779406487941742,3594281733
3208,3574,2,8,0.3,joint,32,0,32,0,0,0,0.0,-32.037254333496094,1.063863754272461,3594281834
3209,3574,2,8,1.0,joint,32,1,30,1,0,1,0.205592508185083,-26.356679916381836,12.418797492980957,3594281935
3210,3574,2,16,0.01,joint,32,0,32,0,0,0,0.0,-32.42436981201172,0.06507217139005661,3594291538
3211,3574,2,16,0.03,joint,32,0,32,0,0,0,0.0,-32.416648864746094,0.15770570933818817,3594291639
3212,3574,2,16,0.1,joint,32,0,32,0,0,0,0.0,-32.460575103759766,0.48338842391967773,3594291740
3213,3574,2,16,0.3,joint,32,0,32,0,0,0,0.0,-31.968963623046875,1.112102746963501,3594291841
3214,3574,2,16,1.0,joint,32,4,28,0,0,4,0.5435644431995964,-23.552581787109375,20.985475540161133,3594291942
3215,3574,2,24,0.01,joint,32,0,32,0,0,0,0.0,-32.42644500732422,0.03515776991844177,3594301545
3216,3574,2,24,0.03,joint,32,0,32,0,0,0,0.0,-32.45344543457031,0.08824290335178375,3594301646
3217,3574,2,24,0.1,joint,32,0,32,0,0,0,0.0,-32.45345687866211,0.46185964345932007,3594301747
3218,3574,2,24,0.3,joint,32,0,32,0,0,0,0.0,-32.36343765258789,1.1991066932678223,3594301848
3219,3574,2,24,1.0,joint,32,2,29,1,0,2,0.34511731494495285,-25.478408813476562,16.716875076293945,3594301949
3220,3574,2,32,0.01,joint,32,0,32,0,0,0,0.0,-32.43489074707031,0.03770001232624054,3594311552
3221,3574,2,32,0.03,joint,32,0,32,0,0,0,0.0,-32.4450569152832,0.09481202065944672,3594311653
3222,3574,2,32,0.1,joint,32,0,32,0,0,0,0.0,-32.44294738769531,0.3032768666744232,3594311754
3223,3574,2,32,0.3,joint,32,0,32,0,0,0,0.0,-32.03342819213867,1.2315800189971924,3594311855
3224,3574,2,32,1.0,joint,32,2,29,1,0,2,0.34511731494495285,-28.22831153869629,11.263418197631836,3594311956
3225,3574,2,40,0.01,joint,32,0,32,0,0,0,0.0,-32.432334899902344,0.03604937344789505,3594321559
3226,3574,2,40,0.03,joint,32,0,32,0,0,0,0.0,-32.431365966796875,0.11021922528743744,3594321660
3227,3574,2,40,0.1,joint,32,0,32,0,0,0,0.0,-32.385223388671875,0.3447831869125366,3594321761
3228,3574,2,40,0.3,joint,32,0,32,0,0,0,0.0,-31.813846588134766,1.0571649074554443,3594321862
3229,3574,2,40,1.0,joint,32,2,30,0,0,2,0.3372900666170139,-27.480998992919922,13.328606605529785,3594321963
3230,3574,2,48,0.01,joint,32,0,32,0,0,0,0.0,-32.4215087890625,0.03850409761071205,3594331566
3231,3574,2,48,0.03,joint,32,0,32,0,0,0,0.0,-32.41541290283203,0.15152931213378906,3594331667
3232,3574,2,48,0.1,joint,32,0,32,0,0,0,0.0,-32.38739776611328,0.4163990020751953,3594331768
3233,3574,2,48,0.3,joint,32,0,32,0,0,0,0.0,-32.128684997558594,1.1290916204452515,3594331869
3234,3574,2,48,1.0,joint,32,0,32,0,0,0,0.0,-29.56951904296875,6.681174278259277,3594331970
3235,3574,2,56,0.01,joint,32,0,32,0,0,0,0.0,-32.40949249267578,0.05109298974275589,3594341573
3236,3574,2,56,0.03,joint,32,0,32,0,0,0,0.0,-32.39331817626953,0.15490557253360748,3594341674
3237,3574,2,56,0.1,joint,32,0,32,0,0,0,0.0,-32.185829162597656,0.4853784739971161,3594341775
3238,3574,2,56,0.3,joint,32,0,32,0,0,0,0.0,-31.785022735595703,1.3004677295684814,3594341876
3239,3574,2,56,1.0,joint,32,0,32,0,0,0,0.0,-27.6267032623291,5.086453437805176,3594341977
3240,3238,2,0,0.01,joint,32,0,32,0,0,0,0.0,-25.45526885986328,0.01833932474255562,3258270516
3241,3238,2,0,0.03,joint,32,0,32,0,0,0,0.0,-25.449520111083984,0.04989718645811081,3258270617
3242,3238,2,0,0.1,joint,32,0,32,0,0,0,0.0,-25.474027633666992,0.21736910939216614,3258270718
3243,3238,2,0,0.3,joint,32,0,32,0,0,0,0.0,-25.609291076660156,0.4715449810028076,3258270819
3244,3238,2,0,1.0,joint,32,2,30,0,0,2,0.3372900666170139,-22.679948806762695,10.42141342163086,3258270920
3245,3238,2,8,0.01,joint,32,0,32,0,0,0,0.0,-25.450641632080078,0.06894615292549133,3258280523
3246,3238,2,8,0.03,joint,32,0,32,0,0,0,0.0,-25.46509552001953,0.21106164157390594,3258280624
3247,3238,2,8,0.1,joint,32,0,32,0,0,0,0.0,-25.342010498046875,0.48320937156677246,3258280725
3248,3238,2,8,0.3,joint,32,0,32,0,0,0,0.0,-24.708370208740234,1.4115540981292725,3258280826
3249,3238,2,8,1.0,joint,32,5,27,0,0,5,0.6252624052234231,-17.611083984375,17.80965805053711,3258280927
3250,3238,2,16,0.01,joint,32,0,32,0,0,0,0.0,-25.467613220214844,0.04369278997182846,3258290530
3251,3238,2,16,0.03,joint,32,0,32,0,0,0,0.0,-25.471080780029297,0.1280847042798996,3258290631
3252,3238,2,16,0.1,joint,32,0,32,0,0,0,0.0,-25.556894302368164,0.4339216351509094,3258290732
3253,3238,2,16,0.3,joint,32,0,32,0,0,0,0.0,-25.50018310546875,1.7991987466812134,3258290833
3254,3238,2,16,1.0,joint,32,2,30,0,0,2,0.3372900666170139,-24.18492889404297,13.271480560302734,3258290934
3255,3238,2,24,0.01,joint,32,0,32,0,0,0,0.0,-25.469804763793945,0.04834326356649399,3258300537
3256,3238,2,24,0.03,joint,32,0,32,0,0,0,0.0,-25.47760009765625,0.1291683465242386,3258300638
3257,3238,2,24,0.1,joint,32,0,32,0,0,0,0.0,-25.608154296875,0.552144467830658,3258300739
3258,3238,2,24,0.3,joint,32,0,32,0,0,0,0.0,-25.649574279785156,1.2476856708526611,3258300840
3259,3238,2,24,1.0,joint,32,1,31,0,0,1,0.20062232431271465,-24.99825668334961,11.001737594604492,3258300941
3260,3238,2,32,0.01,joint,32,0,32,0,0,0,0.0,-25.46099853515625,0.0484650544822216,3258310544
3261,3238,2,32,0.03,joint,32,0,32,0,0,0,0.0,-25.525808334350586,0.12671005725860596,3258310645
3262,3238,2,32,0.1,joint,32,0,32,0,0,0,0.0,-25.371213912963867,0.5839182138442993,3258310746
3263,3238,2,32,0.3,joint,32,0,32,0,0,0,0.0,-25.173519134521484,1.7196909189224243,3258310847
3264,3238,2,32,1.0,joint,32,1,31,0,0,1,0.20062232431271465,-25.587879180908203,10.480378150939941,3258310948
3265,3238,2,40,0.01,joint,32,0,32,0,0,0,0.0,-25.466175079345703,0.051009275019168854,3258320551
3266,3238,2,40,0.03,joint,32,0,32,0,0,0,0.0,-25.48286247253418,0.14804528653621674,3258320652
3267,3238,2,40,0.1,joint,32,0,32,0,0,0,0.0,-25.471763610839844,0.5168366432189941,3258320753
3268,3238,2,40,0.3,joint,32,0,32,0,0,0,0.0,-25.32630729675293,1.8328075408935547,3258320854
3269,3238,2,40,1.0,joint,32,2,30,0,0,2,0.3372900666170139,-22.17148208618164,13.396798133850098,3258320955
3270,3238,2,48,0.01,joint,32,0,32,0,0,0,0.0,-25.469348907470703,0.049118537455797195,3258330558
3271,3238,2,48,0.03,joint,32,0,32,0,0,0,0.0,-25.494892120361328,0.16208577156066895,3258330659
3272,3238,2,48,0.1,joint,32,0,32,0,0,0,0.0,-25.667522430419922,0.40523022413253784,3258330760
3273,3238,2,48,0.3,joint,32,0,32,0,0,0,0.0,-24.56418228149414,1.9342402219772339,3258330861
3274,3238,2,48,1.0,joint,32,6,26,0,0,6,0.6962122601251458,-16.096860885620117,18.277631759643555,3258330962
3275,3238,2,56,0.01,joint,32,0,32,0,0,0,0.0,-25.4779109954834,0.05137654393911362,3258340565
3276,3238,2,56,0.03,joint,32,0,32,0,0,0,0.0,-25.46346664428711,0.18962670862674713,3258340666
3277,3238,2,56,0.1,joint,32,0,32,0,0,0,0.0,-25.650693893432617,0.5894765853881836,3258340767
3278,3238,2,56,0.3,joint,32,0,32,0,0,0,0.0,-25.480886459350586,2.2630956172943115,3258340868
3279,3238,2,56,1.0,joint,32,0,30,2,0,0,0.0,-20.297470092773438,9.576203346252441,3258340969
3280,3859,1,0,0.01,joint,32,32,0,0,0,0,0.0,23.864665985107422,0.008202159777283669,3879272379
3281,3859,1,0,0.03,joint,32,32,0,0,0,0,0.0,23.86271095275879,0.02095900848507881,3879272480
3282,3859,1,0,0.1,joint,32,32,0,0,0,0,0.0,23.86571502685547,0.07643727958202362,3879272581
3283,3859,1,0,0.3,joint,32,32,0,0,0,0,0.0,23.90237808227539,0.13637366890907288,3879272682
3284,3859,1,0,1.0,joint,32,32,0,0,0,0,0.0,22.17824935913086,5.748955726623535,3879272783
3285,3859,1,8,0.01,joint,32,32,0,0,0,0,0.0,23.860015869140625,0.043156251311302185,3879282386
3286,3859,1,8,0.03,joint,32,32,0,0,0,0,0.0,23.858844757080078,0.10172795504331589,3879282487
3287,3859,1,8,0.1,joint,32,32,0,0,0,0,0.0,23.133018493652344,3.174107551574707,3879282588
3288,3859,1,8,0.3,joint,32,32,0,0,0,0,0.0,23.57217025756836,3.07902455329895,3879282689
3289,3859,1,8,1.0,joint,32,30,0,2,0,0,0.0,20.685152053833008,7.587199687957764,3879282790
3290,3859,1,16,0.01,joint,32,32,0,0,0,0,0.0,23.84078598022461,0.062259260565042496,3879292393
3291,3859,1,16,0.03,joint,32,32,0,0,0,0,0.0,23.825220108032227,0.17330607771873474,3879292494
3292,3859,1,16,0.1,joint,32,32,0,0,0,0,0.0,21.774757385253906,4.9827070236206055,3879292595
3293,3859,1,16,0.3,joint,32,30,0,2,0,0,0.0,21.23961639404297,7.473109722137451,3879292696
3294,3859,1,16,1.0,joint,32,30,2,0,0,2,0.3372900666170139,20.927282333374023,8.884247779846191,3879292797
3295,3859,1,24,0.01,joint,32,32,0,0,0,0,0.0,23.881168365478516,0.05151251703500748,3879302400
3296,3859,1,24,0.03,joint,32,32,0,0,0,0,0.0,23.91115951538086,0.13731640577316284,3879302501
3297,3859,1,24,0.1,joint,32,32,0,0,0,0,0.0,23.93646240234375,0.40675148367881775,3879302602
3298,3859,1,24,0.3,joint,32,32,0,0,0,0,0.0,24.29371452331543,0.7830289602279663,3879302703
3299,3859,1,24,1.0,joint,32,30,1,1,0,1,0.20559250818508293,23.531049728393555,10.630144119262695,3879302804
3300,3859,1,32,0.01,joint,32,32,0,0,0,0,0.0,23.869564056396484,0.05622337386012077,3879312407
3301,3859,1,32,0.03,joint,32,32,0,0,0,0,0.0,23.8452205657959,0.18208709359169006,3879312508
3302,3859,1,32,0.1,joint,32,32,0,0,0,0,0.0,23.92439842224121,0.5686261057853699,3879312609
3303,3859,1,32,0.3,joint,32,32,0,0,0,0,0.0,24.44883918762207,1.4185349941253662,3879312710
3304,3859,1,32,1.0,joint,32,30,1,1,0,1,0.20559250818508293,22.653942108154297,10.545435905456543,3879312811
3305,3859,1,40,0.01,joint,32,32,0,0,0,0,0.0,23.869367599487305,0.06575053185224533,3879322414
3306,3859,1,40,0.03,joint,32,32,0,0,0,0,0.0,23.86529541015625,0.16973692178726196,3879322515
3307,3859,1,40,0.1,joint,32,32,0,0,0,0,0.0,24.077789306640625,0.4533264636993408,3879322616
3308,3859,1,40,0.3,joint,32,32,0,0,0,0,0.0,23.872224807739258,1.2080739736557007,3879322717
3309,3859,1,40,1.0,joint,32,32,0,0,0,0,0.0,22.745872497558594,5.258479595184326,3879322818
3310,3859,1,48,0.01,joint,32,32,0,0,0,0,0.0,23.854106903076172,0.0661221295595169,3879332421
3311,3859,1,48,0.03,joint,32,32,0,0,0,0,0.0,23.855506896972656,0.1786484718322754,3879332522
3312,3859,1,48,0.1,joint,32,32,0,0,0,0,0.0,23.770156860351562,0.5339676141738892,3879332623
3313,3859,1,48,0.3,joint,32,32,0,0,0,0,0.0,24.122385025024414,1.3423843383789062,3879332724
3314,3859,1,48,1.0,joint,32,32,0,0,0,0,0.0,24.19338035583496,7.780557632446289,3879332825
3315,3859,1,56,0.01,joint,32,32,0,0,0,0,0.0,23.855117797851562,0.07465790957212448,3879342428
3316,3859,1,56,0.03,joint,32,32,0,0,0,0,0.0,23.871179580688477,0.21353352069854736,3879342529
3317,3859,1,56,0.1,joint,32,32,0,0,0,0,0.0,23.8516788482666,0.5913944840431213,3879342630
3318,3859,1,56,0.3,joint,32,32,0,0,0,0,0.0,24.012805938720703,1.9557794332504272,3879342731
3319,3859,1,56,1.0,joint,32,32,0,0,0,0,0.0,19.56420135498047,7.9854536056518555,3879342832
3320,352,1,0,0.01,joint,32,32,0,0,0,0,0.0,23.321155548095703,0.009329442866146564,372261858
3321,352,1,0,0.03,joint,32,32,0,0,0,0,0.0,23.31678009033203,0.031148556619882584,372261959
3322,352,1,0,0.1,joint,32,32,0,0,0,0,0.0,23.274158477783203,0.1335124969482422,372262060
3323,352,1,0,0.3,joint,32,32,0,0,0,0,0.0,23.18868637084961,0.2846963703632355,372262161
3324,352,1,0,1.0,joint,32,28,4,0,0,4,0.5435644431995964,17.52739143371582,14.372145652770996,372262262
3325,352,1,8,0.01,joint,32,32,0,0,0,0,0.0,23.31220817565918,0.04768835008144379,372271865
3326,352,1,8,0.03,joint,32,32,0,0,0,0,0.0,23.232566833496094,0.18515315651893616,372271966
3327,352,1,8,0.1,joint,32,32,0,0,0,0,0.0,23.147775650024414,0.446453332901001,372272067
3328,352,1,8,0.3,joint,32,25,7,0,0,7,0.7578784625383954,12.274541854858398,19.369197845458984,372272168
3329,352,1,8,1.0,joint,32,21,11,0,0,11,0.9283620723948676,5.902791500091553,21.639625549316406,372272269
3330,352,1,16,0.01,joint,32,32,0,0,0,0,0.0,23.270654678344727,0.10176031291484833,372281872
3331,352,1,16,0.03,joint,32,32,0,0,0,0,0.0,23.201889038085938,0.25148728489875793,372281973
3332,352,1,16,0.1,joint,32,30,2,0,0,2,0.3372900666170139,19.57825469970703,11.525444984436035,372282074
3333,352,1,16,0.3,joint,32,29,3,0,0,3,0.4488644887230294,17.813777923583984,13.50534439086914,372282175
3334,352,1,16,1.0,joint,32,22,10,0,0,10,0.8960382325345574,7.2445597648620605,20.676733016967773,372282276
3335,352,1,24,0.01,joint,32,32,0,0,0,0,0.0,23.305620193481445,0.06500589102506638,372291879
3336,352,1,24,0.03,joint,32,32,0,0,0,0,0.0,23.286754608154297,0.2694871425628662,372291980
3337,352,1,24,0.1,joint,32,31,1,0,0,1,0.20062232431271465,21.79916000366211,4.977553367614746,372292081
3338,352,1,24,0.3,joint,32,28,4,0,0,4,0.5435644431995964,16.48095703125,14.359768867492676,372292182
3339,352,1,24,1.0,joint,32,19,13,0,0,13,0.9744894033980523,4.17750883102417,20.446609497070312,372292283
3340,352,1,32,0.01,joint,32,32,0,0,0,0,0.0,23.31475257873535,0.04915666580200195,372301886
3341,352,1,32,0.03,joint,32,32,0,0,0,0,0.0,23.366744995117188,0.286691278219223,372301987
3342,352,1,32,0.1,joint,32,32,0,0,0,0,0.0,23.225770950317383,0.9012718796730042,372302088
3343,352,1,32,0.3,joint,32,25,7,0,0,7,0.7578784625383954,12.203939437866211,18.247312545776367,372302189
3344,352,1,32,1.0,joint,32,24,7,1,0,7,0.7706290693639406,10.627582550048828,17.82146453857422,372302290
3345,352,1,40,0.01,joint,32,32,0,0,0,0,0.0,23.325965881347656,0.02398201823234558,372311893
3346,352,1,40,0.03,joint,32,32,0,0,0,0,0.0,23.33102798461914,0.0971996858716011,372311994
3347,352,1,40,0.1,joint,32,32,0,0,0,0,0.0,23.381317138671875,0.33517909049987793,372312095
3348,352,1,40,0.3,joint,32,31,1,0,0,1,0.20062232431271465,21.731571197509766,7.9104533195495605,372312196
3349,352,1,40,1.0,joint,32,18,13,1,0,13,0.9811522341999133,0.95870041847229,18.747560501098633,372312297
3350,352,1,48,0.01,joint,32,32,0,0,0,0,0.0,23.325546264648438,0.04350679740309715,372321900
3351,352,1,48,0.03,joint,32,32,0,0,0,0,0.0,23.314189910888672,0.08221390843391418,372322001
3352,352,1,48,0.1,joint,32,32,0,0,0,0,0.0,23.267749786376953,0.3951721489429474,372322102
3353,352,1,48,0.3,joint,32,32,0,0,0,0,0.0,23.315568923950195,0.9560636281967163,372322203
3354,352,1,48,1.0,joint,32,31,0,1,0,0,0.0,13.945369720458984,6.4518585205078125,372322304
3355,352,1,56,0.01,joint,32,32,0,0,0,0,0.0,23.301715850830078,0.0537756122648716,372331907
3356,352,1,56,0.03,joint,32,32,0,0,0,0,0.0,23.335487365722656,0.1028422936797142,372332008
3357,352,1,56,0.1,joint,32,32,0,0,0,0,0.0,23.28017807006836,0.4735761880874634,372332109
3358,352,1,56,0.3,joint,32,32,0,0,0,0,0.0,23.13877296447754,1.6641802787780762,372332210
3359,352,1,56,1.0,joint,32,30,1,1,0,1,0.20559250818508293,15.411818504333496,7.471269130706787,372332311
3360,2519,1,0,0.01,joint,32,32,0,0,0,0,0.0,7.731380939483643,0.0913931131362915,2539268359
3361,2519,1,0,0.03,joint,32,32,0,0,0,0,0.0,7.725812911987305,0.3805546462535858,2539268460
3362,2519,1,0,0.1,joint,32,32,0,0,0,0,0.0,7.517289638519287,1.3488668203353882,2539268561
3363,2519,1,0,0.3,joint,32,27,1,4,0,1,0.2222848306856879,7.0569658279418945,7.978470802307129,2539268662
3364,2519,1,0,1.0,joint,32,20,10,2,0,10,0.9182958340544896,5.943106651306152,26.104814529418945,2539268763
3365,2519,1,8,0.01,joint,32,32,0,0,0,0,0.0,7.906581878662109,0.6085600256919861,2539278366
3366,2519,1,8,0.03,joint,32,29,0,3,0,0,0.0,7.236031532287598,2.514049530029297,2539278467
3367,2519,1,8,0.1,joint,32,15,12,5,0,12,0.9910760598382222,-4.958151817321777,18.656179428100586,2539278568
3368,2519,1,8,0.3,joint,32,15,13,4,0,13,0.996316519558962,-2.844980239868164,24.640275955200195,2539278669
3369,2519,1,8,1.0,joint,32,18,14,0,0,14,0.9886994082884974,1.5294394493103027,29.086219787597656,2539278770
3370,2519,1,16,0.01,joint,32,32,0,0,0,0,0.0,7.670287132263184,0.4311523735523224,2539288373
3371,2519,1,16,0.03,joint,32,30,0,2,0,0,0.0,6.8906707763671875,2.080735445022583,2539288474
3372,2519,1,16,0.1,joint,32,20,8,4,0,8,0.863120568566631,-0.6394487619400024,16.859024047851562,2539288575
3373,2519,1,16,0.3,joint,32,18,14,0,0,14,0.9886994082884974,0.25575441122055054,27.685604095458984,2539288676
3374,2519,1,16,1.0,joint,32,16,16,0,0,16,1.0,-1.6625381708145142,30.058958053588867,2539288777
3375,2519,1,24,0.01,joint,32,32,0,0,0,0,0.0,7.711157321929932,0.33747291564941406,2539298380
3376,2519,1,24,0.03,joint,32,32,0,0,0,0,0.0,7.561749458312988,0.986674427986145,2539298481
3377,2519,1,24,0.1,joint,32,32,0,0,0,0,0.0,9.279967308044434,4.700314521789551,2539298582
3378,2519,1,24,0.3,joint,32,18,4,10,0,4,0.6840384356390417,4.058971405029297,15.715530395507812,2539298683
3379,2519,1,24,1.0,joint,32,8,23,1,0,23,0.8238116333123173,-14.509224891662598,24.626998901367188,2539298784
3380,2519,1,32,0.01,joint,32,32,0,0,0,0,0.0,7.817771911621094,0.4305740296840668,2539308387
3381,2519,1,32,0.03,joint,32,32,0,0,0,0,0.0,7.831374168395996,1.3076521158218384,2539308488
3382,2519,1,32,0.1,joint,32,31,0,1,0,0,0.0,12.22607707977295,8.732763290405273,2539308589
3383,2519,1,32,0.3,joint,32,21,2,9,0,2,0.426228656998145,11.958332061767578,13.070828437805176,2539308690
3384,2519,1,32,1.0,joint,32,22,8,2,0,8,0.8366407419411672,13.097899436950684,23.568899154663086,2539308791
3385,2519,1,40,0.01,joint,32,32,0,0,0,0,0.0,7.69992733001709,0.49824258685112,2539318394
3386,2519,1,40,0.03,joint,32,32,0,0,0,0,0.0,7.683432579040527,1.408135175704956,2539318495
3387,2519,1,40,0.1,joint,32,30,0,2,0,0,0.0,10.392946243286133,8.011164665222168,2539318596
3388,2519,1,40,0.3,joint,32,20,1,11,0,1,0.27619542764793925,11.25544261932373,12.821351051330566,2539318697
3389,2519,1,40,1.0,joint,32,16,14,2,0,14,0.9967916319816366,0.6041556596755981,26.36909294128418,2539318798
3390,2519,1,48,0.01,joint,32,32,0,0,0,0,0.0,7.8098955154418945,0.49381691217422485,2539328401
3391,2519,1,48,0.03,joint,32,32,0,0,0,0,0.0,8.189697265625,1.6525709629058838,2539328502
3392,2519,1,48,0.1,joint,32,32,0,0,0,0,0.0,9.584440231323242,5.369872570037842,2539328603
3393,2519,1,48,0.3,joint,32,22,0,10,0,0,0.0,14.976053237915039,12.415140151977539,2539328704
3394,2519,1,48,1.0,joint,32,21,11,0,0,11,0.9283620723948676,9.01882266998291,25.94152069091797,2539328805
3395,2519,1,56,0.01,joint,32,32,0,0,0,0,0.0,7.714899063110352,0.2657160460948944,2539338408
3396,2519,1,56,0.03,joint,32,32,0,0,0,0,0.0,7.957639694213867,1.000934362411499,2539338509
3397,2519,1,56,0.1,joint,32,32,0,0,0,0,0.0,9.230103492736816,4.086384296417236,2539338610
3398,2519,1,56,0.3,joint,32,26,0,6,0,0,0.0,14.085378646850586,10.03570556640625,2539338711
3399,2519,1,56,1.0,joint,32,28,3,1,0,3,0.45868581620054033,16.07746124267578,11.770242691040039,2539338812
3400,2127,1,0,0.01,joint,32,32,0,0,0,0,0.0,25.46561050415039,0.005808061454445124,2147267183
3401,2127,1,0,0.03,joint,32,32,0,0,0,0,0.0,25.469099044799805,0.019747551530599594,2147267284
3402,2127,1,0,0.1,joint,32,32,0,0,0,0,0.0,25.469093322753906,0.06843209266662598,2147267385
3403,2127,1,0,0.3,joint,32,32,0,0,0,0,0.0,25.43625831604004,0.15353184938430786,2147267486
3404,2127,1,0,1.0,joint,32,32,0,0,0,0,0.0,25.58243179321289,0.6272674202919006,2147267587
3405,2127,1,8,0.01,joint,32,32,0,0,0,0,0.0,25.463695526123047,0.023734580725431442,2147277190
3406,2127,1,8,0.03,joint,32,32,0,0,0,0,0.0,25.465211868286133,0.07141335308551788,2147277291
3407,2127,1,8,0.1,joint,32,32,0,0,0,0,0.0,25.38201141357422,0.23797477781772614,2147277392
3408,2127,1,8,0.3,joint,32,32,0,0,0,0,0.0,25.388273239135742,0.6660387516021729,2147277493
3409,2127,1,8,1.0,joint,32,23,6,3,0,6,0.7355085815538399,13.921470642089844,21.955413818359375,2147277594
3410,2127,1,16,0.01,joint,32,32,0,0,0,0,0.0,25.466062545776367,0.02911943569779396,2147287197
3411,2127,1,16,0.03,joint,32,32,0,0,0,0,0.0,25.464080810546875,0.07096690684556961,2147287298
3412,2127,1,16,0.1,joint,32,32,0,0,0,0,0.0,25.412765502929688,0.39865103363990784,2147287399
3413,2127,1,16,0.3,joint,32,30,2,0,0,2,0.3372900666170139,22.56853485107422,11.912471771240234,2147287500
3414,2127,1,16,1.0,joint,32,12,20,0,0,20,0.954434002924965,-5.944910049438477,24.798147201538086,2147287601
3415,2127,1,24,0.01,joint,32,32,0,0,0,0,0.0,25.468223571777344,0.04229632019996643,2147297204
3416,2127,1,24,0.03,joint,32,32,0,0,0,0,0.0,25.45467758178711,0.10161598026752472,2147297305
3417,2127,1,24,0.1,joint,32,32,0,0,0,0,0.0,25.340211868286133,0.4076450765132904,2147297406
3418,2127,1,24,0.3,joint,32,32,0,0,0,0,0.0,25.70914649963379,1.342555284500122,2147297507
3419,2127,1,24,1.0,joint,32,27,5,0,0,5,0.6252624052234231,18.216604232788086,18.481468200683594,2147297608
3420,2127,1,32,0.01,joint,32,32,0,0,0,0,0.0,25.47844696044922,0.04853171482682228,2147307211
3421,2127,1,32,0.03,joint,32,32,0,0,0,0,0.0,25.456159591674805,0.12054967880249023,2147307312
3422,2127,1,32,0.1,joint,32,32,0,0,0,0,0.0,25.593923568725586,0.6165006160736084,2147307413
3423,2127,1,32,0.3,joint,32,32,0,0,0,0,0.0,25.22859764099121,1.5800246000289917,2147307514
3424,2127,1,32,1.0,joint,32,31,1,0,0,1,0.20062232431271465,24.15959930419922,9.326847076416016,2147307615
3425,2127,1,40,0.01,joint,32,32,0,0,0,0,0.0,25.44574737548828,0.05496366322040558,2147317218
3426,2127,1,40,0.03,joint,32,32,0,0,0,0,0.0,25.465656280517578,0.15436746180057526,2147317319
3427,2127,1,40,0.1,joint,32,32,0,0,0,0,0.0,25.55782127380371,0.4809327721595764,2147317420
3428,2127,1,40,0.3,joint,32,32,0,0,0,0,0.0,25.392810821533203,1.886059284210205,2147317521
3429,2127,1,40,1.0,joint,32,29,3,0,0,3,0.4488644887230294,22.790420532226562,13.254504203796387,2147317622
3430,2127,1,48,0.01,joint,32,32,0,0,0,0,0.0,25.463726043701172,0.05839021876454353,2147327225
3431,2127,1,48,0.03,joint,32,32,0,0,0,0,0.0,25.446044921875,0.19661229848861694,2147327326
3432,2127,1,48,0.1,joint,32,32,0,0,0,0,0.0,25.455860137939453,0.6665420532226562,2147327427
3433,2127,1,48,0.3,joint,32,32,0,0,0,0,0.0,25.64223861694336,1.9761159420013428,2147327528
3434,2127,1,48,1.0,joint,32,31,1,0,0,1,0.20062232431271465,20.60428237915039,8.42440414428711,2147327629
3435,2127,1,56,0.01,joint,32,32,0,0,0,0,0.0,25.4588623046875,0.061005499213933945,2147337232
3436,2127,1,56,0.03,joint,32,32,0,0,0,0,0.0,25.487707138061523,0.14134550094604492,2147337333
3437,2127,1,56,0.1,joint,32,32,0,0,0,0,0.0,25.359912872314453,0.638688325881958,2147337434
3438,2127,1,56,0.3,joint,32,32,0,0,0,0,0.0,24.3499755859375,2.303201913833618,2147337535
3439,2127,1,56,1.0,joint,32,30,2,0,0,2,0.3372900666170139,19.010269165039062,8.699175834655762,2147337636
3440,1266,2,0,0.01,joint,32,0,32,0,0,0,0.0,-16.747333526611328,0.002380633493885398,1286264600
3441,1266,2,0,0.03,joint,32,0,32,0,0,0,0.0,-16.744548797607422,0.008145666681230068,1286264701
3442,1266,2,0,0.1,joint,32,0,32,0,0,0,0.0,-16.743135452270508,0.029581237584352493,1286264802
3443,1266,2,0,0.3,joint,32,0,32,0,0,0,0.0,-16.73626708984375,0.0639122873544693,1286264903
3444,1266,2,0,1.0,joint,32,0,32,0,0,0,0.0,-16.969953536987305,0.45958805084228516,1286265004
3445,1266,2,8,0.01,joint,32,0,32,0,0,0,0.0,-16.750473022460938,0.023504585027694702,1286274607
3446,1266,2,8,0.03,joint,32,0,32,0,0,0,0.0,-16.75332260131836,0.08609499037265778,1286274708
3447,1266,2,8,0.1,joint,32,0,32,0,0,0,0.0,-16.81845474243164,0.16439692676067352,1286274809
3448,1266,2,8,0.3,joint,32,4,28,0,0,4,0.5435644431995964,-12.886073112487793,11.48432445526123,1286274910
3449,1266,2,8,1.0,joint,32,13,19,0,0,13,0.9744894033980523,-3.430635690689087,18.448474884033203,1286275011
3450,1266,2,16,0.01,joint,32,0,32,0,0,0,0.0,-16.750568389892578,0.018042389303445816,1286284614
3451,1266,2,16,0.03,joint,32,0,32,0,0,0,0.0,-16.743778228759766,0.0675361379981041,1286284715
3452,1266,2,16,0.1,joint,32,0,32,0,0,0,0.0,-16.735870361328125,0.265778511762619,1286284816
3453,1266,2,16,0.3,joint,32,0,32,0,0,0,0.0,-16.879554748535156,0.5607794523239136,1286284917
3454,1266,2,16,1.0,joint,32,8,24,0,0,8,0.8112781244591328,-9.473298072814941,15.694074630737305,1286285018
3455,1266,2,24,0.01,joint,32,0,32,0,0,0,0.0,-16.74040985107422,0.027823595330119133,1286294621
3456,1266,2,24,0.03,joint,32,0,32,0,0,0,0.0,-16.72330665588379,0.10815264284610748,1286294722
3457,1266,2,24,0.1,joint,32,0,32,0,0,0,0.0,-16.655155181884766,0.27572712302207947,1286294823
3458,1266,2,24,0.3,joint,32,0,32,0,0,0,0.0,-16.38528823852539,0.8389255404472351,1286294924
3459,1266,2,24,1.0,joint,32,8,24,0,0,8,0.8112781244591328,-10.550642967224121,16.61798095703125,1286295025
3460,1266,2,32,0.01,joint,32,0,32,0,0,0,0.0,-16.758861541748047,0.03546707704663277,1286304628
3461,1266,2,32,0.03,joint,32,0,32,0,0,0,0.0,-16.74712562561035,0.10127859562635422,1286304729
3462,1266,2,32,0.1,joint,32,0,32,0,0,0,0.0,-16.81835174560547,0.35341426730155945,1286304830
3463,1266,2,32,0.3,joint,32,0,32,0,0,0,0.0,-16.370058059692383,0.9242410659790039,1286304931
3464,1266,2,32,1.0,joint,32,3,29,0,0,3,0.4488644887230294,-16.62732696533203,11.798676490783691,1286305032
3465,1266,2,40,0.01,joint,32,0,32,0,0,0,0.0,-16.747058868408203,0.035540156066417694,1286314635
3466,1266,2,40,0.03,joint,32,0,32,0,0,0,0.0,-16.766441345214844,0.12170100957155228,1286314736
3467,1266,2,40,0.1,joint,32,0,32,0,0,0,0.0,-16.772682189941406,0.3305673897266388,1286314837
3468,1266,2,40,0.3,joint,32,0,32,0,0,0,0.0,-16.42951774597168,1.1878350973129272,1286314938
3469,1266,2,40,1.0,joint,32,6,26,0,0,6,0.6962122601251458,-11.04386043548584,15.847028732299805,1286315039
3470,1266,2,48,0.01,joint,32,0,32,0,0,0,0.0,-16.75120735168457,0.03570877015590668,1286324642
3471,1266,2,48,0.03,joint,32,0,32,0,0,0,0.0,-16.739900588989258,0.12483588606119156,1286324743
3472,1266,2,48,0.1,joint,32,0,32,0,0,0,0.0,-16.762714385986328,0.38704341650009155,1286324844
3473,1266,2,48,0.3,joint,32,0,32,0,0,0,0.0,-16.71532440185547,1.0417777299880981,1286324945
3474,1266,2,48,1.0,joint,32,5,26,1,0,5,0.6373874992221911,-12.162055015563965,12.372285842895508,1286325046
3475,1266,2,56,0.01,joint,32,0,32,0,0,0,0.0,-16.75196075439453,0.05045103281736374,1286334649
3476,1266,2,56,0.03,joint,32,0,32,0,0,0,0.0,-16.788135528564453,0.16595973074436188,1286334750
3477,1266,2,56,0.1,joint,32,0,32,0,0,0,0.0,-16.812721252441406,0.5534428954124451,1286334851
3478,1266,2,56,0.3,joint,32,0,32,0,0,0,0.0,-16.69356918334961,1.3462566137313843,1286334952
3479,1266,2,56,1.0,joint,32,2,29,1,0,2,0.34511731494495285,-14.312135696411133,6.93644380569458,1286335053
3480,2152,1,0,0.01,joint,32,32,0,0,0,0,0.0,3.3565597534179688,0.0164016280323267,2172267258
3481,2152,1,0,0.03,joint,32,32,0,0,0,0,0.0,3.3526859283447266,0.04285964369773865,2172267359
3482,2152,1,0,0.1,joint,32,32,0,0,0,0,0.0,3.370206356048584,0.1940162628889084,2172267460
3483,2152,1,0,0.3,joint,32,32,0,0,0,0,0.0,3.388465404510498,0.3708766996860504,2172267561
3484,2152,1,0,1.0,joint,32,23,0,9,0,0,0.0,3.1955528259277344,1.774617314338684,2172267662
3485,2152,1,8,0.01,joint,32,32,0,0,0,0,0.0,3.4373435974121094,0.2661300599575043,2172277265
3486,2152,1,8,0.03,joint,32,32,0,0,0,0,0.0,3.4831137657165527,0.49251922965049744,2172277366
3487,2152,1,8,0.1,joint,32,27,0,5,0,0,0.0,4.536450386047363,2.7235307693481445,2172277467
3488,2152,1,8,0.3,joint,32,18,6,8,0,6,0.8112781244591328,2.884333372116089,10.486908912658691,2172277568
3489,2152,1,8,1.0,joint,32,16,12,4,0,12,0.9852281360342515,-0.13928627967834473,21.229448318481445,2172277669
3490,2152,1,16,0.01,joint,32,32,0,0,0,0,0.0,3.357877254486084,0.14719437062740326,2172287272
3491,2152,1,16,0.03,joint,32,32,0,0,0,0,0.0,3.4174816608428955,0.49721500277519226,2172287373
3492,2152,1,16,0.1,joint,32,25,0,7,0,0,0.0,3.0900936126708984,1.3711435794830322,2172287474
3493,2152,1,16,0.3,joint,32,22,3,7,0,3,0.5293608652873644,6.022355079650879,12.482037544250488,2172287575
3494,2152,1,16,1.0,joint,32,9,21,2,0,21,0.8812908992306927,-10.935709953308105,22.437236785888672,2172287676
3495,2152,1,24,0.01,joint,32,32,0,0,0,0,0.0,3.3793208599090576,0.2311745584011078,2172297279
3496,2152,1,24,0.03,joint,32,32,0,0,0,0,0.0,3.4970834255218506,0.654297411441803,2172297380
3497,2152,1,24,0.1,joint,32,22,0,10,0,0,0.0,4.431853771209717,3.848497152328491,2172297481
3498,2152,1,24,0.3,joint,32,19,4,9,0,4,0.6665783579949205,10.334015846252441,13.165610313415527,2172297582
3499,2152,1,24,1.0,joint,32,14,16,2,0,16,0.9967916319816366,-0.6852807998657227,25.717878341674805,2172297683
3500,2152,1,32,0.01,joint,32,32,0,0,0,0,0.0,3.347743511199951,0.26494020223617554,2172307286
3501,2152,1,32,0.03,joint,32,30,0,2,0,0,0.0,3.460521697998047,1.1600781679153442,2172307387
3502,2152,1,32,0.1,joint,32,23,0,9,0,0,0.0,5.389013767242432,5.757923603057861,2172307488
3503,2152,1,32,0.3,joint,32,22,3,7,0,3,0.5293608652873644,13.780309677124023,15.69318962097168,2172307589
3504,2152,1,32,1.0,joint,32,22,10,0,0,10,0.8960382325345574,10.789499282836914,25.711233139038086,2172307690
3505,2152,1,40,0.01,joint,32,32,0,0,0,0,0.0,3.3362576961517334,0.3091663420200348,2172317293
3506,2152,1,40,0.03,joint,32,29,0,3,0,0,0.0,3.288349151611328,0.8165764212608337,2172317394
3507,2152,1,40,0.1,joint,32,21,0,11,0,0,0.0,3.586233615875244,2.7827200889587402,2172317495
3508,2152,1,40,0.3,joint,32,23,4,5,0,4,0.6051865766334206,16.274093627929688,16.07940101623535,2172317596
3509,2152,1,40,1.0,joint,32,21,10,1,0,10,0.907165767573082,9.580902099609375,26.004413604736328,2172317697
3510,2152,1,48,0.01,joint,32,32,0,0,0,0,0.0,3.3950204849243164,0.26959940791130066,2172327300
3511,2152,1,48,0.03,joint,32,32,0,0,0,0,0.0,3.4420571327209473,0.6320387125015259,2172327401
3512,2152,1,48,0.1,joint,32,21,1,10,0,1,0.2667649878030259,3.31876802444458,2.670173168182373,2172327502
3513,2152,1,48,0.3,joint,32,19,5,8,0,5,0.7382848661434506,11.230833053588867,16.20051383972168,2172327603
3514,2152,1,48,1.0,joint,32,19,13,0,0,13,0.9744894033980523,7.538401126861572,25.14472007751465,2172327704
3515,2152,1,56,0.01,joint,32,32,0,0,0,0,0.0,3.392810821533203,0.12442850321531296,2172337307
3516,2152,1,56,0.03,joint,32,32,0,0,0,0,0.0,3.3848729133605957,0.46026432514190674,2172337408
3517,2152,1,56,0.1,joint,32,30,0,2,0,0,0.0,3.719374895095825,1.298378586769104,2172337509
3518,2152,1,56,0.3,joint,32,28,1,3,0,1,0.21639693245126448,12.421289443969727,8.330109596252441,2172337610
3519,2152,1,56,1.0,joint,32,21,9,2,0,9,0.8812908992306927,7.385704517364502,14.126663208007812,2172337711
3520,526,1,0,0.01,joint,32,32,0,0,0,0,0.0,31.822742462158203,0.015223139896988869,546262380
3521,526,1,0,0.03,joint,32,32,0,0,0,0,0.0,31.814552307128906,0.03965171426534653,546262481
3522,526,1,0,0.1,joint,32,32,0,0,0,0,0.0,31.79071044921875,0.16098010540008545,546262582
3523,526,1,0,0.3,joint,32,30,0,2,0,0,0.0,30.089202880859375,5.965106010437012,546262683
3524,526,1,0,1.0,joint,32,27,0,5,0,0,0.0,24.075401306152344,10.14031982421875,546262784
3525,526,1,8,0.01,joint,32,32,0,0,0,0,0.0,31.807647705078125,0.09622617065906525,546272387
3526,526,1,8,0.03,joint,32,32,0,0,0,0,0.0,31.800922393798828,0.18253685534000397,546272488
3527,526,1,8,0.1,joint,32,30,0,2,0,0,0.0,29.97622299194336,5.917842388153076,546272589
3528,526,1,8,0.3,joint,32,20,0,12,0,0,0.0,18.56563949584961,11.290616035461426,546272690
3529,526,1,8,1.0,joint,32,21,1,10,0,1,0.2667649878030259,18.34608268737793,13.33893871307373,546272791
3530,526,1,16,0.01,joint,32,32,0,0,0,0,0.0,31.82637596130371,0.03452541306614876,546282394
3531,526,1,16,0.03,joint,32,32,0,0,0,0,0.0,31.765357971191406,0.14804363250732422,546282495
3532,526,1,16,0.1,joint,32,32,0,0,0,0,0.0,31.686443328857422,0.4039894938468933,546282596
3533,526,1,16,0.3,joint,32,30,0,2,0,0,0.0,28.659259796142578,6.972229480743408,546282697
3534,526,1,16,1.0,joint,32,22,3,7,0,3,0.5293608652873644,15.716819763183594,16.340848922729492,546282798
3535,526,1,24,0.01,joint,32,32,0,0,0,0,0.0,31.822561264038086,0.04419863969087601,546292401
3536,526,1,24,0.03,joint,32,32,0,0,0,0,0.0,31.781051635742188,0.15816769003868103,546292502
3537,526,1,24,0.1,joint,32,32,0,0,0,0,0.0,31.510963439941406,0.5843013525009155,546292603
3538,526,1,24,0.3,joint,32,31,0,1,0,0,0.0,29.679798126220703,4.6918416023254395,546292704
3539,526,1,24,1.0,joint,32,23,2,7,0,2,0.40217919020227266,20.707828521728516,14.3491849899292,546292805
3540,526,1,32,0.01,joint,32,32,0,0,0,0,0.0,31.824317932128906,0.029767228290438652,546302408
3541,526,1,32,0.03,joint,32,32,0,0,0,0,0.0,31.84012794494629,0.08526398241519928,546302509
3542,526,1,32,0.1,joint,32,32,0,0,0,0,0.0,31.88992691040039,0.3184909224510193,546302610
3543,526,1,32,0.3,joint,32,28,0,4,0,0,0.0,28.395610809326172,8.039741516113281,546302711
3544,526,1,32,1.0,joint,32,17,2,13,0,2,0.4854607607459134,16.146547317504883,17.108652114868164,546302812
3545,526,1,40,0.01,joint,32,32,0,0,0,0,0.0,31.830059051513672,0.02241840772330761,546312415
3546,526,1,40,0.03,joint,32,32,0,0,0,0,0.0,31.819976806640625,0.0731324553489685,546312516
3547,526,1,40,0.1,joint,32,32,0,0,0,0,0.0,31.889650344848633,0.2848525941371918,546312617
3548,526,1,40,0.3,joint,32,32,0,0,0,0,0.0,31.595691680908203,0.8403342366218567,546312718
3549,526,1,40,1.0,joint,32,28,4,0,0,4,0.5435644431995964,22.830020904541016,18.947967529296875,546312819
3550,526,1,48,0.01,joint,32,32,0,0,0,0,0.0,31.826614379882812,0.03116082027554512,546322422
3551,526,1,48,0.03,joint,32,32,0,0,0,0,0.0,31.814483642578125,0.06530125439167023,546322523
3552,526,1,48,0.1,joint,32,32,0,0,0,0,0.0,31.894119262695312,0.25325891375541687,546322624
3553,526,1,48,0.3,joint,32,32,0,0,0,0,0.0,31.911457061767578,0.9177386164665222,546322725
3554,526,1,48,1.0,joint,32,31,1,0,0,1,0.20062232431271465,29.71691131591797,7.332888126373291,546322826
3555,526,1,56,0.01,joint,32,32,0,0,0,0,0.0,31.835390090942383,0.026452966034412384,546332429
3556,526,1,56,0.03,joint,32,32,0,0,0,0,0.0,31.837108612060547,0.08444426208734512,546332530
3557,526,1,56,0.1,joint,32,32,0,0,0,0,0.0,31.78989028930664,0.24782748520374298,546332631
3558,526,1,56,0.3,joint,32,32,0,0,0,0,0.0,31.658687591552734,0.9585694670677185,546332732
3559,526,1,56,1.0,joint,32,32,0,0,0,0,0.0,26.114906311035156,5.274661064147949,546332833
3560,3876,2,0,0.01,joint,32,0,32,0,0,0,0.0,-1.5485825538635254,0.01240589376538992,3896272430
3561,3876,2,0,0.03,joint,32,0,32,0,0,0,0.0,-1.5432945489883423,0.031816430389881134,3896272531
3562,3876,2,0,0.1,joint,32,0,32,0,0,0,0.0,-1.5566487312316895,0.10000702738761902,3896272632
3563,3876,2,0,0.3,joint,32,0,27,5,0,0,0.0,-1.477005958557129,0.39861083030700684,3896272733
3564,3876,2,0,1.0,joint,32,7,20,5,0,7,0.8256265261578954,-2.03804349899292,17.25754737854004,3896272834
3565,3876,2,8,0.01,joint,32,0,32,0,0,0,0.0,-1.5483496189117432,0.05531260371208191,3896282437
3566,3876,2,8,0.03,joint,32,0,32,0,0,0,0.0,-1.5638600587844849,0.19614958763122559,3896282538
3567,3876,2,8,0.1,joint,32,3,24,5,0,3,0.5032583347756457,0.9205576181411743,7.386319160461426,3896282639
3568,3876,2,8,0.3,joint,32,5,21,6,0,5,0.7062740891876007,-0.4181879758834839,12.881928443908691,3896282740
3569,3876,2,8,1.0,joint,32,14,11,7,0,14,0.9895875212220556,5.403355598449707,18.634862899780273,3896282841
3570,3876,2,16,0.01,joint,32,0,32,0,0,0,0.0,-1.5416035652160645,0.05642203614115715,3896292444
3571,3876,2,16,0.03,joint,32,0,32,0,0,0,0.0,-1.5124852657318115,0.1679154485464096,3896292545
3572,3876,2,16,0.1,joint,32,0,26,6,0,0,0.0,-1.5199570655822754,0.5853899121284485,3896292646
3573,3876,2,16,0.3,joint,32,0,25,7,0,0,0.0,-7.528645038604736,10.058051109313965,3896292747
3574,3876,2,16,1.0,joint,32,13,19,0,0,13,0.9744894033980523,-5.303290367126465,23.922504425048828,3896292848
3575,3876,2,24,0.01,joint,32,0,32,0,0,0,0.0,-1.552827000617981,0.05225536227226257,3896302451
3576,3876,2,24,0.03,joint,32,0,32,0,0,0,0.0,-1.5465584993362427,0.16307710111141205,3896302552
3577,3876,2,24,0.1,joint,32,0,29,3,0,0,0.0,-1.5489559173583984,0.4945298433303833,3896302653
3578,3876,2,24,0.3,joint,32,1,20,11,0,1,0.2761954276479391,-9.248336791992188,11.402604103088379,3896302754
3579,3876,2,24,1.0,joint,32,9,18,5,0,9,0.9182958340544896,-6.572648048400879,21.12942123413086,3896302855
3580,3876,2,32,0.01,joint,32,0,32,0,0,0,0.0,-1.5374610424041748,0.11578017473220825,3896312458
3581,3876,2,32,0.03,joint,32,0,32,0,0,0,0.0,-1.5131165981292725,0.22690048813819885,3896312559
3582,3876,2,32,0.1,joint,32,0,25,7,0,0,0.0,-1.342754602432251,0.5811672806739807,3896312660
3583,3876,2,32,0.3,joint,32,4,18,10,0,4,0.6840384356390418,-2.8453006744384766,6.25095272064209,3896312761
3584,3876,2,32,1.0,joint,32,15,15,2,0,15,1.0,-1.4238333702087402,22.137317657470703,3896312862
3585,3876,2,40,0.01,joint,32,0,32,0,0,0,0.0,-1.5451617240905762,0.11842934787273407,3896322465
3586,3876,2,40,0.03,joint,32,0,28,4,0,0,0.0,-1.3468739986419678,0.37740302085876465,3896322566
3587,3876,2,40,0.1,joint,32,0,23,9,0,0,0.0,-1.393860101699829,1.0477102994918823,3896322667
3588,3876,2,40,0.3,joint,32,4,19,9,0,4,0.6665783579949205,-3.385514736175537,8.894561767578125,3896322768
3589,3876,2,40,1.0,joint,32,19,12,1,0,19,0.9629004147713269,5.166685104370117,23.208744049072266,3896322869
3590,3876,2,48,0.01,joint,32,0,32,0,0,0,0.0,-1.5352989435195923,0.15359818935394287,3896332472
3591,3876,2,48,0.03,joint,32,0,30,2,0,0,0.0,-1.5824940204620361,0.5396950840950012,3896332573
3592,3876,2,48,0.1,joint,32,1,23,8,0,1,0.24988229283318544,-1.9647057056427002,1.9370133876800537,3896332674
3593,3876,2,48,0.3,joint,32,17,12,3,0,17,0.9784493292686189,2.9022364616394043,10.773493766784668,3896332775
3594,3876,2,48,1.0,joint,32,14,17,1,0,14,0.9932338197397066,-2.5389456748962402,23.089052200317383,3896332876
3595,3876,2,56,0.01,joint,32,0,32,0,0,0,0.0,-1.5425502061843872,0.09165388345718384,3896342479
3596,3876,2,56,0.03,joint,32,0,31,1,0,0,0.0,-1.5353732109069824,0.28951358795166016,3896342580
3597,3876,2,56,0.1,joint,32,0,23,9,0,0,0.0,-1.7091100215911865,0.9725913405418396,3896342681
3598,3876,2,56,0.3,joint,32,7,17,8,0,7,0.8708644692353646,-2.343569755554199,5.343222618103027,3896342782
3599,3876,2,56,1.0,joint,32,13,18,1,0,13,0.9811522341999133,-1.4198057651519775,12.642133712768555,3896342883
3600,1635,2,0,0.01,joint,32,0,32,0,0,0,0.0,-23.72422981262207,0.0059367758221924305,1655265707
3601,1635,2,0,0.03,joint,32,0,32,0,0,0,0.0,-23.72287368774414,0.018710872158408165,1655265808
3602,1635,2,0,0.1,joint,32,0,32,0,0,0,0.0,-23.712814331054688,0.056528251618146896,1655265909
3603,1635,2,0,0.3,joint,32,0,32,0,0,0,0.0,-23.658000946044922,0.16564947366714478,1655266010
3604,1635,2,0,1.0,joint,32,3,29,0,0,3,0.4488644887230294,-19.66549301147461,14.007548332214355,1655266111
3605,1635,2,8,0.01,joint,32,0,32,0,0,0,0.0,-23.726154327392578,0.04242531210184097,1655275714
3606,1635,2,8,0.03,joint,32,0,32,0,0,0,0.0,-23.740779876708984,0.12086053937673569,1655275815
3607,1635,2,8,0.1,joint,32,0,32,0,0,0,0.0,-23.763652801513672,0.40008679032325745,1655275916
3608,1635,2,8,0.3,joint,32,2,30,0,0,2,0.3372900666170139,-21.22612190246582,11.591432571411133,1655276017
3609,1635,2,8,1.0,joint,32,10,22,0,0,10,0.8960382325345574,-10.167285919189453,22.549848556518555,1655276118
3610,1635,2,16,0.01,joint,32,0,32,0,0,0,0.0,-23.729007720947266,0.03965655714273453,1655285721
3611,1635,2,16,0.03,joint,32,0,32,0,0,0,0.0,-23.707717895507812,0.12431409955024719,1655285822
3612,1635,2,16,0.1,joint,32,0,32,0,0,0,0.0,-23.749893188476562,0.38900381326675415,1655285923
3613,1635,2,16,0.3,joint,32,1,31,0,0,1,0.20062232431271465,-22.094236373901367,8.182963371276855,1655286024
3614,1635,2,16,1.0,joint,32,11,21,0,0,11,0.9283620723948676,-7.772573471069336,21.881689071655273,1655286125
3615,1635,2,24,0.01,joint,32,0,32,0,0,0,0.0,-23.708511352539062,0.051412343978881836,1655295728
3616,1635,2,24,0.03,joint,32,0,32,0,0,0,0.0,-23.760963439941406,0.11632125824689865,1655295829
3617,1635,2,24,0.1,joint,32,0,32,0,0,0,0.0,-23.5646915435791,0.4377811551094055,1655295930
3618,1635,2,24,0.3,joint,32,0,32,0,0,0,0.0,-23.74956703186035,1.2904393672943115,1655296031
3619,1635,2,24,1.0,joint,32,4,28,0,0,4,0.5435644431995964,-17.8121395111084,17.24431037902832,1655296132
3620,1635,2,32,0.01,joint,32,0,32,0,0,0,0.0,-23.729909896850586,0.038160186260938644,1655305735
3621,1635,2,32,0.03,joint,32,0,32,0,0,0,0.0,-23.69097137451172,0.13047590851783752,1655305836
3622,1635,2,32,0.1,joint,32,0,32,0,0,0,0.0,-23.708297729492188,0.3417317867279053,1655305937
3623,1635,2,32,0.3,joint,32,0,32,0,0,0,0.0,-23.917627334594727,1.475665807723999,1655306038
3624,1635,2,32,1.0,joint,32,6,26,0,0,6,0.6962122601251458,-14.13387393951416,17.659421920776367,1655306139
3625,1635,2,40,0.01,joint,32,0,32,0,0,0,0.0,-23.726070404052734,0.04785547032952309,1655315742
3626,1635,2,40,0.03,joint,32,0,32,0,0,0,0.0,-23.721166610717773,0.12486076354980469,1655315843
3627,1635,2,40,0.1,joint,32,0,32,0,0,0,0.0,-23.81460952758789,0.4164351522922516,1655315944
3628,1635,2,40,0.3,joint,32,0,32,0,0,0,0.0,-23.514991760253906,1.4447911977767944,1655316045
3629,1635,2,40,1.0,joint,32,5,27,0,0,5,0.6252624052234231,-16.440547943115234,15.887528419494629,1655316146
3630,1635,2,48,0.01,joint,32,0,32,0,0,0,0.0,-23.730743408203125,0.05515133589506149,1655325749
3631,1635,2,48,0.03,joint,32,0,32,0,0,0,0.0,-23.74444580078125,0.14508680999279022,1655325850
3632,1635,2,48,0.1,joint,32,0,32,0,0,0,0.0,-23.70248794555664,0.496906578540802,1655325951
3633,1635,2,48,0.3,joint,32,0,32,0,0,0,0.0,-24.044483184814453,1.4816688299179077,1655326052
3634,1635,2,48,1.0,joint,32,1,30,1,0,1,0.205592508185083,-20.20104217529297,7.437648773193359,1655326153
3635,1635,2,56,0.01,joint,32,0,32,0,0,0,0.0,-23.72879409790039,0.055936526507139206,1655335756
3636,1635,2,56,0.03,joint,32,0,32,0,0,0,0.0,-23.748268127441406,0.1728074848651886,1655335857
3637,1635,2,56,0.1,joint,32,0,32,0,0,0,0.0,-23.66685676574707,0.5896351337432861,1655335958
3638,1635,2,56,0.3,joint,32,0,32,0,0,0,0.0,-22.795787811279297,1.6205029487609863,1655336059
3639,1635,2,56,1.0,joint,32,0,31,1,0,0,0.0,-16.078950881958008,6.885143756866455,1655336160
3640,2351,2,0,0.01,joint,32,0,32,0,0,0,0.0,-29.894001007080078,0.06527569144964218,2371267855
3641,2351,2,0,0.03,joint,32,0,32,0,0,0,0.0,-29.94866180419922,0.14606401324272156,2371267956
3642,2351,2,0,0.1,joint,32,0,32,0,0,0,0.0,-29.746036529541016,0.5285440683364868,2371268057
3643,2351,2,0,0.3,joint,32,0,32,0,0,0,0.0,-30.15369987487793,0.9699481725692749,2371268158
3644,2351,2,0,1.0,joint,32,2,30,0,0,2,0.3372900666170139,-25.74339485168457,13.771003723144531,2371268259
3645,2351,2,8,0.01,joint,32,0,32,0,0,0,0.0,-29.90216064453125,0.08155100047588348,2371277862
3646,2351,2,8,0.03,joint,32,0,32,0,0,0,0.0,-29.789045333862305,0.2389538586139679,2371277963
3647,2351,2,8,0.1,joint,32,0,32,0,0,0,0.0,-30.068492889404297,0.6923916339874268,2371278064
3648,2351,2,8,0.3,joint,32,0,32,0,0,0,0.0,-29.8973331451416,1.8542125225067139,2371278165
3649,2351,2,8,1.0,joint,32,1,30,1,0,1,0.205592508185083,-26.78939437866211,11.159017562866211,2371278266
3650,2351,2,16,0.01,joint,32,0,32,0,0,0,0.0,-29.87723731994629,0.06975098699331284,2371287869
3651,2351,2,16,0.03,joint,32,0,32,0,0,0,0.0,-29.910663604736328,0.1713864654302597,2371287970
3652,2351,2,16,0.1,joint,32,0,32,0,0,0,0.0,-29.8585205078125,0.6978042125701904,2371288071
3653,2351,2,16,0.3,joint,32,0,32,0,0,0,0.0,-29.636817932128906,1.6716794967651367,2371288172
3654,2351,2,16,1.0,joint,32,0,32,0,0,0,0.0,-31.81987762451172,5.727663993835449,2371288273
3655,2351,2,24,0.01,joint,32,0,32,0,0,0,0.0,-29.86151123046875,0.06807923316955566,2371297876
3656,2351,2,24,0.03,joint,32,0,32,0,0,0,0.0,-29.89191436767578,0.28586819767951965,2371297977
3657,2351,2,24,0.1,joint,32,0,32,0,0,0,0.0,-29.798503875732422,0.8327186107635498,2371298078
3658,2351,2,24,0.3,joint,32,0,32,0,0,0,0.0,-29.90673828125,2.189803123474121,2371298179
3659,2351,2,24,1.0,joint,32,0,32,0,0,0,0.0,-32.582183837890625,8.817320823669434,2371298280
3660,2351,2,32,0.01,joint,32,0,32,0,0,0,0.0,-29.86280059814453,0.0860181525349617,2371307883
3661,2351,2,32,0.03,joint,32,0,32,0,0,0,0.0,-29.85562515258789,0.24010823667049408,2371307984
3662,2351,2,32,0.1,joint,32,0,32,0,0,0,0.0,-30.256935119628906,0.6475232839584351,2371308085
3663,2351,2,32,0.3,joint,32,0,32,0,0,0,0.0,-30.81060791015625,2.377578020095825,2371308186
3664,2351,2,32,1.0,joint,32,0,32,0,0,0,0.0,-32.48170852661133,6.755599498748779,2371308287
3665,2351,2,40,0.01,joint,32,0,32,0,0,0,0.0,-29.87139129638672,0.07368464767932892,2371317890
3666,2351,2,40,0.03,joint,32,0,32,0,0,0,0.0,-29.897127151489258,0.2521388530731201,2371317991
3667,2351,2,40,0.1,joint,32,0,32,0,0,0,0.0,-29.611129760742188,0.7197954058647156,2371318092
3668,2351,2,40,0.3,joint,32,0,32,0,0,0,0.0,-29.990758895874023,2.144223213195801,2371318193
3669,2351,2,40,1.0,joint,32,0,32,0,0,0,0.0,-31.63054847717285,7.301236152648926,2371318294
3670,2351,2,48,0.01,joint,32,0,32,0,0,0,0.0,-29.90743637084961,0.0766272023320198,2371327897
3671,2351,2,48,0.03,joint,32,0,32,0,0,0,0.0,-29.958946228027344,0.23686206340789795,2371327998
3672,2351,2,48,0.1,joint,32,0,32,0,0,0,0.0,-29.788501739501953,0.9777516722679138,2371328099
3673,2351,2,48,0.3,joint,32,0,32,0,0,0,0.0,-31.026805877685547,2.5316855907440186,2371328200
3674,2351,2,48,1.0,joint,32,0,32,0,0,0,0.0,-32.00576400756836,8.188533782958984,2371328301
3675,2351,2,56,0.01,joint,32,0,32,0,0,0,0.0,-29.87777328491211,0.07662123441696167,2371337904
3676,2351,2,56,0.03,joint,32,0,32,0,0,0,0.0,-29.77427101135254,0.26375290751457214,2371338005
3677,2351,2,56,0.1,joint,32,0,32,0,0,0,0.0,-29.910892486572266,0.806144654750824,2371338106
3678,2351,2,56,0.3,joint,32,0,32,0,0,0,0.0,-29.75970458984375,2.425029754638672,2371338207
3679,2351,2,56,1.0,joint,32,0,32,0,0,0,0.0,-31.008554458618164,9.172796249389648,2371338308
3680,1451,1,0,0.01,joint,32,32,0,0,0,0,0.0,29.554767608642578,0.006081513594835997,1471265155
3681,1451,1,0,0.03,joint,32,32,0,0,0,0,0.0,29.550064086914062,0.024447564035654068,1471265256
3682,1451,1,0,0.1,joint,32,32,0,0,0,0,0.0,29.542497634887695,0.06920779496431351,1471265357
3683,1451,1,0,0.3,joint,32,30,2,0,0,2,0.3372900666170139,25.812664031982422,14.151957511901855,1471265458
3684,1451,1,0,1.0,joint,32,22,10,0,0,10,0.8960382325345574,10.981565475463867,27.812389373779297,1471265559
3685,1451,1,8,0.01,joint,32,32,0,0,0,0,0.0,29.546401977539062,0.05769368261098862,1471275162
3686,1451,1,8,0.03,joint,32,32,0,0,0,0,0.0,29.4962158203125,0.18657493591308594,1471275263
3687,1451,1,8,0.1,joint,32,23,9,0,0,9,0.8571484374283715,13.051346778869629,26.584903717041016,1471275364
3688,1451,1,8,0.3,joint,32,22,10,0,0,10,0.8960382325345574,11.19840145111084,27.734773635864258,1471275465
3689,1451,1,8,1.0,joint,32,20,12,0,0,12,0.954434002924965,7.744508743286133,30.41866111755371,1471275566
3690,1451,1,16,0.01,joint,32,32,0,0,0,0,0.0,29.545434951782227,0.023564929142594337,1471285169
3691,1451,1,16,0.03,joint,32,32,0,0,0,0,0.0,29.533641815185547,0.09403270483016968,1471285270
3692,1451,1,16,0.1,joint,32,31,1,0,0,1,0.20062232431271465,27.689565658569336,10.223433494567871,1471285371
3693,1451,1,16,0.3,joint,32,19,13,0,0,13,0.9744894033980523,5.337714195251465,28.918180465698242,1471285472
3694,1451,1,16,1.0,joint,32,18,14,0,0,14,0.9886994082884974,3.537242889404297,28.995668411254883,1471285573
3695,1451,1,24,0.01,joint,32,32,0,0,0,0,0.0,29.554636001586914,0.021690277382731438,1471295176
3696,1451,1,24,0.03,joint,32,32,0,0,0,0,0.0,29.561281204223633,0.05948814004659653,1471295277
3697,1451,1,24,0.1,joint,32,32,0,0,0,0,0.0,29.578218460083008,0.2619355022907257,1471295378
3698,1451,1,24,0.3,joint,32,32,0,0,0,0,0.0,29.46329116821289,0.8223456740379333,1471295479
3699,1451,1,24,1.0,joint,32,21,11,0,0,11,0.9283620723948676,9.380727767944336,26.595661163330078,1471295580
3700,1451,1,32,0.01,joint,32,32,0,0,0,0,0.0,29.5633602142334,0.03415222093462944,1471305183
3701,1451,1,32,0.03,joint,32,32,0,0,0,0,0.0,29.555477142333984,0.12760823965072632,1471305284
3702,1451,1,32,0.1,joint,32,32,0,0,0,0,0.0,29.68393898010254,0.3885301351547241,1471305385
3703,1451,1,32,0.3,joint,32,32,0,0,0,0,0.0,29.48830795288086,1.0436699390411377,1471305486
3704,1451,1,32,1.0,joint,32,32,0,0,0,0,0.0,29.395227432250977,6.21485710144043,1471305587
3705,1451,1,40,0.01,joint,32,32,0,0,0,0,0.0,29.558712005615234,0.04864378646016121,1471315190
3706,1451,1,40,0.03,joint,32,32,0,0,0,0,0.0,29.568387985229492,0.10938367992639542,1471315291
3707,1451,1,40,0.1,joint,32,32,0,0,0,0,0.0,29.73351287841797,0.38310256600379944,1471315392
3708,1451,1,40,0.3,joint,32,32,0,0,0,0,0.0,29.594356536865234,1.0162501335144043,1471315493
3709,1451,1,40,1.0,joint,32,32,0,0,0,0,0.0,28.924522399902344,6.58652925491333,1471315594
3710,1451,1,48,0.01,joint,32,32,0,0,0,0,0.0,29.559001922607422,0.027524739503860474,1471325197
3711,1451,1,48,0.03,joint,32,32,0,0,0,0,0.0,29.55712127685547,0.12322962284088135,1471325298
3712,1451,1,48,0.1,joint,32,32,0,0,0,0,0.0,29.611665725708008,0.3559110164642334,1471325399
3713,1451,1,48,0.3,joint,32,32,0,0,0,0,0.0,29.81720542907715,1.2939791679382324,1471325500
3714,1451,1,48,1.0,joint,32,31,0,1,0,0,0.0,29.002674102783203,7.928176403045654,1471325601
3715,1451,1,56,0.01,joint,32,32,0,0,0,0,0.0,29.546995162963867,0.05021004378795624,1471335204
3716,1451,1,56,0.03,joint,32,32,0,0,0,0,0.0,29.570980072021484,0.1329033523797989,1471335305
3717,1451,1,56,0.1,joint,32,32,0,0,0,0,0.0,29.562070846557617,0.47422781586647034,1471335406
3718,1451,1,56,0.3,joint,32,32,0,0,0,0,0.0,29.694822311401367,1.407951831817627,1471335507
3719,1451,1,56,1.0,joint,32,32,0,0,0,0,0.0,25.370290756225586,6.814355373382568,1471335608
3720,1131,2,0,0.01,joint,32,0,32,0,0,0,0.0,-3.316063404083252,0.038040827959775925,1151264195
3721,1131,2,0,0.03,joint,32,0,32,0,0,0,0.0,-3.3299593925476074,0.12346483021974564,1151264296
3722,1131,2,0,0.1,joint,32,0,32,0,0,0,0.0,-3.1852521896362305,0.3240407407283783,1151264397
3723,1131,2,0,0.3,joint,32,0,22,10,0,0,0.0,-3.256439208984375,1.6117552518844604,1151264498
3724,1131,2,0,1.0,joint,32,2,19,11,0,2,0.4537163391869448,-4.4291582107543945,6.435914039611816,1151264599
3725,1131,2,8,0.01,joint,32,0,32,0,0,0,0.0,-3.3637967109680176,0.19546127319335938,1151274202
3726,1131,2,8,0.03,joint,32,0,32,0,0,0,0.0,-3.375164747238159,0.6532876491546631,1151274303
3727,1131,2,8,0.1,joint,32,0,25,7,0,0,0.0,-3.580103874206543,2.716780662536621,1151274404
3728,1131,2,8,0.3,joint,32,3,19,10,0,3,0.5746356978376794,-6.035579681396484,8.78938102722168,1151274505
3729,1131,2,8,1.0,joint,32,17,13,2,0,17,0.9871377743721863,3.755899667739868,20.300106048583984,1151274606
3730,1131,2,16,0.01,joint,32,0,32,0,0,0,0.0,-3.2558252811431885,0.3889875113964081,1151284209
3731,1131,2,16,0.03,joint,32,0,29,3,0,0,0.0,-3.5827884674072266,1.2132667303085327,1151284310
3732,1131,2,16,0.1,joint,32,1,18,13,0,1,0.2974722489192895,-5.318976402282715,5.918896675109863,1151284411
3733,1131,2,16,0.3,joint,32,12,14,6,0,12,0.9957274520849255,-5.1117730140686035,14.478194236755371,1151284512
3734,1131,2,16,1.0,joint,32,14,18,0,0,14,0.9886994082884974,-3.7593820095062256,21.336336135864258,1151284613
3735,1131,2,24,0.01,joint,32,0,32,0,0,0,0.0,-3.2986268997192383,0.5193163156509399,1151294216
3736,1131,2,24,0.03,joint,32,0,27,5,0,0,0.0,-3.5905921459198,1.876664400100708,1151294317
3737,1131,2,24,0.1,joint,32,2,19,11,0,2,0.4537163391869448,-5.580262184143066,7.042445659637451,1151294418
3738,1131,2,24,0.3,joint,32,19,12,1,0,19,0.9629004147713269,4.236667633056641,19.877580642700195,1151294519
3739,1131,2,24,1.0,joint,32,15,17,0,0,15,0.9971803988942642,-2.8499720096588135,22.088180541992188,1151294620
3740,1131,2,32,0.01,joint,32,0,32,0,0,0,0.0,-3.6657345294952393,0.9697601199150085,1151304223
3741,1131,2,32,0.03,joint,32,0,21,11,0,0,0.0,-3.859515905380249,3.5036723613739014,1151304324
3742,1131,2,32,0.1,joint,32,7,14,11,0,7,0.9182958340544896,-5.0820512771606445,10.612536430358887,1151304425
3743,1131,2,32,0.3,joint,32,12,17,3,0,12,0.9784493292686189,-3.7064881324768066,18.43240737915039,1151304526
3744,1131,2,32,1.0,joint,32,16,16,0,0,16,1.0,-2.7294600009918213,19.733158111572266,1151304627
3745,1131,2,40,0.01,joint,32,0,28,4,0,0,0.0,-3.5367794036865234,0.9630902409553528,1151314230
3746,1131,2,40,0.03,joint,32,0,23,9,0,0,0.0,-5.317563056945801,4.456787109375,1151314331
3747,1131,2,40,0.1,joint,32,11,15,6,0,11,0.9828586897127056,-3.480318069458008,13.586447715759277,1151314432
3748,1131,2,40,0.3,joint,32,12,18,2,0,12,0.9709505944546686,-4.843410968780518,19.706533432006836,1151314533
3749,1131,2,40,1.0,joint,32,13,18,1,0,13,0.9811522341999133,-3.9265103340148926,20.874481201171875,1151314634
3750,1131,2,48,0.01,joint,32,0,32,0,0,0,0.0,-3.25085711479187,0.5588803887367249,1151324237
3751,1131,2,48,0.03,joint,32,0,20,12,0,0,0.0,-3.1145310401916504,2.19115948677063,1151324338
3752,1131,2,48,0.1,joint,32,4,16,12,0,4,0.7219280948873623,-3.8184814453125,8.927526473999023,1151324439
3753,1131,2,48,0.3,joint,32,9,17,6,0,9,0.9305861291319928,-5.433412551879883,14.185952186584473,1151324540
3754,1131,2,48,1.0,joint,32,13,18,1,0,13,0.9811522341999133,-3.7854607105255127,20.056922912597656,1151324641
3755,1131,2,56,0.01,joint,32,0,32,0,0,0,0.0,-3.363219738006592,0.18810462951660156,1151334244
3756,1131,2,56,0.03,joint,32,0,32,0,0,0,0.0,-3.4753966331481934,0.6229343414306641,1151334345
3757,1131,2,56,0.1,joint,32,0,23,9,0,0,0.0,-3.3865714073181152,1.9741134643554688,1151334446
3758,1131,2,56,0.3,joint,32,1,22,9,0,1,0.2580186686648155,-5.552826881408691,5.559252738952637,1151334547
3759,1131,2,56,1.0,joint,32,16,14,2,0,16,0.9967916319816366,0.22933197021484375,12.178654670715332,1151334648
3760,2445,2,0,0.01,joint,32,0,32,0,0,0,0.0,-21.23055648803711,0.3118264079093933,2465268137
3761,2445,2,0,0.03,joint,32,0,32,0,0,0,0.0,-21.164548873901367,0.7873700857162476,2465268238
3762,2445,2,0,0.1,joint,32,0,32,0,0,0,0.0,-21.899463653564453,3.237901210784912,2465268339
3763,2445,2,0,0.3,joint,32,0,32,0,0,0,0.0,-21.210779190063477,5.2351975440979,2465268440
3764,2445,2,0,1.0,joint,32,1,29,2,0,1,0.21084230031853213,-20.634593963623047,11.249115943908691,2465268541
3765,2445,2,8,0.01,joint,32,0,32,0,0,0,0.0,-21.753040313720703,1.9283393621444702,2465278144
3766,2445,2,8,0.03,joint,32,0,32,0,0,0,0.0,-24.547107696533203,2.8837380409240723,2465278245
3767,2445,2,8,0.1,joint,32,1,30,1,0,1,0.205592508185083,-19.403377532958984,11.003467559814453,2465278346
3768,2445,2,8,0.3,joint,32,4,22,6,0,4,0.6193821946787638,-15.567761421203613,17.136417388916016,2465278447
3769,2445,2,8,1.0,joint,32,5,15,12,0,5,0.8112781244591328,-7.561835289001465,20.630687713623047,2465278548
3770,2445,2,16,0.01,joint,32,0,32,0,0,0,0.0,-23.352115631103516,2.598259925842285,2465288151
3771,2445,2,16,0.03,joint,32,0,32,0,0,0,0.0,-22.744300842285156,5.098687648773193,2465288252
3772,2445,2,16,0.1,joint,32,3,29,0,0,3,0.4488644887230294,-19.531299591064453,15.250253677368164,2465288353
3773,2445,2,16,0.3,joint,32,12,14,6,0,12,0.9957274520849255,0.21717751026153564,23.288177490234375,2465288454
3774,2445,2,16,1.0,joint,32,14,17,1,0,14,0.9932338197397066,-4.161261558532715,26.828222274780273,2465288555
3775,2445,2,24,0.01,joint,32,0,32,0,0,0,0.0,-21.32195281982422,2.8125240802764893,2465298158
3776,2445,2,24,0.03,joint,32,0,32,0,0,0,0.0,-24.62352752685547,3.4398767948150635,2465298259
3777,2445,2,24,0.1,joint,32,4,27,1,0,4,0.5547781633412736,-16.69084930419922,16.836538314819336,2465298360
3778,2445,2,24,0.3,joint,32,14,18,0,0,14,0.9886994082884974,-1.8282277584075928,26.896007537841797,2465298461
3779,2445,2,24,1.0,joint,32,17,15,0,0,17,0.9971803988942642,2.241635799407959,26.803443908691406,2465298562
3780,2445,2,32,0.01,joint,32,0,32,0,0,0,0.0,-20.893260955810547,2.7105672359466553,2465308165
3781,2445,2,32,0.03,joint,32,0,32,0,0,0,0.0,-20.521526336669922,5.516105651855469,2465308266
3782,2445,2,32,0.1,joint,32,1,30,1,0,1,0.205592508185083,-21.41373062133789,11.50285816192627,2465308367
3783,2445,2,32,0.3,joint,32,11,17,4,0,11,0.9666186325481027,-5.736805438995361,21.341209411621094,2465308468
3784,2445,2,32,1.0,joint,32,13,17,2,0,13,0.9871377743721863,-1.9244519472122192,24.256397247314453,2465308569
3785,2445,2,40,0.01,joint,32,0,32,0,0,0,0.0,-20.78411293029785,3.326556921005249,2465318172
3786,2445,2,40,0.03,joint,32,0,32,0,0,0,0.0,-19.43474578857422,7.098816394805908,2465318273
3787,2445,2,40,0.1,joint,32,1,31,0,0,1,0.20062232431271465,-18.089618682861328,9.6054105758667,2465318374
3788,2445,2,40,0.3,joint,32,7,24,1,0,7,0.7706290693639405,-14.460653305053711,20.585451126098633,2465318475
3789,2445,2,40,1.0,joint,32,17,15,0,0,17,0.9971803988942642,2.1471800804138184,25.099946975708008,2465318576
3790,2445,2,48,0.01,joint,32,0,32,0,0,0,0.0,-22.043092727661133,2.6402366161346436,2465328179
3791,2445,2,48,0.03,joint,32,0,32,0,0,0,0.0,-22.84780502319336,4.914717674255371,2465328280
3792,2445,2,48,0.1,joint,32,2,27,3,0,2,0.362051251733998,-17.33606719970703,11.36192798614502,2465328381
3793,2445,2,48,0.3,joint,32,9,18,5,0,9,0.9182958340544896,-10.418214797973633,20.00037956237793,2465328482
3794,2445,2,48,1.0,joint,32,10,21,1,0,10,0.907165767573082,-7.679190635681152,24.648252487182617,2465328583
3795,2445,2,56,0.01,joint,32,0,32,0,0,0,0.0,-21.183456420898438,0.8688892126083374,2465338186
3796,2445,2,56,0.03,joint,32,0,32,0,0,0,0.0,-22.08551025390625,1.550831913948059,2465338287
3797,2445,2,56,0.1,joint,32,0,32,0,0,0,0.0,-20.961963653564453,5.189405918121338,2465338388
3798,2445,2,56,0.3,joint,32,0,29,3,0,0,0.0,-18.23141098022461,8.376734733581543,2465338489
3799,2445,2,56,1.0,joint,32,6,25,1,0,6,0.7088356733321961,-13.648432731628418,16.40020751953125,2465338590
3800,1048,1,0,0.01,joint,32,32,0,0,0,0,0.0,18.069049835205078,0.05334720015525818,1068263946
3801,1048,1,0,0.03,joint,32,32,0,0,0,0,0.0,18.072486877441406,0.17495940625667572,1068264047
3802,1048,1,0,0.1,joint,32,32,0,0,0,0,0.0,18.226825714111328,0.7078256607055664,1068264148
3803,1048,1,0,0.3,joint,32,24,8,0,0,8,0.8112781244591328,9.15785026550293,15.551536560058594,1068264249
3804,1048,1,0,1.0,joint,32,17,15,0,0,15,0.9971803988942642,1.636110782623291,16.375648498535156,1068264350
3805,1048,1,8,0.01,joint,32,31,1,0,0,1,0.20062232431271465,16.990503311157227,6.702295303344727,1068273953
3806,1048,1,8,0.03,joint,32,22,10,0,0,10,0.8960382325345574,7.203691482543945,16.52775001525879,1068274054
3807,1048,1,8,0.1,joint,32,21,11,0,0,11,0.9283620723948676,5.665371894836426,16.012531280517578,1068274155
3808,1048,1,8,0.3,joint,32,21,11,0,0,11,0.9283620723948676,5.164859771728516,15.143697738647461,1068274256
3809,1048,1,8,1.0,joint,32,22,10,0,0,10,0.8960382325345574,5.969038963317871,15.20337200164795,1068274357
3810,1048,1,16,0.01,joint,32,29,3,0,0,3,0.4488644887230294,15.309686660766602,11.406128883361816,1068283960
3811,1048,1,16,0.03,joint,32,25,7,0,0,7,0.7578784625383954,10.038450241088867,14.983189582824707,1068284061
3812,1048,1,16,0.1,joint,32,13,19,0,0,19,0.9744894033980523,-2.695854663848877,16.277021408081055,1068284162
3813,1048,1,16,0.3,joint,32,18,14,0,0,14,0.9886994082884974,1.943176507949829,15.54741096496582,1068284263
3814,1048,1,16,1.0,joint,32,21,11,0,0,11,0.9283620723948676,5.365154266357422,15.394989967346191,1068284364
3815,1048,1,24,0.01,joint,32,32,0,0,0,0,0.0,18.14178466796875,0.2693597972393036,1068293967
3816,1048,1,24,0.03,joint,32,31,1,0,0,1,0.20062232431271465,17.10210609436035,7.36176872253418,1068294068
3817,1048,1,24,0.1,joint,32,26,6,0,0,6,0.6962122601251458,11.170944213867188,14.765481948852539,1068294169
3818,1048,1,24,0.3,joint,32,17,15,0,0,15,0.9971803988942642,1.3601714372634888,17.635465621948242,1068294270
3819,1048,1,24,1.0,joint,32,20,12,0,0,12,0.954434002924965,3.555190324783325,15.390251159667969,1068294371
3820,1048,1,32,0.01,joint,32,32,0,0,0,0,0.0,18.040369033813477,0.04442016780376434,1068303974
3821,1048,1,32,0.03,joint,32,32,0,0,0,0,0.0,18.069822311401367,0.10000908374786377,1068304075
3822,1048,1,32,0.1,joint,32,32,0,0,0,0,0.0,17.99115562438965,0.32885468006134033,1068304176
3823,1048,1,32,0.3,joint,32,30,2,0,0,2,0.3372900666170139,15.599063873291016,9.68311595916748,1068304277
3824,1048,1,32,1.0,joint,32,24,8,0,0,8,0.8112781244591328,9.388498306274414,15.72487735748291,1068304378
3825,1048,1,40,0.01,joint,32,32,0,0,0,0,0.0,18.053913116455078,0.05220764875411987,1068313981
3826,1048,1,40,0.03,joint,32,32,0,0,0,0,0.0,18.029205322265625,0.15813475847244263,1068314082
3827,1048,1,40,0.1,joint,32,32,0,0,0,0,0.0,18.04547882080078,0.43427780270576477,1068314183
3828,1048,1,40,0.3,joint,32,32,0,0,0,0,0.0,17.276893615722656,1.104296326637268,1068314284
3829,1048,1,40,1.0,joint,32,31,1,0,0,1,0.20062232431271465,17.957088470458984,8.078842163085938,1068314385
3830,1048,1,48,0.01,joint,32,32,0,0,0,0,0.0,18.0476016998291,0.05577221140265465,1068323988
3831,1048,1,48,0.03,joint,32,32,0,0,0,0,0.0,18.057170867919922,0.14558427035808563,1068324089
3832,1048,1,48,0.1,joint,32,32,0,0,0,0,0.0,17.88970947265625,0.4867635667324066,1068324190
3833,1048,1,48,0.3,joint,32,32,0,0,0,0,0.0,17.7066650390625,1.6641305685043335,1068324291
3834,1048,1,48,1.0,joint,32,30,2,0,0,2,0.3372900666170139,15.456932067871094,9.015740394592285,1068324392
3835,1048,1,56,0.01,joint,32,32,0,0,0,0,0.0,18.03070831298828,0.06137481704354286,1068333995
3836,1048,1,56,0.03,joint,32,32,0,0,0,0,0.0,18.06258201599121,0.1982528418302536,1068334096
3837,1048,1,56,0.1,joint,32,32,0,0,0,0,0.0,17.966472625732422,0.48341619968414307,1068334197
3838,1048,1,56,0.3,joint,32,32,0,0,0,0,0.0,17.678504943847656,1.7611349821090698,1068334298
3839,1048,1,56,1.0,joint,32,29,1,2,0,1,0.21084230031853213,13.079439163208008,7.199368953704834,1068334399
